{
  "meta": {
    "data_version": "1.0.0",
    "created": "2019-09-15",
    "revision": 1
  },
  "info": {
    "balls_per_over": 6,
    "city": "Kampala",
    "dates": [
      "2019-05-21"
    ],
    "event": {
      "name": "ICC Men's T20 World Cup Africa Region Final",
      "match_number": 5
    },
    "gender": "male",
    "match_type": "T20",
    "match_type_number": 780,
    "officials": {
      "match_referees": [
        "GH Pienaar"
      ],
      "reserve_umpires": [
        "D Odhiambo"
      ],
      "umpires": [
        "Emmanuel Byiringiro",
        "I Chabi"
      ]
    },
    "outcome": {
      "winner": "Nigeria",
      "by": {
        "runs": 11
      }
    },
    "overs": 20,
    "player_of_match": [
      "I Danladi"
    ],
    "players": {
      "Nigeria": [
        "Ovais Yousof",
        "AJ Ayannaike",
        "I Danladi",
        "AM Oyede",
        "IO Okpe",
        "AA Onikoyi",
        "CN Onwuzulike",
        "VD Adewoye",
        "SA Okpe",
        "CM Akachukwu",
        "Mohameed Taiwo"
      ],
      "Botswana": [
        "T Perera",
        "K Modise",
        "K Mothlhanka",
        "R Nehonde",
        "V Balakrishnan",
        "A Rangaswamy",
        "JWN Moses",
        "I Master",
        "T Tshose",
        "M Mooketsi",
        "D Maisuria"
      ]
    },
    "registry": {
      "people": {
        "A Rangaswamy": "08df0bd3",
        "AA Onikoyi": "409ce380",
        "AJ Ayannaike": "f74b682b",
        "AM Oyede": "21946d0d",
        "CM Akachukwu": "e6581a17",
        "CN Onwuzulike": "715dbf27",
        "D Maisuria": "a96b36af",
        "D Odhiambo": "45994517",
        "Emmanuel Byiringiro": "d89c27d1",
        "GH Pienaar": "3516e46b",
        "I Chabi": "5e39110e",
        "I Danladi": "c156cc1f",
        "I Master": "90ddee48",
        "IO Okpe": "1c5c3dce",
        "JWN Moses": "492c17f0",
        "K Modise": "b7f70e36",
        "K Mothlhanka": "1a37008a",
        "M Mooketsi": "008a024c",
        "Mohameed Taiwo": "a9d788e3",
        "N Master": "4833efb4",
        "Ovais Yousof": "cda8ef3a",
        "R Nehonde": "4393e047",
        "SA Okpe": "681f522f",
        "T Perera": "456397e5",
        "T Tshose": "18ae55e4",
        "V Balakrishnan": "0c1da0c4",
        "VD Adewoye": "45a34a2d"
      }
    },
    "season": "2019",
    "team_type": "international",
    "teams": [
      "Botswana",
      "Nigeria"
    ],
    "toss": {
      "decision": "bat",
      "winner": "Nigeria"
    },
    "venue": "Lugogo Cricket Oval"
  },
  "innings": [
    {
      "team": "Nigeria",
      "overs": [
        {
          "over": 0,
          "deliveries": [
            {
              "batter": "Ovais Yousof",
              "bowler": "JWN Moses",
              "non_striker": "AJ Ayannaike",
              "runs": {
                "batter": 0,
                "extras": 0,
                "total": 0
              }
            },
            {
              "batter": "Ovais Yousof",
              "bowler": "JWN Moses",
              "non_striker": "AJ Ayannaike",
              "runs": {
                "batter": 0,
                "extras": 0,
                "total": 0
              }
            },
            {
              "batter": "Ovais Yousof",
              "bowler": "JWN Moses",
              "non_striker": "AJ Ayannaike",
              "runs": {
                "batter": 1,
                "extras": 0,
                "total": 1
              }
            },
            {
              "batter": "AJ Ayannaike",
              "bowler": "JWN Moses",
              "non_striker": "Ovais Yousof",
              "runs": {
                "batter": 4,
                "extras": 0,
                "total": 4
              }
            },
            {
              "batter": "AJ Ayannaike",
              "bowler": "JWN Moses",
              "non_striker": "Ovais Yousof",
              "runs": {
                "batter": 1,
                "extras": 0,
                "total": 1
              }
            },
            {
              "batter": "Ovais Yousof",
              "bowler": "JWN Moses",
              "non_striker": "AJ Ayannaike",
              "runs": {
                "batter": 1,
                "extras": 0,
                "total": 1
              }
            }
          ]
        },
        {
          "over": 1,
          "deliveries": [
            {
              "batter": "Ovais Yousof",
              "bowler": "M Mooketsi",
              "non_striker": "AJ Ayannaike",
              "runs": {
                "batter": 1,
                "extras": 0,
                "total": 1
              }
            },
            {
              "batter": "AJ Ayannaike",
              "bowler": "M Mooketsi",
              "non_striker": "Ovais Yousof",
              "runs": {
                "batter": 0,
                "extras": 0,
                "total": 0
              }
            },
            {
              "batter": "AJ Ayannaike",
              "bowler": "M Mooketsi",
              "non_striker": "Ovais Yousof",
              "runs": {
                "batter": 1,
                "extras": 0,
                "total": 1
              }
            },
            {
              "batter": "Ovais Yousof",
              "bowler": "M Mooketsi",
              "non_striker": "AJ Ayannaike",
              "runs": {
                "batter": 0,
                "extras": 0,
                "total": 0
              }
            },
            {
              "batter": "Ovais Yousof",
              "bowler": "M Mooketsi",
              "non_striker": "AJ Ayannaike",
              "runs": {
                "batter": 1,
                "extras": 0,
                "total": 1
              }
            },
            {
              "batter": "AJ Ayannaike",
              "bowler": "M Mooketsi",
              "non_striker": "Ovais Yousof",
              "runs": {
                "batter": 0,
                "extras": 0,
                "total": 0
              }
            }
          ]
        },
        {
          "over": 2,
          "deliveries": [
            {
              "batter": "Ovais Yousof",
              "bowler": "JWN Moses",
              "non_striker": "AJ Ayannaike",
              "runs": {
                "batter": 0,
                "extras": 0,
                "total": 0
              }
            },
            {
              "batter": "Ovais Yousof",
              "bowler": "JWN Moses",
              "extras": {
                "byes": 1
              },
              "non_striker": "AJ Ayannaike",
              "runs": {
                "batter": 0,
                "extras": 1,
                "total": 1
              }
            },
            {
              "batter": "AJ Ayannaike",
              "bowler": "JWN Moses",
              "non_striker": "Ovais Yousof",
              "runs": {
                "batter": 0,
                "extras": 0,
                "total": 0
              }
            },
            {
              "batter": "AJ Ayannaike",
              "bowler": "JWN Moses",
              "non_striker": "Ovais Yousof",
              "runs": {
                "batter": 0,
                "extras": 0,
                "total": 0
              }
            },
            {
              "batter": "AJ Ayannaike",
              "bowler": "JWN Moses",
              "extras": {
                "wides": 2
              },
              "non_striker": "Ovais Yousof",
              "runs": {
                "batter": 0,
                "extras": 2,
                "total": 2
              }
            },
            {
              "batter": "Ovais Yousof",
              "bowler": "JWN Moses",
              "non_striker": "AJ Ayannaike",
              "runs": {
                "batter": 0,
                "extras": 0,
                "total": 0
              }
            },
            {
              "batter": "Ovais Yousof",
              "bowler": "JWN Moses",
              "non_striker": "AJ Ayannaike",
              "runs": {
                "batter": 1,
                "extras": 0,
                "total": 1
              }
            }
          ]
        },
        {
          "over": 3,
          "deliveries": [
            {
              "batter": "Ovais Yousof",
              "bowler": "M Mooketsi",
              "non_striker": "AJ Ayannaike",
              "runs": {
                "batter": 0,
                "extras": 0,
                "total": 0
              },
              "wickets": [
                {
                  "kind": "stumped",
                  "player_out": "Ovais Yousof",
                  "fielders": [
                    {
                      "name": "K Mothlhanka"
                    }
                  ]
                }
              ]
            },
            {
              "batter": "I Danladi",
              "bowler": "M Mooketsi",
              "non_striker": "AJ Ayannaike",
              "runs": {
                "batter": 1,
                "extras": 0,
                "total": 1
              }
            },
            {
              "batter": "AJ Ayannaike",
              "bowler": "M Mooketsi",
              "non_striker": "I Danladi",
              "runs": {
                "batter": 0,
                "extras": 0,
                "total": 0
              }
            },
            {
              "batter": "AJ Ayannaike",
              "bowler": "M Mooketsi",
              "non_striker": "I Danladi",
              "runs": {
                "batter": 0,
                "extras": 0,
                "total": 0
              }
            },
            {
              "batter": "AJ Ayannaike",
              "bowler": "M Mooketsi",
              "non_striker": "I Danladi",
              "runs": {
                "batter": 0,
                "extras": 0,
                "total": 0
              }
            },
            {
              "batter": "AJ Ayannaike",
              "bowler": "M Mooketsi",
              "non_striker": "I Danladi",
              "runs": {
                "batter": 0,
                "extras": 0,
                "total": 0
              }
            }
          ]
        },
        {
          "over": 4,
          "deliveries": [
            {
              "batter": "I Danladi",
              "bowler": "JWN Moses",
              "non_striker": "AJ Ayannaike",
              "runs": {
                "batter": 0,
                "extras": 0,
                "total": 0
              }
            },
            {
              "batter": "I Danladi",
              "bowler": "JWN Moses",
              "non_striker": "AJ Ayannaike",
              "runs": {
                "batter": 0,
                "extras": 0,
                "total": 0
              }
            },
            {
              "batter": "I Danladi",
              "bowler": "JWN Moses",
              "non_striker": "AJ Ayannaike",
              "runs": {
                "batter": 0,
                "extras": 0,
                "total": 0
              }
            },
            {
              "batter": "I Danladi",
              "bowler": "JWN Moses",
              "non_striker": "AJ Ayannaike",
              "runs": {
                "batter": 0,
                "extras": 0,
                "total": 0
              }
            },
            {
              "batter": "I Danladi",
              "bowler": "JWN Moses",
              "non_striker": "AJ Ayannaike",
              "runs": {
                "batter": 4,
                "extras": 0,
                "total": 4
              }
            },
            {
              "batter": "I Danladi",
              "bowler": "JWN Moses",
              "non_striker": "AJ Ayannaike",
              "runs": {
                "batter": 1,
                "extras": 0,
                "total": 1
              }
            }
          ]
        },
        {
          "over": 5,
          "deliveries": [
            {
              "batter": "I Danladi",
              "bowler": "M Mooketsi",
              "non_striker": "AJ Ayannaike",
              "runs": {
                "batter": 6,
                "extras": 0,
                "total": 6
              }
            },
            {
              "batter": "I Danladi",
              "bowler": "M Mooketsi",
              "extras": {
                "byes": 1
              },
              "non_striker": "AJ Ayannaike",
              "runs": {
                "batter": 0,
                "extras": 1,
                "total": 1
              }
            },
            {
              "batter": "AJ Ayannaike",
              "bowler": "M Mooketsi",
              "non_striker": "I Danladi",
              "runs": {
                "batter": 0,
                "extras": 0,
                "total": 0
              }
            },
            {
              "batter": "AJ Ayannaike",
              "bowler": "M Mooketsi",
              "non_striker": "I Danladi",
              "runs": {
                "batter": 0,
                "extras": 0,
                "total": 0
              }
            },
            {
              "batter": "AJ Ayannaike",
              "bowler": "M Mooketsi",
              "non_striker": "I Danladi",
              "runs": {
                "batter": 4,
                "extras": 0,
                "total": 4
              }
            },
            {
              "batter": "AJ Ayannaike",
              "bowler": "M Mooketsi",
              "non_striker": "I Danladi",
              "runs": {
                "batter": 4,
                "extras": 0,
                "total": 4
              }
            }
          ]
        },
        {
          "over": 6,
          "deliveries": [
            {
              "batter": "I Danladi",
              "bowler": "JWN Moses",
              "non_striker": "AJ Ayannaike",
              "runs": {
                "batter": 0,
                "extras": 0,
                "total": 0
              }
            },
            {
              "batter": "I Danladi",
              "bowler": "JWN Moses",
              "non_striker": "AJ Ayannaike",
              "runs": {
                "batter": 1,
                "extras": 0,
                "total": 1
              }
            },
            {
              "batter": "AJ Ayannaike",
              "bowler": "JWN Moses",
              "non_striker": "I Danladi",
              "runs": {
                "batter": 0,
                "extras": 0,
                "total": 0
              }
            },
            {
              "batter": "AJ Ayannaike",
              "bowler": "JWN Moses",
              "non_striker": "I Danladi",
              "runs": {
                "batter": 1,
                "extras": 0,
                "total": 1
              }
            },
            {
              "batter": "I Danladi",
              "bowler": "JWN Moses",
              "non_striker": "AJ Ayannaike",
              "runs": {
                "batter": 1,
                "extras": 0,
                "total": 1
              }
            },
            {
              "batter": "AJ Ayannaike",
              "bowler": "JWN Moses",
              "non_striker": "I Danladi",
              "runs": {
                "batter": 1,
                "extras": 0,
                "total": 1
              }
            }
          ]
        },
        {
          "over": 7,
          "deliveries": [
            {
              "batter": "AJ Ayannaike",
              "bowler": "M Mooketsi",
              "non_striker": "I Danladi",
              "runs": {
                "batter": 1,
                "extras": 0,
                "total": 1
              }
            },
            {
              "batter": "I Danladi",
              "bowler": "M Mooketsi",
              "non_striker": "AJ Ayannaike",
              "runs": {
                "batter": 1,
                "extras": 0,
                "total": 1
              }
            },
            {
              "batter": "AJ Ayannaike",
              "bowler": "M Mooketsi",
              "non_striker": "I Danladi",
              "runs": {
                "batter": 1,
                "extras": 0,
                "total": 1
              }
            },
            {
              "batter": "I Danladi",
              "bowler": "M Mooketsi",
              "non_striker": "AJ Ayannaike",
              "runs": {
                "batter": 0,
                "extras": 0,
                "total": 0
              }
            },
            {
              "batter": "I Danladi",
              "bowler": "M Mooketsi",
              "non_striker": "AJ Ayannaike",
              "runs": {
                "batter": 0,
                "extras": 0,
                "total": 0
              }
            },
            {
              "batter": "I Danladi",
              "bowler": "M Mooketsi",
              "non_striker": "AJ Ayannaike",
              "runs": {
                "batter": 1,
                "extras": 0,
                "total": 1
              }
            }
          ]
        },
        {
          "over": 8,
          "deliveries": [
            {
              "batter": "I Danladi",
              "bowler": "A Rangaswamy",
              "non_striker": "AJ Ayannaike",
              "runs": {
                "batter": 0,
                "extras": 0,
                "total": 0
              }
            },
            {
              "batter": "I Danladi",
              "bowler": "A Rangaswamy",
              "non_striker": "AJ Ayannaike",
              "runs": {
                "batter": 4,
                "extras": 0,
                "total": 4
              }
            },
            {
              "batter": "I Danladi",
              "bowler": "A Rangaswamy",
              "non_striker": "AJ Ayannaike",
              "runs": {
                "batter": 1,
                "extras": 0,
                "total": 1
              }
            },
            {
              "batter": "AJ Ayannaike",
              "bowler": "A Rangaswamy",
              "non_striker": "I Danladi",
              "runs": {
                "batter": 0,
                "extras": 0,
                "total": 0
              }
            },
            {
              "batter": "AJ Ayannaike",
              "bowler": "A Rangaswamy",
              "non_striker": "I Danladi",
              "runs": {
                "batter": 1,
                "extras": 0,
                "total": 1
              }
            },
            {
              "batter": "I Danladi",
              "bowler": "A Rangaswamy",
              "non_striker": "AJ Ayannaike",
              "runs": {
                "batter": 1,
                "extras": 0,
                "total": 1
              }
            }
          ]
        },
        {
          "over": 9,
          "deliveries": [
            {
              "batter": "I Danladi",
              "bowler": "K Modise",
              "non_striker": "AJ Ayannaike",
              "runs": {
                "batter": 1,
                "extras": 0,
                "total": 1
              }
            },
            {
              "batter": "AJ Ayannaike",
              "bowler": "K Modise",
              "non_striker": "I Danladi",
              "runs": {
                "batter": 6,
                "extras": 0,
                "total": 6
              }
            },
            {
              "batter": "AJ Ayannaike",
              "bowler": "K Modise",
              "non_striker": "I Danladi",
              "runs": {
                "batter": 6,
                "extras": 0,
                "total": 6
              }
            },
            {
              "batter": "AJ Ayannaike",
              "bowler": "K Modise",
              "non_striker": "I Danladi",
              "runs": {
                "batter": 1,
                "extras": 0,
                "total": 1
              }
            },
            {
              "batter": "I Danladi",
              "bowler": "K Modise",
              "non_striker": "AJ Ayannaike",
              "runs": {
                "batter": 2,
                "extras": 0,
                "total": 2
              }
            },
            {
              "batter": "I Danladi",
              "bowler": "K Modise",
              "non_striker": "AJ Ayannaike",
              "runs": {
                "batter": 0,
                "extras": 0,
                "total": 0
              }
            }
          ]
        },
        {
          "over": 10,
          "deliveries": [
            {
              "batter": "AJ Ayannaike",
              "bowler": "A Rangaswamy",
              "non_striker": "I Danladi",
              "runs": {
                "batter": 0,
                "extras": 0,
                "total": 0
              }
            },
            {
              "batter": "AJ Ayannaike",
              "bowler": "A Rangaswamy",
              "non_striker": "I Danladi",
              "runs": {
                "batter": 1,
                "extras": 0,
                "total": 1
              }
            },
            {
              "batter": "I Danladi",
              "bowler": "A Rangaswamy",
              "non_striker": "AJ Ayannaike",
              "runs": {
                "batter": 0,
                "extras": 0,
                "total": 0
              }
            },
            {
              "batter": "I Danladi",
              "bowler": "A Rangaswamy",
              "non_striker": "AJ Ayannaike",
              "runs": {
                "batter": 4,
                "extras": 0,
                "total": 4
              }
            },
            {
              "batter": "I Danladi",
              "bowler": "A Rangaswamy",
              "extras": {
                "wides": 1
              },
              "non_striker": "AJ Ayannaike",
              "runs": {
                "batter": 0,
                "extras": 1,
                "total": 1
              }
            },
            {
              "batter": "I Danladi",
              "bowler": "A Rangaswamy",
              "extras": {
                "legbyes": 1
              },
              "non_striker": "AJ Ayannaike",
              "runs": {
                "batter": 0,
                "extras": 1,
                "total": 1
              }
            },
            {
              "batter": "AJ Ayannaike",
              "bowler": "A Rangaswamy",
              "non_striker": "I Danladi",
              "runs": {
                "batter": 0,
                "extras": 0,
                "total": 0
              },
              "wickets": [
                {
                  "kind": "caught",
                  "player_out": "AJ Ayannaike",
                  "fielders": [
                    {
                      "name": "K Modise"
                    }
                  ]
                }
              ]
            }
          ]
        },
        {
          "over": 11,
          "deliveries": [
            {
              "batter": "I Danladi",
              "bowler": "T Tshose",
              "non_striker": "AM Oyede",
              "runs": {
                "batter": 4,
                "extras": 0,
                "total": 4
              }
            },
            {
              "batter": "I Danladi",
              "bowler": "T Tshose",
              "non_striker": "AM Oyede",
              "runs": {
                "batter": 0,
                "extras": 0,
                "total": 0
              }
            },
            {
              "batter": "I Danladi",
              "bowler": "T Tshose",
              "extras": {
                "wides": 1
              },
              "non_striker": "AM Oyede",
              "runs": {
                "batter": 0,
                "extras": 1,
                "total": 1
              }
            },
            {
              "batter": "I Danladi",
              "bowler": "T Tshose",
              "non_striker": "AM Oyede",
              "runs": {
                "batter": 0,
                "extras": 0,
                "total": 0
              },
              "wickets": [
                {
                  "kind": "run out",
                  "player_out": "AM Oyede"
                }
              ]
            },
            {
              "batter": "IO Okpe",
              "bowler": "T Tshose",
              "non_striker": "I Danladi",
              "runs": {
                "batter": 1,
                "extras": 0,
                "total": 1
              }
            },
            {
              "batter": "I Danladi",
              "bowler": "T Tshose",
              "non_striker": "IO Okpe",
              "runs": {
                "batter": 2,
                "extras": 0,
                "total": 2
              }
            },
            {
              "batter": "I Danladi",
              "bowler": "T Tshose",
              "non_striker": "IO Okpe",
              "runs": {
                "batter": 0,
                "extras": 0,
                "total": 0
              }
            }
          ]
        },
        {
          "over": 12,
          "deliveries": [
            {
              "batter": "IO Okpe",
              "bowler": "D Maisuria",
              "non_striker": "I Danladi",
              "runs": {
                "batter": 1,
                "extras": 0,
                "total": 1
              }
            },
            {
              "batter": "I Danladi",
              "bowler": "D Maisuria",
              "non_striker": "IO Okpe",
              "runs": {
                "batter": 1,
                "extras": 0,
                "total": 1
              }
            },
            {
              "batter": "IO Okpe",
              "bowler": "D Maisuria",
              "non_striker": "I Danladi",
              "runs": {
                "batter": 1,
                "extras": 0,
                "total": 1
              }
            },
            {
              "batter": "I Danladi",
              "bowler": "D Maisuria",
              "non_striker": "IO Okpe",
              "runs": {
                "batter": 1,
                "extras": 0,
                "total": 1
              }
            },
            {
              "batter": "IO Okpe",
              "bowler": "D Maisuria",
              "non_striker": "I Danladi",
              "runs": {
                "batter": 1,
                "extras": 0,
                "total": 1
              }
            },
            {
              "batter": "I Danladi",
              "bowler": "D Maisuria",
              "non_striker": "IO Okpe",
              "runs": {
                "batter": 0,
                "extras": 0,
                "total": 0
              },
              "wickets": [
                {
                  "kind": "stumped",
                  "player_out": "I Danladi",
                  "fielders": [
                    {
                      "name": "K Mothlhanka"
                    }
                  ]
                }
              ]
            }
          ]
        },
        {
          "over": 13,
          "deliveries": [
            {
              "batter": "IO Okpe",
              "bowler": "T Tshose",
              "non_striker": "AA Onikoyi",
              "runs": {
                "batter": 2,
                "extras": 0,
                "total": 2
              }
            },
            {
              "batter": "IO Okpe",
              "bowler": "T Tshose",
              "extras": {
                "wides": 1
              },
              "non_striker": "AA Onikoyi",
              "runs": {
                "batter": 0,
                "extras": 1,
                "total": 1
              }
            },
            {
              "batter": "IO Okpe",
              "bowler": "T Tshose",
              "non_striker": "AA Onikoyi",
              "runs": {
                "batter": 0,
                "extras": 0,
                "total": 0
              }
            },
            {
              "batter": "IO Okpe",
              "bowler": "T Tshose",
              "non_striker": "AA Onikoyi",
              "runs": {
                "batter": 0,
                "extras": 0,
                "total": 0
              }
            },
            {
              "batter": "IO Okpe",
              "bowler": "T Tshose",
              "non_striker": "AA Onikoyi",
              "runs": {
                "batter": 1,
                "extras": 0,
                "total": 1
              }
            },
            {
              "batter": "AA Onikoyi",
              "bowler": "T Tshose",
              "non_striker": "IO Okpe",
              "runs": {
                "batter": 0,
                "extras": 0,
                "total": 0
              }
            },
            {
              "batter": "AA Onikoyi",
              "bowler": "T Tshose",
              "extras": {
                "byes": 1
              },
              "non_striker": "IO Okpe",
              "runs": {
                "batter": 0,
                "extras": 1,
                "total": 1
              }
            }
          ]
        },
        {
          "over": 14,
          "deliveries": [
            {
              "batter": "AA Onikoyi",
              "bowler": "D Maisuria",
              "non_striker": "IO Okpe",
              "runs": {
                "batter": 1,
                "extras": 0,
                "total": 1
              }
            },
            {
              "batter": "IO Okpe",
              "bowler": "D Maisuria",
              "non_striker": "AA Onikoyi",
              "runs": {
                "batter": 0,
                "extras": 0,
                "total": 0
              }
            },
            {
              "batter": "IO Okpe",
              "bowler": "D Maisuria",
              "non_striker": "AA Onikoyi",
              "runs": {
                "batter": 1,
                "extras": 0,
                "total": 1
              }
            },
            {
              "batter": "AA Onikoyi",
              "bowler": "D Maisuria",
              "non_striker": "IO Okpe",
              "runs": {
                "batter": 1,
                "extras": 0,
                "total": 1
              }
            },
            {
              "batter": "IO Okpe",
              "bowler": "D Maisuria",
              "non_striker": "AA Onikoyi",
              "runs": {
                "batter": 0,
                "extras": 0,
                "total": 0
              }
            },
            {
              "batter": "IO Okpe",
              "bowler": "D Maisuria",
              "non_striker": "AA Onikoyi",
              "runs": {
                "batter": 0,
                "extras": 0,
                "total": 0
              }
            }
          ]
        },
        {
          "over": 15,
          "deliveries": [
            {
              "batter": "AA Onikoyi",
              "bowler": "K Modise",
              "non_striker": "IO Okpe",
              "runs": {
                "batter": 0,
                "extras": 0,
                "total": 0
              },
              "wickets": [
                {
                  "kind": "run out",
                  "player_out": "IO Okpe"
                }
              ]
            },
            {
              "batter": "CN Onwuzulike",
              "bowler": "K Modise",
              "non_striker": "AA Onikoyi",
              "runs": {
                "batter": 0,
                "extras": 0,
                "total": 0
              }
            },
            {
              "batter": "CN Onwuzulike",
              "bowler": "K Modise",
              "non_striker": "AA Onikoyi",
              "runs": {
                "batter": 0,
                "extras": 0,
                "total": 0
              }
            },
            {
              "batter": "CN Onwuzulike",
              "bowler": "K Modise",
              "non_striker": "AA Onikoyi",
              "runs": {
                "batter": 6,
                "extras": 0,
                "total": 6
              }
            },
            {
              "batter": "CN Onwuzulike",
              "bowler": "K Modise",
              "non_striker": "AA Onikoyi",
              "runs": {
                "batter": 1,
                "extras": 0,
                "total": 1
              }
            },
            {
              "batter": "AA Onikoyi",
              "bowler": "K Modise",
              "non_striker": "CN Onwuzulike",
              "runs": {
                "batter": 0,
                "extras": 0,
                "total": 0
              }
            }
          ]
        },
        {
          "over": 16,
          "deliveries": [
            {
              "batter": "CN Onwuzulike",
              "bowler": "D Maisuria",
              "non_striker": "AA Onikoyi",
              "runs": {
                "batter": 2,
                "extras": 0,
                "total": 2
              }
            },
            {
              "batter": "CN Onwuzulike",
              "bowler": "D Maisuria",
              "non_striker": "AA Onikoyi",
              "runs": {
                "batter": 1,
                "extras": 0,
                "total": 1
              }
            },
            {
              "batter": "AA Onikoyi",
              "bowler": "D Maisuria",
              "non_striker": "CN Onwuzulike",
              "runs": {
                "batter": 2,
                "extras": 0,
                "total": 2
              }
            },
            {
              "batter": "AA Onikoyi",
              "bowler": "D Maisuria",
              "non_striker": "CN Onwuzulike",
              "runs": {
                "batter": 0,
                "extras": 0,
                "total": 0
              }
            },
            {
              "batter": "AA Onikoyi",
              "bowler": "D Maisuria",
              "non_striker": "CN Onwuzulike",
              "runs": {
                "batter": 1,
                "extras": 0,
                "total": 1
              }
            },
            {
              "batter": "CN Onwuzulike",
              "bowler": "D Maisuria",
              "non_striker": "AA Onikoyi",
              "runs": {
                "batter": 1,
                "extras": 0,
                "total": 1
              }
            }
          ]
        },
        {
          "over": 17,
          "deliveries": [
            {
              "batter": "CN Onwuzulike",
              "bowler": "A Rangaswamy",
              "non_striker": "AA Onikoyi",
              "runs": {
                "batter": 0,
                "extras": 0,
                "total": 0
              }
            },
            {
              "batter": "CN Onwuzulike",
              "bowler": "A Rangaswamy",
              "non_striker": "AA Onikoyi",
              "runs": {
                "batter": 0,
                "extras": 0,
                "total": 0
              }
            },
            {
              "batter": "CN Onwuzulike",
              "bowler": "A Rangaswamy",
              "non_striker": "AA Onikoyi",
              "runs": {
                "batter": 0,
                "extras": 0,
                "total": 0
              },
              "wickets": [
                {
                  "kind": "caught",
                  "player_out": "CN Onwuzulike",
                  "fielders": [
                    {
                      "name": "K Mothlhanka"
                    }
                  ]
                }
              ]
            },
            {
              "batter": "VD Adewoye",
              "bowler": "A Rangaswamy",
              "non_striker": "AA Onikoyi",
              "runs": {
                "batter": 0,
                "extras": 0,
                "total": 0
              }
            },
            {
              "batter": "VD Adewoye",
              "bowler": "A Rangaswamy",
              "non_striker": "AA Onikoyi",
              "runs": {
                "batter": 0,
                "extras": 0,
                "total": 0
              }
            },
            {
              "batter": "VD Adewoye",
              "bowler": "A Rangaswamy",
              "non_striker": "AA Onikoyi",
              "runs": {
                "batter": 0,
                "extras": 0,
                "total": 0
              }
            }
          ]
        },
        {
          "over": 18,
          "deliveries": [
            {
              "batter": "AA Onikoyi",
              "bowler": "D Maisuria",
              "non_striker": "VD Adewoye",
              "runs": {
                "batter": 0,
                "extras": 0,
                "total": 0
              },
              "wickets": [
                {
                  "kind": "caught",
                  "player_out": "AA Onikoyi",
                  "fielders": [
                    {
                      "name": "K Mothlhanka"
                    }
                  ]
                }
              ]
            },
            {
              "batter": "SA Okpe",
              "bowler": "D Maisuria",
              "non_striker": "VD Adewoye",
              "runs": {
                "batter": 1,
                "extras": 0,
                "total": 1
              }
            },
            {
              "batter": "VD Adewoye",
              "bowler": "D Maisuria",
              "non_striker": "SA Okpe",
              "runs": {
                "batter": 0,
                "extras": 0,
                "total": 0
              }
            },
            {
              "batter": "VD Adewoye",
              "bowler": "D Maisuria",
              "non_striker": "SA Okpe",
              "runs": {
                "batter": 0,
                "extras": 0,
                "total": 0
              },
              "wickets": [
                {
                  "kind": "caught",
                  "player_out": "VD Adewoye",
                  "fielders": [
                    {
                      "name": "T Perera"
                    }
                  ]
                }
              ]
            },
            {
              "batter": "SA Okpe",
              "bowler": "D Maisuria",
              "non_striker": "CM Akachukwu",
              "runs": {
                "batter": 1,
                "extras": 0,
                "total": 1
              }
            },
            {
              "batter": "CM Akachukwu",
              "bowler": "D Maisuria",
              "non_striker": "SA Okpe",
              "runs": {
                "batter": 0,
                "extras": 0,
                "total": 0
              }
            }
          ]
        },
        {
          "over": 19,
          "deliveries": [
            {
              "batter": "SA Okpe",
              "bowler": "A Rangaswamy",
              "extras": {
                "legbyes": 1
              },
              "non_striker": "CM Akachukwu",
              "runs": {
                "batter": 0,
                "extras": 1,
                "total": 1
              }
            },
            {
              "batter": "CM Akachukwu",
              "bowler": "A Rangaswamy",
              "non_striker": "SA Okpe",
              "runs": {
                "batter": 2,
                "extras": 0,
                "total": 2
              }
            },
            {
              "batter": "CM Akachukwu",
              "bowler": "A Rangaswamy",
              "non_striker": "SA Okpe",
              "runs": {
                "batter": 6,
                "extras": 0,
                "total": 6
              }
            },
            {
              "batter": "CM Akachukwu",
              "bowler": "A Rangaswamy",
              "non_striker": "SA Okpe",
              "runs": {
                "batter": 0,
                "extras": 0,
                "total": 0
              },
              "wickets": [
                {
                  "kind": "caught",
                  "player_out": "CM Akachukwu",
                  "fielders": [
                    {
                      "name": "N Master",
                      "substitute": true
                    }
                  ]
                }
              ]
            },
            {
              "batter": "SA Okpe",
              "bowler": "A Rangaswamy",
              "non_striker": "Mohameed Taiwo",
              "runs": {
                "batter": 0,
                "extras": 0,
                "total": 0
              },
              "wickets": [
                {
                  "kind": "caught",
                  "player_out": "SA Okpe",
                  "fielders": [
                    {
                      "name": "T Tshose"
                    }
                  ]
                }
              ]
            }
          ]
        }
      ],
      "powerplays": [
        {
          "from": 0.1,
          "to": 5.6,
          "type": "mandatory"
        }
      ]
    },
    {
      "team": "Botswana",
      "overs": [
        {
          "over": 0,
          "deliveries": [
            {
              "batter": "T Perera",
              "bowler": "IO Okpe",
              "non_striker": "K Modise",
              "runs": {
                "batter": 1,
                "extras": 0,
                "total": 1
              }
            },
            {
              "batter": "K Modise",
              "bowler": "IO Okpe",
              "non_striker": "T Perera",
              "runs": {
                "batter": 0,
                "extras": 0,
                "total": 0
              }
            },
            {
              "batter": "K Modise",
              "bowler": "IO Okpe",
              "non_striker": "T Perera",
              "runs": {
                "batter": 0,
                "extras": 0,
                "total": 0
              }
            },
            {
              "batter": "K Modise",
              "bowler": "IO Okpe",
              "non_striker": "T Perera",
              "runs": {
                "batter": 1,
                "extras": 0,
                "total": 1
              }
            },
            {
              "batter": "T Perera",
              "bowler": "IO Okpe",
              "non_striker": "K Modise",
              "runs": {
                "batter": 0,
                "extras": 0,
                "total": 0
              }
            },
            {
              "batter": "T Perera",
              "bowler": "IO Okpe",
              "non_striker": "K Modise",
              "runs": {
                "batter": 1,
                "extras": 0,
                "total": 1
              }
            }
          ]
        },
        {
          "over": 1,
          "deliveries": [
            {
              "batter": "T Perera",
              "bowler": "Mohameed Taiwo",
              "non_striker": "K Modise",
              "runs": {
                "batter": 0,
                "extras": 0,
                "total": 0
              }
            },
            {
              "batter": "T Perera",
              "bowler": "Mohameed Taiwo",
              "non_striker": "K Modise",
              "runs": {
                "batter": 1,
                "extras": 0,
                "total": 1
              }
            },
            {
              "batter": "K Modise",
              "bowler": "Mohameed Taiwo",
              "non_striker": "T Perera",
              "runs": {
                "batter": 0,
                "extras": 0,
                "total": 0
              }
            },
            {
              "batter": "K Modise",
              "bowler": "Mohameed Taiwo",
              "non_striker": "T Perera",
              "runs": {
                "batter": 0,
                "extras": 0,
                "total": 0
              }
            },
            {
              "batter": "K Modise",
              "bowler": "Mohameed Taiwo",
              "non_striker": "T Perera",
              "runs": {
                "batter": 0,
                "extras": 0,
                "total": 0
              }
            },
            {
              "batter": "K Modise",
              "bowler": "Mohameed Taiwo",
              "non_striker": "T Perera",
              "runs": {
                "batter": 0,
                "extras": 0,
                "total": 0
              }
            }
          ]
        },
        {
          "over": 2,
          "deliveries": [
            {
              "batter": "T Perera",
              "bowler": "IO Okpe",
              "non_striker": "K Modise",
              "runs": {
                "batter": 0,
                "extras": 0,
                "total": 0
              }
            },
            {
              "batter": "T Perera",
              "bowler": "IO Okpe",
              "non_striker": "K Modise",
              "runs": {
                "batter": 4,
                "extras": 0,
                "total": 4
              }
            },
            {
              "batter": "T Perera",
              "bowler": "IO Okpe",
              "non_striker": "K Modise",
              "runs": {
                "batter": 0,
                "extras": 0,
                "total": 0
              }
            },
            {
              "batter": "T Perera",
              "bowler": "IO Okpe",
              "non_striker": "K Modise",
              "runs": {
                "batter": 0,
                "extras": 0,
                "total": 0
              }
            },
            {
              "batter": "T Perera",
              "bowler": "IO Okpe",
              "non_striker": "K Modise",
              "runs": {
                "batter": 0,
                "extras": 0,
                "total": 0
              }
            },
            {
              "batter": "T Perera",
              "bowler": "IO Okpe",
              "non_striker": "K Modise",
              "runs": {
                "batter": 0,
                "extras": 0,
                "total": 0
              }
            }
          ]
        },
        {
          "over": 3,
          "deliveries": [
            {
              "batter": "K Modise",
              "bowler": "Mohameed Taiwo",
              "non_striker": "T Perera",
              "runs": {
                "batter": 1,
                "extras": 0,
                "total": 1
              }
            },
            {
              "batter": "T Perera",
              "bowler": "Mohameed Taiwo",
              "non_striker": "K Modise",
              "runs": {
                "batter": 1,
                "extras": 0,
                "total": 1
              }
            },
            {
              "batter": "K Modise",
              "bowler": "Mohameed Taiwo",
              "non_striker": "T Perera",
              "runs": {
                "batter": 4,
                "extras": 0,
                "total": 4
              }
            },
            {
              "batter": "K Modise",
              "bowler": "Mohameed Taiwo",
              "non_striker": "T Perera",
              "runs": {
                "batter": 0,
                "extras": 0,
                "total": 0
              }
            },
            {
              "batter": "K Modise",
              "bowler": "Mohameed Taiwo",
              "non_striker": "T Perera",
              "runs": {
                "batter": 0,
                "extras": 0,
                "total": 0
              },
              "wickets": [
                {
                  "kind": "lbw",
                  "player_out": "K Modise"
                }
              ]
            },
            {
              "batter": "K Mothlhanka",
              "bowler": "Mohameed Taiwo",
              "non_striker": "T Perera",
              "runs": {
                "batter": 0,
                "extras": 0,
                "total": 0
              }
            }
          ]
        },
        {
          "over": 4,
          "deliveries": [
            {
              "batter": "T Perera",
              "bowler": "VD Adewoye",
              "non_striker": "K Mothlhanka",
              "runs": {
                "batter": 4,
                "extras": 0,
                "total": 4
              }
            },
            {
              "batter": "T Perera",
              "bowler": "VD Adewoye",
              "non_striker": "K Mothlhanka",
              "runs": {
                "batter": 0,
                "extras": 0,
                "total": 0
              }
            },
            {
              "batter": "T Perera",
              "bowler": "VD Adewoye",
              "non_striker": "K Mothlhanka",
              "runs": {
                "batter": 1,
                "extras": 0,
                "total": 1
              }
            },
            {
              "batter": "K Mothlhanka",
              "bowler": "VD Adewoye",
              "non_striker": "T Perera",
              "runs": {
                "batter": 1,
                "extras": 0,
                "total": 1
              }
            },
            {
              "batter": "T Perera",
              "bowler": "VD Adewoye",
              "extras": {
                "wides": 1
              },
              "non_striker": "K Mothlhanka",
              "runs": {
                "batter": 0,
                "extras": 1,
                "total": 1
              }
            },
            {
              "batter": "T Perera",
              "bowler": "VD Adewoye",
              "non_striker": "K Mothlhanka",
              "runs": {
                "batter": 0,
                "extras": 0,
                "total": 0
              },
              "wickets": [
                {
                  "kind": "lbw",
                  "player_out": "T Perera"
                }
              ]
            },
            {
              "batter": "R Nehonde",
              "bowler": "VD Adewoye",
              "non_striker": "K Mothlhanka",
              "runs": {
                "batter": 0,
                "extras": 0,
                "total": 0
              }
            }
          ]
        },
        {
          "over": 5,
          "deliveries": [
            {
              "batter": "K Mothlhanka",
              "bowler": "CM Akachukwu",
              "non_striker": "R Nehonde",
              "runs": {
                "batter": 0,
                "extras": 0,
                "total": 0
              }
            },
            {
              "batter": "K Mothlhanka",
              "bowler": "CM Akachukwu",
              "non_striker": "R Nehonde",
              "runs": {
                "batter": 4,
                "extras": 0,
                "total": 4
              }
            },
            {
              "batter": "K Mothlhanka",
              "bowler": "CM Akachukwu",
              "non_striker": "R Nehonde",
              "runs": {
                "batter": 0,
                "extras": 0,
                "total": 0
              }
            },
            {
              "batter": "K Mothlhanka",
              "bowler": "CM Akachukwu",
              "non_striker": "R Nehonde",
              "runs": {
                "batter": 1,
                "extras": 0,
                "total": 1
              }
            },
            {
              "batter": "R Nehonde",
              "bowler": "CM Akachukwu",
              "non_striker": "K Mothlhanka",
              "runs": {
                "batter": 1,
                "extras": 0,
                "total": 1
              }
            },
            {
              "batter": "K Mothlhanka",
              "bowler": "CM Akachukwu",
              "extras": {
                "wides": 1
              },
              "non_striker": "R Nehonde",
              "runs": {
                "batter": 0,
                "extras": 1,
                "total": 1
              }
            },
            {
              "batter": "K Mothlhanka",
              "bowler": "CM Akachukwu",
              "non_striker": "R Nehonde",
              "runs": {
                "batter": 1,
                "extras": 0,
                "total": 1
              }
            }
          ]
        },
        {
          "over": 6,
          "deliveries": [
            {
              "batter": "K Mothlhanka",
              "bowler": "VD Adewoye",
              "non_striker": "R Nehonde",
              "runs": {
                "batter": 1,
                "extras": 0,
                "total": 1
              }
            },
            {
              "batter": "R Nehonde",
              "bowler": "VD Adewoye",
              "non_striker": "K Mothlhanka",
              "runs": {
                "batter": 1,
                "extras": 0,
                "total": 1
              }
            },
            {
              "batter": "K Mothlhanka",
              "bowler": "VD Adewoye",
              "non_striker": "R Nehonde",
              "runs": {
                "batter": 0,
                "extras": 0,
                "total": 0
              }
            },
            {
              "batter": "K Mothlhanka",
              "bowler": "VD Adewoye",
              "non_striker": "R Nehonde",
              "runs": {
                "batter": 4,
                "extras": 0,
                "total": 4
              }
            },
            {
              "batter": "K Mothlhanka",
              "bowler": "VD Adewoye",
              "non_striker": "R Nehonde",
              "runs": {
                "batter": 0,
                "extras": 0,
                "total": 0
              }
            },
            {
              "batter": "K Mothlhanka",
              "bowler": "VD Adewoye",
              "non_striker": "R Nehonde",
              "runs": {
                "batter": 4,
                "extras": 0,
                "total": 4
              }
            }
          ]
        },
        {
          "over": 7,
          "deliveries": [
            {
              "batter": "R Nehonde",
              "bowler": "AM Oyede",
              "non_striker": "K Mothlhanka",
              "runs": {
                "batter": 0,
                "extras": 0,
                "total": 0
              }
            },
            {
              "batter": "R Nehonde",
              "bowler": "AM Oyede",
              "non_striker": "K Mothlhanka",
              "runs": {
                "batter": 0,
                "extras": 0,
                "total": 0
              }
            },
            {
              "batter": "R Nehonde",
              "bowler": "AM Oyede",
              "non_striker": "K Mothlhanka",
              "runs": {
                "batter": 0,
                "extras": 0,
                "total": 0
              }
            },
            {
              "batter": "R Nehonde",
              "bowler": "AM Oyede",
              "non_striker": "K Mothlhanka",
              "runs": {
                "batter": 1,
                "extras": 0,
                "total": 1
              }
            },
            {
              "batter": "K Mothlhanka",
              "bowler": "AM Oyede",
              "non_striker": "R Nehonde",
              "runs": {
                "batter": 1,
                "extras": 0,
                "total": 1
              }
            },
            {
              "batter": "R Nehonde",
              "bowler": "AM Oyede",
              "non_striker": "K Mothlhanka",
              "runs": {
                "batter": 1,
                "extras": 0,
                "total": 1
              }
            }
          ]
        },
        {
          "over": 8,
          "deliveries": [
            {
              "batter": "R Nehonde",
              "bowler": "I Danladi",
              "non_striker": "K Mothlhanka",
              "runs": {
                "batter": 1,
                "extras": 0,
                "total": 1
              }
            },
            {
              "batter": "K Mothlhanka",
              "bowler": "I Danladi",
              "non_striker": "R Nehonde",
              "runs": {
                "batter": 0,
                "extras": 0,
                "total": 0
              }
            },
            {
              "batter": "K Mothlhanka",
              "bowler": "I Danladi",
              "non_striker": "R Nehonde",
              "runs": {
                "batter": 1,
                "extras": 0,
                "total": 1
              }
            },
            {
              "batter": "R Nehonde",
              "bowler": "I Danladi",
              "non_striker": "K Mothlhanka",
              "runs": {
                "batter": 0,
                "extras": 0,
                "total": 0
              }
            },
            {
              "batter": "R Nehonde",
              "bowler": "I Danladi",
              "non_striker": "K Mothlhanka",
              "runs": {
                "batter": 0,
                "extras": 0,
                "total": 0
              }
            },
            {
              "batter": "R Nehonde",
              "bowler": "I Danladi",
              "non_striker": "K Mothlhanka",
              "runs": {
                "batter": 1,
                "extras": 0,
                "total": 1
              }
            }
          ]
        },
        {
          "over": 9,
          "deliveries": [
            {
              "batter": "R Nehonde",
              "bowler": "AM Oyede",
              "non_striker": "K Mothlhanka",
              "runs": {
                "batter": 2,
                "extras": 0,
                "total": 2
              }
            },
            {
              "batter": "R Nehonde",
              "bowler": "AM Oyede",
              "non_striker": "K Mothlhanka",
              "runs": {
                "batter": 1,
                "extras": 0,
                "total": 1
              }
            },
            {
              "batter": "K Mothlhanka",
              "bowler": "AM Oyede",
              "non_striker": "R Nehonde",
              "runs": {
                "batter": 0,
                "extras": 0,
                "total": 0
              }
            },
            {
              "batter": "K Mothlhanka",
              "bowler": "AM Oyede",
              "non_striker": "R Nehonde",
              "runs": {
                "batter": 1,
                "extras": 0,
                "total": 1
              }
            },
            {
              "batter": "R Nehonde",
              "bowler": "AM Oyede",
              "non_striker": "K Mothlhanka",
              "runs": {
                "batter": 6,
                "extras": 0,
                "total": 6
              }
            },
            {
              "batter": "R Nehonde",
              "bowler": "AM Oyede",
              "non_striker": "K Mothlhanka",
              "runs": {
                "batter": 1,
                "extras": 0,
                "total": 1
              }
            }
          ]
        },
        {
          "over": 10,
          "deliveries": [
            {
              "batter": "R Nehonde",
              "bowler": "I Danladi",
              "non_striker": "K Mothlhanka",
              "runs": {
                "batter": 1,
                "extras": 0,
                "total": 1
              }
            },
            {
              "batter": "K Mothlhanka",
              "bowler": "I Danladi",
              "non_striker": "R Nehonde",
              "runs": {
                "batter": 1,
                "extras": 0,
                "total": 1
              }
            },
            {
              "batter": "R Nehonde",
              "bowler": "I Danladi",
              "non_striker": "K Mothlhanka",
              "runs": {
                "batter": 1,
                "extras": 0,
                "total": 1
              }
            },
            {
              "batter": "K Mothlhanka",
              "bowler": "I Danladi",
              "non_striker": "R Nehonde",
              "runs": {
                "batter": 0,
                "extras": 0,
                "total": 0
              }
            },
            {
              "batter": "K Mothlhanka",
              "bowler": "I Danladi",
              "non_striker": "R Nehonde",
              "runs": {
                "batter": 0,
                "extras": 0,
                "total": 0
              },
              "wickets": [
                {
                  "kind": "bowled",
                  "player_out": "K Mothlhanka"
                }
              ]
            },
            {
              "batter": "V Balakrishnan",
              "bowler": "I Danladi",
              "non_striker": "R Nehonde",
              "runs": {
                "batter": 0,
                "extras": 0,
                "total": 0
              }
            }
          ]
        },
        {
          "over": 11,
          "deliveries": [
            {
              "batter": "R Nehonde",
              "bowler": "AM Oyede",
              "non_striker": "V Balakrishnan",
              "runs": {
                "batter": 2,
                "extras": 0,
                "total": 2
              }
            },
            {
              "batter": "R Nehonde",
              "bowler": "AM Oyede",
              "non_striker": "V Balakrishnan",
              "runs": {
                "batter": 0,
                "extras": 0,
                "total": 0
              }
            },
            {
              "batter": "R Nehonde",
              "bowler": "AM Oyede",
              "non_striker": "V Balakrishnan",
              "runs": {
                "batter": 1,
                "extras": 0,
                "total": 1
              }
            },
            {
              "batter": "V Balakrishnan",
              "bowler": "AM Oyede",
              "non_striker": "R Nehonde",
              "runs": {
                "batter": 0,
                "extras": 0,
                "total": 0
              }
            },
            {
              "batter": "V Balakrishnan",
              "bowler": "AM Oyede",
              "non_striker": "R Nehonde",
              "runs": {
                "batter": 1,
                "extras": 0,
                "total": 1
              }
            },
            {
              "batter": "R Nehonde",
              "bowler": "AM Oyede",
              "non_striker": "V Balakrishnan",
              "runs": {
                "batter": 1,
                "extras": 0,
                "total": 1
              }
            }
          ]
        },
        {
          "over": 12,
          "deliveries": [
            {
              "batter": "R Nehonde",
              "bowler": "I Danladi",
              "non_striker": "V Balakrishnan",
              "runs": {
                "batter": 2,
                "extras": 0,
                "total": 2
              }
            },
            {
              "batter": "R Nehonde",
              "bowler": "I Danladi",
              "non_striker": "V Balakrishnan",
              "runs": {
                "batter": 1,
                "extras": 0,
                "total": 1
              }
            },
            {
              "batter": "V Balakrishnan",
              "bowler": "I Danladi",
              "non_striker": "R Nehonde",
              "runs": {
                "batter": 4,
                "extras": 0,
                "total": 4
              }
            },
            {
              "batter": "V Balakrishnan",
              "bowler": "I Danladi",
              "non_striker": "R Nehonde",
              "runs": {
                "batter": 0,
                "extras": 0,
                "total": 0
              }
            },
            {
              "batter": "V Balakrishnan",
              "bowler": "I Danladi",
              "non_striker": "R Nehonde",
              "runs": {
                "batter": 1,
                "extras": 0,
                "total": 1
              }
            },
            {
              "batter": "R Nehonde",
              "bowler": "I Danladi",
              "non_striker": "V Balakrishnan",
              "runs": {
                "batter": 0,
                "extras": 0,
                "total": 0
              }
            }
          ]
        },
        {
          "over": 13,
          "deliveries": [
            {
              "batter": "V Balakrishnan",
              "bowler": "AM Oyede",
              "non_striker": "R Nehonde",
              "runs": {
                "batter": 1,
                "extras": 0,
                "total": 1
              }
            },
            {
              "batter": "R Nehonde",
              "bowler": "AM Oyede",
              "non_striker": "V Balakrishnan",
              "runs": {
                "batter": 0,
                "extras": 0,
                "total": 0
              }
            },
            {
              "batter": "R Nehonde",
              "bowler": "AM Oyede",
              "extras": {
                "legbyes": 1
              },
              "non_striker": "V Balakrishnan",
              "runs": {
                "batter": 0,
                "extras": 1,
                "total": 1
              }
            },
            {
              "batter": "V Balakrishnan",
              "bowler": "AM Oyede",
              "non_striker": "R Nehonde",
              "runs": {
                "batter": 1,
                "extras": 0,
                "total": 1
              }
            },
            {
              "batter": "R Nehonde",
              "bowler": "AM Oyede",
              "non_striker": "V Balakrishnan",
              "runs": {
                "batter": 1,
                "extras": 0,
                "total": 1
              }
            },
            {
              "batter": "V Balakrishnan",
              "bowler": "AM Oyede",
              "non_striker": "R Nehonde",
              "runs": {
                "batter": 0,
                "extras": 0,
                "total": 0
              }
            }
          ]
        },
        {
          "over": 14,
          "deliveries": [
            {
              "batter": "R Nehonde",
              "bowler": "IO Okpe",
              "non_striker": "V Balakrishnan",
              "runs": {
                "batter": 0,
                "extras": 0,
                "total": 0
              }
            },
            {
              "batter": "R Nehonde",
              "bowler": "IO Okpe",
              "non_striker": "V Balakrishnan",
              "runs": {
                "batter": 0,
                "extras": 0,
                "total": 0
              },
              "wickets": [
                {
                  "kind": "caught",
                  "player_out": "R Nehonde",
                  "fielders": [
                    {
                      "name": "CM Akachukwu"
                    }
                  ]
                }
              ]
            },
            {
              "batter": "V Balakrishnan",
              "bowler": "IO Okpe",
              "non_striker": "A Rangaswamy",
              "runs": {
                "batter": 1,
                "extras": 0,
                "total": 1
              }
            },
            {
              "batter": "A Rangaswamy",
              "bowler": "IO Okpe",
              "non_striker": "V Balakrishnan",
              "runs": {
                "batter": 1,
                "extras": 0,
                "total": 1
              }
            },
            {
              "batter": "V Balakrishnan",
              "bowler": "IO Okpe",
              "non_striker": "A Rangaswamy",
              "runs": {
                "batter": 0,
                "extras": 0,
                "total": 0
              }
            },
            {
              "batter": "V Balakrishnan",
              "bowler": "IO Okpe",
              "non_striker": "A Rangaswamy",
              "runs": {
                "batter": 1,
                "extras": 0,
                "total": 1
              }
            }
          ]
        },
        {
          "over": 15,
          "deliveries": [
            {
              "batter": "V Balakrishnan",
              "bowler": "Mohameed Taiwo",
              "non_striker": "A Rangaswamy",
              "runs": {
                "batter": 1,
                "extras": 0,
                "total": 1
              }
            },
            {
              "batter": "A Rangaswamy",
              "bowler": "Mohameed Taiwo",
              "non_striker": "V Balakrishnan",
              "runs": {
                "batter": 1,
                "extras": 0,
                "total": 1
              }
            },
            {
              "batter": "V Balakrishnan",
              "bowler": "Mohameed Taiwo",
              "non_striker": "A Rangaswamy",
              "runs": {
                "batter": 0,
                "extras": 0,
                "total": 0
              }
            },
            {
              "batter": "V Balakrishnan",
              "bowler": "Mohameed Taiwo",
              "non_striker": "A Rangaswamy",
              "runs": {
                "batter": 0,
                "extras": 0,
                "total": 0
              }
            },
            {
              "batter": "V Balakrishnan",
              "bowler": "Mohameed Taiwo",
              "non_striker": "A Rangaswamy",
              "runs": {
                "batter": 2,
                "extras": 0,
                "total": 2
              }
            },
            {
              "batter": "V Balakrishnan",
              "bowler": "Mohameed Taiwo",
              "non_striker": "A Rangaswamy",
              "runs": {
                "batter": 2,
                "extras": 0,
                "total": 2
              }
            }
          ]
        },
        {
          "over": 16,
          "deliveries": [
            {
              "batter": "A Rangaswamy",
              "bowler": "CM Akachukwu",
              "non_striker": "V Balakrishnan",
              "runs": {
                "batter": 1,
                "extras": 0,
                "total": 1
              }
            },
            {
              "batter": "V Balakrishnan",
              "bowler": "CM Akachukwu",
              "non_striker": "A Rangaswamy",
              "runs": {
                "batter": 1,
                "extras": 0,
                "total": 1
              }
            },
            {
              "batter": "A Rangaswamy",
              "bowler": "CM Akachukwu",
              "non_striker": "V Balakrishnan",
              "runs": {
                "batter": 0,
                "extras": 0,
                "total": 0
              }
            },
            {
              "batter": "A Rangaswamy",
              "bowler": "CM Akachukwu",
              "non_striker": "V Balakrishnan",
              "runs": {
                "batter": 0,
                "extras": 0,
                "total": 0
              },
              "wickets": [
                {
                  "kind": "caught",
                  "player_out": "A Rangaswamy",
                  "fielders": [
                    {
                      "name": "CN Onwuzulike"
                    }
                  ]
                }
              ]
            },
            {
              "batter": "V Balakrishnan",
              "bowler": "CM Akachukwu",
              "extras": {
                "wides": 1
              },
              "non_striker": "JWN Moses",
              "runs": {
                "batter": 0,
                "extras": 1,
                "total": 1
              }
            },
            {
              "batter": "V Balakrishnan",
              "bowler": "CM Akachukwu",
              "non_striker": "JWN Moses",
              "runs": {
                "batter": 0,
                "extras": 0,
                "total": 0
              }
            },
            {
              "batter": "V Balakrishnan",
              "bowler": "CM Akachukwu",
              "non_striker": "JWN Moses",
              "runs": {
                "batter": 0,
                "extras": 0,
                "total": 0
              }
            }
          ]
        },
        {
          "over": 17,
          "deliveries": [
            {
              "batter": "JWN Moses",
              "bowler": "Mohameed Taiwo",
              "non_striker": "V Balakrishnan",
              "runs": {
                "batter": 0,
                "extras": 0,
                "total": 0
              }
            },
            {
              "batter": "JWN Moses",
              "bowler": "Mohameed Taiwo",
              "non_striker": "V Balakrishnan",
              "runs": {
                "batter": 1,
                "extras": 0,
                "total": 1
              }
            },
            {
              "batter": "V Balakrishnan",
              "bowler": "Mohameed Taiwo",
              "non_striker": "JWN Moses",
              "runs": {
                "batter": 0,
                "extras": 0,
                "total": 0
              }
            },
            {
              "batter": "V Balakrishnan",
              "bowler": "Mohameed Taiwo",
              "non_striker": "JWN Moses",
              "runs": {
                "batter": 0,
                "extras": 0,
                "total": 0
              }
            },
            {
              "batter": "V Balakrishnan",
              "bowler": "Mohameed Taiwo",
              "non_striker": "JWN Moses",
              "runs": {
                "batter": 1,
                "extras": 0,
                "total": 1
              }
            },
            {
              "batter": "JWN Moses",
              "bowler": "Mohameed Taiwo",
              "non_striker": "V Balakrishnan",
              "runs": {
                "batter": 1,
                "extras": 0,
                "total": 1
              }
            }
          ]
        },
        {
          "over": 18,
          "deliveries": [
            {
              "batter": "JWN Moses",
              "bowler": "I Danladi",
              "non_striker": "V Balakrishnan",
              "runs": {
                "batter": 0,
                "extras": 0,
                "total": 0
              },
              "wickets": [
                {
                  "kind": "caught",
                  "player_out": "JWN Moses",
                  "fielders": [
                    {
                      "name": "CM Akachukwu"
                    }
                  ]
                }
              ]
            },
            {
              "batter": "V Balakrishnan",
              "bowler": "I Danladi",
              "non_striker": "I Master",
              "runs": {
                "batter": 0,
                "extras": 0,
                "total": 0
              }
            },
            {
              "batter": "V Balakrishnan",
              "bowler": "I Danladi",
              "non_striker": "I Master",
              "runs": {
                "batter": 4,
                "extras": 0,
                "total": 4
              }
            },
            {
              "batter": "V Balakrishnan",
              "bowler": "I Danladi",
              "non_striker": "I Master",
              "runs": {
                "batter": 0,
                "extras": 0,
                "total": 0
              }
            },
            {
              "batter": "V Balakrishnan",
              "bowler": "I Danladi",
              "non_striker": "I Master",
              "runs": {
                "batter": 1,
                "extras": 0,
                "total": 1
              }
            },
            {
              "batter": "I Master",
              "bowler": "I Danladi",
              "non_striker": "V Balakrishnan",
              "runs": {
                "batter": 4,
                "extras": 0,
                "total": 4
              }
            }
          ]
        },
        {
          "over": 19,
          "deliveries": [
            {
              "batter": "V Balakrishnan",
              "bowler": "IO Okpe",
              "non_striker": "I Master",
              "runs": {
                "batter": 1,
                "extras": 0,
                "total": 1
              }
            },
            {
              "batter": "I Master",
              "bowler": "IO Okpe",
              "non_striker": "V Balakrishnan",
              "runs": {
                "batter": 0,
                "extras": 0,
                "total": 0
              },
              "wickets": [
                {
                  "kind": "bowled",
                  "player_out": "I Master"
                }
              ]
            },
            {
              "batter": "T Tshose",
              "bowler": "IO Okpe",
              "non_striker": "V Balakrishnan",
              "runs": {
                "batter": 0,
                "extras": 0,
                "total": 0
              }
            },
            {
              "batter": "T Tshose",
              "bowler": "IO Okpe",
              "extras": {
                "legbyes": 1
              },
              "non_striker": "V Balakrishnan",
              "runs": {
                "batter": 0,
                "extras": 1,
                "total": 1
              }
            },
            {
              "batter": "V Balakrishnan",
              "bowler": "IO Okpe",
              "non_striker": "T Tshose",
              "runs": {
                "batter": 6,
                "extras": 0,
                "total": 6
              }
            },
            {
              "batter": "V Balakrishnan",
              "bowler": "IO Okpe",
              "non_striker": "T Tshose",
              "runs": {
                "batter": 0,
                "extras": 0,
                "total": 0
              }
            }
          ]
        }
      ],
      "powerplays": [
        {
          "from": 0.1,
          "to": 5.7,
          "type": "mandatory"
        }
      ],
      "target": {
        "overs": 20,
        "runs": 120
      }
    }
  ]
}