{
  "meta": {
    "data_version": "1.0.0",
    "created": "2019-10-15",
    "revision": 1
  },
  "info": {
    "balls_per_over": 6,
    "city": "Al Amarat",
    "dates": [
      "2019-10-07"
    ],
    "event": {
      "name": "Oman Pentangular T20I Series",
      "match_number": 5
    },
    "gender": "male",
    "match_type": "T20",
    "match_type_number": 920,
    "missing": [
      "player_of_match"
    ],
    "officials": {
      "match_referees": [
        "WC Labrooy"
      ],
      "reserve_umpires": [
        "Harikrishna Pillai"
      ],
      "umpires": [
        "Vinod Babu",
        "Rashid Riaz"
      ]
    },
    "outcome": {
      "winner": "Nepal",
      "by": {
        "wickets": 4
      }
    },
    "overs": 20,
    "players": {
      "Netherlands": [
        "TP Visee",
        "MP O'Dowd",
        "AJ Staal",
        "CN Ackermann",
        "PM Seelaar",
        "RE van der Merwe",
        "SA Edwards",
        "S Snater",
        "FJ Klaassen",
        "PA van Meekeren",
        "BD Glover"
      ],
      "Nepal": [
        "P Khadka",
        "P Sarraf",
        "Aarif Sheikh",
        "DS Airee",
        "B Bhandari",
        "RK Paudel",
        "Karan KC",
        "Sompal Kami",
        "LN Rajbanshi",
        "A Bohara",
        "S Lamichhane"
      ]
    },
    "registry": {
      "people": {
        "A Bohara": "64fb6b15",
        "AJ Staal": "62c713bf",
        "Aarif Sheikh": "cd4d7695",
        "B Bhandari": "82342b13",
        "BD Glover": "0dbe27b8",
        "CN Ackermann": "e734d090",
        "DS Airee": "1747ea18",
        "FJ Klaassen": "c042b412",
        "Harikrishna Pillai": "ed918c90",
        "Karan KC": "f53b3e1d",
        "LN Rajbanshi": "6ad2d5f7",
        "MP O'Dowd": "b699df47",
        "P Khadka": "12c3ba4d",
        "P Sarraf": "82294960",
        "PA van Meekeren": "4557dc54",
        "PM Seelaar": "abbdca1a",
        "RE van der Merwe": "05c2ca46",
        "RK Paudel": "1a3cc554",
        "Rashid Riaz": "fb82725e",
        "S Lamichhane": "b410bd3d",
        "S Snater": "a790df98",
        "SA Edwards": "b59db04f",
        "Sompal Kami": "1adb8ee8",
        "TP Visee": "881b3f8e",
        "Vinod Babu": "37e6187d",
        "WC Labrooy": "29d4e29b"
      }
    },
    "season": "2019/20",
    "team_type": "international",
    "teams": [
      "Nepal",
      "Netherlands"
    ],
    "toss": {
      "decision": "field",
      "winner": "Nepal"
    },
    "venue": "Al Amerat Cricket Ground Oman Cricket (Ministry Turf 1)"
  },
  "innings": [
    {
      "team": "Netherlands",
      "overs": [
        {
          "over": 0,
          "deliveries": [
            {
              "batter": "TP Visee",
              "bowler": "Sompal Kami",
              "non_striker": "MP O'Dowd",
              "runs": {
                "batter": 2,
                "extras": 0,
                "total": 2
              }
            },
            {
              "batter": "TP Visee",
              "bowler": "Sompal Kami",
              "non_striker": "MP O'Dowd",
              "runs": {
                "batter": 1,
                "extras": 0,
                "total": 1
              }
            },
            {
              "batter": "MP O'Dowd",
              "bowler": "Sompal Kami",
              "non_striker": "TP Visee",
              "runs": {
                "batter": 1,
                "extras": 0,
                "total": 1
              }
            },
            {
              "batter": "TP Visee",
              "bowler": "Sompal Kami",
              "non_striker": "MP O'Dowd",
              "runs": {
                "batter": 1,
                "extras": 0,
                "total": 1
              }
            },
            {
              "batter": "MP O'Dowd",
              "bowler": "Sompal Kami",
              "non_striker": "TP Visee",
              "runs": {
                "batter": 0,
                "extras": 0,
                "total": 0
              }
            },
            {
              "batter": "MP O'Dowd",
              "bowler": "Sompal Kami",
              "non_striker": "TP Visee",
              "runs": {
                "batter": 4,
                "extras": 0,
                "total": 4
              }
            }
          ]
        },
        {
          "over": 1,
          "deliveries": [
            {
              "batter": "TP Visee",
              "bowler": "S Lamichhane",
              "non_striker": "MP O'Dowd",
              "runs": {
                "batter": 0,
                "extras": 0,
                "total": 0
              },
              "wickets": [
                {
                  "kind": "bowled",
                  "player_out": "TP Visee"
                }
              ]
            },
            {
              "batter": "AJ Staal",
              "bowler": "S Lamichhane",
              "extras": {
                "wides": 1
              },
              "non_striker": "MP O'Dowd",
              "runs": {
                "batter": 0,
                "extras": 1,
                "total": 1
              }
            },
            {
              "batter": "AJ Staal",
              "bowler": "S Lamichhane",
              "non_striker": "MP O'Dowd",
              "runs": {
                "batter": 0,
                "extras": 0,
                "total": 0
              }
            },
            {
              "batter": "AJ Staal",
              "bowler": "S Lamichhane",
              "non_striker": "MP O'Dowd",
              "runs": {
                "batter": 0,
                "extras": 0,
                "total": 0
              }
            },
            {
              "batter": "AJ Staal",
              "bowler": "S Lamichhane",
              "non_striker": "MP O'Dowd",
              "runs": {
                "batter": 1,
                "extras": 0,
                "total": 1
              }
            },
            {
              "batter": "MP O'Dowd",
              "bowler": "S Lamichhane",
              "non_striker": "AJ Staal",
              "runs": {
                "batter": 0,
                "extras": 0,
                "total": 0
              }
            },
            {
              "batter": "MP O'Dowd",
              "bowler": "S Lamichhane",
              "non_striker": "AJ Staal",
              "runs": {
                "batter": 0,
                "extras": 0,
                "total": 0
              }
            }
          ]
        },
        {
          "over": 2,
          "deliveries": [
            {
              "batter": "AJ Staal",
              "bowler": "Sompal Kami",
              "non_striker": "MP O'Dowd",
              "runs": {
                "batter": 0,
                "extras": 0,
                "total": 0
              }
            },
            {
              "batter": "AJ Staal",
              "bowler": "Sompal Kami",
              "non_striker": "MP O'Dowd",
              "runs": {
                "batter": 0,
                "extras": 0,
                "total": 0
              }
            },
            {
              "batter": "AJ Staal",
              "bowler": "Sompal Kami",
              "non_striker": "MP O'Dowd",
              "runs": {
                "batter": 0,
                "extras": 0,
                "total": 0
              }
            },
            {
              "batter": "AJ Staal",
              "bowler": "Sompal Kami",
              "non_striker": "MP O'Dowd",
              "runs": {
                "batter": 2,
                "extras": 0,
                "total": 2
              }
            },
            {
              "batter": "AJ Staal",
              "bowler": "Sompal Kami",
              "non_striker": "MP O'Dowd",
              "runs": {
                "batter": 4,
                "extras": 0,
                "total": 4
              }
            },
            {
              "batter": "AJ Staal",
              "bowler": "Sompal Kami",
              "non_striker": "MP O'Dowd",
              "runs": {
                "batter": 6,
                "extras": 0,
                "total": 6
              }
            }
          ]
        },
        {
          "over": 3,
          "deliveries": [
            {
              "batter": "MP O'Dowd",
              "bowler": "S Lamichhane",
              "non_striker": "AJ Staal",
              "runs": {
                "batter": 2,
                "extras": 0,
                "total": 2
              }
            },
            {
              "batter": "MP O'Dowd",
              "bowler": "S Lamichhane",
              "non_striker": "AJ Staal",
              "runs": {
                "batter": 4,
                "extras": 0,
                "total": 4
              }
            },
            {
              "batter": "MP O'Dowd",
              "bowler": "S Lamichhane",
              "non_striker": "AJ Staal",
              "runs": {
                "batter": 0,
                "extras": 0,
                "total": 0
              }
            },
            {
              "batter": "MP O'Dowd",
              "bowler": "S Lamichhane",
              "extras": {
                "legbyes": 1
              },
              "non_striker": "AJ Staal",
              "runs": {
                "batter": 0,
                "extras": 1,
                "total": 1
              }
            },
            {
              "batter": "AJ Staal",
              "bowler": "S Lamichhane",
              "non_striker": "MP O'Dowd",
              "runs": {
                "batter": 2,
                "extras": 0,
                "total": 2
              }
            },
            {
              "batter": "AJ Staal",
              "bowler": "S Lamichhane",
              "non_striker": "MP O'Dowd",
              "runs": {
                "batter": 0,
                "extras": 0,
                "total": 0
              }
            }
          ]
        },
        {
          "over": 4,
          "deliveries": [
            {
              "batter": "MP O'Dowd",
              "bowler": "LN Rajbanshi",
              "non_striker": "AJ Staal",
              "runs": {
                "batter": 0,
                "extras": 0,
                "total": 0
              }
            },
            {
              "batter": "MP O'Dowd",
              "bowler": "LN Rajbanshi",
              "non_striker": "AJ Staal",
              "runs": {
                "batter": 4,
                "extras": 0,
                "total": 4
              }
            },
            {
              "batter": "MP O'Dowd",
              "bowler": "LN Rajbanshi",
              "non_striker": "AJ Staal",
              "runs": {
                "batter": 4,
                "extras": 0,
                "total": 4
              }
            },
            {
              "batter": "MP O'Dowd",
              "bowler": "LN Rajbanshi",
              "non_striker": "AJ Staal",
              "runs": {
                "batter": 1,
                "extras": 0,
                "total": 1
              }
            },
            {
              "batter": "AJ Staal",
              "bowler": "LN Rajbanshi",
              "non_striker": "MP O'Dowd",
              "runs": {
                "batter": 0,
                "extras": 0,
                "total": 0
              }
            },
            {
              "batter": "AJ Staal",
              "bowler": "LN Rajbanshi",
              "non_striker": "MP O'Dowd",
              "runs": {
                "batter": 6,
                "extras": 0,
                "total": 6
              }
            }
          ]
        },
        {
          "over": 5,
          "deliveries": [
            {
              "batter": "MP O'Dowd",
              "bowler": "Karan KC",
              "non_striker": "AJ Staal",
              "runs": {
                "batter": 0,
                "extras": 0,
                "total": 0
              }
            },
            {
              "batter": "MP O'Dowd",
              "bowler": "Karan KC",
              "non_striker": "AJ Staal",
              "runs": {
                "batter": 2,
                "extras": 0,
                "total": 2
              }
            },
            {
              "batter": "MP O'Dowd",
              "bowler": "Karan KC",
              "extras": {
                "legbyes": 1
              },
              "non_striker": "AJ Staal",
              "runs": {
                "batter": 0,
                "extras": 1,
                "total": 1
              }
            },
            {
              "batter": "AJ Staal",
              "bowler": "Karan KC",
              "non_striker": "MP O'Dowd",
              "runs": {
                "batter": 0,
                "extras": 0,
                "total": 0
              },
              "wickets": [
                {
                  "kind": "caught",
                  "player_out": "AJ Staal",
                  "fielders": [
                    {
                      "name": "Sompal Kami"
                    }
                  ]
                }
              ]
            },
            {
              "batter": "MP O'Dowd",
              "bowler": "Karan KC",
              "non_striker": "CN Ackermann",
              "runs": {
                "batter": 0,
                "extras": 0,
                "total": 0
              }
            },
            {
              "batter": "MP O'Dowd",
              "bowler": "Karan KC",
              "non_striker": "CN Ackermann",
              "runs": {
                "batter": 1,
                "extras": 0,
                "total": 1
              }
            }
          ]
        },
        {
          "over": 6,
          "deliveries": [
            {
              "batter": "MP O'Dowd",
              "bowler": "LN Rajbanshi",
              "non_striker": "CN Ackermann",
              "runs": {
                "batter": 0,
                "extras": 0,
                "total": 0
              }
            },
            {
              "batter": "MP O'Dowd",
              "bowler": "LN Rajbanshi",
              "non_striker": "CN Ackermann",
              "runs": {
                "batter": 0,
                "extras": 0,
                "total": 0
              }
            },
            {
              "batter": "MP O'Dowd",
              "bowler": "LN Rajbanshi",
              "non_striker": "CN Ackermann",
              "runs": {
                "batter": 0,
                "extras": 0,
                "total": 0
              }
            },
            {
              "batter": "MP O'Dowd",
              "bowler": "LN Rajbanshi",
              "non_striker": "CN Ackermann",
              "runs": {
                "batter": 1,
                "extras": 0,
                "total": 1
              }
            },
            {
              "batter": "CN Ackermann",
              "bowler": "LN Rajbanshi",
              "non_striker": "MP O'Dowd",
              "runs": {
                "batter": 2,
                "extras": 0,
                "total": 2
              }
            },
            {
              "batter": "CN Ackermann",
              "bowler": "LN Rajbanshi",
              "non_striker": "MP O'Dowd",
              "runs": {
                "batter": 0,
                "extras": 0,
                "total": 0
              }
            }
          ]
        },
        {
          "over": 7,
          "deliveries": [
            {
              "batter": "MP O'Dowd",
              "bowler": "Karan KC",
              "extras": {
                "wides": 1
              },
              "non_striker": "CN Ackermann",
              "runs": {
                "batter": 0,
                "extras": 1,
                "total": 1
              }
            },
            {
              "batter": "MP O'Dowd",
              "bowler": "Karan KC",
              "non_striker": "CN Ackermann",
              "runs": {
                "batter": 0,
                "extras": 0,
                "total": 0
              }
            },
            {
              "batter": "MP O'Dowd",
              "bowler": "Karan KC",
              "non_striker": "CN Ackermann",
              "runs": {
                "batter": 1,
                "extras": 0,
                "total": 1
              }
            },
            {
              "batter": "CN Ackermann",
              "bowler": "Karan KC",
              "non_striker": "MP O'Dowd",
              "runs": {
                "batter": 0,
                "extras": 0,
                "total": 0
              }
            },
            {
              "batter": "CN Ackermann",
              "bowler": "Karan KC",
              "non_striker": "MP O'Dowd",
              "runs": {
                "batter": 0,
                "extras": 0,
                "total": 0
              }
            },
            {
              "batter": "CN Ackermann",
              "bowler": "Karan KC",
              "non_striker": "MP O'Dowd",
              "runs": {
                "batter": 1,
                "extras": 0,
                "total": 1
              }
            },
            {
              "batter": "MP O'Dowd",
              "bowler": "Karan KC",
              "non_striker": "CN Ackermann",
              "runs": {
                "batter": 1,
                "extras": 0,
                "total": 1
              }
            }
          ]
        },
        {
          "over": 8,
          "deliveries": [
            {
              "batter": "MP O'Dowd",
              "bowler": "P Khadka",
              "non_striker": "CN Ackermann",
              "runs": {
                "batter": 2,
                "extras": 0,
                "total": 2
              }
            },
            {
              "batter": "MP O'Dowd",
              "bowler": "P Khadka",
              "non_striker": "CN Ackermann",
              "runs": {
                "batter": 1,
                "extras": 0,
                "total": 1
              }
            },
            {
              "batter": "CN Ackermann",
              "bowler": "P Khadka",
              "non_striker": "MP O'Dowd",
              "runs": {
                "batter": 6,
                "extras": 0,
                "total": 6
              }
            },
            {
              "batter": "CN Ackermann",
              "bowler": "P Khadka",
              "non_striker": "MP O'Dowd",
              "runs": {
                "batter": 4,
                "extras": 0,
                "total": 4
              }
            },
            {
              "batter": "CN Ackermann",
              "bowler": "P Khadka",
              "non_striker": "MP O'Dowd",
              "runs": {
                "batter": 1,
                "extras": 0,
                "total": 1
              }
            },
            {
              "batter": "MP O'Dowd",
              "bowler": "P Khadka",
              "non_striker": "CN Ackermann",
              "runs": {
                "batter": 0,
                "extras": 0,
                "total": 0
              }
            }
          ]
        },
        {
          "over": 9,
          "deliveries": [
            {
              "batter": "CN Ackermann",
              "bowler": "A Bohara",
              "non_striker": "MP O'Dowd",
              "runs": {
                "batter": 6,
                "extras": 0,
                "total": 6
              }
            },
            {
              "batter": "CN Ackermann",
              "bowler": "A Bohara",
              "non_striker": "MP O'Dowd",
              "runs": {
                "batter": 0,
                "extras": 0,
                "total": 0
              }
            },
            {
              "batter": "CN Ackermann",
              "bowler": "A Bohara",
              "non_striker": "MP O'Dowd",
              "runs": {
                "batter": 1,
                "extras": 0,
                "total": 1
              }
            },
            {
              "batter": "MP O'Dowd",
              "bowler": "A Bohara",
              "non_striker": "CN Ackermann",
              "runs": {
                "batter": 0,
                "extras": 0,
                "total": 0
              }
            },
            {
              "batter": "MP O'Dowd",
              "bowler": "A Bohara",
              "non_striker": "CN Ackermann",
              "runs": {
                "batter": 2,
                "extras": 0,
                "total": 2
              }
            },
            {
              "batter": "MP O'Dowd",
              "bowler": "A Bohara",
              "non_striker": "CN Ackermann",
              "runs": {
                "batter": 0,
                "extras": 0,
                "total": 0
              }
            }
          ]
        },
        {
          "over": 10,
          "deliveries": [
            {
              "batter": "CN Ackermann",
              "bowler": "LN Rajbanshi",
              "non_striker": "MP O'Dowd",
              "runs": {
                "batter": 2,
                "extras": 0,
                "total": 2
              }
            },
            {
              "batter": "CN Ackermann",
              "bowler": "LN Rajbanshi",
              "non_striker": "MP O'Dowd",
              "runs": {
                "batter": 1,
                "extras": 0,
                "total": 1
              }
            },
            {
              "batter": "MP O'Dowd",
              "bowler": "LN Rajbanshi",
              "non_striker": "CN Ackermann",
              "runs": {
                "batter": 1,
                "extras": 0,
                "total": 1
              }
            },
            {
              "batter": "CN Ackermann",
              "bowler": "LN Rajbanshi",
              "non_striker": "MP O'Dowd",
              "runs": {
                "batter": 1,
                "extras": 0,
                "total": 1
              }
            },
            {
              "batter": "MP O'Dowd",
              "bowler": "LN Rajbanshi",
              "non_striker": "CN Ackermann",
              "runs": {
                "batter": 1,
                "extras": 0,
                "total": 1
              }
            },
            {
              "batter": "CN Ackermann",
              "bowler": "LN Rajbanshi",
              "non_striker": "MP O'Dowd",
              "runs": {
                "batter": 1,
                "extras": 0,
                "total": 1
              }
            }
          ]
        },
        {
          "over": 11,
          "deliveries": [
            {
              "batter": "CN Ackermann",
              "bowler": "Sompal Kami",
              "non_striker": "MP O'Dowd",
              "runs": {
                "batter": 0,
                "extras": 0,
                "total": 0
              }
            },
            {
              "batter": "CN Ackermann",
              "bowler": "Sompal Kami",
              "non_striker": "MP O'Dowd",
              "runs": {
                "batter": 1,
                "extras": 0,
                "total": 1
              }
            },
            {
              "batter": "MP O'Dowd",
              "bowler": "Sompal Kami",
              "non_striker": "CN Ackermann",
              "runs": {
                "batter": 1,
                "extras": 0,
                "total": 1
              }
            },
            {
              "batter": "CN Ackermann",
              "bowler": "Sompal Kami",
              "non_striker": "MP O'Dowd",
              "runs": {
                "batter": 1,
                "extras": 0,
                "total": 1
              }
            },
            {
              "batter": "MP O'Dowd",
              "bowler": "Sompal Kami",
              "non_striker": "CN Ackermann",
              "runs": {
                "batter": 2,
                "extras": 0,
                "total": 2
              }
            },
            {
              "batter": "MP O'Dowd",
              "bowler": "Sompal Kami",
              "non_striker": "CN Ackermann",
              "runs": {
                "batter": 1,
                "extras": 0,
                "total": 1
              }
            }
          ]
        },
        {
          "over": 12,
          "deliveries": [
            {
              "batter": "MP O'Dowd",
              "bowler": "LN Rajbanshi",
              "non_striker": "CN Ackermann",
              "runs": {
                "batter": 0,
                "extras": 0,
                "total": 0
              }
            },
            {
              "batter": "MP O'Dowd",
              "bowler": "LN Rajbanshi",
              "non_striker": "CN Ackermann",
              "runs": {
                "batter": 1,
                "extras": 0,
                "total": 1
              }
            },
            {
              "batter": "CN Ackermann",
              "bowler": "LN Rajbanshi",
              "non_striker": "MP O'Dowd",
              "runs": {
                "batter": 1,
                "extras": 0,
                "total": 1
              }
            },
            {
              "batter": "MP O'Dowd",
              "bowler": "LN Rajbanshi",
              "non_striker": "CN Ackermann",
              "runs": {
                "batter": 1,
                "extras": 0,
                "total": 1
              }
            },
            {
              "batter": "CN Ackermann",
              "bowler": "LN Rajbanshi",
              "non_striker": "MP O'Dowd",
              "runs": {
                "batter": 0,
                "extras": 0,
                "total": 0
              },
              "wickets": [
                {
                  "kind": "bowled",
                  "player_out": "CN Ackermann"
                }
              ]
            },
            {
              "batter": "PM Seelaar",
              "bowler": "LN Rajbanshi",
              "non_striker": "MP O'Dowd",
              "runs": {
                "batter": 0,
                "extras": 0,
                "total": 0
              }
            }
          ]
        },
        {
          "over": 13,
          "deliveries": [
            {
              "batter": "MP O'Dowd",
              "bowler": "A Bohara",
              "non_striker": "PM Seelaar",
              "runs": {
                "batter": 0,
                "extras": 0,
                "total": 0
              }
            },
            {
              "batter": "MP O'Dowd",
              "bowler": "A Bohara",
              "non_striker": "PM Seelaar",
              "runs": {
                "batter": 1,
                "extras": 0,
                "total": 1
              }
            },
            {
              "batter": "PM Seelaar",
              "bowler": "A Bohara",
              "non_striker": "MP O'Dowd",
              "runs": {
                "batter": 1,
                "extras": 0,
                "total": 1
              }
            },
            {
              "batter": "MP O'Dowd",
              "bowler": "A Bohara",
              "non_striker": "PM Seelaar",
              "runs": {
                "batter": 2,
                "extras": 0,
                "total": 2
              }
            },
            {
              "batter": "MP O'Dowd",
              "bowler": "A Bohara",
              "non_striker": "PM Seelaar",
              "runs": {
                "batter": 1,
                "extras": 0,
                "total": 1
              }
            },
            {
              "batter": "PM Seelaar",
              "bowler": "A Bohara",
              "non_striker": "MP O'Dowd",
              "runs": {
                "batter": 1,
                "extras": 0,
                "total": 1
              }
            }
          ]
        },
        {
          "over": 14,
          "deliveries": [
            {
              "batter": "PM Seelaar",
              "bowler": "S Lamichhane",
              "non_striker": "MP O'Dowd",
              "runs": {
                "batter": 1,
                "extras": 0,
                "total": 1
              }
            },
            {
              "batter": "MP O'Dowd",
              "bowler": "S Lamichhane",
              "non_striker": "PM Seelaar",
              "runs": {
                "batter": 0,
                "extras": 0,
                "total": 0
              },
              "wickets": [
                {
                  "kind": "caught",
                  "player_out": "MP O'Dowd",
                  "fielders": [
                    {
                      "name": "RK Paudel"
                    }
                  ]
                }
              ]
            },
            {
              "batter": "PM Seelaar",
              "bowler": "S Lamichhane",
              "non_striker": "RE van der Merwe",
              "runs": {
                "batter": 0,
                "extras": 0,
                "total": 0
              }
            },
            {
              "batter": "PM Seelaar",
              "bowler": "S Lamichhane",
              "non_striker": "RE van der Merwe",
              "runs": {
                "batter": 1,
                "extras": 0,
                "total": 1
              }
            },
            {
              "batter": "RE van der Merwe",
              "bowler": "S Lamichhane",
              "non_striker": "PM Seelaar",
              "runs": {
                "batter": 0,
                "extras": 0,
                "total": 0
              }
            },
            {
              "batter": "RE van der Merwe",
              "bowler": "S Lamichhane",
              "non_striker": "PM Seelaar",
              "runs": {
                "batter": 0,
                "extras": 0,
                "total": 0
              }
            }
          ]
        },
        {
          "over": 15,
          "deliveries": [
            {
              "batter": "PM Seelaar",
              "bowler": "Karan KC",
              "non_striker": "RE van der Merwe",
              "runs": {
                "batter": 0,
                "extras": 0,
                "total": 0
              }
            },
            {
              "batter": "PM Seelaar",
              "bowler": "Karan KC",
              "non_striker": "RE van der Merwe",
              "runs": {
                "batter": 0,
                "extras": 0,
                "total": 0
              },
              "wickets": [
                {
                  "kind": "caught",
                  "player_out": "PM Seelaar",
                  "fielders": [
                    {
                      "name": "P Khadka"
                    }
                  ]
                }
              ]
            },
            {
              "batter": "SA Edwards",
              "bowler": "Karan KC",
              "non_striker": "RE van der Merwe",
              "runs": {
                "batter": 0,
                "extras": 0,
                "total": 0
              }
            },
            {
              "batter": "SA Edwards",
              "bowler": "Karan KC",
              "non_striker": "RE van der Merwe",
              "runs": {
                "batter": 1,
                "extras": 0,
                "total": 1
              }
            },
            {
              "batter": "RE van der Merwe",
              "bowler": "Karan KC",
              "non_striker": "SA Edwards",
              "runs": {
                "batter": 1,
                "extras": 0,
                "total": 1
              }
            },
            {
              "batter": "SA Edwards",
              "bowler": "Karan KC",
              "non_striker": "RE van der Merwe",
              "runs": {
                "batter": 2,
                "extras": 0,
                "total": 2
              }
            }
          ]
        },
        {
          "over": 16,
          "deliveries": [
            {
              "batter": "RE van der Merwe",
              "bowler": "A Bohara",
              "non_striker": "SA Edwards",
              "runs": {
                "batter": 0,
                "extras": 0,
                "total": 0
              }
            },
            {
              "batter": "RE van der Merwe",
              "bowler": "A Bohara",
              "non_striker": "SA Edwards",
              "runs": {
                "batter": 1,
                "extras": 0,
                "total": 1
              }
            },
            {
              "batter": "SA Edwards",
              "bowler": "A Bohara",
              "non_striker": "RE van der Merwe",
              "runs": {
                "batter": 2,
                "extras": 0,
                "total": 2
              }
            },
            {
              "batter": "SA Edwards",
              "bowler": "A Bohara",
              "non_striker": "RE van der Merwe",
              "runs": {
                "batter": 0,
                "extras": 0,
                "total": 0
              }
            },
            {
              "batter": "SA Edwards",
              "bowler": "A Bohara",
              "non_striker": "RE van der Merwe",
              "runs": {
                "batter": 1,
                "extras": 0,
                "total": 1
              }
            },
            {
              "batter": "RE van der Merwe",
              "bowler": "A Bohara",
              "non_striker": "SA Edwards",
              "runs": {
                "batter": 1,
                "extras": 0,
                "total": 1
              }
            }
          ]
        },
        {
          "over": 17,
          "deliveries": [
            {
              "batter": "RE van der Merwe",
              "bowler": "S Lamichhane",
              "non_striker": "SA Edwards",
              "runs": {
                "batter": 4,
                "extras": 0,
                "total": 4
              }
            },
            {
              "batter": "RE van der Merwe",
              "bowler": "S Lamichhane",
              "non_striker": "SA Edwards",
              "runs": {
                "batter": 0,
                "extras": 0,
                "total": 0
              },
              "wickets": [
                {
                  "kind": "caught",
                  "player_out": "RE van der Merwe",
                  "fielders": [
                    {
                      "name": "Aarif Sheikh"
                    }
                  ]
                }
              ]
            },
            {
              "batter": "SA Edwards",
              "bowler": "S Lamichhane",
              "non_striker": "S Snater",
              "runs": {
                "batter": 1,
                "extras": 0,
                "total": 1
              }
            },
            {
              "batter": "S Snater",
              "bowler": "S Lamichhane",
              "extras": {
                "wides": 1
              },
              "non_striker": "SA Edwards",
              "runs": {
                "batter": 0,
                "extras": 1,
                "total": 1
              }
            },
            {
              "batter": "S Snater",
              "bowler": "S Lamichhane",
              "non_striker": "SA Edwards",
              "runs": {
                "batter": 0,
                "extras": 0,
                "total": 0
              },
              "wickets": [
                {
                  "kind": "caught",
                  "player_out": "S Snater",
                  "fielders": [
                    {
                      "name": "P Sarraf"
                    }
                  ]
                }
              ]
            },
            {
              "batter": "SA Edwards",
              "bowler": "S Lamichhane",
              "non_striker": "FJ Klaassen",
              "runs": {
                "batter": 1,
                "extras": 0,
                "total": 1
              }
            },
            {
              "batter": "FJ Klaassen",
              "bowler": "S Lamichhane",
              "non_striker": "SA Edwards",
              "runs": {
                "batter": 1,
                "extras": 0,
                "total": 1
              }
            }
          ]
        },
        {
          "over": 18,
          "deliveries": [
            {
              "batter": "FJ Klaassen",
              "bowler": "A Bohara",
              "non_striker": "SA Edwards",
              "runs": {
                "batter": 1,
                "extras": 0,
                "total": 1
              }
            },
            {
              "batter": "SA Edwards",
              "bowler": "A Bohara",
              "non_striker": "FJ Klaassen",
              "runs": {
                "batter": 1,
                "extras": 0,
                "total": 1
              }
            },
            {
              "batter": "FJ Klaassen",
              "bowler": "A Bohara",
              "non_striker": "SA Edwards",
              "runs": {
                "batter": 1,
                "extras": 0,
                "total": 1
              }
            },
            {
              "batter": "SA Edwards",
              "bowler": "A Bohara",
              "non_striker": "FJ Klaassen",
              "runs": {
                "batter": 0,
                "extras": 0,
                "total": 0
              }
            },
            {
              "batter": "SA Edwards",
              "bowler": "A Bohara",
              "non_striker": "FJ Klaassen",
              "runs": {
                "batter": 1,
                "extras": 0,
                "total": 1
              }
            },
            {
              "batter": "FJ Klaassen",
              "bowler": "A Bohara",
              "non_striker": "SA Edwards",
              "runs": {
                "batter": 1,
                "extras": 0,
                "total": 1
              },
              "wickets": [
                {
                  "kind": "run out",
                  "player_out": "FJ Klaassen"
                }
              ]
            }
          ]
        },
        {
          "over": 19,
          "deliveries": [
            {
              "batter": "SA Edwards",
              "bowler": "Karan KC",
              "non_striker": "PA van Meekeren",
              "runs": {
                "batter": 6,
                "extras": 0,
                "total": 6
              }
            },
            {
              "batter": "SA Edwards",
              "bowler": "Karan KC",
              "non_striker": "PA van Meekeren",
              "runs": {
                "batter": 0,
                "extras": 0,
                "total": 0
              },
              "wickets": [
                {
                  "kind": "caught",
                  "player_out": "SA Edwards",
                  "fielders": [
                    {
                      "name": "Sompal Kami"
                    }
                  ]
                }
              ]
            },
            {
              "batter": "PA van Meekeren",
              "bowler": "Karan KC",
              "non_striker": "BD Glover",
              "runs": {
                "batter": 0,
                "extras": 0,
                "total": 0
              },
              "wickets": [
                {
                  "kind": "caught",
                  "player_out": "PA van Meekeren",
                  "fielders": [
                    {
                      "name": "RK Paudel"
                    }
                  ]
                }
              ]
            }
          ]
        }
      ],
      "powerplays": [
        {
          "from": 0.1,
          "to": 5.6,
          "type": "mandatory"
        }
      ]
    },
    {
      "team": "Nepal",
      "overs": [
        {
          "over": 0,
          "deliveries": [
            {
              "batter": "P Khadka",
              "bowler": "FJ Klaassen",
              "non_striker": "P Sarraf",
              "runs": {
                "batter": 1,
                "extras": 0,
                "total": 1
              }
            },
            {
              "batter": "P Sarraf",
              "bowler": "FJ Klaassen",
              "non_striker": "P Khadka",
              "runs": {
                "batter": 0,
                "extras": 0,
                "total": 0
              }
            },
            {
              "batter": "P Sarraf",
              "bowler": "FJ Klaassen",
              "non_striker": "P Khadka",
              "runs": {
                "batter": 0,
                "extras": 0,
                "total": 0
              }
            },
            {
              "batter": "P Sarraf",
              "bowler": "FJ Klaassen",
              "extras": {
                "wides": 1
              },
              "non_striker": "P Khadka",
              "runs": {
                "batter": 0,
                "extras": 1,
                "total": 1
              }
            },
            {
              "batter": "P Sarraf",
              "bowler": "FJ Klaassen",
              "non_striker": "P Khadka",
              "runs": {
                "batter": 0,
                "extras": 0,
                "total": 0
              }
            },
            {
              "batter": "P Sarraf",
              "bowler": "FJ Klaassen",
              "non_striker": "P Khadka",
              "runs": {
                "batter": 0,
                "extras": 0,
                "total": 0
              }
            },
            {
              "batter": "P Sarraf",
              "bowler": "FJ Klaassen",
              "non_striker": "P Khadka",
              "runs": {
                "batter": 4,
                "extras": 0,
                "total": 4
              }
            }
          ]
        },
        {
          "over": 1,
          "deliveries": [
            {
              "batter": "P Khadka",
              "bowler": "PA van Meekeren",
              "extras": {
                "wides": 1
              },
              "non_striker": "P Sarraf",
              "runs": {
                "batter": 0,
                "extras": 1,
                "total": 1
              }
            },
            {
              "batter": "P Khadka",
              "bowler": "PA van Meekeren",
              "non_striker": "P Sarraf",
              "runs": {
                "batter": 1,
                "extras": 0,
                "total": 1
              }
            },
            {
              "batter": "P Sarraf",
              "bowler": "PA van Meekeren",
              "non_striker": "P Khadka",
              "runs": {
                "batter": 1,
                "extras": 0,
                "total": 1
              }
            },
            {
              "batter": "P Khadka",
              "bowler": "PA van Meekeren",
              "non_striker": "P Sarraf",
              "runs": {
                "batter": 0,
                "extras": 0,
                "total": 0
              }
            },
            {
              "batter": "P Khadka",
              "bowler": "PA van Meekeren",
              "non_striker": "P Sarraf",
              "runs": {
                "batter": 0,
                "extras": 0,
                "total": 0
              }
            },
            {
              "batter": "P Khadka",
              "bowler": "PA van Meekeren",
              "extras": {
                "wides": 1
              },
              "non_striker": "P Sarraf",
              "runs": {
                "batter": 0,
                "extras": 1,
                "total": 1
              }
            },
            {
              "batter": "P Khadka",
              "bowler": "PA van Meekeren",
              "non_striker": "P Sarraf",
              "runs": {
                "batter": 0,
                "extras": 0,
                "total": 0
              }
            },
            {
              "batter": "P Khadka",
              "bowler": "PA van Meekeren",
              "non_striker": "P Sarraf",
              "runs": {
                "batter": 0,
                "extras": 0,
                "total": 0
              }
            }
          ]
        },
        {
          "over": 2,
          "deliveries": [
            {
              "batter": "P Sarraf",
              "bowler": "BD Glover",
              "non_striker": "P Khadka",
              "runs": {
                "batter": 0,
                "extras": 0,
                "total": 0
              }
            },
            {
              "batter": "P Sarraf",
              "bowler": "BD Glover",
              "non_striker": "P Khadka",
              "runs": {
                "batter": 0,
                "extras": 0,
                "total": 0
              }
            },
            {
              "batter": "P Sarraf",
              "bowler": "BD Glover",
              "non_striker": "P Khadka",
              "runs": {
                "batter": 0,
                "extras": 0,
                "total": 0
              }
            },
            {
              "batter": "P Sarraf",
              "bowler": "BD Glover",
              "non_striker": "P Khadka",
              "runs": {
                "batter": 0,
                "extras": 0,
                "total": 0
              }
            },
            {
              "batter": "P Sarraf",
              "bowler": "BD Glover",
              "non_striker": "P Khadka",
              "runs": {
                "batter": 0,
                "extras": 0,
                "total": 0
              }
            },
            {
              "batter": "P Sarraf",
              "bowler": "BD Glover",
              "non_striker": "P Khadka",
              "runs": {
                "batter": 4,
                "extras": 0,
                "total": 4
              }
            }
          ]
        },
        {
          "over": 3,
          "deliveries": [
            {
              "batter": "P Khadka",
              "bowler": "PA van Meekeren",
              "non_striker": "P Sarraf",
              "runs": {
                "batter": 0,
                "extras": 0,
                "total": 0
              }
            },
            {
              "batter": "P Khadka",
              "bowler": "PA van Meekeren",
              "non_striker": "P Sarraf",
              "runs": {
                "batter": 4,
                "extras": 0,
                "total": 4
              }
            },
            {
              "batter": "P Khadka",
              "bowler": "PA van Meekeren",
              "non_striker": "P Sarraf",
              "runs": {
                "batter": 0,
                "extras": 0,
                "total": 0
              }
            },
            {
              "batter": "P Khadka",
              "bowler": "PA van Meekeren",
              "non_striker": "P Sarraf",
              "runs": {
                "batter": 0,
                "extras": 0,
                "total": 0
              }
            },
            {
              "batter": "P Khadka",
              "bowler": "PA van Meekeren",
              "non_striker": "P Sarraf",
              "runs": {
                "batter": 1,
                "extras": 0,
                "total": 1
              }
            },
            {
              "batter": "P Sarraf",
              "bowler": "PA van Meekeren",
              "non_striker": "P Khadka",
              "runs": {
                "batter": 0,
                "extras": 0,
                "total": 0
              }
            }
          ]
        },
        {
          "over": 4,
          "deliveries": [
            {
              "batter": "P Khadka",
              "bowler": "FJ Klaassen",
              "non_striker": "P Sarraf",
              "runs": {
                "batter": 0,
                "extras": 0,
                "total": 0
              }
            },
            {
              "batter": "P Khadka",
              "bowler": "FJ Klaassen",
              "non_striker": "P Sarraf",
              "runs": {
                "batter": 0,
                "extras": 0,
                "total": 0
              }
            },
            {
              "batter": "P Khadka",
              "bowler": "FJ Klaassen",
              "non_striker": "P Sarraf",
              "runs": {
                "batter": 0,
                "extras": 0,
                "total": 0
              }
            },
            {
              "batter": "P Khadka",
              "bowler": "FJ Klaassen",
              "non_striker": "P Sarraf",
              "runs": {
                "batter": 2,
                "extras": 0,
                "total": 2
              }
            },
            {
              "batter": "P Khadka",
              "bowler": "FJ Klaassen",
              "non_striker": "P Sarraf",
              "runs": {
                "batter": 0,
                "extras": 0,
                "total": 0
              }
            },
            {
              "batter": "P Khadka",
              "bowler": "FJ Klaassen",
              "non_striker": "P Sarraf",
              "runs": {
                "batter": 1,
                "extras": 0,
                "total": 1
              }
            }
          ]
        },
        {
          "over": 5,
          "deliveries": [
            {
              "batter": "P Khadka",
              "bowler": "BD Glover",
              "non_striker": "P Sarraf",
              "runs": {
                "batter": 2,
                "extras": 0,
                "total": 2
              }
            },
            {
              "batter": "P Khadka",
              "bowler": "BD Glover",
              "non_striker": "P Sarraf",
              "runs": {
                "batter": 0,
                "extras": 0,
                "total": 0
              }
            },
            {
              "batter": "P Khadka",
              "bowler": "BD Glover",
              "non_striker": "P Sarraf",
              "runs": {
                "batter": 1,
                "extras": 0,
                "total": 1
              }
            },
            {
              "batter": "P Sarraf",
              "bowler": "BD Glover",
              "non_striker": "P Khadka",
              "runs": {
                "batter": 0,
                "extras": 0,
                "total": 0
              }
            },
            {
              "batter": "P Sarraf",
              "bowler": "BD Glover",
              "non_striker": "P Khadka",
              "runs": {
                "batter": 0,
                "extras": 0,
                "total": 0
              }
            },
            {
              "batter": "P Sarraf",
              "bowler": "BD Glover",
              "non_striker": "P Khadka",
              "runs": {
                "batter": 0,
                "extras": 0,
                "total": 0
              },
              "wickets": [
                {
                  "kind": "caught",
                  "player_out": "P Sarraf",
                  "fielders": [
                    {
                      "name": "SA Edwards"
                    }
                  ]
                }
              ]
            }
          ]
        },
        {
          "over": 6,
          "deliveries": [
            {
              "batter": "P Khadka",
              "bowler": "RE van der Merwe",
              "non_striker": "Aarif Sheikh",
              "runs": {
                "batter": 1,
                "extras": 0,
                "total": 1
              }
            },
            {
              "batter": "Aarif Sheikh",
              "bowler": "RE van der Merwe",
              "non_striker": "P Khadka",
              "runs": {
                "batter": 0,
                "extras": 0,
                "total": 0
              }
            },
            {
              "batter": "Aarif Sheikh",
              "bowler": "RE van der Merwe",
              "non_striker": "P Khadka",
              "runs": {
                "batter": 1,
                "extras": 0,
                "total": 1
              }
            },
            {
              "batter": "P Khadka",
              "bowler": "RE van der Merwe",
              "non_striker": "Aarif Sheikh",
              "runs": {
                "batter": 1,
                "extras": 0,
                "total": 1
              }
            },
            {
              "batter": "Aarif Sheikh",
              "bowler": "RE van der Merwe",
              "non_striker": "P Khadka",
              "runs": {
                "batter": 0,
                "extras": 0,
                "total": 0
              }
            },
            {
              "batter": "Aarif Sheikh",
              "bowler": "RE van der Merwe",
              "non_striker": "P Khadka",
              "runs": {
                "batter": 1,
                "extras": 0,
                "total": 1
              }
            }
          ]
        },
        {
          "over": 7,
          "deliveries": [
            {
              "batter": "Aarif Sheikh",
              "bowler": "CN Ackermann",
              "non_striker": "P Khadka",
              "runs": {
                "batter": 0,
                "extras": 0,
                "total": 0
              }
            },
            {
              "batter": "Aarif Sheikh",
              "bowler": "CN Ackermann",
              "non_striker": "P Khadka",
              "runs": {
                "batter": 0,
                "extras": 0,
                "total": 0
              },
              "wickets": [
                {
                  "kind": "caught",
                  "player_out": "Aarif Sheikh",
                  "fielders": [
                    {
                      "name": "FJ Klaassen"
                    }
                  ]
                }
              ]
            },
            {
              "batter": "P Khadka",
              "bowler": "CN Ackermann",
              "non_striker": "DS Airee",
              "runs": {
                "batter": 0,
                "extras": 0,
                "total": 0
              }
            },
            {
              "batter": "P Khadka",
              "bowler": "CN Ackermann",
              "non_striker": "DS Airee",
              "runs": {
                "batter": 2,
                "extras": 0,
                "total": 2
              }
            },
            {
              "batter": "P Khadka",
              "bowler": "CN Ackermann",
              "non_striker": "DS Airee",
              "runs": {
                "batter": 6,
                "extras": 0,
                "total": 6
              }
            },
            {
              "batter": "P Khadka",
              "bowler": "CN Ackermann",
              "non_striker": "DS Airee",
              "runs": {
                "batter": 1,
                "extras": 0,
                "total": 1
              }
            }
          ]
        },
        {
          "over": 8,
          "deliveries": [
            {
              "batter": "P Khadka",
              "bowler": "RE van der Merwe",
              "non_striker": "DS Airee",
              "runs": {
                "batter": 1,
                "extras": 0,
                "total": 1
              }
            },
            {
              "batter": "DS Airee",
              "bowler": "RE van der Merwe",
              "non_striker": "P Khadka",
              "runs": {
                "batter": 1,
                "extras": 0,
                "total": 1
              }
            },
            {
              "batter": "P Khadka",
              "bowler": "RE van der Merwe",
              "extras": {
                "wides": 1
              },
              "non_striker": "DS Airee",
              "runs": {
                "batter": 0,
                "extras": 1,
                "total": 1
              }
            },
            {
              "batter": "P Khadka",
              "bowler": "RE van der Merwe",
              "non_striker": "DS Airee",
              "runs": {
                "batter": 1,
                "extras": 0,
                "total": 1
              }
            },
            {
              "batter": "DS Airee",
              "bowler": "RE van der Merwe",
              "non_striker": "P Khadka",
              "runs": {
                "batter": 1,
                "extras": 0,
                "total": 1
              }
            },
            {
              "batter": "P Khadka",
              "bowler": "RE van der Merwe",
              "non_striker": "DS Airee",
              "runs": {
                "batter": 1,
                "extras": 0,
                "total": 1
              }
            },
            {
              "batter": "DS Airee",
              "bowler": "RE van der Merwe",
              "non_striker": "P Khadka",
              "runs": {
                "batter": 0,
                "extras": 0,
                "total": 0
              }
            }
          ]
        },
        {
          "over": 9,
          "deliveries": [
            {
              "batter": "P Khadka",
              "bowler": "PA van Meekeren",
              "extras": {
                "legbyes": 4
              },
              "non_striker": "DS Airee",
              "runs": {
                "batter": 0,
                "extras": 4,
                "total": 4
              }
            },
            {
              "batter": "P Khadka",
              "bowler": "PA van Meekeren",
              "non_striker": "DS Airee",
              "runs": {
                "batter": 1,
                "extras": 0,
                "total": 1
              }
            },
            {
              "batter": "DS Airee",
              "bowler": "PA van Meekeren",
              "non_striker": "P Khadka",
              "runs": {
                "batter": 1,
                "extras": 0,
                "total": 1
              }
            },
            {
              "batter": "P Khadka",
              "bowler": "PA van Meekeren",
              "non_striker": "DS Airee",
              "runs": {
                "batter": 1,
                "extras": 0,
                "total": 1
              }
            },
            {
              "batter": "DS Airee",
              "bowler": "PA van Meekeren",
              "non_striker": "P Khadka",
              "runs": {
                "batter": 1,
                "extras": 0,
                "total": 1
              }
            },
            {
              "batter": "P Khadka",
              "bowler": "PA van Meekeren",
              "non_striker": "DS Airee",
              "runs": {
                "batter": 0,
                "extras": 0,
                "total": 0
              }
            }
          ]
        },
        {
          "over": 10,
          "deliveries": [
            {
              "batter": "DS Airee",
              "bowler": "S Snater",
              "extras": {
                "legbyes": 1
              },
              "non_striker": "P Khadka",
              "runs": {
                "batter": 0,
                "extras": 1,
                "total": 1
              }
            },
            {
              "batter": "P Khadka",
              "bowler": "S Snater",
              "non_striker": "DS Airee",
              "runs": {
                "batter": 1,
                "extras": 0,
                "total": 1
              }
            },
            {
              "batter": "DS Airee",
              "bowler": "S Snater",
              "non_striker": "P Khadka",
              "runs": {
                "batter": 3,
                "extras": 0,
                "total": 3
              }
            },
            {
              "batter": "P Khadka",
              "bowler": "S Snater",
              "non_striker": "DS Airee",
              "runs": {
                "batter": 1,
                "extras": 0,
                "total": 1
              }
            },
            {
              "batter": "DS Airee",
              "bowler": "S Snater",
              "non_striker": "P Khadka",
              "runs": {
                "batter": 1,
                "extras": 0,
                "total": 1
              }
            },
            {
              "batter": "P Khadka",
              "bowler": "S Snater",
              "non_striker": "DS Airee",
              "runs": {
                "batter": 1,
                "extras": 0,
                "total": 1
              }
            }
          ]
        },
        {
          "over": 11,
          "deliveries": [
            {
              "batter": "P Khadka",
              "bowler": "RE van der Merwe",
              "non_striker": "DS Airee",
              "runs": {
                "batter": 0,
                "extras": 0,
                "total": 0
              }
            },
            {
              "batter": "P Khadka",
              "bowler": "RE van der Merwe",
              "extras": {
                "legbyes": 1
              },
              "non_striker": "DS Airee",
              "runs": {
                "batter": 0,
                "extras": 1,
                "total": 1
              }
            },
            {
              "batter": "DS Airee",
              "bowler": "RE van der Merwe",
              "non_striker": "P Khadka",
              "runs": {
                "batter": 0,
                "extras": 0,
                "total": 0
              }
            },
            {
              "batter": "DS Airee",
              "bowler": "RE van der Merwe",
              "non_striker": "P Khadka",
              "runs": {
                "batter": 0,
                "extras": 0,
                "total": 0
              },
              "wickets": [
                {
                  "kind": "lbw",
                  "player_out": "DS Airee"
                }
              ]
            },
            {
              "batter": "B Bhandari",
              "bowler": "RE van der Merwe",
              "non_striker": "P Khadka",
              "runs": {
                "batter": 0,
                "extras": 0,
                "total": 0
              }
            },
            {
              "batter": "B Bhandari",
              "bowler": "RE van der Merwe",
              "non_striker": "P Khadka",
              "runs": {
                "batter": 0,
                "extras": 0,
                "total": 0
              }
            }
          ]
        },
        {
          "over": 12,
          "deliveries": [
            {
              "batter": "P Khadka",
              "bowler": "FJ Klaassen",
              "non_striker": "B Bhandari",
              "runs": {
                "batter": 1,
                "extras": 0,
                "total": 1
              }
            },
            {
              "batter": "B Bhandari",
              "bowler": "FJ Klaassen",
              "non_striker": "P Khadka",
              "runs": {
                "batter": 0,
                "extras": 0,
                "total": 0
              }
            },
            {
              "batter": "B Bhandari",
              "bowler": "FJ Klaassen",
              "non_striker": "P Khadka",
              "runs": {
                "batter": 0,
                "extras": 0,
                "total": 0
              }
            },
            {
              "batter": "B Bhandari",
              "bowler": "FJ Klaassen",
              "extras": {
                "wides": 1
              },
              "non_striker": "P Khadka",
              "runs": {
                "batter": 0,
                "extras": 1,
                "total": 1
              }
            },
            {
              "batter": "B Bhandari",
              "bowler": "FJ Klaassen",
              "non_striker": "P Khadka",
              "runs": {
                "batter": 6,
                "extras": 0,
                "total": 6
              }
            },
            {
              "batter": "B Bhandari",
              "bowler": "FJ Klaassen",
              "non_striker": "P Khadka",
              "runs": {
                "batter": 2,
                "extras": 0,
                "total": 2
              }
            },
            {
              "batter": "B Bhandari",
              "bowler": "FJ Klaassen",
              "non_striker": "P Khadka",
              "runs": {
                "batter": 2,
                "extras": 0,
                "total": 2
              }
            }
          ]
        },
        {
          "over": 13,
          "deliveries": [
            {
              "batter": "P Khadka",
              "bowler": "RE van der Merwe",
              "extras": {
                "wides": 1
              },
              "non_striker": "B Bhandari",
              "runs": {
                "batter": 0,
                "extras": 1,
                "total": 1
              }
            },
            {
              "batter": "P Khadka",
              "bowler": "RE van der Merwe",
              "non_striker": "B Bhandari",
              "runs": {
                "batter": 0,
                "extras": 0,
                "total": 0
              }
            },
            {
              "batter": "P Khadka",
              "bowler": "RE van der Merwe",
              "non_striker": "B Bhandari",
              "runs": {
                "batter": 0,
                "extras": 0,
                "total": 0
              },
              "wickets": [
                {
                  "kind": "lbw",
                  "player_out": "P Khadka"
                }
              ]
            },
            {
              "batter": "RK Paudel",
              "bowler": "RE van der Merwe",
              "non_striker": "B Bhandari",
              "runs": {
                "batter": 1,
                "extras": 0,
                "total": 1
              }
            },
            {
              "batter": "B Bhandari",
              "bowler": "RE van der Merwe",
              "non_striker": "RK Paudel",
              "runs": {
                "batter": 0,
                "extras": 0,
                "total": 0
              }
            },
            {
              "batter": "B Bhandari",
              "bowler": "RE van der Merwe",
              "non_striker": "RK Paudel",
              "runs": {
                "batter": 1,
                "extras": 0,
                "total": 1
              }
            },
            {
              "batter": "RK Paudel",
              "bowler": "RE van der Merwe",
              "extras": {
                "wides": 1
              },
              "non_striker": "B Bhandari",
              "runs": {
                "batter": 0,
                "extras": 1,
                "total": 1
              }
            },
            {
              "batter": "RK Paudel",
              "bowler": "RE van der Merwe",
              "non_striker": "B Bhandari",
              "runs": {
                "batter": 0,
                "extras": 0,
                "total": 0
              }
            }
          ]
        },
        {
          "over": 14,
          "deliveries": [
            {
              "batter": "B Bhandari",
              "bowler": "BD Glover",
              "extras": {
                "wides": 1
              },
              "non_striker": "RK Paudel",
              "runs": {
                "batter": 0,
                "extras": 1,
                "total": 1
              }
            },
            {
              "batter": "B Bhandari",
              "bowler": "BD Glover",
              "non_striker": "RK Paudel",
              "runs": {
                "batter": 1,
                "extras": 0,
                "total": 1
              }
            },
            {
              "batter": "RK Paudel",
              "bowler": "BD Glover",
              "extras": {
                "legbyes": 1
              },
              "non_striker": "B Bhandari",
              "runs": {
                "batter": 0,
                "extras": 1,
                "total": 1
              }
            },
            {
              "batter": "B Bhandari",
              "bowler": "BD Glover",
              "non_striker": "RK Paudel",
              "runs": {
                "batter": 0,
                "extras": 0,
                "total": 0
              }
            },
            {
              "batter": "B Bhandari",
              "bowler": "BD Glover",
              "non_striker": "RK Paudel",
              "runs": {
                "batter": 1,
                "extras": 0,
                "total": 1
              }
            },
            {
              "batter": "RK Paudel",
              "bowler": "BD Glover",
              "non_striker": "B Bhandari",
              "runs": {
                "batter": 1,
                "extras": 0,
                "total": 1
              }
            },
            {
              "batter": "B Bhandari",
              "bowler": "BD Glover",
              "non_striker": "RK Paudel",
              "runs": {
                "batter": 1,
                "extras": 0,
                "total": 1
              }
            }
          ]
        },
        {
          "over": 15,
          "deliveries": [
            {
              "batter": "B Bhandari",
              "bowler": "S Snater",
              "non_striker": "RK Paudel",
              "runs": {
                "batter": 1,
                "extras": 0,
                "total": 1
              }
            },
            {
              "batter": "RK Paudel",
              "bowler": "S Snater",
              "non_striker": "B Bhandari",
              "runs": {
                "batter": 0,
                "extras": 0,
                "total": 0
              }
            },
            {
              "batter": "RK Paudel",
              "bowler": "S Snater",
              "non_striker": "B Bhandari",
              "runs": {
                "batter": 1,
                "extras": 0,
                "total": 1
              }
            },
            {
              "batter": "B Bhandari",
              "bowler": "S Snater",
              "non_striker": "RK Paudel",
              "runs": {
                "batter": 6,
                "extras": 0,
                "total": 6
              }
            },
            {
              "batter": "B Bhandari",
              "bowler": "S Snater",
              "non_striker": "RK Paudel",
              "runs": {
                "batter": 0,
                "extras": 0,
                "total": 0
              }
            },
            {
              "batter": "B Bhandari",
              "bowler": "S Snater",
              "non_striker": "RK Paudel",
              "runs": {
                "batter": 0,
                "extras": 0,
                "total": 0
              }
            }
          ]
        },
        {
          "over": 16,
          "deliveries": [
            {
              "batter": "RK Paudel",
              "bowler": "PA van Meekeren",
              "non_striker": "B Bhandari",
              "runs": {
                "batter": 2,
                "extras": 0,
                "total": 2
              }
            },
            {
              "batter": "RK Paudel",
              "bowler": "PA van Meekeren",
              "non_striker": "B Bhandari",
              "runs": {
                "batter": 0,
                "extras": 0,
                "total": 0
              },
              "wickets": [
                {
                  "kind": "lbw",
                  "player_out": "RK Paudel"
                }
              ]
            },
            {
              "batter": "Karan KC",
              "bowler": "PA van Meekeren",
              "non_striker": "B Bhandari",
              "runs": {
                "batter": 2,
                "extras": 0,
                "total": 2
              }
            },
            {
              "batter": "Karan KC",
              "bowler": "PA van Meekeren",
              "non_striker": "B Bhandari",
              "runs": {
                "batter": 1,
                "extras": 0,
                "total": 1
              }
            },
            {
              "batter": "B Bhandari",
              "bowler": "PA van Meekeren",
              "extras": {
                "legbyes": 1
              },
              "non_striker": "Karan KC",
              "runs": {
                "batter": 0,
                "extras": 1,
                "total": 1
              }
            },
            {
              "batter": "Karan KC",
              "bowler": "PA van Meekeren",
              "non_striker": "B Bhandari",
              "runs": {
                "batter": 1,
                "extras": 0,
                "total": 1
              }
            }
          ]
        },
        {
          "over": 17,
          "deliveries": [
            {
              "batter": "Karan KC",
              "bowler": "FJ Klaassen",
              "non_striker": "B Bhandari",
              "runs": {
                "batter": 1,
                "extras": 0,
                "total": 1
              }
            },
            {
              "batter": "B Bhandari",
              "bowler": "FJ Klaassen",
              "non_striker": "Karan KC",
              "runs": {
                "batter": 1,
                "extras": 0,
                "total": 1
              }
            },
            {
              "batter": "Karan KC",
              "bowler": "FJ Klaassen",
              "non_striker": "B Bhandari",
              "runs": {
                "batter": 1,
                "extras": 0,
                "total": 1
              }
            },
            {
              "batter": "B Bhandari",
              "bowler": "FJ Klaassen",
              "non_striker": "Karan KC",
              "runs": {
                "batter": 2,
                "extras": 0,
                "total": 2
              }
            },
            {
              "batter": "B Bhandari",
              "bowler": "FJ Klaassen",
              "extras": {
                "wides": 1
              },
              "non_striker": "Karan KC",
              "runs": {
                "batter": 0,
                "extras": 1,
                "total": 1
              }
            },
            {
              "batter": "B Bhandari",
              "bowler": "FJ Klaassen",
              "non_striker": "Karan KC",
              "runs": {
                "batter": 2,
                "extras": 0,
                "total": 2
              }
            },
            {
              "batter": "B Bhandari",
              "bowler": "FJ Klaassen",
              "non_striker": "Karan KC",
              "runs": {
                "batter": 0,
                "extras": 0,
                "total": 0
              },
              "wickets": [
                {
                  "kind": "caught",
                  "player_out": "B Bhandari",
                  "fielders": [
                    {
                      "name": "TP Visee"
                    }
                  ]
                }
              ]
            }
          ]
        },
        {
          "over": 18,
          "deliveries": [
            {
              "batter": "Karan KC",
              "bowler": "BD Glover",
              "non_striker": "Sompal Kami",
              "runs": {
                "batter": 1,
                "extras": 0,
                "total": 1
              }
            },
            {
              "batter": "Sompal Kami",
              "bowler": "BD Glover",
              "non_striker": "Karan KC",
              "runs": {
                "batter": 1,
                "extras": 0,
                "total": 1
              }
            },
            {
              "batter": "Karan KC",
              "bowler": "BD Glover",
              "non_striker": "Sompal Kami",
              "runs": {
                "batter": 0,
                "extras": 0,
                "total": 0
              }
            },
            {
              "batter": "Karan KC",
              "bowler": "BD Glover",
              "non_striker": "Sompal Kami",
              "runs": {
                "batter": 6,
                "extras": 0,
                "total": 6
              }
            },
            {
              "batter": "Karan KC",
              "bowler": "BD Glover",
              "non_striker": "Sompal Kami",
              "runs": {
                "batter": 1,
                "extras": 0,
                "total": 1
              }
            },
            {
              "batter": "Sompal Kami",
              "bowler": "BD Glover",
              "non_striker": "Karan KC",
              "runs": {
                "batter": 2,
                "extras": 0,
                "total": 2
              }
            }
          ]
        },
        {
          "over": 19,
          "deliveries": [
            {
              "batter": "Karan KC",
              "bowler": "S Snater",
              "non_striker": "Sompal Kami",
              "runs": {
                "batter": 6,
                "extras": 0,
                "total": 6
              }
            },
            {
              "batter": "Karan KC",
              "bowler": "S Snater",
              "non_striker": "Sompal Kami",
              "runs": {
                "batter": 0,
                "extras": 0,
                "total": 0
              }
            },
            {
              "batter": "Karan KC",
              "bowler": "S Snater",
              "non_striker": "Sompal Kami",
              "runs": {
                "batter": 4,
                "extras": 0,
                "total": 4
              }
            },
            {
              "batter": "Karan KC",
              "bowler": "S Snater",
              "non_striker": "Sompal Kami",
              "runs": {
                "batter": 6,
                "extras": 0,
                "total": 6
              }
            },
            {
              "batter": "Karan KC",
              "bowler": "S Snater",
              "non_striker": "Sompal Kami",
              "runs": {
                "batter": 1,
                "extras": 0,
                "total": 1
              }
            }
          ]
        }
      ],
      "powerplays": [
        {
          "from": 0.1,
          "to": 5.6,
          "type": "mandatory"
        }
      ],
      "target": {
        "overs": 20,
        "runs": 134
      }
    }
  ]
}