{
  "meta": {
    "data_version": "1.0.0",
    "created": "2019-08-26",
    "revision": 1
  },
  "info": {
    "balls_per_over": 6,
    "city": "Hamilton",
    "dates": [
      "2019-08-25"
    ],
    "event": {
      "name": "ICC Men's T20 World Cup Americas Region Final",
      "match_number": 12
    },
    "gender": "male",
    "match_type": "T20",
    "match_type_number": 866,
    "officials": {
      "match_referees": [
        "Reon King"
      ],
      "reserve_umpires": [
        "Emmerson Carrington"
      ],
      "umpires": [
        "N Duguid",
        "H Grewal"
      ]
    },
    "outcome": {
      "winner": "Bermuda",
      "by": {
        "wickets": 6
      }
    },
    "overs": 20,
    "player_of_match": [
      "AC Douglas"
    ],
    "players": {
      "Cayman Islands": [
        "YSD Seneveratne",
        "P Manning",
        "OR Willis",
        "GM Strydom",
        "C Wright",
        "LHB Harrington-Myers",
        "T Taylor",
        "AF Ifill",
        "Z McLaughlin",
        "KR Ebanks",
        "A Morris"
      ],
      "Bermuda": [
        "OGL Bascome",
        "TS Fray",
        "DAP Darrell",
        "KS Leverock",
        "AC Douglas",
        "DC Stovell",
        "JE Pitcher",
        "DL Brangman",
        "M Simmons",
        "RJ Trott",
        "S Smith"
      ]
    },
    "registry": {
      "people": {
        "A Morris": "04cf2e94",
        "AC Douglas": "f86ce673",
        "AF Ifill": "0e6c2f00",
        "C Wright": "d465c6d7",
        "DAP Darrell": "56f53516",
        "DC Stovell": "7f6c2dae",
        "DL Brangman": "dab18aa5",
        "Emmerson Carrington": "a428109a",
        "GM Strydom": "5dc19220",
        "H Grewal": "1172f36e",
        "JE Pitcher": "ab126ea8",
        "KR Ebanks": "e52eb657",
        "KS Leverock": "e1592949",
        "LHB Harrington-Myers": "91136091",
        "M Simmons": "b561eea1",
        "N Duguid": "64495506",
        "OGL Bascome": "94a1827c",
        "OR Willis": "819574ef",
        "P Manning": "f06b5585",
        "RJ Trott": "52f96571",
        "Reon King": "20fbf68c",
        "S Smith": "18a0ba24",
        "T Taylor": "1d6e8f52",
        "TS Fray": "c7537f8a",
        "YSD Seneveratne": "0f71478c",
        "Z McLaughlin": "679302a1"
      }
    },
    "season": "2019",
    "team_type": "international",
    "teams": [
      "Bermuda",
      "Cayman Islands"
    ],
    "toss": {
      "decision": "bat",
      "winner": "Cayman Islands"
    },
    "venue": "White Hill Field, Sandys Parish"
  },
  "innings": [
    {
      "team": "Cayman Islands",
      "overs": [
        {
          "over": 0,
          "deliveries": [
            {
              "batter": "YSD Seneveratne",
              "bowler": "RJ Trott",
              "non_striker": "P Manning",
              "runs": {
                "batter": 1,
                "extras": 0,
                "total": 1
              }
            },
            {
              "batter": "P Manning",
              "bowler": "RJ Trott",
              "non_striker": "YSD Seneveratne",
              "runs": {
                "batter": 0,
                "extras": 0,
                "total": 0
              }
            },
            {
              "batter": "P Manning",
              "bowler": "RJ Trott",
              "non_striker": "YSD Seneveratne",
              "runs": {
                "batter": 0,
                "extras": 0,
                "total": 0
              }
            },
            {
              "batter": "P Manning",
              "bowler": "RJ Trott",
              "non_striker": "YSD Seneveratne",
              "runs": {
                "batter": 4,
                "extras": 0,
                "total": 4
              }
            },
            {
              "batter": "P Manning",
              "bowler": "RJ Trott",
              "non_striker": "YSD Seneveratne",
              "runs": {
                "batter": 0,
                "extras": 0,
                "total": 0
              }
            },
            {
              "batter": "P Manning",
              "bowler": "RJ Trott",
              "non_striker": "YSD Seneveratne",
              "runs": {
                "batter": 1,
                "extras": 0,
                "total": 1
              }
            }
          ]
        },
        {
          "over": 1,
          "deliveries": [
            {
              "batter": "P Manning",
              "bowler": "JE Pitcher",
              "non_striker": "YSD Seneveratne",
              "runs": {
                "batter": 0,
                "extras": 0,
                "total": 0
              }
            },
            {
              "batter": "P Manning",
              "bowler": "JE Pitcher",
              "non_striker": "YSD Seneveratne",
              "runs": {
                "batter": 0,
                "extras": 0,
                "total": 0
              }
            },
            {
              "batter": "P Manning",
              "bowler": "JE Pitcher",
              "non_striker": "YSD Seneveratne",
              "runs": {
                "batter": 1,
                "extras": 0,
                "total": 1
              }
            },
            {
              "batter": "YSD Seneveratne",
              "bowler": "JE Pitcher",
              "non_striker": "P Manning",
              "runs": {
                "batter": 1,
                "extras": 0,
                "total": 1
              }
            },
            {
              "batter": "P Manning",
              "bowler": "JE Pitcher",
              "non_striker": "YSD Seneveratne",
              "runs": {
                "batter": 0,
                "extras": 0,
                "total": 0
              }
            },
            {
              "batter": "P Manning",
              "bowler": "JE Pitcher",
              "non_striker": "YSD Seneveratne",
              "runs": {
                "batter": 0,
                "extras": 0,
                "total": 0
              }
            }
          ]
        },
        {
          "over": 2,
          "deliveries": [
            {
              "batter": "YSD Seneveratne",
              "bowler": "RJ Trott",
              "non_striker": "P Manning",
              "runs": {
                "batter": 2,
                "extras": 0,
                "total": 2
              }
            },
            {
              "batter": "YSD Seneveratne",
              "bowler": "RJ Trott",
              "non_striker": "P Manning",
              "runs": {
                "batter": 0,
                "extras": 0,
                "total": 0
              }
            },
            {
              "batter": "YSD Seneveratne",
              "bowler": "RJ Trott",
              "non_striker": "P Manning",
              "runs": {
                "batter": 1,
                "extras": 0,
                "total": 1
              }
            },
            {
              "batter": "P Manning",
              "bowler": "RJ Trott",
              "non_striker": "YSD Seneveratne",
              "runs": {
                "batter": 0,
                "extras": 0,
                "total": 0
              }
            },
            {
              "batter": "P Manning",
              "bowler": "RJ Trott",
              "non_striker": "YSD Seneveratne",
              "runs": {
                "batter": 0,
                "extras": 0,
                "total": 0
              }
            },
            {
              "batter": "P Manning",
              "bowler": "RJ Trott",
              "non_striker": "YSD Seneveratne",
              "runs": {
                "batter": 4,
                "extras": 0,
                "total": 4
              }
            }
          ]
        },
        {
          "over": 3,
          "deliveries": [
            {
              "batter": "YSD Seneveratne",
              "bowler": "DC Stovell",
              "non_striker": "P Manning",
              "runs": {
                "batter": 0,
                "extras": 0,
                "total": 0
              }
            },
            {
              "batter": "YSD Seneveratne",
              "bowler": "DC Stovell",
              "non_striker": "P Manning",
              "runs": {
                "batter": 0,
                "extras": 0,
                "total": 0
              }
            },
            {
              "batter": "YSD Seneveratne",
              "bowler": "DC Stovell",
              "non_striker": "P Manning",
              "runs": {
                "batter": 1,
                "extras": 0,
                "total": 1
              }
            },
            {
              "batter": "P Manning",
              "bowler": "DC Stovell",
              "non_striker": "YSD Seneveratne",
              "runs": {
                "batter": 1,
                "extras": 0,
                "total": 1
              }
            },
            {
              "batter": "YSD Seneveratne",
              "bowler": "DC Stovell",
              "non_striker": "P Manning",
              "runs": {
                "batter": 0,
                "extras": 0,
                "total": 0
              },
              "wickets": [
                {
                  "kind": "caught",
                  "player_out": "YSD Seneveratne",
                  "fielders": [
                    {
                      "name": "AC Douglas"
                    }
                  ]
                }
              ]
            },
            {
              "batter": "P Manning",
              "bowler": "DC Stovell",
              "non_striker": "OR Willis",
              "runs": {
                "batter": 0,
                "extras": 0,
                "total": 0
              }
            }
          ]
        },
        {
          "over": 4,
          "deliveries": [
            {
              "batter": "OR Willis",
              "bowler": "DL Brangman",
              "non_striker": "P Manning",
              "runs": {
                "batter": 1,
                "extras": 0,
                "total": 1
              }
            },
            {
              "batter": "P Manning",
              "bowler": "DL Brangman",
              "non_striker": "OR Willis",
              "runs": {
                "batter": 2,
                "extras": 0,
                "total": 2
              }
            },
            {
              "batter": "P Manning",
              "bowler": "DL Brangman",
              "non_striker": "OR Willis",
              "runs": {
                "batter": 4,
                "extras": 0,
                "total": 4
              }
            },
            {
              "batter": "P Manning",
              "bowler": "DL Brangman",
              "non_striker": "OR Willis",
              "runs": {
                "batter": 4,
                "extras": 0,
                "total": 4
              }
            },
            {
              "batter": "P Manning",
              "bowler": "DL Brangman",
              "non_striker": "OR Willis",
              "runs": {
                "batter": 0,
                "extras": 0,
                "total": 0
              }
            },
            {
              "batter": "P Manning",
              "bowler": "DL Brangman",
              "non_striker": "OR Willis",
              "runs": {
                "batter": 1,
                "extras": 0,
                "total": 1
              }
            }
          ]
        },
        {
          "over": 5,
          "deliveries": [
            {
              "batter": "P Manning",
              "bowler": "DC Stovell",
              "non_striker": "OR Willis",
              "runs": {
                "batter": 1,
                "extras": 0,
                "total": 1
              }
            },
            {
              "batter": "OR Willis",
              "bowler": "DC Stovell",
              "non_striker": "P Manning",
              "runs": {
                "batter": 0,
                "extras": 0,
                "total": 0
              }
            },
            {
              "batter": "OR Willis",
              "bowler": "DC Stovell",
              "non_striker": "P Manning",
              "runs": {
                "batter": 0,
                "extras": 0,
                "total": 0
              }
            },
            {
              "batter": "OR Willis",
              "bowler": "DC Stovell",
              "non_striker": "P Manning",
              "runs": {
                "batter": 2,
                "extras": 0,
                "total": 2
              }
            },
            {
              "batter": "OR Willis",
              "bowler": "DC Stovell",
              "non_striker": "P Manning",
              "runs": {
                "batter": 0,
                "extras": 0,
                "total": 0
              }
            },
            {
              "batter": "OR Willis",
              "bowler": "DC Stovell",
              "non_striker": "P Manning",
              "runs": {
                "batter": 1,
                "extras": 0,
                "total": 1
              }
            }
          ]
        },
        {
          "over": 6,
          "deliveries": [
            {
              "batter": "OR Willis",
              "bowler": "OGL Bascome",
              "extras": {
                "legbyes": 1
              },
              "non_striker": "P Manning",
              "runs": {
                "batter": 0,
                "extras": 1,
                "total": 1
              }
            },
            {
              "batter": "P Manning",
              "bowler": "OGL Bascome",
              "non_striker": "OR Willis",
              "runs": {
                "batter": 1,
                "extras": 0,
                "total": 1
              }
            },
            {
              "batter": "OR Willis",
              "bowler": "OGL Bascome",
              "non_striker": "P Manning",
              "runs": {
                "batter": 0,
                "extras": 0,
                "total": 0
              }
            },
            {
              "batter": "OR Willis",
              "bowler": "OGL Bascome",
              "non_striker": "P Manning",
              "runs": {
                "batter": 0,
                "extras": 0,
                "total": 0
              }
            },
            {
              "batter": "OR Willis",
              "bowler": "OGL Bascome",
              "non_striker": "P Manning",
              "runs": {
                "batter": 1,
                "extras": 0,
                "total": 1
              }
            },
            {
              "batter": "P Manning",
              "bowler": "OGL Bascome",
              "non_striker": "OR Willis",
              "runs": {
                "batter": 0,
                "extras": 0,
                "total": 0
              }
            }
          ]
        },
        {
          "over": 7,
          "deliveries": [
            {
              "batter": "OR Willis",
              "bowler": "JE Pitcher",
              "non_striker": "P Manning",
              "runs": {
                "batter": 0,
                "extras": 0,
                "total": 0
              }
            },
            {
              "batter": "OR Willis",
              "bowler": "JE Pitcher",
              "non_striker": "P Manning",
              "runs": {
                "batter": 1,
                "extras": 0,
                "total": 1
              }
            },
            {
              "batter": "P Manning",
              "bowler": "JE Pitcher",
              "non_striker": "OR Willis",
              "runs": {
                "batter": 0,
                "extras": 0,
                "total": 0
              }
            },
            {
              "batter": "P Manning",
              "bowler": "JE Pitcher",
              "non_striker": "OR Willis",
              "runs": {
                "batter": 1,
                "extras": 0,
                "total": 1
              }
            },
            {
              "batter": "OR Willis",
              "bowler": "JE Pitcher",
              "non_striker": "P Manning",
              "runs": {
                "batter": 1,
                "extras": 0,
                "total": 1
              }
            },
            {
              "batter": "P Manning",
              "bowler": "JE Pitcher",
              "non_striker": "OR Willis",
              "runs": {
                "batter": 1,
                "extras": 0,
                "total": 1
              }
            }
          ]
        },
        {
          "over": 8,
          "deliveries": [
            {
              "batter": "P Manning",
              "bowler": "OGL Bascome",
              "non_striker": "OR Willis",
              "runs": {
                "batter": 1,
                "extras": 0,
                "total": 1
              }
            },
            {
              "batter": "OR Willis",
              "bowler": "OGL Bascome",
              "non_striker": "P Manning",
              "runs": {
                "batter": 0,
                "extras": 0,
                "total": 0
              }
            },
            {
              "batter": "OR Willis",
              "bowler": "OGL Bascome",
              "non_striker": "P Manning",
              "runs": {
                "batter": 1,
                "extras": 0,
                "total": 1
              }
            },
            {
              "batter": "P Manning",
              "bowler": "OGL Bascome",
              "non_striker": "OR Willis",
              "runs": {
                "batter": 0,
                "extras": 0,
                "total": 0
              }
            },
            {
              "batter": "P Manning",
              "bowler": "OGL Bascome",
              "non_striker": "OR Willis",
              "runs": {
                "batter": 1,
                "extras": 0,
                "total": 1
              }
            },
            {
              "batter": "OR Willis",
              "bowler": "OGL Bascome",
              "non_striker": "P Manning",
              "runs": {
                "batter": 0,
                "extras": 0,
                "total": 0
              }
            }
          ]
        },
        {
          "over": 9,
          "deliveries": [
            {
              "batter": "P Manning",
              "bowler": "DL Brangman",
              "non_striker": "OR Willis",
              "runs": {
                "batter": 0,
                "extras": 0,
                "total": 0
              }
            },
            {
              "batter": "P Manning",
              "bowler": "DL Brangman",
              "non_striker": "OR Willis",
              "runs": {
                "batter": 0,
                "extras": 0,
                "total": 0
              }
            },
            {
              "batter": "P Manning",
              "bowler": "DL Brangman",
              "non_striker": "OR Willis",
              "runs": {
                "batter": 0,
                "extras": 0,
                "total": 0
              },
              "wickets": [
                {
                  "kind": "caught",
                  "player_out": "P Manning",
                  "fielders": [
                    {
                      "name": "AC Douglas"
                    }
                  ]
                }
              ]
            },
            {
              "batter": "OR Willis",
              "bowler": "DL Brangman",
              "non_striker": "GM Strydom",
              "runs": {
                "batter": 0,
                "extras": 0,
                "total": 0
              }
            },
            {
              "batter": "OR Willis",
              "bowler": "DL Brangman",
              "non_striker": "GM Strydom",
              "runs": {
                "batter": 6,
                "extras": 0,
                "total": 6
              }
            },
            {
              "batter": "OR Willis",
              "bowler": "DL Brangman",
              "non_striker": "GM Strydom",
              "runs": {
                "batter": 1,
                "extras": 0,
                "total": 1
              }
            }
          ]
        },
        {
          "over": 10,
          "deliveries": [
            {
              "batter": "OR Willis",
              "bowler": "AC Douglas",
              "non_striker": "GM Strydom",
              "runs": {
                "batter": 0,
                "extras": 0,
                "total": 0
              },
              "wickets": [
                {
                  "kind": "caught",
                  "player_out": "OR Willis",
                  "fielders": [
                    {
                      "name": "JE Pitcher"
                    }
                  ]
                }
              ]
            },
            {
              "batter": "GM Strydom",
              "bowler": "AC Douglas",
              "non_striker": "C Wright",
              "runs": {
                "batter": 1,
                "extras": 0,
                "total": 1
              }
            },
            {
              "batter": "C Wright",
              "bowler": "AC Douglas",
              "non_striker": "GM Strydom",
              "runs": {
                "batter": 4,
                "extras": 0,
                "total": 4
              }
            },
            {
              "batter": "C Wright",
              "bowler": "AC Douglas",
              "non_striker": "GM Strydom",
              "runs": {
                "batter": 0,
                "extras": 0,
                "total": 0
              }
            },
            {
              "batter": "C Wright",
              "bowler": "AC Douglas",
              "non_striker": "GM Strydom",
              "runs": {
                "batter": 0,
                "extras": 0,
                "total": 0
              },
              "wickets": [
                {
                  "kind": "bowled",
                  "player_out": "C Wright"
                }
              ]
            },
            {
              "batter": "LHB Harrington-Myers",
              "bowler": "AC Douglas",
              "non_striker": "GM Strydom",
              "runs": {
                "batter": 0,
                "extras": 0,
                "total": 0
              }
            }
          ]
        },
        {
          "over": 11,
          "deliveries": [
            {
              "batter": "GM Strydom",
              "bowler": "JE Pitcher",
              "non_striker": "LHB Harrington-Myers",
              "runs": {
                "batter": 0,
                "extras": 0,
                "total": 0
              }
            },
            {
              "batter": "GM Strydom",
              "bowler": "JE Pitcher",
              "non_striker": "LHB Harrington-Myers",
              "runs": {
                "batter": 1,
                "extras": 0,
                "total": 1
              }
            },
            {
              "batter": "LHB Harrington-Myers",
              "bowler": "JE Pitcher",
              "non_striker": "GM Strydom",
              "runs": {
                "batter": 1,
                "extras": 0,
                "total": 1
              }
            },
            {
              "batter": "GM Strydom",
              "bowler": "JE Pitcher",
              "non_striker": "LHB Harrington-Myers",
              "runs": {
                "batter": 4,
                "extras": 0,
                "total": 4
              }
            },
            {
              "batter": "GM Strydom",
              "bowler": "JE Pitcher",
              "extras": {
                "wides": 1
              },
              "non_striker": "LHB Harrington-Myers",
              "runs": {
                "batter": 0,
                "extras": 1,
                "total": 1
              }
            },
            {
              "batter": "GM Strydom",
              "bowler": "JE Pitcher",
              "non_striker": "LHB Harrington-Myers",
              "runs": {
                "batter": 1,
                "extras": 0,
                "total": 1
              }
            },
            {
              "batter": "LHB Harrington-Myers",
              "bowler": "JE Pitcher",
              "non_striker": "GM Strydom",
              "runs": {
                "batter": 0,
                "extras": 0,
                "total": 0
              }
            }
          ]
        },
        {
          "over": 12,
          "deliveries": [
            {
              "batter": "GM Strydom",
              "bowler": "RJ Trott",
              "non_striker": "LHB Harrington-Myers",
              "runs": {
                "batter": 1,
                "extras": 0,
                "total": 1
              }
            },
            {
              "batter": "LHB Harrington-Myers",
              "bowler": "RJ Trott",
              "non_striker": "GM Strydom",
              "runs": {
                "batter": 1,
                "extras": 0,
                "total": 1
              }
            },
            {
              "batter": "GM Strydom",
              "bowler": "RJ Trott",
              "non_striker": "LHB Harrington-Myers",
              "runs": {
                "batter": 6,
                "extras": 0,
                "total": 6
              }
            },
            {
              "batter": "GM Strydom",
              "bowler": "RJ Trott",
              "non_striker": "LHB Harrington-Myers",
              "runs": {
                "batter": 1,
                "extras": 0,
                "total": 1
              }
            },
            {
              "batter": "LHB Harrington-Myers",
              "bowler": "RJ Trott",
              "non_striker": "GM Strydom",
              "runs": {
                "batter": 0,
                "extras": 0,
                "total": 0
              }
            },
            {
              "batter": "LHB Harrington-Myers",
              "bowler": "RJ Trott",
              "non_striker": "GM Strydom",
              "runs": {
                "batter": 1,
                "extras": 0,
                "total": 1
              }
            }
          ]
        },
        {
          "over": 13,
          "deliveries": [
            {
              "batter": "LHB Harrington-Myers",
              "bowler": "DC Stovell",
              "non_striker": "GM Strydom",
              "runs": {
                "batter": 0,
                "extras": 0,
                "total": 0
              }
            },
            {
              "batter": "LHB Harrington-Myers",
              "bowler": "DC Stovell",
              "non_striker": "GM Strydom",
              "runs": {
                "batter": 1,
                "extras": 0,
                "total": 1
              }
            },
            {
              "batter": "GM Strydom",
              "bowler": "DC Stovell",
              "non_striker": "LHB Harrington-Myers",
              "runs": {
                "batter": 6,
                "extras": 0,
                "total": 6
              }
            },
            {
              "batter": "GM Strydom",
              "bowler": "DC Stovell",
              "non_striker": "LHB Harrington-Myers",
              "runs": {
                "batter": 0,
                "extras": 0,
                "total": 0
              }
            },
            {
              "batter": "GM Strydom",
              "bowler": "DC Stovell",
              "non_striker": "LHB Harrington-Myers",
              "runs": {
                "batter": 1,
                "extras": 0,
                "total": 1
              }
            },
            {
              "batter": "LHB Harrington-Myers",
              "bowler": "DC Stovell",
              "non_striker": "GM Strydom",
              "runs": {
                "batter": 1,
                "extras": 0,
                "total": 1
              }
            }
          ]
        },
        {
          "over": 14,
          "deliveries": [
            {
              "batter": "LHB Harrington-Myers",
              "bowler": "OGL Bascome",
              "non_striker": "GM Strydom",
              "runs": {
                "batter": 0,
                "extras": 0,
                "total": 0
              }
            },
            {
              "batter": "LHB Harrington-Myers",
              "bowler": "OGL Bascome",
              "non_striker": "GM Strydom",
              "runs": {
                "batter": 2,
                "extras": 0,
                "total": 2
              }
            },
            {
              "batter": "LHB Harrington-Myers",
              "bowler": "OGL Bascome",
              "non_striker": "GM Strydom",
              "runs": {
                "batter": 1,
                "extras": 0,
                "total": 1
              }
            },
            {
              "batter": "GM Strydom",
              "bowler": "OGL Bascome",
              "non_striker": "LHB Harrington-Myers",
              "runs": {
                "batter": 0,
                "extras": 0,
                "total": 0
              }
            },
            {
              "batter": "GM Strydom",
              "bowler": "OGL Bascome",
              "non_striker": "LHB Harrington-Myers",
              "runs": {
                "batter": 1,
                "extras": 0,
                "total": 1
              }
            },
            {
              "batter": "LHB Harrington-Myers",
              "bowler": "OGL Bascome",
              "non_striker": "GM Strydom",
              "runs": {
                "batter": 0,
                "extras": 0,
                "total": 0
              }
            }
          ]
        },
        {
          "over": 15,
          "deliveries": [
            {
              "batter": "GM Strydom",
              "bowler": "DC Stovell",
              "non_striker": "LHB Harrington-Myers",
              "runs": {
                "batter": 0,
                "extras": 0,
                "total": 0
              },
              "wickets": [
                {
                  "kind": "caught",
                  "player_out": "GM Strydom",
                  "fielders": [
                    {
                      "name": "AC Douglas"
                    }
                  ]
                }
              ]
            },
            {
              "batter": "LHB Harrington-Myers",
              "bowler": "DC Stovell",
              "non_striker": "T Taylor",
              "runs": {
                "batter": 4,
                "extras": 0,
                "total": 4
              }
            },
            {
              "batter": "LHB Harrington-Myers",
              "bowler": "DC Stovell",
              "non_striker": "T Taylor",
              "runs": {
                "batter": 1,
                "extras": 0,
                "total": 1
              }
            },
            {
              "batter": "T Taylor",
              "bowler": "DC Stovell",
              "non_striker": "LHB Harrington-Myers",
              "runs": {
                "batter": 0,
                "extras": 0,
                "total": 0
              }
            },
            {
              "batter": "T Taylor",
              "bowler": "DC Stovell",
              "non_striker": "LHB Harrington-Myers",
              "runs": {
                "batter": 1,
                "extras": 0,
                "total": 1
              }
            },
            {
              "batter": "LHB Harrington-Myers",
              "bowler": "DC Stovell",
              "non_striker": "T Taylor",
              "runs": {
                "batter": 0,
                "extras": 0,
                "total": 0
              },
              "wickets": [
                {
                  "kind": "run out",
                  "player_out": "LHB Harrington-Myers"
                }
              ]
            }
          ]
        },
        {
          "over": 16,
          "deliveries": [
            {
              "batter": "T Taylor",
              "bowler": "OGL Bascome",
              "non_striker": "AF Ifill",
              "runs": {
                "batter": 1,
                "extras": 0,
                "total": 1
              }
            },
            {
              "batter": "AF Ifill",
              "bowler": "OGL Bascome",
              "non_striker": "T Taylor",
              "runs": {
                "batter": 1,
                "extras": 0,
                "total": 1
              }
            },
            {
              "batter": "T Taylor",
              "bowler": "OGL Bascome",
              "non_striker": "AF Ifill",
              "runs": {
                "batter": 0,
                "extras": 0,
                "total": 0
              }
            },
            {
              "batter": "T Taylor",
              "bowler": "OGL Bascome",
              "non_striker": "AF Ifill",
              "runs": {
                "batter": 2,
                "extras": 0,
                "total": 2
              }
            },
            {
              "batter": "T Taylor",
              "bowler": "OGL Bascome",
              "non_striker": "AF Ifill",
              "runs": {
                "batter": 1,
                "extras": 0,
                "total": 1
              }
            },
            {
              "batter": "AF Ifill",
              "bowler": "OGL Bascome",
              "non_striker": "T Taylor",
              "runs": {
                "batter": 1,
                "extras": 0,
                "total": 1
              }
            }
          ]
        },
        {
          "over": 17,
          "deliveries": [
            {
              "batter": "AF Ifill",
              "bowler": "AC Douglas",
              "non_striker": "T Taylor",
              "runs": {
                "batter": 1,
                "extras": 0,
                "total": 1
              }
            },
            {
              "batter": "T Taylor",
              "bowler": "AC Douglas",
              "non_striker": "AF Ifill",
              "runs": {
                "batter": 6,
                "extras": 0,
                "total": 6
              }
            },
            {
              "batter": "T Taylor",
              "bowler": "AC Douglas",
              "non_striker": "AF Ifill",
              "runs": {
                "batter": 6,
                "extras": 0,
                "total": 6
              }
            },
            {
              "batter": "T Taylor",
              "bowler": "AC Douglas",
              "non_striker": "AF Ifill",
              "runs": {
                "batter": 0,
                "extras": 0,
                "total": 0
              },
              "wickets": [
                {
                  "kind": "caught",
                  "player_out": "T Taylor",
                  "fielders": [
                    {
                      "name": "DC Stovell"
                    }
                  ]
                }
              ]
            },
            {
              "batter": "AF Ifill",
              "bowler": "AC Douglas",
              "non_striker": "Z McLaughlin",
              "runs": {
                "batter": 0,
                "extras": 0,
                "total": 0
              }
            },
            {
              "batter": "AF Ifill",
              "bowler": "AC Douglas",
              "non_striker": "Z McLaughlin",
              "runs": {
                "batter": 0,
                "extras": 0,
                "total": 0
              },
              "wickets": [
                {
                  "kind": "bowled",
                  "player_out": "AF Ifill"
                }
              ]
            }
          ]
        },
        {
          "over": 18,
          "deliveries": [
            {
              "batter": "Z McLaughlin",
              "bowler": "RJ Trott",
              "non_striker": "KR Ebanks",
              "runs": {
                "batter": 1,
                "extras": 0,
                "total": 1
              }
            },
            {
              "batter": "KR Ebanks",
              "bowler": "RJ Trott",
              "non_striker": "Z McLaughlin",
              "runs": {
                "batter": 0,
                "extras": 0,
                "total": 0
              }
            },
            {
              "batter": "KR Ebanks",
              "bowler": "RJ Trott",
              "non_striker": "Z McLaughlin",
              "runs": {
                "batter": 0,
                "extras": 0,
                "total": 0
              },
              "wickets": [
                {
                  "kind": "caught",
                  "player_out": "KR Ebanks",
                  "fielders": [
                    {
                      "name": "OGL Bascome"
                    }
                  ]
                }
              ]
            },
            {
              "batter": "Z McLaughlin",
              "bowler": "RJ Trott",
              "non_striker": "A Morris",
              "runs": {
                "batter": 1,
                "extras": 0,
                "total": 1
              }
            },
            {
              "batter": "A Morris",
              "bowler": "RJ Trott",
              "non_striker": "Z McLaughlin",
              "runs": {
                "batter": 1,
                "extras": 0,
                "total": 1
              }
            },
            {
              "batter": "Z McLaughlin",
              "bowler": "RJ Trott",
              "non_striker": "A Morris",
              "runs": {
                "batter": 0,
                "extras": 0,
                "total": 0
              }
            }
          ]
        },
        {
          "over": 19,
          "deliveries": [
            {
              "batter": "A Morris",
              "bowler": "AC Douglas",
              "non_striker": "Z McLaughlin",
              "runs": {
                "batter": 0,
                "extras": 0,
                "total": 0
              }
            },
            {
              "batter": "A Morris",
              "bowler": "AC Douglas",
              "non_striker": "Z McLaughlin",
              "runs": {
                "batter": 0,
                "extras": 0,
                "total": 0
              },
              "wickets": [
                {
                  "kind": "caught",
                  "player_out": "A Morris",
                  "fielders": [
                    {
                      "name": "JE Pitcher"
                    }
                  ]
                }
              ]
            }
          ]
        }
      ],
      "powerplays": [
        {
          "from": 0.1,
          "to": 5.6,
          "type": "mandatory"
        }
      ]
    },
    {
      "team": "Bermuda",
      "overs": [
        {
          "over": 0,
          "deliveries": [
            {
              "batter": "OGL Bascome",
              "bowler": "A Morris",
              "non_striker": "TS Fray",
              "runs": {
                "batter": 0,
                "extras": 0,
                "total": 0
              }
            },
            {
              "batter": "OGL Bascome",
              "bowler": "A Morris",
              "non_striker": "TS Fray",
              "runs": {
                "batter": 0,
                "extras": 0,
                "total": 0
              }
            },
            {
              "batter": "OGL Bascome",
              "bowler": "A Morris",
              "non_striker": "TS Fray",
              "runs": {
                "batter": 0,
                "extras": 0,
                "total": 0
              }
            },
            {
              "batter": "OGL Bascome",
              "bowler": "A Morris",
              "non_striker": "TS Fray",
              "runs": {
                "batter": 4,
                "extras": 0,
                "total": 4
              }
            },
            {
              "batter": "OGL Bascome",
              "bowler": "A Morris",
              "non_striker": "TS Fray",
              "runs": {
                "batter": 1,
                "extras": 0,
                "total": 1
              }
            },
            {
              "batter": "TS Fray",
              "bowler": "A Morris",
              "non_striker": "OGL Bascome",
              "runs": {
                "batter": 0,
                "extras": 0,
                "total": 0
              }
            }
          ]
        },
        {
          "over": 1,
          "deliveries": [
            {
              "batter": "OGL Bascome",
              "bowler": "KR Ebanks",
              "non_striker": "TS Fray",
              "runs": {
                "batter": 4,
                "extras": 0,
                "total": 4
              }
            },
            {
              "batter": "OGL Bascome",
              "bowler": "KR Ebanks",
              "non_striker": "TS Fray",
              "runs": {
                "batter": 1,
                "extras": 0,
                "total": 1
              }
            },
            {
              "batter": "TS Fray",
              "bowler": "KR Ebanks",
              "non_striker": "OGL Bascome",
              "runs": {
                "batter": 0,
                "extras": 0,
                "total": 0
              }
            },
            {
              "batter": "TS Fray",
              "bowler": "KR Ebanks",
              "non_striker": "OGL Bascome",
              "runs": {
                "batter": 1,
                "extras": 0,
                "total": 1
              }
            },
            {
              "batter": "OGL Bascome",
              "bowler": "KR Ebanks",
              "non_striker": "TS Fray",
              "runs": {
                "batter": 4,
                "extras": 0,
                "total": 4
              }
            },
            {
              "batter": "OGL Bascome",
              "bowler": "KR Ebanks",
              "non_striker": "TS Fray",
              "runs": {
                "batter": 0,
                "extras": 0,
                "total": 0
              }
            }
          ]
        },
        {
          "over": 2,
          "deliveries": [
            {
              "batter": "TS Fray",
              "bowler": "A Morris",
              "non_striker": "OGL Bascome",
              "runs": {
                "batter": 4,
                "extras": 0,
                "total": 4
              }
            },
            {
              "batter": "TS Fray",
              "bowler": "A Morris",
              "non_striker": "OGL Bascome",
              "runs": {
                "batter": 0,
                "extras": 0,
                "total": 0
              }
            },
            {
              "batter": "TS Fray",
              "bowler": "A Morris",
              "non_striker": "OGL Bascome",
              "runs": {
                "batter": 0,
                "extras": 0,
                "total": 0
              }
            },
            {
              "batter": "TS Fray",
              "bowler": "A Morris",
              "non_striker": "OGL Bascome",
              "runs": {
                "batter": 1,
                "extras": 0,
                "total": 1
              }
            },
            {
              "batter": "OGL Bascome",
              "bowler": "A Morris",
              "non_striker": "TS Fray",
              "runs": {
                "batter": 0,
                "extras": 0,
                "total": 0
              }
            },
            {
              "batter": "OGL Bascome",
              "bowler": "A Morris",
              "non_striker": "TS Fray",
              "runs": {
                "batter": 0,
                "extras": 0,
                "total": 0
              }
            }
          ]
        },
        {
          "over": 3,
          "deliveries": [
            {
              "batter": "TS Fray",
              "bowler": "Z McLaughlin",
              "non_striker": "OGL Bascome",
              "runs": {
                "batter": 1,
                "extras": 0,
                "total": 1
              }
            },
            {
              "batter": "OGL Bascome",
              "bowler": "Z McLaughlin",
              "non_striker": "TS Fray",
              "runs": {
                "batter": 4,
                "extras": 0,
                "total": 4
              }
            },
            {
              "batter": "OGL Bascome",
              "bowler": "Z McLaughlin",
              "non_striker": "TS Fray",
              "runs": {
                "batter": 0,
                "extras": 0,
                "total": 0
              },
              "wickets": [
                {
                  "kind": "bowled",
                  "player_out": "OGL Bascome"
                }
              ]
            },
            {
              "batter": "DAP Darrell",
              "bowler": "Z McLaughlin",
              "non_striker": "TS Fray",
              "runs": {
                "batter": 1,
                "extras": 0,
                "total": 1
              }
            },
            {
              "batter": "TS Fray",
              "bowler": "Z McLaughlin",
              "non_striker": "DAP Darrell",
              "runs": {
                "batter": 0,
                "extras": 0,
                "total": 0
              }
            },
            {
              "batter": "TS Fray",
              "bowler": "Z McLaughlin",
              "non_striker": "DAP Darrell",
              "runs": {
                "batter": 0,
                "extras": 0,
                "total": 0
              }
            }
          ]
        },
        {
          "over": 4,
          "deliveries": [
            {
              "batter": "DAP Darrell",
              "bowler": "AF Ifill",
              "non_striker": "TS Fray",
              "runs": {
                "batter": 1,
                "extras": 0,
                "total": 1
              }
            },
            {
              "batter": "TS Fray",
              "bowler": "AF Ifill",
              "non_striker": "DAP Darrell",
              "runs": {
                "batter": 1,
                "extras": 0,
                "total": 1
              }
            },
            {
              "batter": "DAP Darrell",
              "bowler": "AF Ifill",
              "non_striker": "TS Fray",
              "runs": {
                "batter": 0,
                "extras": 0,
                "total": 0
              }
            },
            {
              "batter": "DAP Darrell",
              "bowler": "AF Ifill",
              "non_striker": "TS Fray",
              "runs": {
                "batter": 0,
                "extras": 0,
                "total": 0
              },
              "wickets": [
                {
                  "kind": "caught and bowled",
                  "player_out": "DAP Darrell"
                }
              ]
            },
            {
              "batter": "KS Leverock",
              "bowler": "AF Ifill",
              "non_striker": "TS Fray",
              "runs": {
                "batter": 0,
                "extras": 0,
                "total": 0
              }
            },
            {
              "batter": "KS Leverock",
              "bowler": "AF Ifill",
              "non_striker": "TS Fray",
              "runs": {
                "batter": 0,
                "extras": 0,
                "total": 0
              }
            }
          ]
        },
        {
          "over": 5,
          "deliveries": [
            {
              "batter": "TS Fray",
              "bowler": "Z McLaughlin",
              "non_striker": "KS Leverock",
              "runs": {
                "batter": 1,
                "extras": 0,
                "total": 1
              }
            },
            {
              "batter": "KS Leverock",
              "bowler": "Z McLaughlin",
              "extras": {
                "legbyes": 1
              },
              "non_striker": "TS Fray",
              "runs": {
                "batter": 0,
                "extras": 1,
                "total": 1
              }
            },
            {
              "batter": "TS Fray",
              "bowler": "Z McLaughlin",
              "non_striker": "KS Leverock",
              "runs": {
                "batter": 0,
                "extras": 0,
                "total": 0
              }
            },
            {
              "batter": "TS Fray",
              "bowler": "Z McLaughlin",
              "non_striker": "KS Leverock",
              "runs": {
                "batter": 1,
                "extras": 0,
                "total": 1
              }
            },
            {
              "batter": "KS Leverock",
              "bowler": "Z McLaughlin",
              "non_striker": "TS Fray",
              "runs": {
                "batter": 1,
                "extras": 0,
                "total": 1
              }
            },
            {
              "batter": "TS Fray",
              "bowler": "Z McLaughlin",
              "non_striker": "KS Leverock",
              "runs": {
                "batter": 0,
                "extras": 0,
                "total": 0
              }
            }
          ]
        },
        {
          "over": 6,
          "deliveries": [
            {
              "batter": "KS Leverock",
              "bowler": "AF Ifill",
              "non_striker": "TS Fray",
              "runs": {
                "batter": 2,
                "extras": 0,
                "total": 2
              }
            },
            {
              "batter": "KS Leverock",
              "bowler": "AF Ifill",
              "non_striker": "TS Fray",
              "runs": {
                "batter": 0,
                "extras": 0,
                "total": 0
              }
            },
            {
              "batter": "KS Leverock",
              "bowler": "AF Ifill",
              "non_striker": "TS Fray",
              "runs": {
                "batter": 0,
                "extras": 0,
                "total": 0
              }
            },
            {
              "batter": "KS Leverock",
              "bowler": "AF Ifill",
              "non_striker": "TS Fray",
              "runs": {
                "batter": 0,
                "extras": 0,
                "total": 0
              }
            },
            {
              "batter": "KS Leverock",
              "bowler": "AF Ifill",
              "non_striker": "TS Fray",
              "runs": {
                "batter": 0,
                "extras": 0,
                "total": 0
              }
            },
            {
              "batter": "KS Leverock",
              "bowler": "AF Ifill",
              "non_striker": "TS Fray",
              "runs": {
                "batter": 0,
                "extras": 0,
                "total": 0
              }
            }
          ]
        },
        {
          "over": 7,
          "deliveries": [
            {
              "batter": "TS Fray",
              "bowler": "Z McLaughlin",
              "non_striker": "KS Leverock",
              "runs": {
                "batter": 0,
                "extras": 0,
                "total": 0
              },
              "wickets": [
                {
                  "kind": "stumped",
                  "player_out": "TS Fray",
                  "fielders": [
                    {
                      "name": "OR Willis"
                    }
                  ]
                }
              ]
            },
            {
              "batter": "AC Douglas",
              "bowler": "Z McLaughlin",
              "non_striker": "KS Leverock",
              "runs": {
                "batter": 0,
                "extras": 0,
                "total": 0
              }
            },
            {
              "batter": "AC Douglas",
              "bowler": "Z McLaughlin",
              "non_striker": "KS Leverock",
              "runs": {
                "batter": 6,
                "extras": 0,
                "total": 6
              }
            },
            {
              "batter": "AC Douglas",
              "bowler": "Z McLaughlin",
              "non_striker": "KS Leverock",
              "runs": {
                "batter": 6,
                "extras": 0,
                "total": 6
              }
            },
            {
              "batter": "AC Douglas",
              "bowler": "Z McLaughlin",
              "non_striker": "KS Leverock",
              "runs": {
                "batter": 0,
                "extras": 0,
                "total": 0
              }
            },
            {
              "batter": "AC Douglas",
              "bowler": "Z McLaughlin",
              "non_striker": "KS Leverock",
              "runs": {
                "batter": 0,
                "extras": 0,
                "total": 0
              }
            }
          ]
        },
        {
          "over": 8,
          "deliveries": [
            {
              "batter": "KS Leverock",
              "bowler": "C Wright",
              "non_striker": "AC Douglas",
              "runs": {
                "batter": 0,
                "extras": 0,
                "total": 0
              }
            },
            {
              "batter": "KS Leverock",
              "bowler": "C Wright",
              "non_striker": "AC Douglas",
              "runs": {
                "batter": 0,
                "extras": 0,
                "total": 0
              }
            },
            {
              "batter": "KS Leverock",
              "bowler": "C Wright",
              "non_striker": "AC Douglas",
              "runs": {
                "batter": 2,
                "extras": 0,
                "total": 2
              }
            },
            {
              "batter": "KS Leverock",
              "bowler": "C Wright",
              "non_striker": "AC Douglas",
              "runs": {
                "batter": 1,
                "extras": 0,
                "total": 1
              }
            },
            {
              "batter": "AC Douglas",
              "bowler": "C Wright",
              "non_striker": "KS Leverock",
              "runs": {
                "batter": 0,
                "extras": 0,
                "total": 0
              }
            },
            {
              "batter": "AC Douglas",
              "bowler": "C Wright",
              "non_striker": "KS Leverock",
              "runs": {
                "batter": 4,
                "extras": 0,
                "total": 4
              }
            }
          ]
        },
        {
          "over": 9,
          "deliveries": [
            {
              "batter": "KS Leverock",
              "bowler": "T Taylor",
              "non_striker": "AC Douglas",
              "runs": {
                "batter": 4,
                "extras": 0,
                "total": 4
              }
            },
            {
              "batter": "KS Leverock",
              "bowler": "T Taylor",
              "extras": {
                "wides": 1
              },
              "non_striker": "AC Douglas",
              "runs": {
                "batter": 0,
                "extras": 1,
                "total": 1
              }
            },
            {
              "batter": "KS Leverock",
              "bowler": "T Taylor",
              "non_striker": "AC Douglas",
              "runs": {
                "batter": 0,
                "extras": 0,
                "total": 0
              }
            },
            {
              "batter": "KS Leverock",
              "bowler": "T Taylor",
              "non_striker": "AC Douglas",
              "runs": {
                "batter": 0,
                "extras": 0,
                "total": 0
              }
            },
            {
              "batter": "KS Leverock",
              "bowler": "T Taylor",
              "non_striker": "AC Douglas",
              "runs": {
                "batter": 6,
                "extras": 0,
                "total": 6
              }
            },
            {
              "batter": "KS Leverock",
              "bowler": "T Taylor",
              "non_striker": "AC Douglas",
              "runs": {
                "batter": 0,
                "extras": 0,
                "total": 0
              }
            },
            {
              "batter": "KS Leverock",
              "bowler": "T Taylor",
              "non_striker": "AC Douglas",
              "runs": {
                "batter": 0,
                "extras": 0,
                "total": 0
              }
            }
          ]
        },
        {
          "over": 10,
          "deliveries": [
            {
              "batter": "AC Douglas",
              "bowler": "A Morris",
              "non_striker": "KS Leverock",
              "runs": {
                "batter": 0,
                "extras": 0,
                "total": 0
              }
            },
            {
              "batter": "AC Douglas",
              "bowler": "A Morris",
              "non_striker": "KS Leverock",
              "runs": {
                "batter": 1,
                "extras": 0,
                "total": 1
              }
            },
            {
              "batter": "KS Leverock",
              "bowler": "A Morris",
              "non_striker": "AC Douglas",
              "runs": {
                "batter": 2,
                "extras": 0,
                "total": 2
              }
            },
            {
              "batter": "KS Leverock",
              "bowler": "A Morris",
              "non_striker": "AC Douglas",
              "runs": {
                "batter": 0,
                "extras": 0,
                "total": 0
              },
              "wickets": [
                {
                  "kind": "caught",
                  "player_out": "KS Leverock",
                  "fielders": [
                    {
                      "name": "P Manning"
                    }
                  ]
                }
              ]
            },
            {
              "batter": "AC Douglas",
              "bowler": "A Morris",
              "non_striker": "DC Stovell",
              "runs": {
                "batter": 0,
                "extras": 0,
                "total": 0
              }
            },
            {
              "batter": "AC Douglas",
              "bowler": "A Morris",
              "non_striker": "DC Stovell",
              "runs": {
                "batter": 0,
                "extras": 0,
                "total": 0
              }
            }
          ]
        },
        {
          "over": 11,
          "deliveries": [
            {
              "batter": "DC Stovell",
              "bowler": "AF Ifill",
              "non_striker": "AC Douglas",
              "runs": {
                "batter": 1,
                "extras": 0,
                "total": 1
              }
            },
            {
              "batter": "AC Douglas",
              "bowler": "AF Ifill",
              "non_striker": "DC Stovell",
              "runs": {
                "batter": 0,
                "extras": 0,
                "total": 0
              }
            },
            {
              "batter": "AC Douglas",
              "bowler": "AF Ifill",
              "non_striker": "DC Stovell",
              "runs": {
                "batter": 2,
                "extras": 0,
                "total": 2
              }
            },
            {
              "batter": "AC Douglas",
              "bowler": "AF Ifill",
              "non_striker": "DC Stovell",
              "runs": {
                "batter": 0,
                "extras": 0,
                "total": 0
              }
            },
            {
              "batter": "AC Douglas",
              "bowler": "AF Ifill",
              "non_striker": "DC Stovell",
              "runs": {
                "batter": 0,
                "extras": 0,
                "total": 0
              }
            },
            {
              "batter": "AC Douglas",
              "bowler": "AF Ifill",
              "non_striker": "DC Stovell",
              "runs": {
                "batter": 0,
                "extras": 0,
                "total": 0
              }
            }
          ]
        },
        {
          "over": 12,
          "deliveries": [
            {
              "batter": "DC Stovell",
              "bowler": "A Morris",
              "non_striker": "AC Douglas",
              "runs": {
                "batter": 1,
                "extras": 0,
                "total": 1
              }
            },
            {
              "batter": "AC Douglas",
              "bowler": "A Morris",
              "non_striker": "DC Stovell",
              "runs": {
                "batter": 1,
                "extras": 0,
                "total": 1
              }
            },
            {
              "batter": "DC Stovell",
              "bowler": "A Morris",
              "non_striker": "AC Douglas",
              "runs": {
                "batter": 1,
                "extras": 0,
                "total": 1
              }
            },
            {
              "batter": "AC Douglas",
              "bowler": "A Morris",
              "non_striker": "DC Stovell",
              "runs": {
                "batter": 0,
                "extras": 0,
                "total": 0
              }
            },
            {
              "batter": "AC Douglas",
              "bowler": "A Morris",
              "non_striker": "DC Stovell",
              "runs": {
                "batter": 1,
                "extras": 0,
                "total": 1
              }
            },
            {
              "batter": "DC Stovell",
              "bowler": "A Morris",
              "non_striker": "AC Douglas",
              "runs": {
                "batter": 1,
                "extras": 0,
                "total": 1
              }
            }
          ]
        },
        {
          "over": 13,
          "deliveries": [
            {
              "batter": "DC Stovell",
              "bowler": "Z McLaughlin",
              "non_striker": "AC Douglas",
              "runs": {
                "batter": 0,
                "extras": 0,
                "total": 0
              }
            },
            {
              "batter": "DC Stovell",
              "bowler": "Z McLaughlin",
              "non_striker": "AC Douglas",
              "runs": {
                "batter": 0,
                "extras": 0,
                "total": 0
              }
            },
            {
              "batter": "DC Stovell",
              "bowler": "Z McLaughlin",
              "non_striker": "AC Douglas",
              "runs": {
                "batter": 1,
                "extras": 0,
                "total": 1
              }
            },
            {
              "batter": "AC Douglas",
              "bowler": "Z McLaughlin",
              "non_striker": "DC Stovell",
              "runs": {
                "batter": 0,
                "extras": 0,
                "total": 0
              }
            },
            {
              "batter": "AC Douglas",
              "bowler": "Z McLaughlin",
              "non_striker": "DC Stovell",
              "runs": {
                "batter": 4,
                "extras": 0,
                "total": 4
              }
            },
            {
              "batter": "AC Douglas",
              "bowler": "Z McLaughlin",
              "non_striker": "DC Stovell",
              "runs": {
                "batter": 4,
                "extras": 0,
                "total": 4
              }
            }
          ]
        },
        {
          "over": 14,
          "deliveries": [
            {
              "batter": "DC Stovell",
              "bowler": "T Taylor",
              "non_striker": "AC Douglas",
              "runs": {
                "batter": 4,
                "extras": 0,
                "total": 4
              }
            },
            {
              "batter": "DC Stovell",
              "bowler": "T Taylor",
              "non_striker": "AC Douglas",
              "runs": {
                "batter": 1,
                "extras": 0,
                "total": 1
              }
            },
            {
              "batter": "AC Douglas",
              "bowler": "T Taylor",
              "non_striker": "DC Stovell",
              "runs": {
                "batter": 1,
                "extras": 0,
                "total": 1
              }
            },
            {
              "batter": "DC Stovell",
              "bowler": "T Taylor",
              "non_striker": "AC Douglas",
              "runs": {
                "batter": 4,
                "extras": 0,
                "total": 4
              }
            },
            {
              "batter": "DC Stovell",
              "bowler": "T Taylor",
              "non_striker": "AC Douglas",
              "runs": {
                "batter": 2,
                "extras": 0,
                "total": 2
              }
            },
            {
              "batter": "DC Stovell",
              "bowler": "T Taylor",
              "non_striker": "AC Douglas",
              "runs": {
                "batter": 0,
                "extras": 0,
                "total": 0
              }
            }
          ]
        },
        {
          "over": 15,
          "deliveries": [
            {
              "batter": "AC Douglas",
              "bowler": "KR Ebanks",
              "non_striker": "DC Stovell",
              "runs": {
                "batter": 2,
                "extras": 0,
                "total": 2
              }
            },
            {
              "batter": "AC Douglas",
              "bowler": "KR Ebanks",
              "non_striker": "DC Stovell",
              "runs": {
                "batter": 1,
                "extras": 0,
                "total": 1
              }
            },
            {
              "batter": "DC Stovell",
              "bowler": "KR Ebanks",
              "non_striker": "AC Douglas",
              "runs": {
                "batter": 0,
                "extras": 0,
                "total": 0
              }
            },
            {
              "batter": "DC Stovell",
              "bowler": "KR Ebanks",
              "non_striker": "AC Douglas",
              "runs": {
                "batter": 1,
                "extras": 0,
                "total": 1
              }
            },
            {
              "batter": "AC Douglas",
              "bowler": "KR Ebanks",
              "non_striker": "DC Stovell",
              "runs": {
                "batter": 6,
                "extras": 0,
                "total": 6
              }
            },
            {
              "batter": "AC Douglas",
              "bowler": "KR Ebanks",
              "non_striker": "DC Stovell",
              "runs": {
                "batter": 2,
                "extras": 0,
                "total": 2
              }
            }
          ]
        },
        {
          "over": 16,
          "deliveries": [
            {
              "batter": "DC Stovell",
              "bowler": "AF Ifill",
              "non_striker": "AC Douglas",
              "runs": {
                "batter": 0,
                "extras": 0,
                "total": 0
              }
            },
            {
              "batter": "DC Stovell",
              "bowler": "AF Ifill",
              "non_striker": "AC Douglas",
              "runs": {
                "batter": 1,
                "extras": 0,
                "total": 1
              }
            },
            {
              "batter": "AC Douglas",
              "bowler": "AF Ifill",
              "non_striker": "DC Stovell",
              "runs": {
                "batter": 6,
                "extras": 0,
                "total": 6
              }
            }
          ]
        }
      ],
      "powerplays": [
        {
          "from": 0.1,
          "to": 5.6,
          "type": "mandatory"
        }
      ],
      "target": {
        "overs": 20,
        "runs": 115
      }
    }
  ]
}