{
  "meta": {
    "data_version": "1.0.0",
    "created": "2019-08-19",
    "revision": 1
  },
  "info": {
    "balls_per_over": 6,
    "city": "Hamilton",
    "dates": [
      "2019-08-18"
    ],
    "event": {
      "name": "ICC Men's T20 World Cup Americas Region Final",
      "match_number": 2
    },
    "gender": "male",
    "match_type": "T20",
    "match_type_number": 852,
    "officials": {
      "match_referees": [
        "Reon King"
      ],
      "reserve_umpires": [
        "H Grewal"
      ],
      "umpires": [
        "JM Williams",
        "Emmerson Carrington"
      ]
    },
    "outcome": {
      "winner": "Canada",
      "by": {
        "runs": 84
      }
    },
    "overs": 20,
    "player_of_match": [
      "Ravinderpal Singh"
    ],
    "players": {
      "Canada": [
        "RA Thomas",
        "NS Dhaliwal",
        "NR Kumar",
        "Ravinderpal Singh",
        "Rizwan Cheema",
        "Hamza Tariq",
        "D Heyliger",
        "N Dutta",
        "Saad Bin Zafar",
        "Junaid Siddiqui",
        "GDR Eranga"
      ],
      "Cayman Islands": [
        "C Hauptfleisch",
        "D Cato",
        "YSD Seneveratne",
        "OR Willis",
        "GM Strydom",
        "P Manning",
        "AF Ifill",
        "T Taylor",
        "C Wright",
        "KR Ebanks",
        "A Morris"
      ]
    },
    "registry": {
      "people": {
        "A Morris": "04cf2e94",
        "AF Ifill": "0e6c2f00",
        "C Hauptfleisch": "c8a18d94",
        "C Wright": "d465c6d7",
        "D Cato": "2f1c0815",
        "D Heyliger": "f8c72766",
        "Emmerson Carrington": "a428109a",
        "GDR Eranga": "95c434f7",
        "GM Strydom": "5dc19220",
        "H Grewal": "1172f36e",
        "Hamza Tariq": "82e81007",
        "JM Williams": "b61d9d70",
        "Junaid Siddiqui": "9025e58f",
        "KR Ebanks": "e52eb657",
        "N Dutta": "e258a603",
        "NR Kumar": "b3bad3f2",
        "NS Dhaliwal": "cbabd6ad",
        "OR Willis": "819574ef",
        "P Manning": "f06b5585",
        "RA Thomas": "6db7068e",
        "Ravinderpal Singh": "f80682f8",
        "Reon King": "20fbf68c",
        "Rizwan Cheema": "3a026eb4",
        "Saad Bin Zafar": "f28a60e0",
        "T Taylor": "1d6e8f52",
        "YSD Seneveratne": "0f71478c"
      }
    },
    "season": "2019",
    "team_type": "international",
    "teams": [
      "Canada",
      "Cayman Islands"
    ],
    "toss": {
      "decision": "bat",
      "winner": "Canada"
    },
    "venue": "White Hill Field, Sandys Parish"
  },
  "innings": [
    {
      "team": "Canada",
      "overs": [
        {
          "over": 0,
          "deliveries": [
            {
              "batter": "RA Thomas",
              "bowler": "C Wright",
              "non_striker": "NS Dhaliwal",
              "runs": {
                "batter": 1,
                "extras": 0,
                "total": 1
              }
            },
            {
              "batter": "NS Dhaliwal",
              "bowler": "C Wright",
              "non_striker": "RA Thomas",
              "runs": {
                "batter": 4,
                "extras": 0,
                "total": 4
              }
            },
            {
              "batter": "NS Dhaliwal",
              "bowler": "C Wright",
              "non_striker": "RA Thomas",
              "runs": {
                "batter": 0,
                "extras": 0,
                "total": 0
              }
            },
            {
              "batter": "NS Dhaliwal",
              "bowler": "C Wright",
              "non_striker": "RA Thomas",
              "runs": {
                "batter": 2,
                "extras": 0,
                "total": 2
              }
            },
            {
              "batter": "NS Dhaliwal",
              "bowler": "C Wright",
              "non_striker": "RA Thomas",
              "runs": {
                "batter": 0,
                "extras": 0,
                "total": 0
              }
            },
            {
              "batter": "NS Dhaliwal",
              "bowler": "C Wright",
              "non_striker": "RA Thomas",
              "runs": {
                "batter": 1,
                "extras": 0,
                "total": 1
              }
            }
          ]
        },
        {
          "over": 1,
          "deliveries": [
            {
              "batter": "NS Dhaliwal",
              "bowler": "KR Ebanks",
              "non_striker": "RA Thomas",
              "runs": {
                "batter": 1,
                "extras": 0,
                "total": 1
              }
            },
            {
              "batter": "RA Thomas",
              "bowler": "KR Ebanks",
              "non_striker": "NS Dhaliwal",
              "runs": {
                "batter": 0,
                "extras": 0,
                "total": 0
              }
            },
            {
              "batter": "RA Thomas",
              "bowler": "KR Ebanks",
              "non_striker": "NS Dhaliwal",
              "runs": {
                "batter": 0,
                "extras": 0,
                "total": 0
              }
            },
            {
              "batter": "RA Thomas",
              "bowler": "KR Ebanks",
              "non_striker": "NS Dhaliwal",
              "runs": {
                "batter": 1,
                "extras": 0,
                "total": 1
              }
            },
            {
              "batter": "NS Dhaliwal",
              "bowler": "KR Ebanks",
              "non_striker": "RA Thomas",
              "runs": {
                "batter": 0,
                "extras": 0,
                "total": 0
              }
            },
            {
              "batter": "NS Dhaliwal",
              "bowler": "KR Ebanks",
              "non_striker": "RA Thomas",
              "runs": {
                "batter": 4,
                "extras": 0,
                "total": 4
              }
            }
          ]
        },
        {
          "over": 2,
          "deliveries": [
            {
              "batter": "RA Thomas",
              "bowler": "C Wright",
              "non_striker": "NS Dhaliwal",
              "runs": {
                "batter": 2,
                "extras": 0,
                "total": 2
              }
            },
            {
              "batter": "RA Thomas",
              "bowler": "C Wright",
              "non_striker": "NS Dhaliwal",
              "runs": {
                "batter": 1,
                "extras": 0,
                "total": 1
              }
            },
            {
              "batter": "NS Dhaliwal",
              "bowler": "C Wright",
              "non_striker": "RA Thomas",
              "runs": {
                "batter": 1,
                "extras": 0,
                "total": 1
              }
            },
            {
              "batter": "RA Thomas",
              "bowler": "C Wright",
              "extras": {
                "wides": 1
              },
              "non_striker": "NS Dhaliwal",
              "runs": {
                "batter": 0,
                "extras": 1,
                "total": 1
              }
            },
            {
              "batter": "RA Thomas",
              "bowler": "C Wright",
              "non_striker": "NS Dhaliwal",
              "runs": {
                "batter": 0,
                "extras": 0,
                "total": 0
              }
            },
            {
              "batter": "RA Thomas",
              "bowler": "C Wright",
              "non_striker": "NS Dhaliwal",
              "runs": {
                "batter": 0,
                "extras": 0,
                "total": 0
              }
            },
            {
              "batter": "RA Thomas",
              "bowler": "C Wright",
              "non_striker": "NS Dhaliwal",
              "runs": {
                "batter": 0,
                "extras": 0,
                "total": 0
              }
            }
          ]
        },
        {
          "over": 3,
          "deliveries": [
            {
              "batter": "NS Dhaliwal",
              "bowler": "AF Ifill",
              "non_striker": "RA Thomas",
              "runs": {
                "batter": 6,
                "extras": 0,
                "total": 6
              }
            },
            {
              "batter": "NS Dhaliwal",
              "bowler": "AF Ifill",
              "non_striker": "RA Thomas",
              "runs": {
                "batter": 4,
                "extras": 0,
                "total": 4
              }
            },
            {
              "batter": "NS Dhaliwal",
              "bowler": "AF Ifill",
              "non_striker": "RA Thomas",
              "runs": {
                "batter": 0,
                "extras": 0,
                "total": 0
              },
              "wickets": [
                {
                  "kind": "bowled",
                  "player_out": "NS Dhaliwal"
                }
              ]
            },
            {
              "batter": "NR Kumar",
              "bowler": "AF Ifill",
              "non_striker": "RA Thomas",
              "runs": {
                "batter": 0,
                "extras": 0,
                "total": 0
              }
            },
            {
              "batter": "NR Kumar",
              "bowler": "AF Ifill",
              "non_striker": "RA Thomas",
              "runs": {
                "batter": 0,
                "extras": 0,
                "total": 0
              }
            },
            {
              "batter": "NR Kumar",
              "bowler": "AF Ifill",
              "non_striker": "RA Thomas",
              "runs": {
                "batter": 0,
                "extras": 0,
                "total": 0
              }
            }
          ]
        },
        {
          "over": 4,
          "deliveries": [
            {
              "batter": "RA Thomas",
              "bowler": "T Taylor",
              "non_striker": "NR Kumar",
              "runs": {
                "batter": 0,
                "extras": 0,
                "total": 0
              }
            },
            {
              "batter": "RA Thomas",
              "bowler": "T Taylor",
              "non_striker": "NR Kumar",
              "runs": {
                "batter": 0,
                "extras": 0,
                "total": 0
              },
              "wickets": [
                {
                  "kind": "caught",
                  "player_out": "RA Thomas",
                  "fielders": [
                    {
                      "name": "C Wright"
                    }
                  ]
                }
              ]
            },
            {
              "batter": "Ravinderpal Singh",
              "bowler": "T Taylor",
              "non_striker": "NR Kumar",
              "runs": {
                "batter": 0,
                "extras": 0,
                "total": 0
              }
            },
            {
              "batter": "NR Kumar",
              "bowler": "T Taylor",
              "non_striker": "Ravinderpal Singh",
              "runs": {
                "batter": 1,
                "extras": 0,
                "total": 1
              }
            },
            {
              "batter": "Ravinderpal Singh",
              "bowler": "T Taylor",
              "non_striker": "NR Kumar",
              "runs": {
                "batter": 0,
                "extras": 0,
                "total": 0
              }
            },
            {
              "batter": "Ravinderpal Singh",
              "bowler": "T Taylor",
              "non_striker": "NR Kumar",
              "runs": {
                "batter": 0,
                "extras": 0,
                "total": 0
              }
            }
          ]
        },
        {
          "over": 5,
          "deliveries": [
            {
              "batter": "NR Kumar",
              "bowler": "KR Ebanks",
              "non_striker": "Ravinderpal Singh",
              "runs": {
                "batter": 0,
                "extras": 0,
                "total": 0
              }
            },
            {
              "batter": "NR Kumar",
              "bowler": "KR Ebanks",
              "extras": {
                "wides": 1
              },
              "non_striker": "Ravinderpal Singh",
              "runs": {
                "batter": 0,
                "extras": 1,
                "total": 1
              }
            },
            {
              "batter": "NR Kumar",
              "bowler": "KR Ebanks",
              "extras": {
                "wides": 1
              },
              "non_striker": "Ravinderpal Singh",
              "runs": {
                "batter": 0,
                "extras": 1,
                "total": 1
              }
            },
            {
              "batter": "NR Kumar",
              "bowler": "KR Ebanks",
              "non_striker": "Ravinderpal Singh",
              "runs": {
                "batter": 1,
                "extras": 0,
                "total": 1
              }
            },
            {
              "batter": "Ravinderpal Singh",
              "bowler": "KR Ebanks",
              "non_striker": "NR Kumar",
              "runs": {
                "batter": 4,
                "extras": 0,
                "total": 4
              }
            },
            {
              "batter": "Ravinderpal Singh",
              "bowler": "KR Ebanks",
              "non_striker": "NR Kumar",
              "runs": {
                "batter": 1,
                "extras": 0,
                "total": 1
              }
            },
            {
              "batter": "NR Kumar",
              "bowler": "KR Ebanks",
              "non_striker": "Ravinderpal Singh",
              "runs": {
                "batter": 4,
                "extras": 0,
                "total": 4
              }
            },
            {
              "batter": "NR Kumar",
              "bowler": "KR Ebanks",
              "non_striker": "Ravinderpal Singh",
              "runs": {
                "batter": 1,
                "extras": 0,
                "total": 1
              }
            }
          ]
        },
        {
          "over": 6,
          "deliveries": [
            {
              "batter": "NR Kumar",
              "bowler": "T Taylor",
              "non_striker": "Ravinderpal Singh",
              "runs": {
                "batter": 0,
                "extras": 0,
                "total": 0
              }
            },
            {
              "batter": "NR Kumar",
              "bowler": "T Taylor",
              "non_striker": "Ravinderpal Singh",
              "runs": {
                "batter": 0,
                "extras": 0,
                "total": 0
              }
            },
            {
              "batter": "NR Kumar",
              "bowler": "T Taylor",
              "non_striker": "Ravinderpal Singh",
              "runs": {
                "batter": 0,
                "extras": 0,
                "total": 0
              }
            },
            {
              "batter": "NR Kumar",
              "bowler": "T Taylor",
              "non_striker": "Ravinderpal Singh",
              "runs": {
                "batter": 2,
                "extras": 0,
                "total": 2
              }
            },
            {
              "batter": "NR Kumar",
              "bowler": "T Taylor",
              "non_striker": "Ravinderpal Singh",
              "runs": {
                "batter": 1,
                "extras": 0,
                "total": 1
              }
            },
            {
              "batter": "Ravinderpal Singh",
              "bowler": "T Taylor",
              "non_striker": "NR Kumar",
              "runs": {
                "batter": 0,
                "extras": 0,
                "total": 0
              }
            }
          ]
        },
        {
          "over": 7,
          "deliveries": [
            {
              "batter": "NR Kumar",
              "bowler": "A Morris",
              "non_striker": "Ravinderpal Singh",
              "runs": {
                "batter": 2,
                "extras": 0,
                "total": 2
              }
            },
            {
              "batter": "NR Kumar",
              "bowler": "A Morris",
              "non_striker": "Ravinderpal Singh",
              "runs": {
                "batter": 2,
                "extras": 0,
                "total": 2
              }
            },
            {
              "batter": "NR Kumar",
              "bowler": "A Morris",
              "non_striker": "Ravinderpal Singh",
              "runs": {
                "batter": 0,
                "extras": 0,
                "total": 0
              }
            },
            {
              "batter": "NR Kumar",
              "bowler": "A Morris",
              "non_striker": "Ravinderpal Singh",
              "runs": {
                "batter": 1,
                "extras": 0,
                "total": 1
              }
            },
            {
              "batter": "Ravinderpal Singh",
              "bowler": "A Morris",
              "non_striker": "NR Kumar",
              "runs": {
                "batter": 4,
                "extras": 0,
                "total": 4
              }
            },
            {
              "batter": "Ravinderpal Singh",
              "bowler": "A Morris",
              "non_striker": "NR Kumar",
              "runs": {
                "batter": 1,
                "extras": 0,
                "total": 1
              }
            }
          ]
        },
        {
          "over": 8,
          "deliveries": [
            {
              "batter": "Ravinderpal Singh",
              "bowler": "YSD Seneveratne",
              "non_striker": "NR Kumar",
              "runs": {
                "batter": 4,
                "extras": 0,
                "total": 4
              }
            },
            {
              "batter": "Ravinderpal Singh",
              "bowler": "YSD Seneveratne",
              "non_striker": "NR Kumar",
              "runs": {
                "batter": 6,
                "extras": 0,
                "total": 6
              }
            },
            {
              "batter": "Ravinderpal Singh",
              "bowler": "YSD Seneveratne",
              "non_striker": "NR Kumar",
              "runs": {
                "batter": 1,
                "extras": 0,
                "total": 1
              }
            },
            {
              "batter": "NR Kumar",
              "bowler": "YSD Seneveratne",
              "extras": {
                "wides": 1
              },
              "non_striker": "Ravinderpal Singh",
              "runs": {
                "batter": 0,
                "extras": 1,
                "total": 1
              }
            },
            {
              "batter": "NR Kumar",
              "bowler": "YSD Seneveratne",
              "non_striker": "Ravinderpal Singh",
              "runs": {
                "batter": 4,
                "extras": 0,
                "total": 4
              }
            },
            {
              "batter": "NR Kumar",
              "bowler": "YSD Seneveratne",
              "non_striker": "Ravinderpal Singh",
              "runs": {
                "batter": 1,
                "extras": 0,
                "total": 1
              }
            },
            {
              "batter": "Ravinderpal Singh",
              "bowler": "YSD Seneveratne",
              "non_striker": "NR Kumar",
              "runs": {
                "batter": 0,
                "extras": 0,
                "total": 0
              }
            }
          ]
        },
        {
          "over": 9,
          "deliveries": [
            {
              "batter": "NR Kumar",
              "bowler": "A Morris",
              "non_striker": "Ravinderpal Singh",
              "runs": {
                "batter": 0,
                "extras": 0,
                "total": 0
              }
            },
            {
              "batter": "NR Kumar",
              "bowler": "A Morris",
              "non_striker": "Ravinderpal Singh",
              "runs": {
                "batter": 1,
                "extras": 0,
                "total": 1
              }
            },
            {
              "batter": "Ravinderpal Singh",
              "bowler": "A Morris",
              "non_striker": "NR Kumar",
              "runs": {
                "batter": 0,
                "extras": 0,
                "total": 0
              }
            },
            {
              "batter": "Ravinderpal Singh",
              "bowler": "A Morris",
              "non_striker": "NR Kumar",
              "runs": {
                "batter": 0,
                "extras": 0,
                "total": 0
              }
            },
            {
              "batter": "Ravinderpal Singh",
              "bowler": "A Morris",
              "non_striker": "NR Kumar",
              "runs": {
                "batter": 1,
                "extras": 0,
                "total": 1
              }
            },
            {
              "batter": "NR Kumar",
              "bowler": "A Morris",
              "non_striker": "Ravinderpal Singh",
              "runs": {
                "batter": 0,
                "extras": 0,
                "total": 0
              }
            }
          ]
        },
        {
          "over": 10,
          "deliveries": [
            {
              "batter": "Ravinderpal Singh",
              "bowler": "AF Ifill",
              "non_striker": "NR Kumar",
              "runs": {
                "batter": 0,
                "extras": 0,
                "total": 0
              }
            },
            {
              "batter": "Ravinderpal Singh",
              "bowler": "AF Ifill",
              "non_striker": "NR Kumar",
              "runs": {
                "batter": 0,
                "extras": 0,
                "total": 0
              }
            },
            {
              "batter": "Ravinderpal Singh",
              "bowler": "AF Ifill",
              "non_striker": "NR Kumar",
              "runs": {
                "batter": 6,
                "extras": 0,
                "total": 6
              }
            },
            {
              "batter": "Ravinderpal Singh",
              "bowler": "AF Ifill",
              "non_striker": "NR Kumar",
              "runs": {
                "batter": 1,
                "extras": 0,
                "total": 1
              }
            },
            {
              "batter": "NR Kumar",
              "bowler": "AF Ifill",
              "non_striker": "Ravinderpal Singh",
              "runs": {
                "batter": 4,
                "extras": 0,
                "total": 4
              }
            },
            {
              "batter": "NR Kumar",
              "bowler": "AF Ifill",
              "non_striker": "Ravinderpal Singh",
              "runs": {
                "batter": 1,
                "extras": 0,
                "total": 1
              }
            }
          ]
        },
        {
          "over": 11,
          "deliveries": [
            {
              "batter": "NR Kumar",
              "bowler": "A Morris",
              "non_striker": "Ravinderpal Singh",
              "runs": {
                "batter": 2,
                "extras": 0,
                "total": 2
              }
            },
            {
              "batter": "NR Kumar",
              "bowler": "A Morris",
              "non_striker": "Ravinderpal Singh",
              "runs": {
                "batter": 6,
                "extras": 0,
                "total": 6
              }
            },
            {
              "batter": "NR Kumar",
              "bowler": "A Morris",
              "non_striker": "Ravinderpal Singh",
              "runs": {
                "batter": 4,
                "extras": 0,
                "total": 4
              }
            },
            {
              "batter": "NR Kumar",
              "bowler": "A Morris",
              "non_striker": "Ravinderpal Singh",
              "runs": {
                "batter": 1,
                "extras": 0,
                "total": 1
              }
            },
            {
              "batter": "Ravinderpal Singh",
              "bowler": "A Morris",
              "non_striker": "NR Kumar",
              "runs": {
                "batter": 1,
                "extras": 0,
                "total": 1
              }
            },
            {
              "batter": "NR Kumar",
              "bowler": "A Morris",
              "non_striker": "Ravinderpal Singh",
              "runs": {
                "batter": 2,
                "extras": 0,
                "total": 2
              }
            }
          ]
        },
        {
          "over": 12,
          "deliveries": [
            {
              "batter": "Ravinderpal Singh",
              "bowler": "P Manning",
              "non_striker": "NR Kumar",
              "runs": {
                "batter": 1,
                "extras": 0,
                "total": 1
              }
            },
            {
              "batter": "NR Kumar",
              "bowler": "P Manning",
              "non_striker": "Ravinderpal Singh",
              "runs": {
                "batter": 0,
                "extras": 0,
                "total": 0
              },
              "wickets": [
                {
                  "kind": "lbw",
                  "player_out": "NR Kumar"
                }
              ]
            },
            {
              "batter": "Rizwan Cheema",
              "bowler": "P Manning",
              "non_striker": "Ravinderpal Singh",
              "runs": {
                "batter": 0,
                "extras": 0,
                "total": 0
              },
              "wickets": [
                {
                  "kind": "caught",
                  "player_out": "Rizwan Cheema",
                  "fielders": [
                    {
                      "name": "OR Willis"
                    }
                  ]
                }
              ]
            },
            {
              "batter": "Ravinderpal Singh",
              "bowler": "P Manning",
              "non_striker": "Hamza Tariq",
              "runs": {
                "batter": 1,
                "extras": 0,
                "total": 1
              }
            },
            {
              "batter": "Hamza Tariq",
              "bowler": "P Manning",
              "non_striker": "Ravinderpal Singh",
              "runs": {
                "batter": 1,
                "extras": 0,
                "total": 1
              }
            },
            {
              "batter": "Ravinderpal Singh",
              "bowler": "P Manning",
              "non_striker": "Hamza Tariq",
              "runs": {
                "batter": 0,
                "extras": 0,
                "total": 0
              }
            }
          ]
        },
        {
          "over": 13,
          "deliveries": [
            {
              "batter": "Hamza Tariq",
              "bowler": "A Morris",
              "non_striker": "Ravinderpal Singh",
              "runs": {
                "batter": 1,
                "extras": 0,
                "total": 1
              }
            },
            {
              "batter": "Ravinderpal Singh",
              "bowler": "A Morris",
              "non_striker": "Hamza Tariq",
              "runs": {
                "batter": 0,
                "extras": 0,
                "total": 0
              }
            },
            {
              "batter": "Ravinderpal Singh",
              "bowler": "A Morris",
              "non_striker": "Hamza Tariq",
              "runs": {
                "batter": 6,
                "extras": 0,
                "total": 6
              }
            },
            {
              "batter": "Ravinderpal Singh",
              "bowler": "A Morris",
              "non_striker": "Hamza Tariq",
              "runs": {
                "batter": 6,
                "extras": 0,
                "total": 6
              }
            },
            {
              "batter": "Ravinderpal Singh",
              "bowler": "A Morris",
              "non_striker": "Hamza Tariq",
              "runs": {
                "batter": 0,
                "extras": 0,
                "total": 0
              }
            },
            {
              "batter": "Ravinderpal Singh",
              "bowler": "A Morris",
              "non_striker": "Hamza Tariq",
              "runs": {
                "batter": 1,
                "extras": 0,
                "total": 1
              }
            }
          ]
        },
        {
          "over": 14,
          "deliveries": [
            {
              "batter": "Ravinderpal Singh",
              "bowler": "AF Ifill",
              "non_striker": "Hamza Tariq",
              "runs": {
                "batter": 6,
                "extras": 0,
                "total": 6
              }
            },
            {
              "batter": "Ravinderpal Singh",
              "bowler": "AF Ifill",
              "non_striker": "Hamza Tariq",
              "runs": {
                "batter": 6,
                "extras": 0,
                "total": 6
              }
            },
            {
              "batter": "Ravinderpal Singh",
              "bowler": "AF Ifill",
              "non_striker": "Hamza Tariq",
              "runs": {
                "batter": 1,
                "extras": 0,
                "total": 1
              }
            },
            {
              "batter": "Hamza Tariq",
              "bowler": "AF Ifill",
              "non_striker": "Ravinderpal Singh",
              "runs": {
                "batter": 0,
                "extras": 0,
                "total": 0
              }
            },
            {
              "batter": "Hamza Tariq",
              "bowler": "AF Ifill",
              "non_striker": "Ravinderpal Singh",
              "runs": {
                "batter": 3,
                "extras": 0,
                "total": 3
              }
            },
            {
              "batter": "Ravinderpal Singh",
              "bowler": "AF Ifill",
              "non_striker": "Hamza Tariq",
              "runs": {
                "batter": 1,
                "extras": 0,
                "total": 1
              }
            }
          ]
        },
        {
          "over": 15,
          "deliveries": [
            {
              "batter": "Ravinderpal Singh",
              "bowler": "T Taylor",
              "non_striker": "Hamza Tariq",
              "runs": {
                "batter": 6,
                "extras": 0,
                "total": 6
              }
            },
            {
              "batter": "Ravinderpal Singh",
              "bowler": "T Taylor",
              "non_striker": "Hamza Tariq",
              "runs": {
                "batter": 1,
                "extras": 0,
                "total": 1
              }
            },
            {
              "batter": "Hamza Tariq",
              "bowler": "T Taylor",
              "non_striker": "Ravinderpal Singh",
              "runs": {
                "batter": 1,
                "extras": 0,
                "total": 1
              }
            },
            {
              "batter": "Ravinderpal Singh",
              "bowler": "T Taylor",
              "non_striker": "Hamza Tariq",
              "runs": {
                "batter": 4,
                "extras": 0,
                "total": 4
              }
            },
            {
              "batter": "Ravinderpal Singh",
              "bowler": "T Taylor",
              "non_striker": "Hamza Tariq",
              "runs": {
                "batter": 1,
                "extras": 0,
                "total": 1
              }
            },
            {
              "batter": "Hamza Tariq",
              "bowler": "T Taylor",
              "non_striker": "Ravinderpal Singh",
              "runs": {
                "batter": 1,
                "extras": 0,
                "total": 1
              }
            }
          ]
        },
        {
          "over": 16,
          "deliveries": [
            {
              "batter": "Hamza Tariq",
              "bowler": "C Wright",
              "non_striker": "Ravinderpal Singh",
              "runs": {
                "batter": 1,
                "extras": 0,
                "total": 1
              }
            },
            {
              "batter": "Ravinderpal Singh",
              "bowler": "C Wright",
              "non_striker": "Hamza Tariq",
              "runs": {
                "batter": 1,
                "extras": 0,
                "total": 1
              }
            },
            {
              "batter": "Hamza Tariq",
              "bowler": "C Wright",
              "non_striker": "Ravinderpal Singh",
              "runs": {
                "batter": 0,
                "extras": 0,
                "total": 0
              },
              "wickets": [
                {
                  "kind": "caught",
                  "player_out": "Hamza Tariq",
                  "fielders": [
                    {
                      "name": "GM Strydom"
                    }
                  ]
                }
              ]
            },
            {
              "batter": "Ravinderpal Singh",
              "bowler": "C Wright",
              "non_striker": "D Heyliger",
              "runs": {
                "batter": 0,
                "extras": 0,
                "total": 0
              }
            },
            {
              "batter": "Ravinderpal Singh",
              "bowler": "C Wright",
              "non_striker": "D Heyliger",
              "runs": {
                "batter": 6,
                "extras": 0,
                "total": 6
              }
            },
            {
              "batter": "Ravinderpal Singh",
              "bowler": "C Wright",
              "non_striker": "D Heyliger",
              "runs": {
                "batter": 1,
                "extras": 0,
                "total": 1
              }
            }
          ]
        },
        {
          "over": 17,
          "deliveries": [
            {
              "batter": "Ravinderpal Singh",
              "bowler": "T Taylor",
              "non_striker": "D Heyliger",
              "runs": {
                "batter": 6,
                "extras": 0,
                "total": 6
              }
            },
            {
              "batter": "Ravinderpal Singh",
              "bowler": "T Taylor",
              "non_striker": "D Heyliger",
              "runs": {
                "batter": 1,
                "extras": 0,
                "total": 1
              }
            },
            {
              "batter": "D Heyliger",
              "bowler": "T Taylor",
              "non_striker": "Ravinderpal Singh",
              "runs": {
                "batter": 1,
                "extras": 0,
                "total": 1
              }
            },
            {
              "batter": "Ravinderpal Singh",
              "bowler": "T Taylor",
              "non_striker": "D Heyliger",
              "runs": {
                "batter": 4,
                "extras": 0,
                "total": 4
              }
            },
            {
              "batter": "Ravinderpal Singh",
              "bowler": "T Taylor",
              "non_striker": "D Heyliger",
              "runs": {
                "batter": 1,
                "extras": 0,
                "total": 1
              }
            },
            {
              "batter": "D Heyliger",
              "bowler": "T Taylor",
              "non_striker": "Ravinderpal Singh",
              "runs": {
                "batter": 1,
                "extras": 0,
                "total": 1
              }
            }
          ]
        },
        {
          "over": 18,
          "deliveries": [
            {
              "batter": "D Heyliger",
              "bowler": "C Wright",
              "non_striker": "Ravinderpal Singh",
              "runs": {
                "batter": 0,
                "extras": 0,
                "total": 0
              }
            },
            {
              "batter": "D Heyliger",
              "bowler": "C Wright",
              "non_striker": "Ravinderpal Singh",
              "runs": {
                "batter": 1,
                "extras": 0,
                "total": 1
              }
            },
            {
              "batter": "Ravinderpal Singh",
              "bowler": "C Wright",
              "non_striker": "D Heyliger",
              "runs": {
                "batter": 0,
                "extras": 0,
                "total": 0
              }
            },
            {
              "batter": "Ravinderpal Singh",
              "bowler": "C Wright",
              "non_striker": "D Heyliger",
              "runs": {
                "batter": 4,
                "extras": 0,
                "total": 4
              }
            },
            {
              "batter": "Ravinderpal Singh",
              "bowler": "C Wright",
              "non_striker": "D Heyliger",
              "runs": {
                "batter": 6,
                "extras": 0,
                "total": 6
              }
            },
            {
              "batter": "Ravinderpal Singh",
              "bowler": "C Wright",
              "extras": {
                "wides": 1
              },
              "non_striker": "D Heyliger",
              "runs": {
                "batter": 0,
                "extras": 1,
                "total": 1
              }
            },
            {
              "batter": "Ravinderpal Singh",
              "bowler": "C Wright",
              "non_striker": "D Heyliger",
              "runs": {
                "batter": 0,
                "extras": 0,
                "total": 0
              },
              "wickets": [
                {
                  "kind": "bowled",
                  "player_out": "Ravinderpal Singh"
                }
              ]
            }
          ]
        },
        {
          "over": 19,
          "deliveries": [
            {
              "batter": "N Dutta",
              "bowler": "KR Ebanks",
              "non_striker": "D Heyliger",
              "runs": {
                "batter": 1,
                "extras": 0,
                "total": 1
              }
            },
            {
              "batter": "D Heyliger",
              "bowler": "KR Ebanks",
              "non_striker": "N Dutta",
              "runs": {
                "batter": 0,
                "extras": 0,
                "total": 0
              }
            },
            {
              "batter": "D Heyliger",
              "bowler": "KR Ebanks",
              "non_striker": "N Dutta",
              "runs": {
                "batter": 1,
                "extras": 0,
                "total": 1
              }
            },
            {
              "batter": "N Dutta",
              "bowler": "KR Ebanks",
              "non_striker": "D Heyliger",
              "runs": {
                "batter": 1,
                "extras": 0,
                "total": 1
              }
            },
            {
              "batter": "D Heyliger",
              "bowler": "KR Ebanks",
              "non_striker": "N Dutta",
              "runs": {
                "batter": 6,
                "extras": 0,
                "total": 6
              }
            },
            {
              "batter": "D Heyliger",
              "bowler": "KR Ebanks",
              "non_striker": "N Dutta",
              "runs": {
                "batter": 1,
                "extras": 0,
                "total": 1
              }
            }
          ]
        }
      ],
      "powerplays": [
        {
          "from": 0.1,
          "to": 5.8,
          "type": "mandatory"
        }
      ]
    },
    {
      "team": "Cayman Islands",
      "overs": [
        {
          "over": 0,
          "deliveries": [
            {
              "batter": "C Hauptfleisch",
              "bowler": "Junaid Siddiqui",
              "non_striker": "D Cato",
              "runs": {
                "batter": 0,
                "extras": 0,
                "total": 0
              }
            },
            {
              "batter": "C Hauptfleisch",
              "bowler": "Junaid Siddiqui",
              "non_striker": "D Cato",
              "runs": {
                "batter": 1,
                "extras": 0,
                "total": 1
              }
            },
            {
              "batter": "D Cato",
              "bowler": "Junaid Siddiqui",
              "non_striker": "C Hauptfleisch",
              "runs": {
                "batter": 0,
                "extras": 0,
                "total": 0
              }
            },
            {
              "batter": "D Cato",
              "bowler": "Junaid Siddiqui",
              "non_striker": "C Hauptfleisch",
              "runs": {
                "batter": 2,
                "extras": 0,
                "total": 2
              }
            },
            {
              "batter": "D Cato",
              "bowler": "Junaid Siddiqui",
              "non_striker": "C Hauptfleisch",
              "runs": {
                "batter": 0,
                "extras": 0,
                "total": 0
              }
            },
            {
              "batter": "D Cato",
              "bowler": "Junaid Siddiqui",
              "non_striker": "C Hauptfleisch",
              "runs": {
                "batter": 1,
                "extras": 0,
                "total": 1
              }
            }
          ]
        },
        {
          "over": 1,
          "deliveries": [
            {
              "batter": "D Cato",
              "bowler": "GDR Eranga",
              "non_striker": "C Hauptfleisch",
              "runs": {
                "batter": 1,
                "extras": 0,
                "total": 1
              }
            },
            {
              "batter": "C Hauptfleisch",
              "bowler": "GDR Eranga",
              "non_striker": "D Cato",
              "runs": {
                "batter": 0,
                "extras": 0,
                "total": 0
              },
              "wickets": [
                {
                  "kind": "caught",
                  "player_out": "C Hauptfleisch",
                  "fielders": [
                    {
                      "name": "Hamza Tariq"
                    }
                  ]
                }
              ]
            },
            {
              "batter": "YSD Seneveratne",
              "bowler": "GDR Eranga",
              "non_striker": "D Cato",
              "runs": {
                "batter": 0,
                "extras": 0,
                "total": 0
              }
            },
            {
              "batter": "YSD Seneveratne",
              "bowler": "GDR Eranga",
              "non_striker": "D Cato",
              "runs": {
                "batter": 0,
                "extras": 0,
                "total": 0
              }
            },
            {
              "batter": "YSD Seneveratne",
              "bowler": "GDR Eranga",
              "non_striker": "D Cato",
              "runs": {
                "batter": 0,
                "extras": 0,
                "total": 0
              },
              "wickets": [
                {
                  "kind": "bowled",
                  "player_out": "YSD Seneveratne"
                }
              ]
            },
            {
              "batter": "OR Willis",
              "bowler": "GDR Eranga",
              "non_striker": "D Cato",
              "runs": {
                "batter": 0,
                "extras": 0,
                "total": 0
              }
            }
          ]
        },
        {
          "over": 2,
          "deliveries": [
            {
              "batter": "D Cato",
              "bowler": "Junaid Siddiqui",
              "non_striker": "OR Willis",
              "runs": {
                "batter": 1,
                "extras": 0,
                "total": 1
              }
            },
            {
              "batter": "OR Willis",
              "bowler": "Junaid Siddiqui",
              "non_striker": "D Cato",
              "runs": {
                "batter": 1,
                "extras": 0,
                "total": 1
              }
            },
            {
              "batter": "D Cato",
              "bowler": "Junaid Siddiqui",
              "non_striker": "OR Willis",
              "runs": {
                "batter": 0,
                "extras": 0,
                "total": 0
              }
            },
            {
              "batter": "D Cato",
              "bowler": "Junaid Siddiqui",
              "non_striker": "OR Willis",
              "runs": {
                "batter": 0,
                "extras": 0,
                "total": 0
              }
            },
            {
              "batter": "D Cato",
              "bowler": "Junaid Siddiqui",
              "non_striker": "OR Willis",
              "runs": {
                "batter": 0,
                "extras": 0,
                "total": 0
              }
            },
            {
              "batter": "D Cato",
              "bowler": "Junaid Siddiqui",
              "non_striker": "OR Willis",
              "runs": {
                "batter": 0,
                "extras": 0,
                "total": 0
              }
            }
          ]
        },
        {
          "over": 3,
          "deliveries": [
            {
              "batter": "OR Willis",
              "bowler": "GDR Eranga",
              "extras": {
                "legbyes": 1
              },
              "non_striker": "D Cato",
              "runs": {
                "batter": 0,
                "extras": 1,
                "total": 1
              }
            },
            {
              "batter": "D Cato",
              "bowler": "GDR Eranga",
              "non_striker": "OR Willis",
              "runs": {
                "batter": 0,
                "extras": 0,
                "total": 0
              }
            },
            {
              "batter": "D Cato",
              "bowler": "GDR Eranga",
              "non_striker": "OR Willis",
              "runs": {
                "batter": 1,
                "extras": 0,
                "total": 1
              }
            },
            {
              "batter": "OR Willis",
              "bowler": "GDR Eranga",
              "non_striker": "D Cato",
              "runs": {
                "batter": 0,
                "extras": 0,
                "total": 0
              },
              "wickets": [
                {
                  "kind": "bowled",
                  "player_out": "OR Willis"
                }
              ]
            },
            {
              "batter": "GM Strydom",
              "bowler": "GDR Eranga",
              "non_striker": "D Cato",
              "runs": {
                "batter": 0,
                "extras": 0,
                "total": 0
              }
            },
            {
              "batter": "GM Strydom",
              "bowler": "GDR Eranga",
              "extras": {
                "wides": 1
              },
              "non_striker": "D Cato",
              "runs": {
                "batter": 0,
                "extras": 1,
                "total": 1
              }
            },
            {
              "batter": "GM Strydom",
              "bowler": "GDR Eranga",
              "non_striker": "D Cato",
              "runs": {
                "batter": 0,
                "extras": 0,
                "total": 0
              }
            }
          ]
        },
        {
          "over": 4,
          "deliveries": [
            {
              "batter": "D Cato",
              "bowler": "Junaid Siddiqui",
              "extras": {
                "legbyes": 2
              },
              "non_striker": "GM Strydom",
              "runs": {
                "batter": 0,
                "extras": 2,
                "total": 2
              }
            },
            {
              "batter": "D Cato",
              "bowler": "Junaid Siddiqui",
              "non_striker": "GM Strydom",
              "runs": {
                "batter": 0,
                "extras": 0,
                "total": 0
              }
            },
            {
              "batter": "D Cato",
              "bowler": "Junaid Siddiqui",
              "non_striker": "GM Strydom",
              "runs": {
                "batter": 0,
                "extras": 0,
                "total": 0
              },
              "wickets": [
                {
                  "kind": "run out",
                  "player_out": "D Cato"
                }
              ]
            },
            {
              "batter": "GM Strydom",
              "bowler": "Junaid Siddiqui",
              "non_striker": "P Manning",
              "runs": {
                "batter": 0,
                "extras": 0,
                "total": 0
              }
            },
            {
              "batter": "GM Strydom",
              "bowler": "Junaid Siddiqui",
              "non_striker": "P Manning",
              "runs": {
                "batter": 1,
                "extras": 0,
                "total": 1
              }
            },
            {
              "batter": "P Manning",
              "bowler": "Junaid Siddiqui",
              "non_striker": "GM Strydom",
              "runs": {
                "batter": 0,
                "extras": 0,
                "total": 0
              },
              "wickets": [
                {
                  "kind": "lbw",
                  "player_out": "P Manning"
                }
              ]
            }
          ]
        },
        {
          "over": 5,
          "deliveries": [
            {
              "batter": "GM Strydom",
              "bowler": "GDR Eranga",
              "non_striker": "AF Ifill",
              "runs": {
                "batter": 0,
                "extras": 0,
                "total": 0
              }
            },
            {
              "batter": "GM Strydom",
              "bowler": "GDR Eranga",
              "non_striker": "AF Ifill",
              "runs": {
                "batter": 1,
                "extras": 0,
                "total": 1
              }
            },
            {
              "batter": "AF Ifill",
              "bowler": "GDR Eranga",
              "non_striker": "GM Strydom",
              "runs": {
                "batter": 1,
                "extras": 0,
                "total": 1
              }
            },
            {
              "batter": "GM Strydom",
              "bowler": "GDR Eranga",
              "non_striker": "AF Ifill",
              "runs": {
                "batter": 4,
                "extras": 0,
                "total": 4
              }
            },
            {
              "batter": "GM Strydom",
              "bowler": "GDR Eranga",
              "non_striker": "AF Ifill",
              "runs": {
                "batter": 4,
                "extras": 0,
                "total": 4
              }
            },
            {
              "batter": "GM Strydom",
              "bowler": "GDR Eranga",
              "non_striker": "AF Ifill",
              "runs": {
                "batter": 1,
                "extras": 0,
                "total": 1
              }
            }
          ]
        },
        {
          "over": 6,
          "deliveries": [
            {
              "batter": "GM Strydom",
              "bowler": "Junaid Siddiqui",
              "non_striker": "AF Ifill",
              "runs": {
                "batter": 1,
                "extras": 0,
                "total": 1
              }
            },
            {
              "batter": "AF Ifill",
              "bowler": "Junaid Siddiqui",
              "non_striker": "GM Strydom",
              "runs": {
                "batter": 0,
                "extras": 0,
                "total": 0
              }
            },
            {
              "batter": "AF Ifill",
              "bowler": "Junaid Siddiqui",
              "non_striker": "GM Strydom",
              "runs": {
                "batter": 0,
                "extras": 0,
                "total": 0
              }
            },
            {
              "batter": "AF Ifill",
              "bowler": "Junaid Siddiqui",
              "non_striker": "GM Strydom",
              "runs": {
                "batter": 0,
                "extras": 0,
                "total": 0
              }
            },
            {
              "batter": "AF Ifill",
              "bowler": "Junaid Siddiqui",
              "non_striker": "GM Strydom",
              "runs": {
                "batter": 1,
                "extras": 0,
                "total": 1
              }
            },
            {
              "batter": "GM Strydom",
              "bowler": "Junaid Siddiqui",
              "non_striker": "AF Ifill",
              "runs": {
                "batter": 1,
                "extras": 0,
                "total": 1
              }
            }
          ]
        },
        {
          "over": 7,
          "deliveries": [
            {
              "batter": "GM Strydom",
              "bowler": "D Heyliger",
              "non_striker": "AF Ifill",
              "runs": {
                "batter": 1,
                "extras": 0,
                "total": 1
              }
            },
            {
              "batter": "AF Ifill",
              "bowler": "D Heyliger",
              "non_striker": "GM Strydom",
              "runs": {
                "batter": 0,
                "extras": 0,
                "total": 0
              }
            },
            {
              "batter": "AF Ifill",
              "bowler": "D Heyliger",
              "non_striker": "GM Strydom",
              "runs": {
                "batter": 0,
                "extras": 0,
                "total": 0
              }
            },
            {
              "batter": "AF Ifill",
              "bowler": "D Heyliger",
              "non_striker": "GM Strydom",
              "runs": {
                "batter": 1,
                "extras": 0,
                "total": 1
              }
            },
            {
              "batter": "GM Strydom",
              "bowler": "D Heyliger",
              "non_striker": "AF Ifill",
              "runs": {
                "batter": 4,
                "extras": 0,
                "total": 4
              }
            },
            {
              "batter": "GM Strydom",
              "bowler": "D Heyliger",
              "non_striker": "AF Ifill",
              "runs": {
                "batter": 0,
                "extras": 0,
                "total": 0
              }
            }
          ]
        },
        {
          "over": 8,
          "deliveries": [
            {
              "batter": "AF Ifill",
              "bowler": "Saad Bin Zafar",
              "non_striker": "GM Strydom",
              "runs": {
                "batter": 1,
                "extras": 0,
                "total": 1
              }
            },
            {
              "batter": "GM Strydom",
              "bowler": "Saad Bin Zafar",
              "non_striker": "AF Ifill",
              "runs": {
                "batter": 0,
                "extras": 0,
                "total": 0
              }
            },
            {
              "batter": "GM Strydom",
              "bowler": "Saad Bin Zafar",
              "non_striker": "AF Ifill",
              "runs": {
                "batter": 0,
                "extras": 0,
                "total": 0
              }
            },
            {
              "batter": "GM Strydom",
              "bowler": "Saad Bin Zafar",
              "non_striker": "AF Ifill",
              "runs": {
                "batter": 0,
                "extras": 0,
                "total": 0
              }
            },
            {
              "batter": "GM Strydom",
              "bowler": "Saad Bin Zafar",
              "non_striker": "AF Ifill",
              "runs": {
                "batter": 1,
                "extras": 0,
                "total": 1
              }
            },
            {
              "batter": "AF Ifill",
              "bowler": "Saad Bin Zafar",
              "extras": {
                "byes": 2
              },
              "non_striker": "GM Strydom",
              "runs": {
                "batter": 0,
                "extras": 2,
                "total": 2
              }
            }
          ]
        },
        {
          "over": 9,
          "deliveries": [
            {
              "batter": "GM Strydom",
              "bowler": "D Heyliger",
              "non_striker": "AF Ifill",
              "runs": {
                "batter": 1,
                "extras": 0,
                "total": 1
              }
            },
            {
              "batter": "AF Ifill",
              "bowler": "D Heyliger",
              "non_striker": "GM Strydom",
              "runs": {
                "batter": 4,
                "extras": 0,
                "total": 4
              }
            },
            {
              "batter": "AF Ifill",
              "bowler": "D Heyliger",
              "non_striker": "GM Strydom",
              "runs": {
                "batter": 1,
                "extras": 0,
                "total": 1
              }
            },
            {
              "batter": "GM Strydom",
              "bowler": "D Heyliger",
              "non_striker": "AF Ifill",
              "runs": {
                "batter": 1,
                "extras": 0,
                "total": 1
              }
            },
            {
              "batter": "AF Ifill",
              "bowler": "D Heyliger",
              "non_striker": "GM Strydom",
              "runs": {
                "batter": 0,
                "extras": 0,
                "total": 0
              },
              "wickets": [
                {
                  "kind": "caught",
                  "player_out": "AF Ifill",
                  "fielders": [
                    {
                      "name": "Hamza Tariq"
                    }
                  ]
                }
              ]
            },
            {
              "batter": "T Taylor",
              "bowler": "D Heyliger",
              "non_striker": "GM Strydom",
              "runs": {
                "batter": 0,
                "extras": 0,
                "total": 0
              }
            }
          ]
        },
        {
          "over": 10,
          "deliveries": [
            {
              "batter": "GM Strydom",
              "bowler": "Saad Bin Zafar",
              "non_striker": "T Taylor",
              "runs": {
                "batter": 2,
                "extras": 0,
                "total": 2
              }
            },
            {
              "batter": "GM Strydom",
              "bowler": "Saad Bin Zafar",
              "non_striker": "T Taylor",
              "runs": {
                "batter": 4,
                "extras": 0,
                "total": 4
              }
            },
            {
              "batter": "GM Strydom",
              "bowler": "Saad Bin Zafar",
              "non_striker": "T Taylor",
              "runs": {
                "batter": 1,
                "extras": 0,
                "total": 1
              }
            },
            {
              "batter": "T Taylor",
              "bowler": "Saad Bin Zafar",
              "non_striker": "GM Strydom",
              "runs": {
                "batter": 2,
                "extras": 0,
                "total": 2
              }
            },
            {
              "batter": "T Taylor",
              "bowler": "Saad Bin Zafar",
              "non_striker": "GM Strydom",
              "runs": {
                "batter": 0,
                "extras": 0,
                "total": 0
              }
            },
            {
              "batter": "T Taylor",
              "bowler": "Saad Bin Zafar",
              "non_striker": "GM Strydom",
              "runs": {
                "batter": 2,
                "extras": 0,
                "total": 2
              }
            }
          ]
        },
        {
          "over": 11,
          "deliveries": [
            {
              "batter": "GM Strydom",
              "bowler": "N Dutta",
              "non_striker": "T Taylor",
              "runs": {
                "batter": 0,
                "extras": 0,
                "total": 0
              }
            },
            {
              "batter": "GM Strydom",
              "bowler": "N Dutta",
              "non_striker": "T Taylor",
              "runs": {
                "batter": 1,
                "extras": 0,
                "total": 1
              }
            },
            {
              "batter": "T Taylor",
              "bowler": "N Dutta",
              "non_striker": "GM Strydom",
              "runs": {
                "batter": 0,
                "extras": 0,
                "total": 0
              }
            },
            {
              "batter": "T Taylor",
              "bowler": "N Dutta",
              "non_striker": "GM Strydom",
              "runs": {
                "batter": 0,
                "extras": 0,
                "total": 0
              }
            },
            {
              "batter": "T Taylor",
              "bowler": "N Dutta",
              "extras": {
                "wides": 1
              },
              "non_striker": "GM Strydom",
              "runs": {
                "batter": 0,
                "extras": 1,
                "total": 1
              }
            },
            {
              "batter": "T Taylor",
              "bowler": "N Dutta",
              "non_striker": "GM Strydom",
              "runs": {
                "batter": 0,
                "extras": 0,
                "total": 0
              }
            },
            {
              "batter": "T Taylor",
              "bowler": "N Dutta",
              "non_striker": "GM Strydom",
              "runs": {
                "batter": 6,
                "extras": 0,
                "total": 6
              }
            }
          ]
        },
        {
          "over": 12,
          "deliveries": [
            {
              "batter": "GM Strydom",
              "bowler": "Saad Bin Zafar",
              "non_striker": "T Taylor",
              "runs": {
                "batter": 0,
                "extras": 0,
                "total": 0
              }
            },
            {
              "batter": "GM Strydom",
              "bowler": "Saad Bin Zafar",
              "non_striker": "T Taylor",
              "runs": {
                "batter": 0,
                "extras": 0,
                "total": 0
              }
            },
            {
              "batter": "GM Strydom",
              "bowler": "Saad Bin Zafar",
              "non_striker": "T Taylor",
              "runs": {
                "batter": 6,
                "extras": 0,
                "total": 6
              }
            },
            {
              "batter": "GM Strydom",
              "bowler": "Saad Bin Zafar",
              "non_striker": "T Taylor",
              "runs": {
                "batter": 4,
                "extras": 0,
                "total": 4
              }
            },
            {
              "batter": "GM Strydom",
              "bowler": "Saad Bin Zafar",
              "non_striker": "T Taylor",
              "runs": {
                "batter": 2,
                "extras": 0,
                "total": 2
              }
            },
            {
              "batter": "GM Strydom",
              "bowler": "Saad Bin Zafar",
              "non_striker": "T Taylor",
              "runs": {
                "batter": 1,
                "extras": 0,
                "total": 1
              }
            }
          ]
        },
        {
          "over": 13,
          "deliveries": [
            {
              "batter": "GM Strydom",
              "bowler": "N Dutta",
              "non_striker": "T Taylor",
              "runs": {
                "batter": 6,
                "extras": 0,
                "total": 6
              }
            },
            {
              "batter": "GM Strydom",
              "bowler": "N Dutta",
              "non_striker": "T Taylor",
              "runs": {
                "batter": 1,
                "extras": 0,
                "total": 1
              }
            },
            {
              "batter": "GM Strydom",
              "bowler": "N Dutta",
              "non_striker": "T Taylor",
              "runs": {
                "batter": 0,
                "extras": 0,
                "total": 0
              },
              "wickets": [
                {
                  "kind": "caught",
                  "player_out": "GM Strydom",
                  "fielders": [
                    {
                      "name": "NS Dhaliwal"
                    }
                  ]
                }
              ]
            },
            {
              "batter": "C Wright",
              "bowler": "N Dutta",
              "non_striker": "T Taylor",
              "runs": {
                "batter": 2,
                "extras": 0,
                "total": 2
              }
            },
            {
              "batter": "C Wright",
              "bowler": "N Dutta",
              "non_striker": "T Taylor",
              "runs": {
                "batter": 0,
                "extras": 0,
                "total": 0
              }
            },
            {
              "batter": "C Wright",
              "bowler": "N Dutta",
              "non_striker": "T Taylor",
              "runs": {
                "batter": 0,
                "extras": 0,
                "total": 0
              }
            }
          ]
        },
        {
          "over": 14,
          "deliveries": [
            {
              "batter": "T Taylor",
              "bowler": "Saad Bin Zafar",
              "non_striker": "C Wright",
              "runs": {
                "batter": 0,
                "extras": 0,
                "total": 0
              }
            },
            {
              "batter": "T Taylor",
              "bowler": "Saad Bin Zafar",
              "non_striker": "C Wright",
              "runs": {
                "batter": 0,
                "extras": 0,
                "total": 0
              }
            },
            {
              "batter": "T Taylor",
              "bowler": "Saad Bin Zafar",
              "non_striker": "C Wright",
              "runs": {
                "batter": 0,
                "extras": 0,
                "total": 0
              }
            },
            {
              "batter": "T Taylor",
              "bowler": "Saad Bin Zafar",
              "non_striker": "C Wright",
              "runs": {
                "batter": 1,
                "extras": 0,
                "total": 1
              }
            },
            {
              "batter": "C Wright",
              "bowler": "Saad Bin Zafar",
              "non_striker": "T Taylor",
              "runs": {
                "batter": 0,
                "extras": 0,
                "total": 0
              }
            },
            {
              "batter": "C Wright",
              "bowler": "Saad Bin Zafar",
              "non_striker": "T Taylor",
              "runs": {
                "batter": 1,
                "extras": 0,
                "total": 1
              }
            }
          ]
        },
        {
          "over": 15,
          "deliveries": [
            {
              "batter": "C Wright",
              "bowler": "N Dutta",
              "non_striker": "T Taylor",
              "runs": {
                "batter": 0,
                "extras": 0,
                "total": 0
              }
            },
            {
              "batter": "C Wright",
              "bowler": "N Dutta",
              "non_striker": "T Taylor",
              "runs": {
                "batter": 1,
                "extras": 0,
                "total": 1
              }
            },
            {
              "batter": "T Taylor",
              "bowler": "N Dutta",
              "non_striker": "C Wright",
              "runs": {
                "batter": 6,
                "extras": 0,
                "total": 6
              }
            },
            {
              "batter": "T Taylor",
              "bowler": "N Dutta",
              "non_striker": "C Wright",
              "runs": {
                "batter": 0,
                "extras": 0,
                "total": 0
              }
            },
            {
              "batter": "T Taylor",
              "bowler": "N Dutta",
              "non_striker": "C Wright",
              "runs": {
                "batter": 1,
                "extras": 0,
                "total": 1
              }
            },
            {
              "batter": "C Wright",
              "bowler": "N Dutta",
              "extras": {
                "noballs": 1
              },
              "non_striker": "T Taylor",
              "runs": {
                "batter": 4,
                "extras": 1,
                "total": 5
              }
            },
            {
              "batter": "C Wright",
              "bowler": "N Dutta",
              "non_striker": "T Taylor",
              "runs": {
                "batter": 0,
                "extras": 0,
                "total": 0
              }
            }
          ]
        },
        {
          "over": 16,
          "deliveries": [
            {
              "batter": "T Taylor",
              "bowler": "D Heyliger",
              "non_striker": "C Wright",
              "runs": {
                "batter": 0,
                "extras": 0,
                "total": 0
              }
            },
            {
              "batter": "T Taylor",
              "bowler": "D Heyliger",
              "non_striker": "C Wright",
              "runs": {
                "batter": 0,
                "extras": 0,
                "total": 0
              }
            },
            {
              "batter": "T Taylor",
              "bowler": "D Heyliger",
              "non_striker": "C Wright",
              "runs": {
                "batter": 0,
                "extras": 0,
                "total": 0
              }
            },
            {
              "batter": "C Wright",
              "bowler": "D Heyliger",
              "non_striker": "T Taylor",
              "runs": {
                "batter": 1,
                "extras": 0,
                "total": 1
              }
            },
            {
              "batter": "T Taylor",
              "bowler": "D Heyliger",
              "non_striker": "C Wright",
              "runs": {
                "batter": 0,
                "extras": 0,
                "total": 0
              }
            },
            {
              "batter": "C Wright",
              "bowler": "D Heyliger",
              "non_striker": "T Taylor",
              "runs": {
                "batter": 2,
                "extras": 0,
                "total": 2
              }
            }
          ]
        },
        {
          "over": 17,
          "deliveries": [
            {
              "batter": "C Wright",
              "bowler": "GDR Eranga",
              "non_striker": "T Taylor",
              "runs": {
                "batter": 1,
                "extras": 0,
                "total": 1
              }
            },
            {
              "batter": "T Taylor",
              "bowler": "GDR Eranga",
              "non_striker": "C Wright",
              "runs": {
                "batter": 0,
                "extras": 0,
                "total": 0
              }
            },
            {
              "batter": "T Taylor",
              "bowler": "GDR Eranga",
              "non_striker": "C Wright",
              "runs": {
                "batter": 1,
                "extras": 0,
                "total": 1
              }
            },
            {
              "batter": "C Wright",
              "bowler": "GDR Eranga",
              "non_striker": "T Taylor",
              "runs": {
                "batter": 1,
                "extras": 0,
                "total": 1
              }
            },
            {
              "batter": "T Taylor",
              "bowler": "GDR Eranga",
              "non_striker": "C Wright",
              "runs": {
                "batter": 0,
                "extras": 0,
                "total": 0
              }
            },
            {
              "batter": "T Taylor",
              "bowler": "GDR Eranga",
              "extras": {
                "noballs": 1
              },
              "non_striker": "C Wright",
              "runs": {
                "batter": 0,
                "extras": 1,
                "total": 1
              }
            },
            {
              "batter": "T Taylor",
              "bowler": "GDR Eranga",
              "extras": {
                "wides": 1
              },
              "non_striker": "C Wright",
              "runs": {
                "batter": 0,
                "extras": 1,
                "total": 1
              }
            },
            {
              "batter": "T Taylor",
              "bowler": "GDR Eranga",
              "non_striker": "C Wright",
              "runs": {
                "batter": 0,
                "extras": 0,
                "total": 0
              }
            }
          ]
        },
        {
          "over": 18,
          "deliveries": [
            {
              "batter": "C Wright",
              "bowler": "D Heyliger",
              "non_striker": "T Taylor",
              "runs": {
                "batter": 1,
                "extras": 0,
                "total": 1
              }
            },
            {
              "batter": "T Taylor",
              "bowler": "D Heyliger",
              "extras": {
                "legbyes": 1
              },
              "non_striker": "C Wright",
              "runs": {
                "batter": 0,
                "extras": 1,
                "total": 1
              }
            },
            {
              "batter": "C Wright",
              "bowler": "D Heyliger",
              "non_striker": "T Taylor",
              "runs": {
                "batter": 1,
                "extras": 0,
                "total": 1
              }
            },
            {
              "batter": "T Taylor",
              "bowler": "D Heyliger",
              "non_striker": "C Wright",
              "runs": {
                "batter": 0,
                "extras": 0,
                "total": 0
              }
            },
            {
              "batter": "T Taylor",
              "bowler": "D Heyliger",
              "non_striker": "C Wright",
              "runs": {
                "batter": 0,
                "extras": 0,
                "total": 0
              }
            },
            {
              "batter": "T Taylor",
              "bowler": "D Heyliger",
              "non_striker": "C Wright",
              "runs": {
                "batter": 0,
                "extras": 0,
                "total": 0
              }
            }
          ]
        },
        {
          "over": 19,
          "deliveries": [
            {
              "batter": "C Wright",
              "bowler": "NS Dhaliwal",
              "non_striker": "T Taylor",
              "runs": {
                "batter": 1,
                "extras": 0,
                "total": 1
              }
            },
            {
              "batter": "T Taylor",
              "bowler": "NS Dhaliwal",
              "non_striker": "C Wright",
              "runs": {
                "batter": 0,
                "extras": 0,
                "total": 0
              }
            },
            {
              "batter": "T Taylor",
              "bowler": "NS Dhaliwal",
              "non_striker": "C Wright",
              "runs": {
                "batter": 0,
                "extras": 0,
                "total": 0
              }
            },
            {
              "batter": "T Taylor",
              "bowler": "NS Dhaliwal",
              "non_striker": "C Wright",
              "runs": {
                "batter": 0,
                "extras": 0,
                "total": 0
              }
            },
            {
              "batter": "T Taylor",
              "bowler": "NS Dhaliwal",
              "non_striker": "C Wright",
              "runs": {
                "batter": 0,
                "extras": 0,
                "total": 0
              }
            },
            {
              "batter": "T Taylor",
              "bowler": "NS Dhaliwal",
              "non_striker": "C Wright",
              "runs": {
                "batter": 0,
                "extras": 0,
                "total": 0
              }
            }
          ]
        }
      ],
      "powerplays": [
        {
          "from": 0.1,
          "to": 5.6,
          "type": "mandatory"
        }
      ],
      "target": {
        "overs": 20,
        "runs": 197
      }
    }
  ]
}