{
  "meta": {
    "data_version": "1.0.0",
    "created": "2019-08-21",
    "revision": 1
  },
  "info": {
    "balls_per_over": 6,
    "city": "Hamilton",
    "dates": [
      "2019-08-21"
    ],
    "event": {
      "name": "ICC Men's T20 World Cup Americas Region Final",
      "match_number": 5
    },
    "gender": "male",
    "match_type": "T20",
    "match_type_number": 857,
    "missing": [
      "player_of_match"
    ],
    "officials": {
      "match_referees": [
        "Reon King"
      ],
      "reserve_umpires": [
        "Emmerson Carrington"
      ],
      "umpires": [
        "JM Williams",
        "H Grewal"
      ]
    },
    "outcome": {
      "winner": "Bermuda",
      "by": {
        "wickets": 6
      }
    },
    "overs": 20,
    "players": {
      "Cayman Islands": [
        "C Hauptfleisch",
        "YSD Seneveratne",
        "D Cato",
        "GM Strydom",
        "T Taylor",
        "C Wright",
        "P Manning",
        "LHB Harrington-Myers",
        "KR Ebanks",
        "A Morris",
        "AF Ifill"
      ],
      "Bermuda": [
        "O Bascome",
        "TS Fray",
        "OGL Bascome",
        "DMW Rawlins",
        "KS Leverock",
        "RJ Trott",
        "JE Pitcher",
        "DAP Darrell",
        "AC Douglas",
        "MO Jones",
        "GH O'Brien"
      ]
    },
    "registry": {
      "people": {
        "A Morris": "04cf2e94",
        "AC Douglas": "f86ce673",
        "AF Ifill": "0e6c2f00",
        "C Hauptfleisch": "c8a18d94",
        "C Wright": "d465c6d7",
        "D Cato": "2f1c0815",
        "DAP Darrell": "56f53516",
        "DMW Rawlins": "f1eb3c73",
        "Emmerson Carrington": "a428109a",
        "GH O'Brien": "7bbeac6d",
        "GM Strydom": "5dc19220",
        "H Grewal": "1172f36e",
        "JE Pitcher": "ab126ea8",
        "JM Williams": "b61d9d70",
        "KR Ebanks": "e52eb657",
        "KS Leverock": "e1592949",
        "LHB Harrington-Myers": "91136091",
        "MO Jones": "0e0afd8b",
        "O Bascome": "3cc58287",
        "OGL Bascome": "94a1827c",
        "P Manning": "f06b5585",
        "RJ Trott": "52f96571",
        "Reon King": "20fbf68c",
        "T Taylor": "1d6e8f52",
        "TS Fray": "c7537f8a",
        "YSD Seneveratne": "0f71478c"
      }
    },
    "season": "2019",
    "team_type": "international",
    "teams": [
      "Bermuda",
      "Cayman Islands"
    ],
    "toss": {
      "decision": "bat",
      "winner": "Cayman Islands"
    },
    "venue": "White Hill Field, Sandys Parish"
  },
  "innings": [
    {
      "team": "Cayman Islands",
      "overs": [
        {
          "over": 0,
          "deliveries": [
            {
              "batter": "C Hauptfleisch",
              "bowler": "GH O'Brien",
              "extras": {
                "legbyes": 1
              },
              "non_striker": "YSD Seneveratne",
              "runs": {
                "batter": 0,
                "extras": 1,
                "total": 1
              }
            },
            {
              "batter": "YSD Seneveratne",
              "bowler": "GH O'Brien",
              "non_striker": "C Hauptfleisch",
              "runs": {
                "batter": 0,
                "extras": 0,
                "total": 0
              }
            },
            {
              "batter": "YSD Seneveratne",
              "bowler": "GH O'Brien",
              "non_striker": "C Hauptfleisch",
              "runs": {
                "batter": 0,
                "extras": 0,
                "total": 0
              }
            },
            {
              "batter": "YSD Seneveratne",
              "bowler": "GH O'Brien",
              "non_striker": "C Hauptfleisch",
              "runs": {
                "batter": 1,
                "extras": 0,
                "total": 1
              }
            },
            {
              "batter": "C Hauptfleisch",
              "bowler": "GH O'Brien",
              "non_striker": "YSD Seneveratne",
              "runs": {
                "batter": 0,
                "extras": 0,
                "total": 0
              }
            },
            {
              "batter": "C Hauptfleisch",
              "bowler": "GH O'Brien",
              "non_striker": "YSD Seneveratne",
              "runs": {
                "batter": 0,
                "extras": 0,
                "total": 0
              }
            }
          ]
        },
        {
          "over": 1,
          "deliveries": [
            {
              "batter": "YSD Seneveratne",
              "bowler": "JE Pitcher",
              "extras": {
                "wides": 1
              },
              "non_striker": "C Hauptfleisch",
              "runs": {
                "batter": 0,
                "extras": 1,
                "total": 1
              }
            },
            {
              "batter": "YSD Seneveratne",
              "bowler": "JE Pitcher",
              "non_striker": "C Hauptfleisch",
              "runs": {
                "batter": 4,
                "extras": 0,
                "total": 4
              }
            },
            {
              "batter": "YSD Seneveratne",
              "bowler": "JE Pitcher",
              "non_striker": "C Hauptfleisch",
              "runs": {
                "batter": 0,
                "extras": 0,
                "total": 0
              }
            },
            {
              "batter": "YSD Seneveratne",
              "bowler": "JE Pitcher",
              "non_striker": "C Hauptfleisch",
              "runs": {
                "batter": 0,
                "extras": 0,
                "total": 0
              }
            },
            {
              "batter": "YSD Seneveratne",
              "bowler": "JE Pitcher",
              "non_striker": "C Hauptfleisch",
              "runs": {
                "batter": 0,
                "extras": 0,
                "total": 0
              }
            },
            {
              "batter": "YSD Seneveratne",
              "bowler": "JE Pitcher",
              "non_striker": "C Hauptfleisch",
              "runs": {
                "batter": 4,
                "extras": 0,
                "total": 4
              }
            },
            {
              "batter": "YSD Seneveratne",
              "bowler": "JE Pitcher",
              "non_striker": "C Hauptfleisch",
              "runs": {
                "batter": 1,
                "extras": 0,
                "total": 1
              }
            }
          ]
        },
        {
          "over": 2,
          "deliveries": [
            {
              "batter": "YSD Seneveratne",
              "bowler": "GH O'Brien",
              "non_striker": "C Hauptfleisch",
              "runs": {
                "batter": 0,
                "extras": 0,
                "total": 0
              }
            },
            {
              "batter": "YSD Seneveratne",
              "bowler": "GH O'Brien",
              "non_striker": "C Hauptfleisch",
              "runs": {
                "batter": 0,
                "extras": 0,
                "total": 0
              }
            },
            {
              "batter": "YSD Seneveratne",
              "bowler": "GH O'Brien",
              "non_striker": "C Hauptfleisch",
              "runs": {
                "batter": 0,
                "extras": 0,
                "total": 0
              }
            },
            {
              "batter": "YSD Seneveratne",
              "bowler": "GH O'Brien",
              "non_striker": "C Hauptfleisch",
              "runs": {
                "batter": 0,
                "extras": 0,
                "total": 0
              }
            },
            {
              "batter": "YSD Seneveratne",
              "bowler": "GH O'Brien",
              "non_striker": "C Hauptfleisch",
              "runs": {
                "batter": 0,
                "extras": 0,
                "total": 0
              }
            },
            {
              "batter": "YSD Seneveratne",
              "bowler": "GH O'Brien",
              "non_striker": "C Hauptfleisch",
              "runs": {
                "batter": 0,
                "extras": 0,
                "total": 0
              }
            }
          ]
        },
        {
          "over": 3,
          "deliveries": [
            {
              "batter": "C Hauptfleisch",
              "bowler": "MO Jones",
              "non_striker": "YSD Seneveratne",
              "runs": {
                "batter": 0,
                "extras": 0,
                "total": 0
              }
            },
            {
              "batter": "C Hauptfleisch",
              "bowler": "MO Jones",
              "non_striker": "YSD Seneveratne",
              "runs": {
                "batter": 0,
                "extras": 0,
                "total": 0
              }
            },
            {
              "batter": "C Hauptfleisch",
              "bowler": "MO Jones",
              "extras": {
                "wides": 1
              },
              "non_striker": "YSD Seneveratne",
              "runs": {
                "batter": 0,
                "extras": 1,
                "total": 1
              }
            },
            {
              "batter": "C Hauptfleisch",
              "bowler": "MO Jones",
              "non_striker": "YSD Seneveratne",
              "runs": {
                "batter": 0,
                "extras": 0,
                "total": 0
              }
            },
            {
              "batter": "C Hauptfleisch",
              "bowler": "MO Jones",
              "non_striker": "YSD Seneveratne",
              "runs": {
                "batter": 0,
                "extras": 0,
                "total": 0
              }
            },
            {
              "batter": "C Hauptfleisch",
              "bowler": "MO Jones",
              "non_striker": "YSD Seneveratne",
              "runs": {
                "batter": 1,
                "extras": 0,
                "total": 1
              }
            },
            {
              "batter": "YSD Seneveratne",
              "bowler": "MO Jones",
              "non_striker": "C Hauptfleisch",
              "runs": {
                "batter": 6,
                "extras": 0,
                "total": 6
              }
            }
          ]
        },
        {
          "over": 4,
          "deliveries": [
            {
              "batter": "C Hauptfleisch",
              "bowler": "GH O'Brien",
              "non_striker": "YSD Seneveratne",
              "runs": {
                "batter": 1,
                "extras": 0,
                "total": 1
              }
            },
            {
              "batter": "YSD Seneveratne",
              "bowler": "GH O'Brien",
              "non_striker": "C Hauptfleisch",
              "runs": {
                "batter": 1,
                "extras": 0,
                "total": 1
              }
            },
            {
              "batter": "C Hauptfleisch",
              "bowler": "GH O'Brien",
              "non_striker": "YSD Seneveratne",
              "runs": {
                "batter": 2,
                "extras": 0,
                "total": 2
              }
            },
            {
              "batter": "C Hauptfleisch",
              "bowler": "GH O'Brien",
              "extras": {
                "wides": 2
              },
              "non_striker": "YSD Seneveratne",
              "runs": {
                "batter": 0,
                "extras": 2,
                "total": 2
              }
            },
            {
              "batter": "YSD Seneveratne",
              "bowler": "GH O'Brien",
              "non_striker": "C Hauptfleisch",
              "runs": {
                "batter": 1,
                "extras": 0,
                "total": 1
              }
            },
            {
              "batter": "C Hauptfleisch",
              "bowler": "GH O'Brien",
              "non_striker": "YSD Seneveratne",
              "runs": {
                "batter": 1,
                "extras": 0,
                "total": 1
              }
            },
            {
              "batter": "YSD Seneveratne",
              "bowler": "GH O'Brien",
              "non_striker": "C Hauptfleisch",
              "runs": {
                "batter": 0,
                "extras": 0,
                "total": 0
              }
            }
          ]
        },
        {
          "over": 5,
          "deliveries": [
            {
              "batter": "C Hauptfleisch",
              "bowler": "MO Jones",
              "non_striker": "YSD Seneveratne",
              "runs": {
                "batter": 0,
                "extras": 0,
                "total": 0
              }
            },
            {
              "batter": "C Hauptfleisch",
              "bowler": "MO Jones",
              "non_striker": "YSD Seneveratne",
              "runs": {
                "batter": 1,
                "extras": 0,
                "total": 1
              }
            },
            {
              "batter": "YSD Seneveratne",
              "bowler": "MO Jones",
              "non_striker": "C Hauptfleisch",
              "runs": {
                "batter": 0,
                "extras": 0,
                "total": 0
              }
            },
            {
              "batter": "YSD Seneveratne",
              "bowler": "MO Jones",
              "non_striker": "C Hauptfleisch",
              "runs": {
                "batter": 1,
                "extras": 0,
                "total": 1
              }
            },
            {
              "batter": "C Hauptfleisch",
              "bowler": "MO Jones",
              "non_striker": "YSD Seneveratne",
              "runs": {
                "batter": 1,
                "extras": 0,
                "total": 1
              }
            },
            {
              "batter": "YSD Seneveratne",
              "bowler": "MO Jones",
              "non_striker": "C Hauptfleisch",
              "runs": {
                "batter": 0,
                "extras": 0,
                "total": 0
              }
            }
          ]
        },
        {
          "over": 6,
          "deliveries": [
            {
              "batter": "C Hauptfleisch",
              "bowler": "RJ Trott",
              "non_striker": "YSD Seneveratne",
              "runs": {
                "batter": 1,
                "extras": 0,
                "total": 1
              }
            },
            {
              "batter": "YSD Seneveratne",
              "bowler": "RJ Trott",
              "non_striker": "C Hauptfleisch",
              "runs": {
                "batter": 0,
                "extras": 0,
                "total": 0
              }
            },
            {
              "batter": "YSD Seneveratne",
              "bowler": "RJ Trott",
              "non_striker": "C Hauptfleisch",
              "runs": {
                "batter": 0,
                "extras": 0,
                "total": 0
              },
              "wickets": [
                {
                  "kind": "caught",
                  "player_out": "YSD Seneveratne",
                  "fielders": [
                    {
                      "name": "AC Douglas"
                    }
                  ]
                }
              ]
            },
            {
              "batter": "D Cato",
              "bowler": "RJ Trott",
              "non_striker": "C Hauptfleisch",
              "runs": {
                "batter": 1,
                "extras": 0,
                "total": 1
              }
            },
            {
              "batter": "C Hauptfleisch",
              "bowler": "RJ Trott",
              "non_striker": "D Cato",
              "runs": {
                "batter": 1,
                "extras": 0,
                "total": 1
              }
            },
            {
              "batter": "D Cato",
              "bowler": "RJ Trott",
              "non_striker": "C Hauptfleisch",
              "runs": {
                "batter": 0,
                "extras": 0,
                "total": 0
              }
            }
          ]
        },
        {
          "over": 7,
          "deliveries": [
            {
              "batter": "C Hauptfleisch",
              "bowler": "DMW Rawlins",
              "extras": {
                "wides": 1
              },
              "non_striker": "D Cato",
              "runs": {
                "batter": 0,
                "extras": 1,
                "total": 1
              }
            },
            {
              "batter": "C Hauptfleisch",
              "bowler": "DMW Rawlins",
              "non_striker": "D Cato",
              "runs": {
                "batter": 1,
                "extras": 0,
                "total": 1
              }
            },
            {
              "batter": "D Cato",
              "bowler": "DMW Rawlins",
              "non_striker": "C Hauptfleisch",
              "runs": {
                "batter": 0,
                "extras": 0,
                "total": 0
              }
            },
            {
              "batter": "D Cato",
              "bowler": "DMW Rawlins",
              "non_striker": "C Hauptfleisch",
              "runs": {
                "batter": 2,
                "extras": 0,
                "total": 2
              }
            },
            {
              "batter": "D Cato",
              "bowler": "DMW Rawlins",
              "extras": {
                "legbyes": 1
              },
              "non_striker": "C Hauptfleisch",
              "runs": {
                "batter": 0,
                "extras": 1,
                "total": 1
              }
            },
            {
              "batter": "C Hauptfleisch",
              "bowler": "DMW Rawlins",
              "non_striker": "D Cato",
              "runs": {
                "batter": 0,
                "extras": 0,
                "total": 0
              }
            },
            {
              "batter": "C Hauptfleisch",
              "bowler": "DMW Rawlins",
              "non_striker": "D Cato",
              "runs": {
                "batter": 1,
                "extras": 0,
                "total": 1
              }
            }
          ]
        },
        {
          "over": 8,
          "deliveries": [
            {
              "batter": "C Hauptfleisch",
              "bowler": "RJ Trott",
              "non_striker": "D Cato",
              "runs": {
                "batter": 1,
                "extras": 0,
                "total": 1
              }
            },
            {
              "batter": "D Cato",
              "bowler": "RJ Trott",
              "non_striker": "C Hauptfleisch",
              "runs": {
                "batter": 0,
                "extras": 0,
                "total": 0
              }
            },
            {
              "batter": "D Cato",
              "bowler": "RJ Trott",
              "non_striker": "C Hauptfleisch",
              "runs": {
                "batter": 0,
                "extras": 0,
                "total": 0
              }
            },
            {
              "batter": "D Cato",
              "bowler": "RJ Trott",
              "non_striker": "C Hauptfleisch",
              "runs": {
                "batter": 0,
                "extras": 0,
                "total": 0
              }
            },
            {
              "batter": "D Cato",
              "bowler": "RJ Trott",
              "non_striker": "C Hauptfleisch",
              "runs": {
                "batter": 0,
                "extras": 0,
                "total": 0
              }
            },
            {
              "batter": "D Cato",
              "bowler": "RJ Trott",
              "non_striker": "C Hauptfleisch",
              "runs": {
                "batter": 0,
                "extras": 0,
                "total": 0
              }
            }
          ]
        },
        {
          "over": 9,
          "deliveries": [
            {
              "batter": "C Hauptfleisch",
              "bowler": "DMW Rawlins",
              "non_striker": "D Cato",
              "runs": {
                "batter": 1,
                "extras": 0,
                "total": 1
              }
            },
            {
              "batter": "D Cato",
              "bowler": "DMW Rawlins",
              "non_striker": "C Hauptfleisch",
              "runs": {
                "batter": 0,
                "extras": 0,
                "total": 0
              }
            },
            {
              "batter": "D Cato",
              "bowler": "DMW Rawlins",
              "non_striker": "C Hauptfleisch",
              "runs": {
                "batter": 0,
                "extras": 0,
                "total": 0
              }
            },
            {
              "batter": "D Cato",
              "bowler": "DMW Rawlins",
              "non_striker": "C Hauptfleisch",
              "runs": {
                "batter": 0,
                "extras": 0,
                "total": 0
              }
            },
            {
              "batter": "D Cato",
              "bowler": "DMW Rawlins",
              "non_striker": "C Hauptfleisch",
              "runs": {
                "batter": 0,
                "extras": 0,
                "total": 0
              }
            },
            {
              "batter": "D Cato",
              "bowler": "DMW Rawlins",
              "non_striker": "C Hauptfleisch",
              "runs": {
                "batter": 0,
                "extras": 0,
                "total": 0
              }
            }
          ]
        },
        {
          "over": 10,
          "deliveries": [
            {
              "batter": "C Hauptfleisch",
              "bowler": "RJ Trott",
              "non_striker": "D Cato",
              "runs": {
                "batter": 1,
                "extras": 0,
                "total": 1
              }
            },
            {
              "batter": "D Cato",
              "bowler": "RJ Trott",
              "non_striker": "C Hauptfleisch",
              "runs": {
                "batter": 4,
                "extras": 0,
                "total": 4
              }
            },
            {
              "batter": "D Cato",
              "bowler": "RJ Trott",
              "non_striker": "C Hauptfleisch",
              "runs": {
                "batter": 0,
                "extras": 0,
                "total": 0
              }
            },
            {
              "batter": "D Cato",
              "bowler": "RJ Trott",
              "non_striker": "C Hauptfleisch",
              "runs": {
                "batter": 1,
                "extras": 0,
                "total": 1
              }
            },
            {
              "batter": "C Hauptfleisch",
              "bowler": "RJ Trott",
              "non_striker": "D Cato",
              "runs": {
                "batter": 0,
                "extras": 0,
                "total": 0
              }
            },
            {
              "batter": "C Hauptfleisch",
              "bowler": "RJ Trott",
              "non_striker": "D Cato",
              "runs": {
                "batter": 0,
                "extras": 0,
                "total": 0
              }
            }
          ]
        },
        {
          "over": 11,
          "deliveries": [
            {
              "batter": "D Cato",
              "bowler": "DMW Rawlins",
              "non_striker": "C Hauptfleisch",
              "runs": {
                "batter": 0,
                "extras": 0,
                "total": 0
              }
            },
            {
              "batter": "D Cato",
              "bowler": "DMW Rawlins",
              "non_striker": "C Hauptfleisch",
              "runs": {
                "batter": 2,
                "extras": 0,
                "total": 2
              }
            },
            {
              "batter": "D Cato",
              "bowler": "DMW Rawlins",
              "non_striker": "C Hauptfleisch",
              "runs": {
                "batter": 0,
                "extras": 0,
                "total": 0
              }
            },
            {
              "batter": "D Cato",
              "bowler": "DMW Rawlins",
              "extras": {
                "wides": 5
              },
              "non_striker": "C Hauptfleisch",
              "runs": {
                "batter": 0,
                "extras": 5,
                "total": 5
              }
            },
            {
              "batter": "D Cato",
              "bowler": "DMW Rawlins",
              "non_striker": "C Hauptfleisch",
              "runs": {
                "batter": 1,
                "extras": 0,
                "total": 1
              }
            },
            {
              "batter": "C Hauptfleisch",
              "bowler": "DMW Rawlins",
              "non_striker": "D Cato",
              "runs": {
                "batter": 1,
                "extras": 0,
                "total": 1
              }
            },
            {
              "batter": "D Cato",
              "bowler": "DMW Rawlins",
              "non_striker": "C Hauptfleisch",
              "runs": {
                "batter": 0,
                "extras": 0,
                "total": 0
              }
            }
          ]
        },
        {
          "over": 12,
          "deliveries": [
            {
              "batter": "C Hauptfleisch",
              "bowler": "KS Leverock",
              "non_striker": "D Cato",
              "runs": {
                "batter": 2,
                "extras": 0,
                "total": 2
              }
            },
            {
              "batter": "C Hauptfleisch",
              "bowler": "KS Leverock",
              "non_striker": "D Cato",
              "runs": {
                "batter": 4,
                "extras": 0,
                "total": 4
              }
            },
            {
              "batter": "C Hauptfleisch",
              "bowler": "KS Leverock",
              "non_striker": "D Cato",
              "runs": {
                "batter": 4,
                "extras": 0,
                "total": 4
              }
            },
            {
              "batter": "C Hauptfleisch",
              "bowler": "KS Leverock",
              "non_striker": "D Cato",
              "runs": {
                "batter": 4,
                "extras": 0,
                "total": 4
              }
            },
            {
              "batter": "C Hauptfleisch",
              "bowler": "KS Leverock",
              "extras": {
                "byes": 1
              },
              "non_striker": "D Cato",
              "runs": {
                "batter": 0,
                "extras": 1,
                "total": 1
              }
            },
            {
              "batter": "D Cato",
              "bowler": "KS Leverock",
              "non_striker": "C Hauptfleisch",
              "runs": {
                "batter": 2,
                "extras": 0,
                "total": 2
              }
            }
          ]
        },
        {
          "over": 13,
          "deliveries": [
            {
              "batter": "C Hauptfleisch",
              "bowler": "MO Jones",
              "non_striker": "D Cato",
              "runs": {
                "batter": 1,
                "extras": 0,
                "total": 1
              }
            },
            {
              "batter": "D Cato",
              "bowler": "MO Jones",
              "non_striker": "C Hauptfleisch",
              "runs": {
                "batter": 1,
                "extras": 0,
                "total": 1
              }
            },
            {
              "batter": "C Hauptfleisch",
              "bowler": "MO Jones",
              "non_striker": "D Cato",
              "runs": {
                "batter": 1,
                "extras": 0,
                "total": 1
              }
            },
            {
              "batter": "D Cato",
              "bowler": "MO Jones",
              "non_striker": "C Hauptfleisch",
              "runs": {
                "batter": 1,
                "extras": 0,
                "total": 1
              }
            },
            {
              "batter": "C Hauptfleisch",
              "bowler": "MO Jones",
              "non_striker": "D Cato",
              "runs": {
                "batter": 1,
                "extras": 0,
                "total": 1
              }
            },
            {
              "batter": "D Cato",
              "bowler": "MO Jones",
              "extras": {
                "noballs": 1
              },
              "non_striker": "C Hauptfleisch",
              "runs": {
                "batter": 4,
                "extras": 1,
                "total": 5
              }
            },
            {
              "batter": "D Cato",
              "bowler": "MO Jones",
              "non_striker": "C Hauptfleisch",
              "runs": {
                "batter": 1,
                "extras": 0,
                "total": 1
              }
            }
          ]
        },
        {
          "over": 14,
          "deliveries": [
            {
              "batter": "D Cato",
              "bowler": "OGL Bascome",
              "non_striker": "C Hauptfleisch",
              "runs": {
                "batter": 0,
                "extras": 0,
                "total": 0
              }
            },
            {
              "batter": "D Cato",
              "bowler": "OGL Bascome",
              "non_striker": "C Hauptfleisch",
              "runs": {
                "batter": 0,
                "extras": 0,
                "total": 0
              },
              "wickets": [
                {
                  "kind": "run out",
                  "player_out": "D Cato",
                  "fielders": [
                    {
                      "name": "DAP Darrell"
                    },
                    {
                      "name": "O Bascome"
                    }
                  ]
                }
              ]
            },
            {
              "batter": "GM Strydom",
              "bowler": "OGL Bascome",
              "non_striker": "C Hauptfleisch",
              "runs": {
                "batter": 0,
                "extras": 0,
                "total": 0
              },
              "wickets": [
                {
                  "kind": "caught",
                  "player_out": "GM Strydom",
                  "fielders": [
                    {
                      "name": "DMW Rawlins"
                    }
                  ]
                }
              ]
            },
            {
              "batter": "C Hauptfleisch",
              "bowler": "OGL Bascome",
              "non_striker": "T Taylor",
              "runs": {
                "batter": 1,
                "extras": 0,
                "total": 1
              }
            },
            {
              "batter": "T Taylor",
              "bowler": "OGL Bascome",
              "non_striker": "C Hauptfleisch",
              "runs": {
                "batter": 0,
                "extras": 0,
                "total": 0
              }
            },
            {
              "batter": "T Taylor",
              "bowler": "OGL Bascome",
              "non_striker": "C Hauptfleisch",
              "runs": {
                "batter": 1,
                "extras": 0,
                "total": 1
              }
            }
          ]
        },
        {
          "over": 15,
          "deliveries": [
            {
              "batter": "T Taylor",
              "bowler": "DMW Rawlins",
              "non_striker": "C Hauptfleisch",
              "runs": {
                "batter": 1,
                "extras": 0,
                "total": 1
              }
            },
            {
              "batter": "C Hauptfleisch",
              "bowler": "DMW Rawlins",
              "non_striker": "T Taylor",
              "runs": {
                "batter": 1,
                "extras": 0,
                "total": 1
              }
            },
            {
              "batter": "T Taylor",
              "bowler": "DMW Rawlins",
              "non_striker": "C Hauptfleisch",
              "runs": {
                "batter": 0,
                "extras": 0,
                "total": 0
              }
            },
            {
              "batter": "T Taylor",
              "bowler": "DMW Rawlins",
              "non_striker": "C Hauptfleisch",
              "runs": {
                "batter": 1,
                "extras": 0,
                "total": 1
              }
            },
            {
              "batter": "C Hauptfleisch",
              "bowler": "DMW Rawlins",
              "non_striker": "T Taylor",
              "runs": {
                "batter": 6,
                "extras": 0,
                "total": 6
              }
            },
            {
              "batter": "C Hauptfleisch",
              "bowler": "DMW Rawlins",
              "non_striker": "T Taylor",
              "runs": {
                "batter": 1,
                "extras": 0,
                "total": 1
              }
            }
          ]
        },
        {
          "over": 16,
          "deliveries": [
            {
              "batter": "C Hauptfleisch",
              "bowler": "OGL Bascome",
              "non_striker": "T Taylor",
              "runs": {
                "batter": 1,
                "extras": 0,
                "total": 1
              }
            },
            {
              "batter": "T Taylor",
              "bowler": "OGL Bascome",
              "non_striker": "C Hauptfleisch",
              "runs": {
                "batter": 0,
                "extras": 0,
                "total": 0
              },
              "wickets": [
                {
                  "kind": "caught",
                  "player_out": "T Taylor",
                  "fielders": [
                    {
                      "name": "DMW Rawlins"
                    }
                  ]
                }
              ]
            },
            {
              "batter": "C Wright",
              "bowler": "OGL Bascome",
              "non_striker": "C Hauptfleisch",
              "runs": {
                "batter": 0,
                "extras": 0,
                "total": 0
              },
              "wickets": [
                {
                  "kind": "bowled",
                  "player_out": "C Wright"
                }
              ]
            },
            {
              "batter": "P Manning",
              "bowler": "OGL Bascome",
              "non_striker": "C Hauptfleisch",
              "runs": {
                "batter": 1,
                "extras": 0,
                "total": 1
              }
            },
            {
              "batter": "C Hauptfleisch",
              "bowler": "OGL Bascome",
              "non_striker": "P Manning",
              "runs": {
                "batter": 0,
                "extras": 0,
                "total": 0
              },
              "wickets": [
                {
                  "kind": "caught",
                  "player_out": "C Hauptfleisch",
                  "fielders": [
                    {
                      "name": "DMW Rawlins"
                    }
                  ]
                }
              ]
            },
            {
              "batter": "P Manning",
              "bowler": "OGL Bascome",
              "non_striker": "LHB Harrington-Myers",
              "runs": {
                "batter": 1,
                "extras": 0,
                "total": 1
              }
            }
          ]
        },
        {
          "over": 17,
          "deliveries": [
            {
              "batter": "P Manning",
              "bowler": "RJ Trott",
              "non_striker": "LHB Harrington-Myers",
              "runs": {
                "batter": 1,
                "extras": 0,
                "total": 1
              }
            },
            {
              "batter": "LHB Harrington-Myers",
              "bowler": "RJ Trott",
              "non_striker": "P Manning",
              "runs": {
                "batter": 1,
                "extras": 0,
                "total": 1
              }
            },
            {
              "batter": "P Manning",
              "bowler": "RJ Trott",
              "non_striker": "LHB Harrington-Myers",
              "runs": {
                "batter": 1,
                "extras": 0,
                "total": 1
              }
            },
            {
              "batter": "LHB Harrington-Myers",
              "bowler": "RJ Trott",
              "non_striker": "P Manning",
              "runs": {
                "batter": 1,
                "extras": 0,
                "total": 1
              }
            },
            {
              "batter": "P Manning",
              "bowler": "RJ Trott",
              "non_striker": "LHB Harrington-Myers",
              "runs": {
                "batter": 1,
                "extras": 0,
                "total": 1
              }
            },
            {
              "batter": "LHB Harrington-Myers",
              "bowler": "RJ Trott",
              "non_striker": "P Manning",
              "runs": {
                "batter": 0,
                "extras": 0,
                "total": 0
              },
              "wickets": [
                {
                  "kind": "caught",
                  "player_out": "LHB Harrington-Myers",
                  "fielders": [
                    {
                      "name": "KS Leverock"
                    }
                  ]
                }
              ]
            }
          ]
        },
        {
          "over": 18,
          "deliveries": [
            {
              "batter": "KR Ebanks",
              "bowler": "OGL Bascome",
              "non_striker": "P Manning",
              "runs": {
                "batter": 1,
                "extras": 0,
                "total": 1
              }
            },
            {
              "batter": "P Manning",
              "bowler": "OGL Bascome",
              "non_striker": "KR Ebanks",
              "runs": {
                "batter": 1,
                "extras": 0,
                "total": 1
              }
            },
            {
              "batter": "KR Ebanks",
              "bowler": "OGL Bascome",
              "non_striker": "P Manning",
              "runs": {
                "batter": 1,
                "extras": 0,
                "total": 1
              }
            },
            {
              "batter": "P Manning",
              "bowler": "OGL Bascome",
              "non_striker": "KR Ebanks",
              "runs": {
                "batter": 1,
                "extras": 0,
                "total": 1
              }
            },
            {
              "batter": "KR Ebanks",
              "bowler": "OGL Bascome",
              "non_striker": "P Manning",
              "runs": {
                "batter": 0,
                "extras": 0,
                "total": 0
              }
            },
            {
              "batter": "KR Ebanks",
              "bowler": "OGL Bascome",
              "non_striker": "P Manning",
              "runs": {
                "batter": 1,
                "extras": 0,
                "total": 1
              }
            }
          ]
        },
        {
          "over": 19,
          "deliveries": [
            {
              "batter": "KR Ebanks",
              "bowler": "GH O'Brien",
              "non_striker": "P Manning",
              "runs": {
                "batter": 0,
                "extras": 0,
                "total": 0
              },
              "wickets": [
                {
                  "kind": "bowled",
                  "player_out": "KR Ebanks"
                }
              ]
            },
            {
              "batter": "A Morris",
              "bowler": "GH O'Brien",
              "non_striker": "P Manning",
              "runs": {
                "batter": 0,
                "extras": 0,
                "total": 0
              }
            },
            {
              "batter": "A Morris",
              "bowler": "GH O'Brien",
              "non_striker": "P Manning",
              "runs": {
                "batter": 0,
                "extras": 0,
                "total": 0
              }
            },
            {
              "batter": "A Morris",
              "bowler": "GH O'Brien",
              "non_striker": "P Manning",
              "runs": {
                "batter": 0,
                "extras": 0,
                "total": 0
              },
              "wickets": [
                {
                  "kind": "bowled",
                  "player_out": "A Morris"
                }
              ]
            },
            {
              "batter": "AF Ifill",
              "bowler": "GH O'Brien",
              "non_striker": "P Manning",
              "runs": {
                "batter": 0,
                "extras": 0,
                "total": 0
              }
            },
            {
              "batter": "AF Ifill",
              "bowler": "GH O'Brien",
              "non_striker": "P Manning",
              "runs": {
                "batter": 6,
                "extras": 0,
                "total": 6
              }
            }
          ]
        }
      ],
      "powerplays": [
        {
          "from": 0.1,
          "to": 5.6,
          "type": "mandatory"
        }
      ]
    },
    {
      "team": "Bermuda",
      "overs": [
        {
          "over": 0,
          "deliveries": [
            {
              "batter": "O Bascome",
              "bowler": "A Morris",
              "non_striker": "TS Fray",
              "runs": {
                "batter": 1,
                "extras": 0,
                "total": 1
              }
            },
            {
              "batter": "TS Fray",
              "bowler": "A Morris",
              "non_striker": "O Bascome",
              "runs": {
                "batter": 0,
                "extras": 0,
                "total": 0
              }
            },
            {
              "batter": "TS Fray",
              "bowler": "A Morris",
              "non_striker": "O Bascome",
              "runs": {
                "batter": 0,
                "extras": 0,
                "total": 0
              }
            },
            {
              "batter": "TS Fray",
              "bowler": "A Morris",
              "non_striker": "O Bascome",
              "runs": {
                "batter": 0,
                "extras": 0,
                "total": 0
              },
              "wickets": [
                {
                  "kind": "lbw",
                  "player_out": "TS Fray"
                }
              ]
            },
            {
              "batter": "OGL Bascome",
              "bowler": "A Morris",
              "non_striker": "O Bascome",
              "runs": {
                "batter": 0,
                "extras": 0,
                "total": 0
              }
            },
            {
              "batter": "OGL Bascome",
              "bowler": "A Morris",
              "non_striker": "O Bascome",
              "runs": {
                "batter": 0,
                "extras": 0,
                "total": 0
              }
            }
          ]
        },
        {
          "over": 1,
          "deliveries": [
            {
              "batter": "O Bascome",
              "bowler": "KR Ebanks",
              "non_striker": "OGL Bascome",
              "runs": {
                "batter": 1,
                "extras": 0,
                "total": 1
              }
            },
            {
              "batter": "OGL Bascome",
              "bowler": "KR Ebanks",
              "non_striker": "O Bascome",
              "runs": {
                "batter": 0,
                "extras": 0,
                "total": 0
              }
            },
            {
              "batter": "OGL Bascome",
              "bowler": "KR Ebanks",
              "non_striker": "O Bascome",
              "runs": {
                "batter": 0,
                "extras": 0,
                "total": 0
              }
            },
            {
              "batter": "OGL Bascome",
              "bowler": "KR Ebanks",
              "non_striker": "O Bascome",
              "runs": {
                "batter": 0,
                "extras": 0,
                "total": 0
              }
            },
            {
              "batter": "OGL Bascome",
              "bowler": "KR Ebanks",
              "non_striker": "O Bascome",
              "runs": {
                "batter": 0,
                "extras": 0,
                "total": 0
              }
            },
            {
              "batter": "OGL Bascome",
              "bowler": "KR Ebanks",
              "non_striker": "O Bascome",
              "runs": {
                "batter": 0,
                "extras": 0,
                "total": 0
              }
            }
          ]
        },
        {
          "over": 2,
          "deliveries": [
            {
              "batter": "O Bascome",
              "bowler": "AF Ifill",
              "non_striker": "OGL Bascome",
              "runs": {
                "batter": 0,
                "extras": 0,
                "total": 0
              }
            },
            {
              "batter": "O Bascome",
              "bowler": "AF Ifill",
              "non_striker": "OGL Bascome",
              "runs": {
                "batter": 4,
                "extras": 0,
                "total": 4
              }
            },
            {
              "batter": "O Bascome",
              "bowler": "AF Ifill",
              "non_striker": "OGL Bascome",
              "runs": {
                "batter": 0,
                "extras": 0,
                "total": 0
              }
            },
            {
              "batter": "O Bascome",
              "bowler": "AF Ifill",
              "non_striker": "OGL Bascome",
              "runs": {
                "batter": 0,
                "extras": 0,
                "total": 0
              },
              "wickets": [
                {
                  "kind": "caught",
                  "player_out": "O Bascome",
                  "fielders": [
                    {
                      "name": "T Taylor"
                    }
                  ]
                }
              ]
            },
            {
              "batter": "OGL Bascome",
              "bowler": "AF Ifill",
              "non_striker": "DMW Rawlins",
              "runs": {
                "batter": 0,
                "extras": 0,
                "total": 0
              }
            },
            {
              "batter": "OGL Bascome",
              "bowler": "AF Ifill",
              "non_striker": "DMW Rawlins",
              "runs": {
                "batter": 2,
                "extras": 0,
                "total": 2
              }
            }
          ]
        },
        {
          "over": 3,
          "deliveries": [
            {
              "batter": "DMW Rawlins",
              "bowler": "KR Ebanks",
              "non_striker": "OGL Bascome",
              "runs": {
                "batter": 0,
                "extras": 0,
                "total": 0
              }
            },
            {
              "batter": "DMW Rawlins",
              "bowler": "KR Ebanks",
              "extras": {
                "wides": 1
              },
              "non_striker": "OGL Bascome",
              "runs": {
                "batter": 0,
                "extras": 1,
                "total": 1
              }
            },
            {
              "batter": "DMW Rawlins",
              "bowler": "KR Ebanks",
              "non_striker": "OGL Bascome",
              "runs": {
                "batter": 1,
                "extras": 0,
                "total": 1
              }
            },
            {
              "batter": "OGL Bascome",
              "bowler": "KR Ebanks",
              "non_striker": "DMW Rawlins",
              "runs": {
                "batter": 0,
                "extras": 0,
                "total": 0
              }
            },
            {
              "batter": "OGL Bascome",
              "bowler": "KR Ebanks",
              "non_striker": "DMW Rawlins",
              "runs": {
                "batter": 0,
                "extras": 0,
                "total": 0
              }
            },
            {
              "batter": "OGL Bascome",
              "bowler": "KR Ebanks",
              "non_striker": "DMW Rawlins",
              "runs": {
                "batter": 1,
                "extras": 0,
                "total": 1
              }
            },
            {
              "batter": "DMW Rawlins",
              "bowler": "KR Ebanks",
              "non_striker": "OGL Bascome",
              "runs": {
                "batter": 2,
                "extras": 0,
                "total": 2
              }
            }
          ]
        },
        {
          "over": 4,
          "deliveries": [
            {
              "batter": "OGL Bascome",
              "bowler": "C Wright",
              "non_striker": "DMW Rawlins",
              "runs": {
                "batter": 0,
                "extras": 0,
                "total": 0
              }
            },
            {
              "batter": "OGL Bascome",
              "bowler": "C Wright",
              "non_striker": "DMW Rawlins",
              "runs": {
                "batter": 4,
                "extras": 0,
                "total": 4
              }
            },
            {
              "batter": "OGL Bascome",
              "bowler": "C Wright",
              "non_striker": "DMW Rawlins",
              "runs": {
                "batter": 4,
                "extras": 0,
                "total": 4
              }
            },
            {
              "batter": "OGL Bascome",
              "bowler": "C Wright",
              "non_striker": "DMW Rawlins",
              "runs": {
                "batter": 1,
                "extras": 0,
                "total": 1
              }
            },
            {
              "batter": "DMW Rawlins",
              "bowler": "C Wright",
              "non_striker": "OGL Bascome",
              "runs": {
                "batter": 0,
                "extras": 0,
                "total": 0
              }
            },
            {
              "batter": "DMW Rawlins",
              "bowler": "C Wright",
              "non_striker": "OGL Bascome",
              "runs": {
                "batter": 0,
                "extras": 0,
                "total": 0
              }
            }
          ]
        },
        {
          "over": 5,
          "deliveries": [
            {
              "batter": "OGL Bascome",
              "bowler": "KR Ebanks",
              "extras": {
                "wides": 2
              },
              "non_striker": "DMW Rawlins",
              "runs": {
                "batter": 0,
                "extras": 2,
                "total": 2
              }
            },
            {
              "batter": "DMW Rawlins",
              "bowler": "KR Ebanks",
              "non_striker": "OGL Bascome",
              "runs": {
                "batter": 0,
                "extras": 0,
                "total": 0
              }
            },
            {
              "batter": "DMW Rawlins",
              "bowler": "KR Ebanks",
              "non_striker": "OGL Bascome",
              "runs": {
                "batter": 1,
                "extras": 0,
                "total": 1
              }
            },
            {
              "batter": "OGL Bascome",
              "bowler": "KR Ebanks",
              "non_striker": "DMW Rawlins",
              "runs": {
                "batter": 0,
                "extras": 0,
                "total": 0
              }
            },
            {
              "batter": "OGL Bascome",
              "bowler": "KR Ebanks",
              "non_striker": "DMW Rawlins",
              "runs": {
                "batter": 6,
                "extras": 0,
                "total": 6
              }
            },
            {
              "batter": "OGL Bascome",
              "bowler": "KR Ebanks",
              "non_striker": "DMW Rawlins",
              "runs": {
                "batter": 0,
                "extras": 0,
                "total": 0
              }
            },
            {
              "batter": "OGL Bascome",
              "bowler": "KR Ebanks",
              "non_striker": "DMW Rawlins",
              "runs": {
                "batter": 4,
                "extras": 0,
                "total": 4
              }
            }
          ]
        },
        {
          "over": 6,
          "deliveries": [
            {
              "batter": "DMW Rawlins",
              "bowler": "A Morris",
              "non_striker": "OGL Bascome",
              "runs": {
                "batter": 0,
                "extras": 0,
                "total": 0
              }
            },
            {
              "batter": "DMW Rawlins",
              "bowler": "A Morris",
              "non_striker": "OGL Bascome",
              "runs": {
                "batter": 1,
                "extras": 0,
                "total": 1
              }
            },
            {
              "batter": "OGL Bascome",
              "bowler": "A Morris",
              "non_striker": "DMW Rawlins",
              "runs": {
                "batter": 0,
                "extras": 0,
                "total": 0
              }
            },
            {
              "batter": "OGL Bascome",
              "bowler": "A Morris",
              "non_striker": "DMW Rawlins",
              "runs": {
                "batter": 0,
                "extras": 0,
                "total": 0
              },
              "wickets": [
                {
                  "kind": "bowled",
                  "player_out": "OGL Bascome"
                }
              ]
            },
            {
              "batter": "KS Leverock",
              "bowler": "A Morris",
              "non_striker": "DMW Rawlins",
              "runs": {
                "batter": 1,
                "extras": 0,
                "total": 1
              }
            },
            {
              "batter": "DMW Rawlins",
              "bowler": "A Morris",
              "non_striker": "KS Leverock",
              "runs": {
                "batter": 0,
                "extras": 0,
                "total": 0
              }
            }
          ]
        },
        {
          "over": 7,
          "deliveries": [
            {
              "batter": "KS Leverock",
              "bowler": "P Manning",
              "non_striker": "DMW Rawlins",
              "runs": {
                "batter": 1,
                "extras": 0,
                "total": 1
              }
            },
            {
              "batter": "DMW Rawlins",
              "bowler": "P Manning",
              "non_striker": "KS Leverock",
              "runs": {
                "batter": 2,
                "extras": 0,
                "total": 2
              }
            },
            {
              "batter": "DMW Rawlins",
              "bowler": "P Manning",
              "non_striker": "KS Leverock",
              "runs": {
                "batter": 1,
                "extras": 0,
                "total": 1
              }
            },
            {
              "batter": "KS Leverock",
              "bowler": "P Manning",
              "non_striker": "DMW Rawlins",
              "runs": {
                "batter": 1,
                "extras": 0,
                "total": 1
              }
            },
            {
              "batter": "DMW Rawlins",
              "bowler": "P Manning",
              "non_striker": "KS Leverock",
              "runs": {
                "batter": 0,
                "extras": 0,
                "total": 0
              }
            },
            {
              "batter": "DMW Rawlins",
              "bowler": "P Manning",
              "non_striker": "KS Leverock",
              "runs": {
                "batter": 1,
                "extras": 0,
                "total": 1
              }
            }
          ]
        },
        {
          "over": 8,
          "deliveries": [
            {
              "batter": "DMW Rawlins",
              "bowler": "AF Ifill",
              "non_striker": "KS Leverock",
              "runs": {
                "batter": 0,
                "extras": 0,
                "total": 0
              }
            },
            {
              "batter": "DMW Rawlins",
              "bowler": "AF Ifill",
              "extras": {
                "wides": 1
              },
              "non_striker": "KS Leverock",
              "runs": {
                "batter": 0,
                "extras": 1,
                "total": 1
              }
            },
            {
              "batter": "DMW Rawlins",
              "bowler": "AF Ifill",
              "non_striker": "KS Leverock",
              "runs": {
                "batter": 0,
                "extras": 0,
                "total": 0
              }
            },
            {
              "batter": "DMW Rawlins",
              "bowler": "AF Ifill",
              "non_striker": "KS Leverock",
              "runs": {
                "batter": 0,
                "extras": 0,
                "total": 0
              }
            },
            {
              "batter": "DMW Rawlins",
              "bowler": "AF Ifill",
              "non_striker": "KS Leverock",
              "runs": {
                "batter": 2,
                "extras": 0,
                "total": 2
              }
            },
            {
              "batter": "DMW Rawlins",
              "bowler": "AF Ifill",
              "non_striker": "KS Leverock",
              "runs": {
                "batter": 0,
                "extras": 0,
                "total": 0
              }
            },
            {
              "batter": "DMW Rawlins",
              "bowler": "AF Ifill",
              "non_striker": "KS Leverock",
              "runs": {
                "batter": 1,
                "extras": 0,
                "total": 1
              }
            }
          ]
        },
        {
          "over": 9,
          "deliveries": [
            {
              "batter": "DMW Rawlins",
              "bowler": "LHB Harrington-Myers",
              "non_striker": "KS Leverock",
              "runs": {
                "batter": 6,
                "extras": 0,
                "total": 6
              }
            },
            {
              "batter": "DMW Rawlins",
              "bowler": "LHB Harrington-Myers",
              "extras": {
                "wides": 1
              },
              "non_striker": "KS Leverock",
              "runs": {
                "batter": 0,
                "extras": 1,
                "total": 1
              }
            },
            {
              "batter": "DMW Rawlins",
              "bowler": "LHB Harrington-Myers",
              "non_striker": "KS Leverock",
              "runs": {
                "batter": 1,
                "extras": 0,
                "total": 1
              }
            },
            {
              "batter": "KS Leverock",
              "bowler": "LHB Harrington-Myers",
              "non_striker": "DMW Rawlins",
              "runs": {
                "batter": 0,
                "extras": 0,
                "total": 0
              }
            },
            {
              "batter": "KS Leverock",
              "bowler": "LHB Harrington-Myers",
              "non_striker": "DMW Rawlins",
              "runs": {
                "batter": 1,
                "extras": 0,
                "total": 1
              }
            },
            {
              "batter": "DMW Rawlins",
              "bowler": "LHB Harrington-Myers",
              "non_striker": "KS Leverock",
              "runs": {
                "batter": 4,
                "extras": 0,
                "total": 4
              }
            },
            {
              "batter": "DMW Rawlins",
              "bowler": "LHB Harrington-Myers",
              "non_striker": "KS Leverock",
              "runs": {
                "batter": 0,
                "extras": 0,
                "total": 0
              }
            }
          ]
        },
        {
          "over": 10,
          "deliveries": [
            {
              "batter": "KS Leverock",
              "bowler": "A Morris",
              "non_striker": "DMW Rawlins",
              "runs": {
                "batter": 1,
                "extras": 0,
                "total": 1
              }
            },
            {
              "batter": "DMW Rawlins",
              "bowler": "A Morris",
              "non_striker": "KS Leverock",
              "runs": {
                "batter": 1,
                "extras": 0,
                "total": 1
              }
            },
            {
              "batter": "KS Leverock",
              "bowler": "A Morris",
              "non_striker": "DMW Rawlins",
              "runs": {
                "batter": 1,
                "extras": 0,
                "total": 1
              }
            },
            {
              "batter": "DMW Rawlins",
              "bowler": "A Morris",
              "non_striker": "KS Leverock",
              "runs": {
                "batter": 6,
                "extras": 0,
                "total": 6
              }
            },
            {
              "batter": "DMW Rawlins",
              "bowler": "A Morris",
              "non_striker": "KS Leverock",
              "runs": {
                "batter": 1,
                "extras": 0,
                "total": 1
              }
            },
            {
              "batter": "KS Leverock",
              "bowler": "A Morris",
              "non_striker": "DMW Rawlins",
              "runs": {
                "batter": 1,
                "extras": 0,
                "total": 1
              }
            }
          ]
        },
        {
          "over": 11,
          "deliveries": [
            {
              "batter": "KS Leverock",
              "bowler": "AF Ifill",
              "non_striker": "DMW Rawlins",
              "runs": {
                "batter": 0,
                "extras": 0,
                "total": 0
              }
            },
            {
              "batter": "KS Leverock",
              "bowler": "AF Ifill",
              "non_striker": "DMW Rawlins",
              "runs": {
                "batter": 4,
                "extras": 0,
                "total": 4
              }
            },
            {
              "batter": "KS Leverock",
              "bowler": "AF Ifill",
              "non_striker": "DMW Rawlins",
              "runs": {
                "batter": 1,
                "extras": 0,
                "total": 1
              }
            },
            {
              "batter": "DMW Rawlins",
              "bowler": "AF Ifill",
              "non_striker": "KS Leverock",
              "runs": {
                "batter": 6,
                "extras": 0,
                "total": 6
              }
            },
            {
              "batter": "DMW Rawlins",
              "bowler": "AF Ifill",
              "non_striker": "KS Leverock",
              "runs": {
                "batter": 6,
                "extras": 0,
                "total": 6
              }
            },
            {
              "batter": "DMW Rawlins",
              "bowler": "AF Ifill",
              "non_striker": "KS Leverock",
              "runs": {
                "batter": 6,
                "extras": 0,
                "total": 6
              }
            }
          ]
        },
        {
          "over": 12,
          "deliveries": [
            {
              "batter": "KS Leverock",
              "bowler": "T Taylor",
              "non_striker": "DMW Rawlins",
              "runs": {
                "batter": 0,
                "extras": 0,
                "total": 0
              }
            },
            {
              "batter": "KS Leverock",
              "bowler": "T Taylor",
              "non_striker": "DMW Rawlins",
              "runs": {
                "batter": 6,
                "extras": 0,
                "total": 6
              }
            },
            {
              "batter": "KS Leverock",
              "bowler": "T Taylor",
              "non_striker": "DMW Rawlins",
              "runs": {
                "batter": 0,
                "extras": 0,
                "total": 0
              }
            },
            {
              "batter": "KS Leverock",
              "bowler": "T Taylor",
              "non_striker": "DMW Rawlins",
              "runs": {
                "batter": 4,
                "extras": 0,
                "total": 4
              }
            },
            {
              "batter": "KS Leverock",
              "bowler": "T Taylor",
              "non_striker": "DMW Rawlins",
              "runs": {
                "batter": 1,
                "extras": 0,
                "total": 1
              }
            },
            {
              "batter": "DMW Rawlins",
              "bowler": "T Taylor",
              "extras": {
                "wides": 1
              },
              "non_striker": "KS Leverock",
              "runs": {
                "batter": 0,
                "extras": 1,
                "total": 1
              }
            },
            {
              "batter": "DMW Rawlins",
              "bowler": "T Taylor",
              "non_striker": "KS Leverock",
              "runs": {
                "batter": 0,
                "extras": 0,
                "total": 0
              },
              "wickets": [
                {
                  "kind": "caught",
                  "player_out": "DMW Rawlins",
                  "fielders": [
                    {
                      "name": "C Wright"
                    }
                  ]
                }
              ]
            }
          ]
        },
        {
          "over": 13,
          "deliveries": [
            {
              "batter": "KS Leverock",
              "bowler": "A Morris",
              "non_striker": "RJ Trott",
              "runs": {
                "batter": 0,
                "extras": 0,
                "total": 0
              }
            },
            {
              "batter": "KS Leverock",
              "bowler": "A Morris",
              "non_striker": "RJ Trott",
              "runs": {
                "batter": 0,
                "extras": 0,
                "total": 0
              }
            },
            {
              "batter": "KS Leverock",
              "bowler": "A Morris",
              "non_striker": "RJ Trott",
              "runs": {
                "batter": 1,
                "extras": 0,
                "total": 1
              }
            },
            {
              "batter": "RJ Trott",
              "bowler": "A Morris",
              "non_striker": "KS Leverock",
              "runs": {
                "batter": 1,
                "extras": 0,
                "total": 1
              }
            },
            {
              "batter": "KS Leverock",
              "bowler": "A Morris",
              "non_striker": "RJ Trott",
              "runs": {
                "batter": 1,
                "extras": 0,
                "total": 1
              }
            },
            {
              "batter": "RJ Trott",
              "bowler": "A Morris",
              "non_striker": "KS Leverock",
              "runs": {
                "batter": 0,
                "extras": 0,
                "total": 0
              }
            }
          ]
        },
        {
          "over": 14,
          "deliveries": [
            {
              "batter": "KS Leverock",
              "bowler": "T Taylor",
              "non_striker": "RJ Trott",
              "runs": {
                "batter": 0,
                "extras": 0,
                "total": 0
              }
            },
            {
              "batter": "KS Leverock",
              "bowler": "T Taylor",
              "non_striker": "RJ Trott",
              "runs": {
                "batter": 1,
                "extras": 0,
                "total": 1
              }
            },
            {
              "batter": "RJ Trott",
              "bowler": "T Taylor",
              "non_striker": "KS Leverock",
              "runs": {
                "batter": 0,
                "extras": 0,
                "total": 0
              }
            },
            {
              "batter": "RJ Trott",
              "bowler": "T Taylor",
              "non_striker": "KS Leverock",
              "runs": {
                "batter": 2,
                "extras": 0,
                "total": 2
              }
            },
            {
              "batter": "RJ Trott",
              "bowler": "T Taylor",
              "non_striker": "KS Leverock",
              "runs": {
                "batter": 1,
                "extras": 0,
                "total": 1
              }
            },
            {
              "batter": "KS Leverock",
              "bowler": "T Taylor",
              "non_striker": "RJ Trott",
              "runs": {
                "batter": 1,
                "extras": 0,
                "total": 1
              }
            }
          ]
        },
        {
          "over": 15,
          "deliveries": [
            {
              "batter": "KS Leverock",
              "bowler": "P Manning",
              "non_striker": "RJ Trott",
              "runs": {
                "batter": 1,
                "extras": 0,
                "total": 1
              }
            },
            {
              "batter": "RJ Trott",
              "bowler": "P Manning",
              "extras": {
                "wides": 1
              },
              "non_striker": "KS Leverock",
              "runs": {
                "batter": 0,
                "extras": 1,
                "total": 1
              }
            },
            {
              "batter": "RJ Trott",
              "bowler": "P Manning",
              "non_striker": "KS Leverock",
              "runs": {
                "batter": 1,
                "extras": 0,
                "total": 1
              }
            }
          ]
        }
      ],
      "powerplays": [
        {
          "from": 0.1,
          "to": 5.7,
          "type": "mandatory"
        }
      ],
      "target": {
        "overs": 20,
        "runs": 117
      }
    }
  ]
}