{
  "meta": {
    "data_version": "1.0.0",
    "created": "2019-10-16",
    "revision": 1
  },
  "info": {
    "balls_per_over": 6,
    "city": "Al Amarat",
    "dates": [
      "2019-10-10"
    ],
    "event": {
      "name": "Oman Pentangular T20I Series",
      "match_number": 10
    },
    "gender": "male",
    "match_type": "T20",
    "match_type_number": 928,
    "missing": [
      "player_of_match"
    ],
    "officials": {
      "match_referees": [
        "WC Labrooy"
      ],
      "reserve_umpires": [
        "Harikrishna Pillai"
      ],
      "umpires": [
        "Rahul Asher",
        "Vinod Babu"
      ]
    },
    "outcome": {
      "winner": "Oman",
      "by": {
        "wickets": 6
      }
    },
    "overs": 20,
    "players": {
      "Nepal": [
        "I Pandey",
        "P Khadka",
        "Aarif Sheikh",
        "DS Airee",
        "B Bhandari",
        "S Jora",
        "Sompal Kami",
        "Karan KC",
        "S Lamichhane",
        "S Bhari",
        "A Bohara"
      ],
      "Oman": [
        "Khawar Ali",
        "Aqib Ilyas",
        "Aamir Kaleem",
        "Suraj Kumar",
        "Naseem Khushi",
        "Sandeep Goud",
        "Mohammad Nadeem",
        "Mehran Khan",
        "Bilal Khan",
        "Fayyaz Butt",
        "Zeeshan Maqsood"
      ]
    },
    "registry": {
      "people": {
        "A Bohara": "64fb6b15",
        "Aamir Kaleem": "7ecb9a14",
        "Aarif Sheikh": "cd4d7695",
        "Aqib Ilyas": "b3b39bed",
        "B Bhandari": "82342b13",
        "Bilal Khan": "dcdb87f2",
        "DS Airee": "1747ea18",
        "Fayyaz Butt": "bd9fbd51",
        "Harikrishna Pillai": "ed918c90",
        "I Pandey": "ed547c49",
        "Karan KC": "f53b3e1d",
        "Khawar Ali": "934b36a6",
        "Mehran Khan": "d7bfcc0b",
        "Mohammad Nadeem": "c5d7b244",
        "Naseem Khushi": "c63671e9",
        "P Khadka": "12c3ba4d",
        "Rahul Asher": "4956b0bf",
        "S Bhari": "28c7d721",
        "S Jora": "156378d8",
        "S Lamichhane": "b410bd3d",
        "Sandeep Goud": "4e1c9f6e",
        "Sompal Kami": "1adb8ee8",
        "Suraj Kumar": "bb9d73d8",
        "Vinod Babu": "37e6187d",
        "WC Labrooy": "29d4e29b",
        "Zeeshan Maqsood": "34464143"
      }
    },
    "season": "2019/20",
    "team_type": "international",
    "teams": [
      "Oman",
      "Nepal"
    ],
    "toss": {
      "decision": "field",
      "winner": "Oman"
    },
    "venue": "Al Amerat Cricket Ground Oman Cricket (Ministry Turf 1)"
  },
  "innings": [
    {
      "team": "Nepal",
      "overs": [
        {
          "over": 0,
          "deliveries": [
            {
              "batter": "I Pandey",
              "bowler": "Bilal Khan",
              "non_striker": "P Khadka",
              "runs": {
                "batter": 0,
                "extras": 0,
                "total": 0
              }
            },
            {
              "batter": "I Pandey",
              "bowler": "Bilal Khan",
              "non_striker": "P Khadka",
              "runs": {
                "batter": 0,
                "extras": 0,
                "total": 0
              }
            },
            {
              "batter": "I Pandey",
              "bowler": "Bilal Khan",
              "non_striker": "P Khadka",
              "runs": {
                "batter": 0,
                "extras": 0,
                "total": 0
              }
            },
            {
              "batter": "I Pandey",
              "bowler": "Bilal Khan",
              "non_striker": "P Khadka",
              "runs": {
                "batter": 0,
                "extras": 0,
                "total": 0
              }
            },
            {
              "batter": "I Pandey",
              "bowler": "Bilal Khan",
              "non_striker": "P Khadka",
              "runs": {
                "batter": 2,
                "extras": 0,
                "total": 2
              }
            },
            {
              "batter": "I Pandey",
              "bowler": "Bilal Khan",
              "non_striker": "P Khadka",
              "runs": {
                "batter": 0,
                "extras": 0,
                "total": 0
              },
              "wickets": [
                {
                  "kind": "caught",
                  "player_out": "I Pandey",
                  "fielders": [
                    {
                      "name": "Aqib Ilyas"
                    }
                  ]
                }
              ]
            }
          ]
        },
        {
          "over": 1,
          "deliveries": [
            {
              "batter": "P Khadka",
              "bowler": "Fayyaz Butt",
              "non_striker": "Aarif Sheikh",
              "runs": {
                "batter": 1,
                "extras": 0,
                "total": 1
              }
            },
            {
              "batter": "Aarif Sheikh",
              "bowler": "Fayyaz Butt",
              "non_striker": "P Khadka",
              "runs": {
                "batter": 0,
                "extras": 0,
                "total": 0
              }
            },
            {
              "batter": "Aarif Sheikh",
              "bowler": "Fayyaz Butt",
              "non_striker": "P Khadka",
              "runs": {
                "batter": 4,
                "extras": 0,
                "total": 4
              }
            },
            {
              "batter": "Aarif Sheikh",
              "bowler": "Fayyaz Butt",
              "non_striker": "P Khadka",
              "runs": {
                "batter": 2,
                "extras": 0,
                "total": 2
              }
            },
            {
              "batter": "Aarif Sheikh",
              "bowler": "Fayyaz Butt",
              "non_striker": "P Khadka",
              "runs": {
                "batter": 4,
                "extras": 0,
                "total": 4
              }
            },
            {
              "batter": "Aarif Sheikh",
              "bowler": "Fayyaz Butt",
              "non_striker": "P Khadka",
              "runs": {
                "batter": 1,
                "extras": 0,
                "total": 1
              }
            }
          ]
        },
        {
          "over": 2,
          "deliveries": [
            {
              "batter": "Aarif Sheikh",
              "bowler": "Bilal Khan",
              "non_striker": "P Khadka",
              "runs": {
                "batter": 6,
                "extras": 0,
                "total": 6
              }
            },
            {
              "batter": "Aarif Sheikh",
              "bowler": "Bilal Khan",
              "non_striker": "P Khadka",
              "runs": {
                "batter": 0,
                "extras": 0,
                "total": 0
              }
            },
            {
              "batter": "Aarif Sheikh",
              "bowler": "Bilal Khan",
              "non_striker": "P Khadka",
              "runs": {
                "batter": 1,
                "extras": 0,
                "total": 1
              }
            },
            {
              "batter": "P Khadka",
              "bowler": "Bilal Khan",
              "extras": {
                "wides": 1
              },
              "non_striker": "Aarif Sheikh",
              "runs": {
                "batter": 0,
                "extras": 1,
                "total": 1
              }
            },
            {
              "batter": "P Khadka",
              "bowler": "Bilal Khan",
              "non_striker": "Aarif Sheikh",
              "runs": {
                "batter": 4,
                "extras": 0,
                "total": 4
              }
            },
            {
              "batter": "P Khadka",
              "bowler": "Bilal Khan",
              "non_striker": "Aarif Sheikh",
              "runs": {
                "batter": 0,
                "extras": 0,
                "total": 0
              }
            },
            {
              "batter": "P Khadka",
              "bowler": "Bilal Khan",
              "non_striker": "Aarif Sheikh",
              "runs": {
                "batter": 0,
                "extras": 0,
                "total": 0
              },
              "wickets": [
                {
                  "kind": "caught",
                  "player_out": "P Khadka",
                  "fielders": [
                    {
                      "name": "Suraj Kumar"
                    }
                  ]
                }
              ]
            }
          ]
        },
        {
          "over": 3,
          "deliveries": [
            {
              "batter": "DS Airee",
              "bowler": "Mohammad Nadeem",
              "non_striker": "Aarif Sheikh",
              "runs": {
                "batter": 0,
                "extras": 0,
                "total": 0
              }
            },
            {
              "batter": "DS Airee",
              "bowler": "Mohammad Nadeem",
              "non_striker": "Aarif Sheikh",
              "runs": {
                "batter": 4,
                "extras": 0,
                "total": 4
              }
            },
            {
              "batter": "DS Airee",
              "bowler": "Mohammad Nadeem",
              "non_striker": "Aarif Sheikh",
              "runs": {
                "batter": 2,
                "extras": 0,
                "total": 2
              }
            },
            {
              "batter": "DS Airee",
              "bowler": "Mohammad Nadeem",
              "non_striker": "Aarif Sheikh",
              "runs": {
                "batter": 4,
                "extras": 0,
                "total": 4
              }
            },
            {
              "batter": "DS Airee",
              "bowler": "Mohammad Nadeem",
              "non_striker": "Aarif Sheikh",
              "runs": {
                "batter": 0,
                "extras": 0,
                "total": 0
              }
            },
            {
              "batter": "DS Airee",
              "bowler": "Mohammad Nadeem",
              "non_striker": "Aarif Sheikh",
              "runs": {
                "batter": 1,
                "extras": 0,
                "total": 1
              },
              "wickets": [
                {
                  "kind": "run out",
                  "player_out": "DS Airee"
                }
              ]
            }
          ]
        },
        {
          "over": 4,
          "deliveries": [
            {
              "batter": "B Bhandari",
              "bowler": "Aamir Kaleem",
              "non_striker": "Aarif Sheikh",
              "runs": {
                "batter": 0,
                "extras": 0,
                "total": 0
              }
            },
            {
              "batter": "B Bhandari",
              "bowler": "Aamir Kaleem",
              "non_striker": "Aarif Sheikh",
              "runs": {
                "batter": 4,
                "extras": 0,
                "total": 4
              }
            },
            {
              "batter": "B Bhandari",
              "bowler": "Aamir Kaleem",
              "non_striker": "Aarif Sheikh",
              "runs": {
                "batter": 0,
                "extras": 0,
                "total": 0
              },
              "wickets": [
                {
                  "kind": "bowled",
                  "player_out": "B Bhandari"
                }
              ]
            },
            {
              "batter": "S Jora",
              "bowler": "Aamir Kaleem",
              "extras": {
                "wides": 1
              },
              "non_striker": "Aarif Sheikh",
              "runs": {
                "batter": 0,
                "extras": 1,
                "total": 1
              }
            },
            {
              "batter": "S Jora",
              "bowler": "Aamir Kaleem",
              "non_striker": "Aarif Sheikh",
              "runs": {
                "batter": 0,
                "extras": 0,
                "total": 0
              },
              "wickets": [
                {
                  "kind": "caught",
                  "player_out": "S Jora",
                  "fielders": [
                    {
                      "name": "Mehran Khan"
                    }
                  ]
                }
              ]
            },
            {
              "batter": "Sompal Kami",
              "bowler": "Aamir Kaleem",
              "non_striker": "Aarif Sheikh",
              "runs": {
                "batter": 1,
                "extras": 0,
                "total": 1
              }
            },
            {
              "batter": "Aarif Sheikh",
              "bowler": "Aamir Kaleem",
              "non_striker": "Sompal Kami",
              "runs": {
                "batter": 1,
                "extras": 0,
                "total": 1
              }
            }
          ]
        },
        {
          "over": 5,
          "deliveries": [
            {
              "batter": "Aarif Sheikh",
              "bowler": "Mohammad Nadeem",
              "non_striker": "Sompal Kami",
              "runs": {
                "batter": 0,
                "extras": 0,
                "total": 0
              }
            },
            {
              "batter": "Aarif Sheikh",
              "bowler": "Mohammad Nadeem",
              "non_striker": "Sompal Kami",
              "runs": {
                "batter": 1,
                "extras": 0,
                "total": 1
              }
            },
            {
              "batter": "Sompal Kami",
              "bowler": "Mohammad Nadeem",
              "non_striker": "Aarif Sheikh",
              "runs": {
                "batter": 0,
                "extras": 0,
                "total": 0
              }
            },
            {
              "batter": "Sompal Kami",
              "bowler": "Mohammad Nadeem",
              "non_striker": "Aarif Sheikh",
              "runs": {
                "batter": 1,
                "extras": 0,
                "total": 1
              }
            },
            {
              "batter": "Aarif Sheikh",
              "bowler": "Mohammad Nadeem",
              "non_striker": "Sompal Kami",
              "runs": {
                "batter": 0,
                "extras": 0,
                "total": 0
              }
            },
            {
              "batter": "Aarif Sheikh",
              "bowler": "Mohammad Nadeem",
              "non_striker": "Sompal Kami",
              "runs": {
                "batter": 0,
                "extras": 0,
                "total": 0
              },
              "wickets": [
                {
                  "kind": "caught",
                  "player_out": "Aarif Sheikh",
                  "fielders": [
                    {
                      "name": "Suraj Kumar"
                    }
                  ]
                }
              ]
            }
          ]
        },
        {
          "over": 6,
          "deliveries": [
            {
              "batter": "Sompal Kami",
              "bowler": "Aamir Kaleem",
              "non_striker": "Karan KC",
              "runs": {
                "batter": 0,
                "extras": 0,
                "total": 0
              }
            },
            {
              "batter": "Sompal Kami",
              "bowler": "Aamir Kaleem",
              "non_striker": "Karan KC",
              "runs": {
                "batter": 1,
                "extras": 0,
                "total": 1
              }
            },
            {
              "batter": "Karan KC",
              "bowler": "Aamir Kaleem",
              "non_striker": "Sompal Kami",
              "runs": {
                "batter": 1,
                "extras": 0,
                "total": 1
              }
            },
            {
              "batter": "Sompal Kami",
              "bowler": "Aamir Kaleem",
              "non_striker": "Karan KC",
              "runs": {
                "batter": 0,
                "extras": 0,
                "total": 0
              }
            },
            {
              "batter": "Sompal Kami",
              "bowler": "Aamir Kaleem",
              "non_striker": "Karan KC",
              "runs": {
                "batter": 1,
                "extras": 0,
                "total": 1
              }
            },
            {
              "batter": "Karan KC",
              "bowler": "Aamir Kaleem",
              "non_striker": "Sompal Kami",
              "runs": {
                "batter": 1,
                "extras": 0,
                "total": 1
              }
            }
          ]
        },
        {
          "over": 7,
          "deliveries": [
            {
              "batter": "Karan KC",
              "bowler": "Mohammad Nadeem",
              "non_striker": "Sompal Kami",
              "runs": {
                "batter": 0,
                "extras": 0,
                "total": 0
              }
            },
            {
              "batter": "Karan KC",
              "bowler": "Mohammad Nadeem",
              "non_striker": "Sompal Kami",
              "runs": {
                "batter": 4,
                "extras": 0,
                "total": 4
              }
            },
            {
              "batter": "Karan KC",
              "bowler": "Mohammad Nadeem",
              "non_striker": "Sompal Kami",
              "runs": {
                "batter": 1,
                "extras": 0,
                "total": 1
              }
            },
            {
              "batter": "Sompal Kami",
              "bowler": "Mohammad Nadeem",
              "non_striker": "Karan KC",
              "runs": {
                "batter": 1,
                "extras": 0,
                "total": 1
              }
            },
            {
              "batter": "Karan KC",
              "bowler": "Mohammad Nadeem",
              "non_striker": "Sompal Kami",
              "runs": {
                "batter": 1,
                "extras": 0,
                "total": 1
              }
            },
            {
              "batter": "Sompal Kami",
              "bowler": "Mohammad Nadeem",
              "non_striker": "Karan KC",
              "runs": {
                "batter": 0,
                "extras": 0,
                "total": 0
              }
            }
          ]
        },
        {
          "over": 8,
          "deliveries": [
            {
              "batter": "Karan KC",
              "bowler": "Aamir Kaleem",
              "non_striker": "Sompal Kami",
              "runs": {
                "batter": 0,
                "extras": 0,
                "total": 0
              }
            },
            {
              "batter": "Karan KC",
              "bowler": "Aamir Kaleem",
              "non_striker": "Sompal Kami",
              "runs": {
                "batter": 0,
                "extras": 0,
                "total": 0
              },
              "wickets": [
                {
                  "kind": "bowled",
                  "player_out": "Karan KC"
                }
              ]
            },
            {
              "batter": "S Lamichhane",
              "bowler": "Aamir Kaleem",
              "non_striker": "Sompal Kami",
              "runs": {
                "batter": 0,
                "extras": 0,
                "total": 0
              }
            },
            {
              "batter": "S Lamichhane",
              "bowler": "Aamir Kaleem",
              "non_striker": "Sompal Kami",
              "runs": {
                "batter": 1,
                "extras": 0,
                "total": 1
              }
            },
            {
              "batter": "Sompal Kami",
              "bowler": "Aamir Kaleem",
              "non_striker": "S Lamichhane",
              "runs": {
                "batter": 0,
                "extras": 0,
                "total": 0
              }
            },
            {
              "batter": "Sompal Kami",
              "bowler": "Aamir Kaleem",
              "non_striker": "S Lamichhane",
              "runs": {
                "batter": 1,
                "extras": 0,
                "total": 1
              }
            }
          ]
        },
        {
          "over": 9,
          "deliveries": [
            {
              "batter": "Sompal Kami",
              "bowler": "Khawar Ali",
              "non_striker": "S Lamichhane",
              "runs": {
                "batter": 0,
                "extras": 0,
                "total": 0
              }
            },
            {
              "batter": "Sompal Kami",
              "bowler": "Khawar Ali",
              "non_striker": "S Lamichhane",
              "runs": {
                "batter": 2,
                "extras": 0,
                "total": 2
              }
            },
            {
              "batter": "Sompal Kami",
              "bowler": "Khawar Ali",
              "non_striker": "S Lamichhane",
              "runs": {
                "batter": 0,
                "extras": 0,
                "total": 0
              },
              "wickets": [
                {
                  "kind": "caught",
                  "player_out": "Sompal Kami",
                  "fielders": [
                    {
                      "name": "Fayyaz Butt"
                    }
                  ]
                }
              ]
            },
            {
              "batter": "S Lamichhane",
              "bowler": "Khawar Ali",
              "non_striker": "S Bhari",
              "runs": {
                "batter": 0,
                "extras": 0,
                "total": 0
              }
            },
            {
              "batter": "S Lamichhane",
              "bowler": "Khawar Ali",
              "non_striker": "S Bhari",
              "runs": {
                "batter": 1,
                "extras": 0,
                "total": 1
              }
            },
            {
              "batter": "S Bhari",
              "bowler": "Khawar Ali",
              "non_striker": "S Lamichhane",
              "runs": {
                "batter": 0,
                "extras": 0,
                "total": 0
              }
            }
          ]
        },
        {
          "over": 10,
          "deliveries": [
            {
              "batter": "S Lamichhane",
              "bowler": "Aamir Kaleem",
              "non_striker": "S Bhari",
              "runs": {
                "batter": 0,
                "extras": 0,
                "total": 0
              },
              "wickets": [
                {
                  "kind": "caught",
                  "player_out": "S Lamichhane",
                  "fielders": [
                    {
                      "name": "Khawar Ali"
                    }
                  ]
                }
              ]
            },
            {
              "batter": "A Bohara",
              "bowler": "Aamir Kaleem",
              "non_striker": "S Bhari",
              "runs": {
                "batter": 0,
                "extras": 0,
                "total": 0
              }
            },
            {
              "batter": "A Bohara",
              "bowler": "Aamir Kaleem",
              "non_striker": "S Bhari",
              "runs": {
                "batter": 0,
                "extras": 0,
                "total": 0
              }
            },
            {
              "batter": "A Bohara",
              "bowler": "Aamir Kaleem",
              "non_striker": "S Bhari",
              "runs": {
                "batter": 0,
                "extras": 0,
                "total": 0
              }
            },
            {
              "batter": "A Bohara",
              "bowler": "Aamir Kaleem",
              "non_striker": "S Bhari",
              "runs": {
                "batter": 2,
                "extras": 0,
                "total": 2
              }
            },
            {
              "batter": "A Bohara",
              "bowler": "Aamir Kaleem",
              "non_striker": "S Bhari",
              "runs": {
                "batter": 0,
                "extras": 0,
                "total": 0
              },
              "wickets": [
                {
                  "kind": "bowled",
                  "player_out": "A Bohara"
                }
              ]
            }
          ]
        }
      ],
      "powerplays": [
        {
          "from": 0.1,
          "to": 5.6,
          "type": "mandatory"
        }
      ]
    },
    {
      "team": "Oman",
      "overs": [
        {
          "over": 0,
          "deliveries": [
            {
              "batter": "Khawar Ali",
              "bowler": "S Lamichhane",
              "non_striker": "Aqib Ilyas",
              "runs": {
                "batter": 1,
                "extras": 0,
                "total": 1
              }
            },
            {
              "batter": "Aqib Ilyas",
              "bowler": "S Lamichhane",
              "non_striker": "Khawar Ali",
              "runs": {
                "batter": 0,
                "extras": 0,
                "total": 0
              }
            },
            {
              "batter": "Aqib Ilyas",
              "bowler": "S Lamichhane",
              "non_striker": "Khawar Ali",
              "runs": {
                "batter": 0,
                "extras": 0,
                "total": 0
              },
              "wickets": [
                {
                  "kind": "caught",
                  "player_out": "Aqib Ilyas",
                  "fielders": [
                    {
                      "name": "Sompal Kami"
                    }
                  ]
                }
              ]
            },
            {
              "batter": "Aamir Kaleem",
              "bowler": "S Lamichhane",
              "non_striker": "Khawar Ali",
              "runs": {
                "batter": 0,
                "extras": 0,
                "total": 0
              }
            },
            {
              "batter": "Aamir Kaleem",
              "bowler": "S Lamichhane",
              "non_striker": "Khawar Ali",
              "runs": {
                "batter": 2,
                "extras": 0,
                "total": 2
              }
            },
            {
              "batter": "Aamir Kaleem",
              "bowler": "S Lamichhane",
              "non_striker": "Khawar Ali",
              "runs": {
                "batter": 0,
                "extras": 0,
                "total": 0
              }
            }
          ]
        },
        {
          "over": 1,
          "deliveries": [
            {
              "batter": "Khawar Ali",
              "bowler": "Karan KC",
              "non_striker": "Aamir Kaleem",
              "runs": {
                "batter": 0,
                "extras": 0,
                "total": 0
              }
            },
            {
              "batter": "Khawar Ali",
              "bowler": "Karan KC",
              "non_striker": "Aamir Kaleem",
              "runs": {
                "batter": 2,
                "extras": 0,
                "total": 2
              }
            },
            {
              "batter": "Khawar Ali",
              "bowler": "Karan KC",
              "extras": {
                "wides": 1
              },
              "non_striker": "Aamir Kaleem",
              "runs": {
                "batter": 0,
                "extras": 1,
                "total": 1
              }
            },
            {
              "batter": "Khawar Ali",
              "bowler": "Karan KC",
              "non_striker": "Aamir Kaleem",
              "runs": {
                "batter": 0,
                "extras": 0,
                "total": 0
              }
            },
            {
              "batter": "Khawar Ali",
              "bowler": "Karan KC",
              "non_striker": "Aamir Kaleem",
              "runs": {
                "batter": 0,
                "extras": 0,
                "total": 0
              }
            },
            {
              "batter": "Khawar Ali",
              "bowler": "Karan KC",
              "non_striker": "Aamir Kaleem",
              "runs": {
                "batter": 1,
                "extras": 0,
                "total": 1
              }
            },
            {
              "batter": "Aamir Kaleem",
              "bowler": "Karan KC",
              "non_striker": "Khawar Ali",
              "runs": {
                "batter": 0,
                "extras": 0,
                "total": 0
              }
            }
          ]
        },
        {
          "over": 2,
          "deliveries": [
            {
              "batter": "Khawar Ali",
              "bowler": "S Lamichhane",
              "non_striker": "Aamir Kaleem",
              "runs": {
                "batter": 0,
                "extras": 0,
                "total": 0
              }
            },
            {
              "batter": "Khawar Ali",
              "bowler": "S Lamichhane",
              "non_striker": "Aamir Kaleem",
              "runs": {
                "batter": 1,
                "extras": 0,
                "total": 1
              }
            },
            {
              "batter": "Aamir Kaleem",
              "bowler": "S Lamichhane",
              "non_striker": "Khawar Ali",
              "runs": {
                "batter": 2,
                "extras": 0,
                "total": 2
              }
            },
            {
              "batter": "Aamir Kaleem",
              "bowler": "S Lamichhane",
              "non_striker": "Khawar Ali",
              "runs": {
                "batter": 0,
                "extras": 0,
                "total": 0
              }
            },
            {
              "batter": "Aamir Kaleem",
              "bowler": "S Lamichhane",
              "extras": {
                "legbyes": 1
              },
              "non_striker": "Khawar Ali",
              "runs": {
                "batter": 0,
                "extras": 1,
                "total": 1
              }
            },
            {
              "batter": "Khawar Ali",
              "bowler": "S Lamichhane",
              "non_striker": "Aamir Kaleem",
              "runs": {
                "batter": 0,
                "extras": 0,
                "total": 0
              }
            }
          ]
        },
        {
          "over": 3,
          "deliveries": [
            {
              "batter": "Aamir Kaleem",
              "bowler": "Karan KC",
              "non_striker": "Khawar Ali",
              "runs": {
                "batter": 4,
                "extras": 0,
                "total": 4
              }
            },
            {
              "batter": "Aamir Kaleem",
              "bowler": "Karan KC",
              "non_striker": "Khawar Ali",
              "runs": {
                "batter": 0,
                "extras": 0,
                "total": 0
              }
            },
            {
              "batter": "Aamir Kaleem",
              "bowler": "Karan KC",
              "non_striker": "Khawar Ali",
              "runs": {
                "batter": 0,
                "extras": 0,
                "total": 0
              },
              "wickets": [
                {
                  "kind": "caught",
                  "player_out": "Aamir Kaleem",
                  "fielders": [
                    {
                      "name": "DS Airee"
                    }
                  ]
                }
              ]
            },
            {
              "batter": "Khawar Ali",
              "bowler": "Karan KC",
              "non_striker": "Suraj Kumar",
              "runs": {
                "batter": 1,
                "extras": 0,
                "total": 1
              }
            },
            {
              "batter": "Suraj Kumar",
              "bowler": "Karan KC",
              "non_striker": "Khawar Ali",
              "runs": {
                "batter": 1,
                "extras": 0,
                "total": 1
              }
            },
            {
              "batter": "Khawar Ali",
              "bowler": "Karan KC",
              "non_striker": "Suraj Kumar",
              "runs": {
                "batter": 0,
                "extras": 0,
                "total": 0
              }
            }
          ]
        },
        {
          "over": 4,
          "deliveries": [
            {
              "batter": "Suraj Kumar",
              "bowler": "S Lamichhane",
              "non_striker": "Khawar Ali",
              "runs": {
                "batter": 4,
                "extras": 0,
                "total": 4
              }
            },
            {
              "batter": "Suraj Kumar",
              "bowler": "S Lamichhane",
              "non_striker": "Khawar Ali",
              "runs": {
                "batter": 0,
                "extras": 0,
                "total": 0
              }
            },
            {
              "batter": "Suraj Kumar",
              "bowler": "S Lamichhane",
              "non_striker": "Khawar Ali",
              "runs": {
                "batter": 0,
                "extras": 0,
                "total": 0
              }
            },
            {
              "batter": "Suraj Kumar",
              "bowler": "S Lamichhane",
              "non_striker": "Khawar Ali",
              "runs": {
                "batter": 0,
                "extras": 0,
                "total": 0
              }
            },
            {
              "batter": "Suraj Kumar",
              "bowler": "S Lamichhane",
              "non_striker": "Khawar Ali",
              "runs": {
                "batter": 0,
                "extras": 0,
                "total": 0
              }
            },
            {
              "batter": "Suraj Kumar",
              "bowler": "S Lamichhane",
              "non_striker": "Khawar Ali",
              "runs": {
                "batter": 0,
                "extras": 0,
                "total": 0
              }
            }
          ]
        },
        {
          "over": 5,
          "deliveries": [
            {
              "batter": "Khawar Ali",
              "bowler": "S Bhari",
              "non_striker": "Suraj Kumar",
              "runs": {
                "batter": 1,
                "extras": 0,
                "total": 1
              }
            },
            {
              "batter": "Suraj Kumar",
              "bowler": "S Bhari",
              "non_striker": "Khawar Ali",
              "runs": {
                "batter": 0,
                "extras": 0,
                "total": 0
              }
            },
            {
              "batter": "Suraj Kumar",
              "bowler": "S Bhari",
              "non_striker": "Khawar Ali",
              "runs": {
                "batter": 0,
                "extras": 0,
                "total": 0
              }
            },
            {
              "batter": "Suraj Kumar",
              "bowler": "S Bhari",
              "non_striker": "Khawar Ali",
              "runs": {
                "batter": 1,
                "extras": 0,
                "total": 1
              }
            },
            {
              "batter": "Khawar Ali",
              "bowler": "S Bhari",
              "non_striker": "Suraj Kumar",
              "runs": {
                "batter": 0,
                "extras": 0,
                "total": 0
              }
            },
            {
              "batter": "Khawar Ali",
              "bowler": "S Bhari",
              "non_striker": "Suraj Kumar",
              "runs": {
                "batter": 0,
                "extras": 0,
                "total": 0
              }
            }
          ]
        },
        {
          "over": 6,
          "deliveries": [
            {
              "batter": "Suraj Kumar",
              "bowler": "Sompal Kami",
              "non_striker": "Khawar Ali",
              "runs": {
                "batter": 1,
                "extras": 0,
                "total": 1
              }
            },
            {
              "batter": "Khawar Ali",
              "bowler": "Sompal Kami",
              "non_striker": "Suraj Kumar",
              "runs": {
                "batter": 0,
                "extras": 0,
                "total": 0
              }
            },
            {
              "batter": "Khawar Ali",
              "bowler": "Sompal Kami",
              "non_striker": "Suraj Kumar",
              "runs": {
                "batter": 0,
                "extras": 0,
                "total": 0
              }
            },
            {
              "batter": "Khawar Ali",
              "bowler": "Sompal Kami",
              "non_striker": "Suraj Kumar",
              "runs": {
                "batter": 2,
                "extras": 0,
                "total": 2
              }
            },
            {
              "batter": "Khawar Ali",
              "bowler": "Sompal Kami",
              "non_striker": "Suraj Kumar",
              "runs": {
                "batter": 0,
                "extras": 0,
                "total": 0
              },
              "wickets": [
                {
                  "kind": "caught",
                  "player_out": "Khawar Ali",
                  "fielders": [
                    {
                      "name": "Karan KC"
                    }
                  ]
                }
              ]
            },
            {
              "batter": "Naseem Khushi",
              "bowler": "Sompal Kami",
              "non_striker": "Suraj Kumar",
              "runs": {
                "batter": 1,
                "extras": 0,
                "total": 1
              }
            }
          ]
        },
        {
          "over": 7,
          "deliveries": [
            {
              "batter": "Naseem Khushi",
              "bowler": "Karan KC",
              "non_striker": "Suraj Kumar",
              "runs": {
                "batter": 0,
                "extras": 0,
                "total": 0
              }
            },
            {
              "batter": "Naseem Khushi",
              "bowler": "Karan KC",
              "non_striker": "Suraj Kumar",
              "runs": {
                "batter": 0,
                "extras": 0,
                "total": 0
              }
            },
            {
              "batter": "Naseem Khushi",
              "bowler": "Karan KC",
              "non_striker": "Suraj Kumar",
              "runs": {
                "batter": 0,
                "extras": 0,
                "total": 0
              },
              "wickets": [
                {
                  "kind": "caught",
                  "player_out": "Naseem Khushi",
                  "fielders": [
                    {
                      "name": "S Jora"
                    }
                  ]
                }
              ]
            },
            {
              "batter": "Suraj Kumar",
              "bowler": "Karan KC",
              "non_striker": "Sandeep Goud",
              "runs": {
                "batter": 0,
                "extras": 0,
                "total": 0
              }
            },
            {
              "batter": "Suraj Kumar",
              "bowler": "Karan KC",
              "non_striker": "Sandeep Goud",
              "runs": {
                "batter": 1,
                "extras": 0,
                "total": 1
              }
            },
            {
              "batter": "Sandeep Goud",
              "bowler": "Karan KC",
              "non_striker": "Suraj Kumar",
              "runs": {
                "batter": 0,
                "extras": 0,
                "total": 0
              }
            }
          ]
        },
        {
          "over": 8,
          "deliveries": [
            {
              "batter": "Suraj Kumar",
              "bowler": "Sompal Kami",
              "non_striker": "Sandeep Goud",
              "runs": {
                "batter": 1,
                "extras": 0,
                "total": 1
              }
            },
            {
              "batter": "Sandeep Goud",
              "bowler": "Sompal Kami",
              "non_striker": "Suraj Kumar",
              "runs": {
                "batter": 0,
                "extras": 0,
                "total": 0
              }
            },
            {
              "batter": "Sandeep Goud",
              "bowler": "Sompal Kami",
              "non_striker": "Suraj Kumar",
              "runs": {
                "batter": 1,
                "extras": 0,
                "total": 1
              }
            },
            {
              "batter": "Suraj Kumar",
              "bowler": "Sompal Kami",
              "non_striker": "Sandeep Goud",
              "runs": {
                "batter": 0,
                "extras": 0,
                "total": 0
              }
            },
            {
              "batter": "Suraj Kumar",
              "bowler": "Sompal Kami",
              "non_striker": "Sandeep Goud",
              "runs": {
                "batter": 1,
                "extras": 0,
                "total": 1
              }
            },
            {
              "batter": "Sandeep Goud",
              "bowler": "Sompal Kami",
              "non_striker": "Suraj Kumar",
              "runs": {
                "batter": 0,
                "extras": 0,
                "total": 0
              }
            }
          ]
        },
        {
          "over": 9,
          "deliveries": [
            {
              "batter": "Suraj Kumar",
              "bowler": "S Bhari",
              "non_striker": "Sandeep Goud",
              "runs": {
                "batter": 0,
                "extras": 0,
                "total": 0
              }
            },
            {
              "batter": "Suraj Kumar",
              "bowler": "S Bhari",
              "non_striker": "Sandeep Goud",
              "runs": {
                "batter": 2,
                "extras": 0,
                "total": 2
              }
            },
            {
              "batter": "Suraj Kumar",
              "bowler": "S Bhari",
              "non_striker": "Sandeep Goud",
              "runs": {
                "batter": 0,
                "extras": 0,
                "total": 0
              }
            },
            {
              "batter": "Suraj Kumar",
              "bowler": "S Bhari",
              "non_striker": "Sandeep Goud",
              "runs": {
                "batter": 0,
                "extras": 0,
                "total": 0
              }
            },
            {
              "batter": "Suraj Kumar",
              "bowler": "S Bhari",
              "non_striker": "Sandeep Goud",
              "runs": {
                "batter": 2,
                "extras": 0,
                "total": 2
              }
            },
            {
              "batter": "Suraj Kumar",
              "bowler": "S Bhari",
              "non_striker": "Sandeep Goud",
              "runs": {
                "batter": 1,
                "extras": 0,
                "total": 1
              }
            }
          ]
        },
        {
          "over": 10,
          "deliveries": [
            {
              "batter": "Suraj Kumar",
              "bowler": "S Lamichhane",
              "non_striker": "Sandeep Goud",
              "runs": {
                "batter": 1,
                "extras": 0,
                "total": 1
              }
            },
            {
              "batter": "Sandeep Goud",
              "bowler": "S Lamichhane",
              "non_striker": "Suraj Kumar",
              "runs": {
                "batter": 0,
                "extras": 0,
                "total": 0
              }
            },
            {
              "batter": "Sandeep Goud",
              "bowler": "S Lamichhane",
              "non_striker": "Suraj Kumar",
              "runs": {
                "batter": 1,
                "extras": 0,
                "total": 1
              }
            },
            {
              "batter": "Suraj Kumar",
              "bowler": "S Lamichhane",
              "non_striker": "Sandeep Goud",
              "runs": {
                "batter": 4,
                "extras": 0,
                "total": 4
              }
            },
            {
              "batter": "Suraj Kumar",
              "bowler": "S Lamichhane",
              "non_striker": "Sandeep Goud",
              "runs": {
                "batter": 6,
                "extras": 0,
                "total": 6
              }
            },
            {
              "batter": "Suraj Kumar",
              "bowler": "S Lamichhane",
              "non_striker": "Sandeep Goud",
              "runs": {
                "batter": 1,
                "extras": 0,
                "total": 1
              }
            }
          ]
        },
        {
          "over": 11,
          "deliveries": [
            {
              "batter": "Suraj Kumar",
              "bowler": "Karan KC",
              "non_striker": "Sandeep Goud",
              "runs": {
                "batter": 6,
                "extras": 0,
                "total": 6
              }
            },
            {
              "batter": "Suraj Kumar",
              "bowler": "Karan KC",
              "non_striker": "Sandeep Goud",
              "runs": {
                "batter": 6,
                "extras": 0,
                "total": 6
              }
            },
            {
              "batter": "Suraj Kumar",
              "bowler": "Karan KC",
              "non_striker": "Sandeep Goud",
              "runs": {
                "batter": 1,
                "extras": 0,
                "total": 1
              }
            },
            {
              "batter": "Sandeep Goud",
              "bowler": "Karan KC",
              "non_striker": "Suraj Kumar",
              "runs": {
                "batter": 1,
                "extras": 0,
                "total": 1
              }
            },
            {
              "batter": "Suraj Kumar",
              "bowler": "Karan KC",
              "non_striker": "Sandeep Goud",
              "runs": {
                "batter": 2,
                "extras": 0,
                "total": 2
              }
            }
          ]
        }
      ],
      "powerplays": [
        {
          "from": 0.1,
          "to": 5.6,
          "type": "mandatory"
        }
      ],
      "target": {
        "overs": 20,
        "runs": 65
      }
    }
  ]
}