{
  "meta": {
    "data_version": "1.0.0",
    "created": "2019-08-20",
    "revision": 1
  },
  "info": {
    "balls_per_over": 6,
    "city": "Windhoek",
    "dates": [
      "2019-08-20"
    ],
    "event": {
      "name": "Botswana tour of Namibia",
      "match_number": 2
    },
    "gender": "male",
    "match_type": "T20",
    "match_type_number": 856,
    "officials": {
      "reserve_umpires": [
        "Willem Prinsloo"
      ],
      "umpires": [
        "A Louw",
        "Claus Schumacher"
      ]
    },
    "outcome": {
      "winner": "Namibia",
      "by": {
        "runs": 124
      }
    },
    "overs": 20,
    "player_of_match": [
      "JP Kotze"
    ],
    "players": {
      "Namibia": [
        "SJ Baard",
        "N Davin",
        "MG Erasmus",
        "JP Kotze",
        "CG Williams",
        "ZE Green",
        "JN Frylinck",
        "HN Ya France",
        "Z Groenewald",
        "T Lungameni",
        "B Shikongo"
      ],
      "Botswana": [
        "T Perera",
        "K Mothlhanka",
        "H Pragji",
        "R Nehonde",
        "V Mbazo",
        "P Silas",
        "A Rangaswamy",
        "D Maisuria",
        "D Kegasitswe",
        "Ameer Saiyed",
        "M Mooketsi"
      ]
    },
    "registry": {
      "people": {
        "A Louw": "5eecae5d",
        "A Rangaswamy": "08df0bd3",
        "Ameer Saiyed": "2f22325f",
        "B Shikongo": "c26cd57a",
        "CG Williams": "e16e7347",
        "Claus Schumacher": "85645e62",
        "D Kegasitswe": "3676b91f",
        "D Maisuria": "a96b36af",
        "H Pragji": "e28327c6",
        "HN Ya France": "915264c2",
        "JN Frylinck": "3c87f0c3",
        "JP Kotze": "9f308dfc",
        "K Mothlhanka": "1a37008a",
        "M Mooketsi": "008a024c",
        "MG Erasmus": "95a5e066",
        "N Davin": "72e361fe",
        "P Silas": "9f2e1944",
        "R Nehonde": "4393e047",
        "SJ Baard": "e8511411",
        "T Lungameni": "1688f2dc",
        "T Perera": "456397e5",
        "V Mbazo": "a2317d14",
        "Willem Prinsloo": "e2dae8f4",
        "Z Groenewald": "017faef2",
        "ZE Green": "8716233e"
      }
    },
    "season": "2019",
    "team_type": "international",
    "teams": [
      "Namibia",
      "Botswana"
    ],
    "toss": {
      "decision": "field",
      "winner": "Botswana"
    },
    "venue": "United Cricket Club Ground"
  },
  "innings": [
    {
      "team": "Namibia",
      "overs": [
        {
          "over": 0,
          "deliveries": [
            {
              "batter": "SJ Baard",
              "bowler": "M Mooketsi",
              "non_striker": "N Davin",
              "runs": {
                "batter": 1,
                "extras": 0,
                "total": 1
              }
            },
            {
              "batter": "N Davin",
              "bowler": "M Mooketsi",
              "non_striker": "SJ Baard",
              "runs": {
                "batter": 1,
                "extras": 0,
                "total": 1
              }
            },
            {
              "batter": "SJ Baard",
              "bowler": "M Mooketsi",
              "non_striker": "N Davin",
              "runs": {
                "batter": 4,
                "extras": 0,
                "total": 4
              }
            },
            {
              "batter": "SJ Baard",
              "bowler": "M Mooketsi",
              "non_striker": "N Davin",
              "runs": {
                "batter": 4,
                "extras": 0,
                "total": 4
              }
            },
            {
              "batter": "SJ Baard",
              "bowler": "M Mooketsi",
              "non_striker": "N Davin",
              "runs": {
                "batter": 1,
                "extras": 0,
                "total": 1
              }
            },
            {
              "batter": "N Davin",
              "bowler": "M Mooketsi",
              "non_striker": "SJ Baard",
              "runs": {
                "batter": 1,
                "extras": 0,
                "total": 1
              }
            }
          ]
        },
        {
          "over": 1,
          "deliveries": [
            {
              "batter": "N Davin",
              "bowler": "A Rangaswamy",
              "non_striker": "SJ Baard",
              "runs": {
                "batter": 1,
                "extras": 0,
                "total": 1
              }
            },
            {
              "batter": "SJ Baard",
              "bowler": "A Rangaswamy",
              "non_striker": "N Davin",
              "runs": {
                "batter": 0,
                "extras": 0,
                "total": 0
              }
            },
            {
              "batter": "SJ Baard",
              "bowler": "A Rangaswamy",
              "non_striker": "N Davin",
              "runs": {
                "batter": 0,
                "extras": 0,
                "total": 0
              }
            },
            {
              "batter": "SJ Baard",
              "bowler": "A Rangaswamy",
              "non_striker": "N Davin",
              "runs": {
                "batter": 0,
                "extras": 0,
                "total": 0
              }
            },
            {
              "batter": "SJ Baard",
              "bowler": "A Rangaswamy",
              "non_striker": "N Davin",
              "runs": {
                "batter": 4,
                "extras": 0,
                "total": 4
              }
            },
            {
              "batter": "SJ Baard",
              "bowler": "A Rangaswamy",
              "non_striker": "N Davin",
              "runs": {
                "batter": 0,
                "extras": 0,
                "total": 0
              },
              "wickets": [
                {
                  "kind": "caught",
                  "player_out": "SJ Baard",
                  "fielders": [
                    {
                      "name": "R Nehonde"
                    }
                  ]
                }
              ]
            }
          ]
        },
        {
          "over": 2,
          "deliveries": [
            {
              "batter": "N Davin",
              "bowler": "M Mooketsi",
              "non_striker": "MG Erasmus",
              "runs": {
                "batter": 0,
                "extras": 0,
                "total": 0
              }
            },
            {
              "batter": "N Davin",
              "bowler": "M Mooketsi",
              "non_striker": "MG Erasmus",
              "runs": {
                "batter": 2,
                "extras": 0,
                "total": 2
              }
            },
            {
              "batter": "N Davin",
              "bowler": "M Mooketsi",
              "non_striker": "MG Erasmus",
              "runs": {
                "batter": 1,
                "extras": 0,
                "total": 1
              }
            },
            {
              "batter": "MG Erasmus",
              "bowler": "M Mooketsi",
              "non_striker": "N Davin",
              "runs": {
                "batter": 0,
                "extras": 0,
                "total": 0
              }
            },
            {
              "batter": "MG Erasmus",
              "bowler": "M Mooketsi",
              "non_striker": "N Davin",
              "runs": {
                "batter": 0,
                "extras": 0,
                "total": 0
              }
            },
            {
              "batter": "MG Erasmus",
              "bowler": "M Mooketsi",
              "non_striker": "N Davin",
              "runs": {
                "batter": 1,
                "extras": 0,
                "total": 1
              }
            }
          ]
        },
        {
          "over": 3,
          "deliveries": [
            {
              "batter": "MG Erasmus",
              "bowler": "D Kegasitswe",
              "non_striker": "N Davin",
              "runs": {
                "batter": 1,
                "extras": 0,
                "total": 1
              }
            },
            {
              "batter": "N Davin",
              "bowler": "D Kegasitswe",
              "non_striker": "MG Erasmus",
              "runs": {
                "batter": 1,
                "extras": 0,
                "total": 1
              }
            },
            {
              "batter": "MG Erasmus",
              "bowler": "D Kegasitswe",
              "non_striker": "N Davin",
              "runs": {
                "batter": 1,
                "extras": 0,
                "total": 1
              }
            },
            {
              "batter": "MG Erasmus",
              "bowler": "D Kegasitswe",
              "non_striker": "N Davin",
              "runs": {
                "batter": 6,
                "extras": 0,
                "total": 6
              }
            },
            {
              "batter": "MG Erasmus",
              "bowler": "D Kegasitswe",
              "non_striker": "N Davin",
              "runs": {
                "batter": 4,
                "extras": 0,
                "total": 4
              }
            },
            {
              "batter": "MG Erasmus",
              "bowler": "D Kegasitswe",
              "extras": {
                "wides": 2
              },
              "non_striker": "N Davin",
              "runs": {
                "batter": 0,
                "extras": 2,
                "total": 2
              }
            },
            {
              "batter": "N Davin",
              "bowler": "D Kegasitswe",
              "non_striker": "MG Erasmus",
              "runs": {
                "batter": 0,
                "extras": 0,
                "total": 0
              }
            }
          ]
        },
        {
          "over": 4,
          "deliveries": [
            {
              "batter": "MG Erasmus",
              "bowler": "R Nehonde",
              "non_striker": "N Davin",
              "runs": {
                "batter": 4,
                "extras": 0,
                "total": 4
              }
            },
            {
              "batter": "MG Erasmus",
              "bowler": "R Nehonde",
              "non_striker": "N Davin",
              "runs": {
                "batter": 4,
                "extras": 0,
                "total": 4
              }
            },
            {
              "batter": "MG Erasmus",
              "bowler": "R Nehonde",
              "non_striker": "N Davin",
              "runs": {
                "batter": 0,
                "extras": 0,
                "total": 0
              }
            },
            {
              "batter": "MG Erasmus",
              "bowler": "R Nehonde",
              "non_striker": "N Davin",
              "runs": {
                "batter": 0,
                "extras": 0,
                "total": 0
              }
            },
            {
              "batter": "MG Erasmus",
              "bowler": "R Nehonde",
              "non_striker": "N Davin",
              "runs": {
                "batter": 0,
                "extras": 0,
                "total": 0
              }
            },
            {
              "batter": "MG Erasmus",
              "bowler": "R Nehonde",
              "non_striker": "N Davin",
              "runs": {
                "batter": 0,
                "extras": 0,
                "total": 0
              }
            }
          ]
        },
        {
          "over": 5,
          "deliveries": [
            {
              "batter": "N Davin",
              "bowler": "D Kegasitswe",
              "non_striker": "MG Erasmus",
              "runs": {
                "batter": 6,
                "extras": 0,
                "total": 6
              }
            },
            {
              "batter": "N Davin",
              "bowler": "D Kegasitswe",
              "non_striker": "MG Erasmus",
              "runs": {
                "batter": 1,
                "extras": 0,
                "total": 1
              }
            },
            {
              "batter": "MG Erasmus",
              "bowler": "D Kegasitswe",
              "non_striker": "N Davin",
              "runs": {
                "batter": 4,
                "extras": 0,
                "total": 4
              }
            },
            {
              "batter": "MG Erasmus",
              "bowler": "D Kegasitswe",
              "non_striker": "N Davin",
              "runs": {
                "batter": 0,
                "extras": 0,
                "total": 0
              }
            },
            {
              "batter": "MG Erasmus",
              "bowler": "D Kegasitswe",
              "non_striker": "N Davin",
              "runs": {
                "batter": 6,
                "extras": 0,
                "total": 6
              }
            },
            {
              "batter": "MG Erasmus",
              "bowler": "D Kegasitswe",
              "extras": {
                "wides": 1
              },
              "non_striker": "N Davin",
              "runs": {
                "batter": 0,
                "extras": 1,
                "total": 1
              }
            },
            {
              "batter": "MG Erasmus",
              "bowler": "D Kegasitswe",
              "non_striker": "N Davin",
              "runs": {
                "batter": 4,
                "extras": 0,
                "total": 4
              }
            }
          ]
        },
        {
          "over": 6,
          "deliveries": [
            {
              "batter": "N Davin",
              "bowler": "D Maisuria",
              "non_striker": "MG Erasmus",
              "runs": {
                "batter": 2,
                "extras": 0,
                "total": 2
              }
            },
            {
              "batter": "N Davin",
              "bowler": "D Maisuria",
              "non_striker": "MG Erasmus",
              "runs": {
                "batter": 2,
                "extras": 0,
                "total": 2
              }
            },
            {
              "batter": "N Davin",
              "bowler": "D Maisuria",
              "non_striker": "MG Erasmus",
              "runs": {
                "batter": 0,
                "extras": 0,
                "total": 0
              }
            },
            {
              "batter": "N Davin",
              "bowler": "D Maisuria",
              "non_striker": "MG Erasmus",
              "runs": {
                "batter": 0,
                "extras": 0,
                "total": 0
              }
            },
            {
              "batter": "N Davin",
              "bowler": "D Maisuria",
              "non_striker": "MG Erasmus",
              "runs": {
                "batter": 0,
                "extras": 0,
                "total": 0
              }
            },
            {
              "batter": "N Davin",
              "bowler": "D Maisuria",
              "non_striker": "MG Erasmus",
              "runs": {
                "batter": 0,
                "extras": 0,
                "total": 0
              }
            }
          ]
        },
        {
          "over": 7,
          "deliveries": [
            {
              "batter": "MG Erasmus",
              "bowler": "R Nehonde",
              "non_striker": "N Davin",
              "runs": {
                "batter": 1,
                "extras": 0,
                "total": 1
              }
            },
            {
              "batter": "N Davin",
              "bowler": "R Nehonde",
              "non_striker": "MG Erasmus",
              "runs": {
                "batter": 4,
                "extras": 0,
                "total": 4
              }
            },
            {
              "batter": "N Davin",
              "bowler": "R Nehonde",
              "non_striker": "MG Erasmus",
              "runs": {
                "batter": 1,
                "extras": 0,
                "total": 1
              }
            },
            {
              "batter": "MG Erasmus",
              "bowler": "R Nehonde",
              "non_striker": "N Davin",
              "runs": {
                "batter": 1,
                "extras": 0,
                "total": 1
              }
            },
            {
              "batter": "N Davin",
              "bowler": "R Nehonde",
              "non_striker": "MG Erasmus",
              "runs": {
                "batter": 2,
                "extras": 0,
                "total": 2
              }
            },
            {
              "batter": "N Davin",
              "bowler": "R Nehonde",
              "non_striker": "MG Erasmus",
              "runs": {
                "batter": 1,
                "extras": 0,
                "total": 1
              }
            }
          ]
        },
        {
          "over": 8,
          "deliveries": [
            {
              "batter": "N Davin",
              "bowler": "D Maisuria",
              "non_striker": "MG Erasmus",
              "runs": {
                "batter": 0,
                "extras": 0,
                "total": 0
              }
            },
            {
              "batter": "N Davin",
              "bowler": "D Maisuria",
              "non_striker": "MG Erasmus",
              "runs": {
                "batter": 4,
                "extras": 0,
                "total": 4
              }
            },
            {
              "batter": "N Davin",
              "bowler": "D Maisuria",
              "non_striker": "MG Erasmus",
              "runs": {
                "batter": 1,
                "extras": 0,
                "total": 1
              }
            },
            {
              "batter": "MG Erasmus",
              "bowler": "D Maisuria",
              "non_striker": "N Davin",
              "runs": {
                "batter": 2,
                "extras": 0,
                "total": 2
              }
            },
            {
              "batter": "MG Erasmus",
              "bowler": "D Maisuria",
              "non_striker": "N Davin",
              "runs": {
                "batter": 1,
                "extras": 0,
                "total": 1
              }
            },
            {
              "batter": "N Davin",
              "bowler": "D Maisuria",
              "non_striker": "MG Erasmus",
              "runs": {
                "batter": 1,
                "extras": 0,
                "total": 1
              }
            }
          ]
        },
        {
          "over": 9,
          "deliveries": [
            {
              "batter": "N Davin",
              "bowler": "P Silas",
              "non_striker": "MG Erasmus",
              "runs": {
                "batter": 6,
                "extras": 0,
                "total": 6
              }
            },
            {
              "batter": "N Davin",
              "bowler": "P Silas",
              "non_striker": "MG Erasmus",
              "runs": {
                "batter": 6,
                "extras": 0,
                "total": 6
              }
            },
            {
              "batter": "N Davin",
              "bowler": "P Silas",
              "non_striker": "MG Erasmus",
              "runs": {
                "batter": 0,
                "extras": 0,
                "total": 0
              }
            },
            {
              "batter": "N Davin",
              "bowler": "P Silas",
              "non_striker": "MG Erasmus",
              "runs": {
                "batter": 2,
                "extras": 0,
                "total": 2
              }
            },
            {
              "batter": "N Davin",
              "bowler": "P Silas",
              "non_striker": "MG Erasmus",
              "runs": {
                "batter": 1,
                "extras": 0,
                "total": 1
              }
            },
            {
              "batter": "MG Erasmus",
              "bowler": "P Silas",
              "non_striker": "N Davin",
              "runs": {
                "batter": 6,
                "extras": 0,
                "total": 6
              }
            }
          ]
        },
        {
          "over": 10,
          "deliveries": [
            {
              "batter": "N Davin",
              "bowler": "D Maisuria",
              "non_striker": "MG Erasmus",
              "runs": {
                "batter": 1,
                "extras": 0,
                "total": 1
              }
            },
            {
              "batter": "MG Erasmus",
              "bowler": "D Maisuria",
              "non_striker": "N Davin",
              "runs": {
                "batter": 2,
                "extras": 0,
                "total": 2
              }
            },
            {
              "batter": "MG Erasmus",
              "bowler": "D Maisuria",
              "non_striker": "N Davin",
              "runs": {
                "batter": 1,
                "extras": 0,
                "total": 1
              }
            },
            {
              "batter": "N Davin",
              "bowler": "D Maisuria",
              "non_striker": "MG Erasmus",
              "runs": {
                "batter": 6,
                "extras": 0,
                "total": 6
              }
            },
            {
              "batter": "N Davin",
              "bowler": "D Maisuria",
              "non_striker": "MG Erasmus",
              "runs": {
                "batter": 0,
                "extras": 0,
                "total": 0
              },
              "wickets": [
                {
                  "kind": "bowled",
                  "player_out": "N Davin"
                }
              ]
            },
            {
              "batter": "JP Kotze",
              "bowler": "D Maisuria",
              "non_striker": "MG Erasmus",
              "runs": {
                "batter": 0,
                "extras": 0,
                "total": 0
              }
            }
          ]
        },
        {
          "over": 11,
          "deliveries": [
            {
              "batter": "MG Erasmus",
              "bowler": "M Mooketsi",
              "non_striker": "JP Kotze",
              "runs": {
                "batter": 1,
                "extras": 0,
                "total": 1
              }
            },
            {
              "batter": "JP Kotze",
              "bowler": "M Mooketsi",
              "non_striker": "MG Erasmus",
              "runs": {
                "batter": 0,
                "extras": 0,
                "total": 0
              }
            },
            {
              "batter": "JP Kotze",
              "bowler": "M Mooketsi",
              "non_striker": "MG Erasmus",
              "runs": {
                "batter": 1,
                "extras": 0,
                "total": 1
              }
            },
            {
              "batter": "MG Erasmus",
              "bowler": "M Mooketsi",
              "non_striker": "JP Kotze",
              "runs": {
                "batter": 6,
                "extras": 0,
                "total": 6
              }
            },
            {
              "batter": "MG Erasmus",
              "bowler": "M Mooketsi",
              "non_striker": "JP Kotze",
              "runs": {
                "batter": 0,
                "extras": 0,
                "total": 0
              },
              "wickets": [
                {
                  "kind": "caught",
                  "player_out": "MG Erasmus",
                  "fielders": [
                    {
                      "name": "P Silas"
                    }
                  ]
                }
              ]
            },
            {
              "batter": "JP Kotze",
              "bowler": "M Mooketsi",
              "non_striker": "CG Williams",
              "runs": {
                "batter": 1,
                "extras": 0,
                "total": 1
              }
            }
          ]
        },
        {
          "over": 12,
          "deliveries": [
            {
              "batter": "JP Kotze",
              "bowler": "D Maisuria",
              "extras": {
                "wides": 1
              },
              "non_striker": "CG Williams",
              "runs": {
                "batter": 0,
                "extras": 1,
                "total": 1
              }
            },
            {
              "batter": "JP Kotze",
              "bowler": "D Maisuria",
              "non_striker": "CG Williams",
              "runs": {
                "batter": 0,
                "extras": 0,
                "total": 0
              }
            },
            {
              "batter": "JP Kotze",
              "bowler": "D Maisuria",
              "non_striker": "CG Williams",
              "runs": {
                "batter": 0,
                "extras": 0,
                "total": 0
              }
            },
            {
              "batter": "JP Kotze",
              "bowler": "D Maisuria",
              "non_striker": "CG Williams",
              "runs": {
                "batter": 0,
                "extras": 0,
                "total": 0
              }
            },
            {
              "batter": "JP Kotze",
              "bowler": "D Maisuria",
              "non_striker": "CG Williams",
              "runs": {
                "batter": 0,
                "extras": 0,
                "total": 0
              }
            },
            {
              "batter": "JP Kotze",
              "bowler": "D Maisuria",
              "non_striker": "CG Williams",
              "runs": {
                "batter": 6,
                "extras": 0,
                "total": 6
              }
            },
            {
              "batter": "JP Kotze",
              "bowler": "D Maisuria",
              "non_striker": "CG Williams",
              "runs": {
                "batter": 0,
                "extras": 0,
                "total": 0
              }
            }
          ]
        },
        {
          "over": 13,
          "deliveries": [
            {
              "batter": "CG Williams",
              "bowler": "D Kegasitswe",
              "non_striker": "JP Kotze",
              "runs": {
                "batter": 1,
                "extras": 0,
                "total": 1
              }
            },
            {
              "batter": "JP Kotze",
              "bowler": "D Kegasitswe",
              "non_striker": "CG Williams",
              "runs": {
                "batter": 6,
                "extras": 0,
                "total": 6
              }
            },
            {
              "batter": "JP Kotze",
              "bowler": "D Kegasitswe",
              "non_striker": "CG Williams",
              "runs": {
                "batter": 0,
                "extras": 0,
                "total": 0
              }
            },
            {
              "batter": "JP Kotze",
              "bowler": "D Kegasitswe",
              "non_striker": "CG Williams",
              "runs": {
                "batter": 4,
                "extras": 0,
                "total": 4
              }
            },
            {
              "batter": "JP Kotze",
              "bowler": "D Kegasitswe",
              "extras": {
                "wides": 1
              },
              "non_striker": "CG Williams",
              "runs": {
                "batter": 0,
                "extras": 1,
                "total": 1
              }
            },
            {
              "batter": "JP Kotze",
              "bowler": "D Kegasitswe",
              "non_striker": "CG Williams",
              "runs": {
                "batter": 0,
                "extras": 0,
                "total": 0
              }
            },
            {
              "batter": "JP Kotze",
              "bowler": "D Kegasitswe",
              "non_striker": "CG Williams",
              "runs": {
                "batter": 1,
                "extras": 0,
                "total": 1
              }
            }
          ]
        },
        {
          "over": 14,
          "deliveries": [
            {
              "batter": "JP Kotze",
              "bowler": "Ameer Saiyed",
              "non_striker": "CG Williams",
              "runs": {
                "batter": 1,
                "extras": 0,
                "total": 1
              }
            },
            {
              "batter": "CG Williams",
              "bowler": "Ameer Saiyed",
              "non_striker": "JP Kotze",
              "runs": {
                "batter": 1,
                "extras": 0,
                "total": 1
              }
            },
            {
              "batter": "JP Kotze",
              "bowler": "Ameer Saiyed",
              "non_striker": "CG Williams",
              "runs": {
                "batter": 6,
                "extras": 0,
                "total": 6
              }
            },
            {
              "batter": "JP Kotze",
              "bowler": "Ameer Saiyed",
              "non_striker": "CG Williams",
              "runs": {
                "batter": 6,
                "extras": 0,
                "total": 6
              }
            },
            {
              "batter": "JP Kotze",
              "bowler": "Ameer Saiyed",
              "non_striker": "CG Williams",
              "runs": {
                "batter": 1,
                "extras": 0,
                "total": 1
              }
            },
            {
              "batter": "CG Williams",
              "bowler": "Ameer Saiyed",
              "non_striker": "JP Kotze",
              "runs": {
                "batter": 2,
                "extras": 0,
                "total": 2
              }
            }
          ]
        },
        {
          "over": 15,
          "deliveries": [
            {
              "batter": "JP Kotze",
              "bowler": "D Kegasitswe",
              "non_striker": "CG Williams",
              "runs": {
                "batter": 4,
                "extras": 0,
                "total": 4
              }
            },
            {
              "batter": "JP Kotze",
              "bowler": "D Kegasitswe",
              "non_striker": "CG Williams",
              "runs": {
                "batter": 0,
                "extras": 0,
                "total": 0
              }
            },
            {
              "batter": "JP Kotze",
              "bowler": "D Kegasitswe",
              "non_striker": "CG Williams",
              "runs": {
                "batter": 4,
                "extras": 0,
                "total": 4
              }
            },
            {
              "batter": "JP Kotze",
              "bowler": "D Kegasitswe",
              "non_striker": "CG Williams",
              "runs": {
                "batter": 1,
                "extras": 0,
                "total": 1
              }
            },
            {
              "batter": "CG Williams",
              "bowler": "D Kegasitswe",
              "non_striker": "JP Kotze",
              "runs": {
                "batter": 2,
                "extras": 0,
                "total": 2
              }
            },
            {
              "batter": "CG Williams",
              "bowler": "D Kegasitswe",
              "non_striker": "JP Kotze",
              "runs": {
                "batter": 0,
                "extras": 0,
                "total": 0
              }
            }
          ]
        },
        {
          "over": 16,
          "deliveries": [
            {
              "batter": "JP Kotze",
              "bowler": "Ameer Saiyed",
              "non_striker": "CG Williams",
              "runs": {
                "batter": 1,
                "extras": 0,
                "total": 1
              }
            },
            {
              "batter": "CG Williams",
              "bowler": "Ameer Saiyed",
              "non_striker": "JP Kotze",
              "runs": {
                "batter": 1,
                "extras": 0,
                "total": 1
              }
            },
            {
              "batter": "JP Kotze",
              "bowler": "Ameer Saiyed",
              "non_striker": "CG Williams",
              "runs": {
                "batter": 0,
                "extras": 0,
                "total": 0
              }
            },
            {
              "batter": "JP Kotze",
              "bowler": "Ameer Saiyed",
              "non_striker": "CG Williams",
              "runs": {
                "batter": 1,
                "extras": 0,
                "total": 1
              }
            },
            {
              "batter": "CG Williams",
              "bowler": "Ameer Saiyed",
              "non_striker": "JP Kotze",
              "runs": {
                "batter": 1,
                "extras": 0,
                "total": 1
              }
            },
            {
              "batter": "JP Kotze",
              "bowler": "Ameer Saiyed",
              "non_striker": "CG Williams",
              "runs": {
                "batter": 1,
                "extras": 0,
                "total": 1
              }
            }
          ]
        },
        {
          "over": 17,
          "deliveries": [
            {
              "batter": "JP Kotze",
              "bowler": "R Nehonde",
              "non_striker": "CG Williams",
              "runs": {
                "batter": 0,
                "extras": 0,
                "total": 0
              }
            },
            {
              "batter": "JP Kotze",
              "bowler": "R Nehonde",
              "non_striker": "CG Williams",
              "runs": {
                "batter": 4,
                "extras": 0,
                "total": 4
              }
            },
            {
              "batter": "JP Kotze",
              "bowler": "R Nehonde",
              "non_striker": "CG Williams",
              "runs": {
                "batter": 2,
                "extras": 0,
                "total": 2
              }
            },
            {
              "batter": "JP Kotze",
              "bowler": "R Nehonde",
              "non_striker": "CG Williams",
              "runs": {
                "batter": 4,
                "extras": 0,
                "total": 4
              }
            },
            {
              "batter": "JP Kotze",
              "bowler": "R Nehonde",
              "non_striker": "CG Williams",
              "runs": {
                "batter": 4,
                "extras": 0,
                "total": 4
              }
            },
            {
              "batter": "JP Kotze",
              "bowler": "R Nehonde",
              "non_striker": "CG Williams",
              "runs": {
                "batter": 4,
                "extras": 0,
                "total": 4
              }
            }
          ]
        },
        {
          "over": 18,
          "deliveries": [
            {
              "batter": "CG Williams",
              "bowler": "M Mooketsi",
              "non_striker": "JP Kotze",
              "runs": {
                "batter": 1,
                "extras": 0,
                "total": 1
              }
            },
            {
              "batter": "JP Kotze",
              "bowler": "M Mooketsi",
              "non_striker": "CG Williams",
              "runs": {
                "batter": 6,
                "extras": 0,
                "total": 6
              }
            },
            {
              "batter": "JP Kotze",
              "bowler": "M Mooketsi",
              "non_striker": "CG Williams",
              "runs": {
                "batter": 6,
                "extras": 0,
                "total": 6
              }
            },
            {
              "batter": "JP Kotze",
              "bowler": "M Mooketsi",
              "non_striker": "CG Williams",
              "runs": {
                "batter": 6,
                "extras": 0,
                "total": 6
              }
            },
            {
              "batter": "JP Kotze",
              "bowler": "M Mooketsi",
              "non_striker": "CG Williams",
              "runs": {
                "batter": 6,
                "extras": 0,
                "total": 6
              }
            },
            {
              "batter": "JP Kotze",
              "bowler": "M Mooketsi",
              "non_striker": "CG Williams",
              "runs": {
                "batter": 6,
                "extras": 0,
                "total": 6
              }
            }
          ]
        },
        {
          "over": 19,
          "deliveries": [
            {
              "batter": "CG Williams",
              "bowler": "R Nehonde",
              "non_striker": "JP Kotze",
              "runs": {
                "batter": 1,
                "extras": 0,
                "total": 1
              }
            },
            {
              "batter": "JP Kotze",
              "bowler": "R Nehonde",
              "non_striker": "CG Williams",
              "runs": {
                "batter": 2,
                "extras": 0,
                "total": 2
              }
            },
            {
              "batter": "JP Kotze",
              "bowler": "R Nehonde",
              "non_striker": "CG Williams",
              "runs": {
                "batter": 0,
                "extras": 0,
                "total": 0
              }
            },
            {
              "batter": "JP Kotze",
              "bowler": "R Nehonde",
              "non_striker": "CG Williams",
              "runs": {
                "batter": 2,
                "extras": 0,
                "total": 2
              }
            },
            {
              "batter": "JP Kotze",
              "bowler": "R Nehonde",
              "non_striker": "CG Williams",
              "runs": {
                "batter": 2,
                "extras": 0,
                "total": 2
              }
            },
            {
              "batter": "JP Kotze",
              "bowler": "R Nehonde",
              "non_striker": "CG Williams",
              "runs": {
                "batter": 2,
                "extras": 0,
                "total": 2
              }
            }
          ]
        }
      ],
      "powerplays": [
        {
          "from": 0.1,
          "to": 5.7,
          "type": "mandatory"
        }
      ]
    },
    {
      "team": "Botswana",
      "overs": [
        {
          "over": 0,
          "deliveries": [
            {
              "batter": "T Perera",
              "bowler": "Z Groenewald",
              "non_striker": "K Mothlhanka",
              "runs": {
                "batter": 0,
                "extras": 0,
                "total": 0
              }
            },
            {
              "batter": "T Perera",
              "bowler": "Z Groenewald",
              "non_striker": "K Mothlhanka",
              "runs": {
                "batter": 0,
                "extras": 0,
                "total": 0
              }
            },
            {
              "batter": "T Perera",
              "bowler": "Z Groenewald",
              "non_striker": "K Mothlhanka",
              "runs": {
                "batter": 0,
                "extras": 0,
                "total": 0
              }
            },
            {
              "batter": "T Perera",
              "bowler": "Z Groenewald",
              "non_striker": "K Mothlhanka",
              "runs": {
                "batter": 1,
                "extras": 0,
                "total": 1
              }
            },
            {
              "batter": "K Mothlhanka",
              "bowler": "Z Groenewald",
              "non_striker": "T Perera",
              "runs": {
                "batter": 0,
                "extras": 0,
                "total": 0
              }
            },
            {
              "batter": "K Mothlhanka",
              "bowler": "Z Groenewald",
              "non_striker": "T Perera",
              "runs": {
                "batter": 0,
                "extras": 0,
                "total": 0
              }
            }
          ]
        },
        {
          "over": 1,
          "deliveries": [
            {
              "batter": "T Perera",
              "bowler": "HN Ya France",
              "non_striker": "K Mothlhanka",
              "runs": {
                "batter": 4,
                "extras": 0,
                "total": 4
              }
            },
            {
              "batter": "T Perera",
              "bowler": "HN Ya France",
              "non_striker": "K Mothlhanka",
              "runs": {
                "batter": 1,
                "extras": 0,
                "total": 1
              }
            },
            {
              "batter": "K Mothlhanka",
              "bowler": "HN Ya France",
              "non_striker": "T Perera",
              "runs": {
                "batter": 2,
                "extras": 0,
                "total": 2
              }
            },
            {
              "batter": "K Mothlhanka",
              "bowler": "HN Ya France",
              "non_striker": "T Perera",
              "runs": {
                "batter": 1,
                "extras": 0,
                "total": 1
              }
            },
            {
              "batter": "T Perera",
              "bowler": "HN Ya France",
              "non_striker": "K Mothlhanka",
              "runs": {
                "batter": 0,
                "extras": 0,
                "total": 0
              }
            },
            {
              "batter": "T Perera",
              "bowler": "HN Ya France",
              "non_striker": "K Mothlhanka",
              "runs": {
                "batter": 4,
                "extras": 0,
                "total": 4
              }
            }
          ]
        },
        {
          "over": 2,
          "deliveries": [
            {
              "batter": "K Mothlhanka",
              "bowler": "T Lungameni",
              "non_striker": "T Perera",
              "runs": {
                "batter": 1,
                "extras": 0,
                "total": 1
              }
            },
            {
              "batter": "T Perera",
              "bowler": "T Lungameni",
              "non_striker": "K Mothlhanka",
              "runs": {
                "batter": 0,
                "extras": 0,
                "total": 0
              }
            },
            {
              "batter": "T Perera",
              "bowler": "T Lungameni",
              "non_striker": "K Mothlhanka",
              "runs": {
                "batter": 1,
                "extras": 0,
                "total": 1
              }
            },
            {
              "batter": "K Mothlhanka",
              "bowler": "T Lungameni",
              "non_striker": "T Perera",
              "runs": {
                "batter": 4,
                "extras": 0,
                "total": 4
              }
            },
            {
              "batter": "K Mothlhanka",
              "bowler": "T Lungameni",
              "non_striker": "T Perera",
              "runs": {
                "batter": 1,
                "extras": 0,
                "total": 1
              }
            },
            {
              "batter": "T Perera",
              "bowler": "T Lungameni",
              "non_striker": "K Mothlhanka",
              "runs": {
                "batter": 0,
                "extras": 0,
                "total": 0
              }
            }
          ]
        },
        {
          "over": 3,
          "deliveries": [
            {
              "batter": "K Mothlhanka",
              "bowler": "HN Ya France",
              "non_striker": "T Perera",
              "runs": {
                "batter": 2,
                "extras": 0,
                "total": 2
              }
            },
            {
              "batter": "K Mothlhanka",
              "bowler": "HN Ya France",
              "non_striker": "T Perera",
              "runs": {
                "batter": 1,
                "extras": 0,
                "total": 1
              }
            },
            {
              "batter": "T Perera",
              "bowler": "HN Ya France",
              "non_striker": "K Mothlhanka",
              "runs": {
                "batter": 0,
                "extras": 0,
                "total": 0
              }
            },
            {
              "batter": "T Perera",
              "bowler": "HN Ya France",
              "non_striker": "K Mothlhanka",
              "runs": {
                "batter": 0,
                "extras": 0,
                "total": 0
              }
            },
            {
              "batter": "T Perera",
              "bowler": "HN Ya France",
              "non_striker": "K Mothlhanka",
              "runs": {
                "batter": 0,
                "extras": 0,
                "total": 0
              }
            },
            {
              "batter": "T Perera",
              "bowler": "HN Ya France",
              "non_striker": "K Mothlhanka",
              "runs": {
                "batter": 1,
                "extras": 0,
                "total": 1
              }
            }
          ]
        },
        {
          "over": 4,
          "deliveries": [
            {
              "batter": "T Perera",
              "bowler": "Z Groenewald",
              "non_striker": "K Mothlhanka",
              "runs": {
                "batter": 1,
                "extras": 0,
                "total": 1
              }
            },
            {
              "batter": "K Mothlhanka",
              "bowler": "Z Groenewald",
              "extras": {
                "wides": 1
              },
              "non_striker": "T Perera",
              "runs": {
                "batter": 0,
                "extras": 1,
                "total": 1
              }
            },
            {
              "batter": "K Mothlhanka",
              "bowler": "Z Groenewald",
              "non_striker": "T Perera",
              "runs": {
                "batter": 1,
                "extras": 0,
                "total": 1
              }
            },
            {
              "batter": "T Perera",
              "bowler": "Z Groenewald",
              "non_striker": "K Mothlhanka",
              "runs": {
                "batter": 1,
                "extras": 0,
                "total": 1
              }
            },
            {
              "batter": "K Mothlhanka",
              "bowler": "Z Groenewald",
              "non_striker": "T Perera",
              "runs": {
                "batter": 0,
                "extras": 0,
                "total": 0
              }
            },
            {
              "batter": "K Mothlhanka",
              "bowler": "Z Groenewald",
              "non_striker": "T Perera",
              "runs": {
                "batter": 1,
                "extras": 0,
                "total": 1
              }
            },
            {
              "batter": "T Perera",
              "bowler": "Z Groenewald",
              "non_striker": "K Mothlhanka",
              "runs": {
                "batter": 0,
                "extras": 0,
                "total": 0
              }
            }
          ]
        },
        {
          "over": 5,
          "deliveries": [
            {
              "batter": "K Mothlhanka",
              "bowler": "HN Ya France",
              "non_striker": "T Perera",
              "runs": {
                "batter": 1,
                "extras": 0,
                "total": 1
              }
            },
            {
              "batter": "T Perera",
              "bowler": "HN Ya France",
              "non_striker": "K Mothlhanka",
              "runs": {
                "batter": 4,
                "extras": 0,
                "total": 4
              }
            },
            {
              "batter": "T Perera",
              "bowler": "HN Ya France",
              "non_striker": "K Mothlhanka",
              "runs": {
                "batter": 0,
                "extras": 0,
                "total": 0
              },
              "wickets": [
                {
                  "kind": "caught",
                  "player_out": "T Perera",
                  "fielders": [
                    {
                      "name": "JN Frylinck"
                    }
                  ]
                }
              ]
            },
            {
              "batter": "H Pragji",
              "bowler": "HN Ya France",
              "non_striker": "K Mothlhanka",
              "runs": {
                "batter": 0,
                "extras": 0,
                "total": 0
              }
            },
            {
              "batter": "H Pragji",
              "bowler": "HN Ya France",
              "non_striker": "K Mothlhanka",
              "runs": {
                "batter": 0,
                "extras": 0,
                "total": 0
              }
            },
            {
              "batter": "H Pragji",
              "bowler": "HN Ya France",
              "non_striker": "K Mothlhanka",
              "runs": {
                "batter": 0,
                "extras": 0,
                "total": 0
              }
            }
          ]
        },
        {
          "over": 6,
          "deliveries": [
            {
              "batter": "K Mothlhanka",
              "bowler": "B Shikongo",
              "non_striker": "H Pragji",
              "runs": {
                "batter": 1,
                "extras": 0,
                "total": 1
              }
            },
            {
              "batter": "H Pragji",
              "bowler": "B Shikongo",
              "non_striker": "K Mothlhanka",
              "runs": {
                "batter": 1,
                "extras": 0,
                "total": 1
              }
            },
            {
              "batter": "K Mothlhanka",
              "bowler": "B Shikongo",
              "extras": {
                "wides": 1
              },
              "non_striker": "H Pragji",
              "runs": {
                "batter": 0,
                "extras": 1,
                "total": 1
              }
            },
            {
              "batter": "K Mothlhanka",
              "bowler": "B Shikongo",
              "non_striker": "H Pragji",
              "runs": {
                "batter": 1,
                "extras": 0,
                "total": 1
              }
            },
            {
              "batter": "H Pragji",
              "bowler": "B Shikongo",
              "non_striker": "K Mothlhanka",
              "runs": {
                "batter": 0,
                "extras": 0,
                "total": 0
              }
            },
            {
              "batter": "H Pragji",
              "bowler": "B Shikongo",
              "non_striker": "K Mothlhanka",
              "runs": {
                "batter": 0,
                "extras": 0,
                "total": 0
              }
            },
            {
              "batter": "H Pragji",
              "bowler": "B Shikongo",
              "non_striker": "K Mothlhanka",
              "runs": {
                "batter": 1,
                "extras": 0,
                "total": 1
              }
            }
          ]
        },
        {
          "over": 7,
          "deliveries": [
            {
              "batter": "H Pragji",
              "bowler": "HN Ya France",
              "non_striker": "K Mothlhanka",
              "runs": {
                "batter": 1,
                "extras": 0,
                "total": 1
              }
            },
            {
              "batter": "K Mothlhanka",
              "bowler": "HN Ya France",
              "non_striker": "H Pragji",
              "runs": {
                "batter": 0,
                "extras": 0,
                "total": 0
              }
            },
            {
              "batter": "K Mothlhanka",
              "bowler": "HN Ya France",
              "non_striker": "H Pragji",
              "runs": {
                "batter": 1,
                "extras": 0,
                "total": 1
              }
            },
            {
              "batter": "H Pragji",
              "bowler": "HN Ya France",
              "non_striker": "K Mothlhanka",
              "runs": {
                "batter": 0,
                "extras": 0,
                "total": 0
              }
            },
            {
              "batter": "H Pragji",
              "bowler": "HN Ya France",
              "non_striker": "K Mothlhanka",
              "runs": {
                "batter": 1,
                "extras": 0,
                "total": 1
              }
            },
            {
              "batter": "K Mothlhanka",
              "bowler": "HN Ya France",
              "non_striker": "H Pragji",
              "runs": {
                "batter": 1,
                "extras": 0,
                "total": 1
              }
            }
          ]
        },
        {
          "over": 8,
          "deliveries": [
            {
              "batter": "K Mothlhanka",
              "bowler": "B Shikongo",
              "extras": {
                "noballs": 1
              },
              "non_striker": "H Pragji",
              "runs": {
                "batter": 0,
                "extras": 1,
                "total": 1
              }
            },
            {
              "batter": "K Mothlhanka",
              "bowler": "B Shikongo",
              "non_striker": "H Pragji",
              "runs": {
                "batter": 0,
                "extras": 0,
                "total": 0
              }
            },
            {
              "batter": "K Mothlhanka",
              "bowler": "B Shikongo",
              "non_striker": "H Pragji",
              "runs": {
                "batter": 0,
                "extras": 0,
                "total": 0
              }
            },
            {
              "batter": "K Mothlhanka",
              "bowler": "B Shikongo",
              "non_striker": "H Pragji",
              "runs": {
                "batter": 1,
                "extras": 0,
                "total": 1
              }
            },
            {
              "batter": "H Pragji",
              "bowler": "B Shikongo",
              "non_striker": "K Mothlhanka",
              "runs": {
                "batter": 2,
                "extras": 0,
                "total": 2
              }
            },
            {
              "batter": "H Pragji",
              "bowler": "B Shikongo",
              "non_striker": "K Mothlhanka",
              "runs": {
                "batter": 0,
                "extras": 0,
                "total": 0
              }
            },
            {
              "batter": "H Pragji",
              "bowler": "B Shikongo",
              "non_striker": "K Mothlhanka",
              "runs": {
                "batter": 0,
                "extras": 0,
                "total": 0
              }
            }
          ]
        },
        {
          "over": 9,
          "deliveries": [
            {
              "batter": "K Mothlhanka",
              "bowler": "MG Erasmus",
              "non_striker": "H Pragji",
              "runs": {
                "batter": 0,
                "extras": 0,
                "total": 0
              }
            },
            {
              "batter": "K Mothlhanka",
              "bowler": "MG Erasmus",
              "non_striker": "H Pragji",
              "runs": {
                "batter": 1,
                "extras": 0,
                "total": 1
              }
            },
            {
              "batter": "H Pragji",
              "bowler": "MG Erasmus",
              "non_striker": "K Mothlhanka",
              "runs": {
                "batter": 0,
                "extras": 0,
                "total": 0
              }
            },
            {
              "batter": "H Pragji",
              "bowler": "MG Erasmus",
              "non_striker": "K Mothlhanka",
              "runs": {
                "batter": 1,
                "extras": 0,
                "total": 1
              }
            },
            {
              "batter": "K Mothlhanka",
              "bowler": "MG Erasmus",
              "non_striker": "H Pragji",
              "runs": {
                "batter": 2,
                "extras": 0,
                "total": 2
              }
            },
            {
              "batter": "K Mothlhanka",
              "bowler": "MG Erasmus",
              "non_striker": "H Pragji",
              "runs": {
                "batter": 0,
                "extras": 0,
                "total": 0
              }
            }
          ]
        },
        {
          "over": 10,
          "deliveries": [
            {
              "batter": "H Pragji",
              "bowler": "B Shikongo",
              "non_striker": "K Mothlhanka",
              "runs": {
                "batter": 0,
                "extras": 0,
                "total": 0
              }
            },
            {
              "batter": "H Pragji",
              "bowler": "B Shikongo",
              "non_striker": "K Mothlhanka",
              "runs": {
                "batter": 0,
                "extras": 0,
                "total": 0
              }
            },
            {
              "batter": "H Pragji",
              "bowler": "B Shikongo",
              "non_striker": "K Mothlhanka",
              "runs": {
                "batter": 1,
                "extras": 0,
                "total": 1
              }
            },
            {
              "batter": "K Mothlhanka",
              "bowler": "B Shikongo",
              "non_striker": "H Pragji",
              "runs": {
                "batter": 4,
                "extras": 0,
                "total": 4
              }
            },
            {
              "batter": "K Mothlhanka",
              "bowler": "B Shikongo",
              "non_striker": "H Pragji",
              "runs": {
                "batter": 0,
                "extras": 0,
                "total": 0
              }
            },
            {
              "batter": "K Mothlhanka",
              "bowler": "B Shikongo",
              "non_striker": "H Pragji",
              "runs": {
                "batter": 1,
                "extras": 0,
                "total": 1
              }
            }
          ]
        },
        {
          "over": 11,
          "deliveries": [
            {
              "batter": "K Mothlhanka",
              "bowler": "MG Erasmus",
              "non_striker": "H Pragji",
              "runs": {
                "batter": 1,
                "extras": 0,
                "total": 1
              }
            },
            {
              "batter": "H Pragji",
              "bowler": "MG Erasmus",
              "non_striker": "K Mothlhanka",
              "runs": {
                "batter": 1,
                "extras": 0,
                "total": 1
              }
            },
            {
              "batter": "K Mothlhanka",
              "bowler": "MG Erasmus",
              "non_striker": "H Pragji",
              "runs": {
                "batter": 1,
                "extras": 0,
                "total": 1
              }
            },
            {
              "batter": "H Pragji",
              "bowler": "MG Erasmus",
              "non_striker": "K Mothlhanka",
              "runs": {
                "batter": 1,
                "extras": 0,
                "total": 1
              }
            },
            {
              "batter": "K Mothlhanka",
              "bowler": "MG Erasmus",
              "non_striker": "H Pragji",
              "runs": {
                "batter": 1,
                "extras": 0,
                "total": 1
              }
            },
            {
              "batter": "H Pragji",
              "bowler": "MG Erasmus",
              "non_striker": "K Mothlhanka",
              "runs": {
                "batter": 2,
                "extras": 0,
                "total": 2
              }
            }
          ]
        },
        {
          "over": 12,
          "deliveries": [
            {
              "batter": "K Mothlhanka",
              "bowler": "T Lungameni",
              "non_striker": "H Pragji",
              "runs": {
                "batter": 1,
                "extras": 0,
                "total": 1
              }
            },
            {
              "batter": "H Pragji",
              "bowler": "T Lungameni",
              "non_striker": "K Mothlhanka",
              "runs": {
                "batter": 0,
                "extras": 0,
                "total": 0
              }
            },
            {
              "batter": "H Pragji",
              "bowler": "T Lungameni",
              "non_striker": "K Mothlhanka",
              "runs": {
                "batter": 0,
                "extras": 0,
                "total": 0
              }
            },
            {
              "batter": "H Pragji",
              "bowler": "T Lungameni",
              "non_striker": "K Mothlhanka",
              "runs": {
                "batter": 1,
                "extras": 0,
                "total": 1
              }
            },
            {
              "batter": "K Mothlhanka",
              "bowler": "T Lungameni",
              "non_striker": "H Pragji",
              "runs": {
                "batter": 1,
                "extras": 0,
                "total": 1
              }
            },
            {
              "batter": "H Pragji",
              "bowler": "T Lungameni",
              "non_striker": "K Mothlhanka",
              "runs": {
                "batter": 1,
                "extras": 0,
                "total": 1
              }
            }
          ]
        },
        {
          "over": 13,
          "deliveries": [
            {
              "batter": "H Pragji",
              "bowler": "MG Erasmus",
              "non_striker": "K Mothlhanka",
              "runs": {
                "batter": 4,
                "extras": 0,
                "total": 4
              }
            },
            {
              "batter": "H Pragji",
              "bowler": "MG Erasmus",
              "non_striker": "K Mothlhanka",
              "runs": {
                "batter": 1,
                "extras": 0,
                "total": 1
              }
            },
            {
              "batter": "K Mothlhanka",
              "bowler": "MG Erasmus",
              "non_striker": "H Pragji",
              "runs": {
                "batter": 0,
                "extras": 0,
                "total": 0
              }
            },
            {
              "batter": "K Mothlhanka",
              "bowler": "MG Erasmus",
              "non_striker": "H Pragji",
              "runs": {
                "batter": 1,
                "extras": 0,
                "total": 1
              }
            },
            {
              "batter": "H Pragji",
              "bowler": "MG Erasmus",
              "non_striker": "K Mothlhanka",
              "runs": {
                "batter": 1,
                "extras": 0,
                "total": 1
              }
            },
            {
              "batter": "K Mothlhanka",
              "bowler": "MG Erasmus",
              "non_striker": "H Pragji",
              "runs": {
                "batter": 1,
                "extras": 0,
                "total": 1
              }
            }
          ]
        },
        {
          "over": 14,
          "deliveries": [
            {
              "batter": "K Mothlhanka",
              "bowler": "T Lungameni",
              "extras": {
                "wides": 1
              },
              "non_striker": "H Pragji",
              "runs": {
                "batter": 0,
                "extras": 1,
                "total": 1
              }
            },
            {
              "batter": "K Mothlhanka",
              "bowler": "T Lungameni",
              "non_striker": "H Pragji",
              "runs": {
                "batter": 0,
                "extras": 0,
                "total": 0
              }
            },
            {
              "batter": "K Mothlhanka",
              "bowler": "T Lungameni",
              "non_striker": "H Pragji",
              "runs": {
                "batter": 2,
                "extras": 0,
                "total": 2
              }
            },
            {
              "batter": "K Mothlhanka",
              "bowler": "T Lungameni",
              "non_striker": "H Pragji",
              "runs": {
                "batter": 0,
                "extras": 0,
                "total": 0
              }
            },
            {
              "batter": "K Mothlhanka",
              "bowler": "T Lungameni",
              "non_striker": "H Pragji",
              "runs": {
                "batter": 1,
                "extras": 0,
                "total": 1
              }
            },
            {
              "batter": "H Pragji",
              "bowler": "T Lungameni",
              "non_striker": "K Mothlhanka",
              "runs": {
                "batter": 0,
                "extras": 0,
                "total": 0
              }
            },
            {
              "batter": "H Pragji",
              "bowler": "T Lungameni",
              "non_striker": "K Mothlhanka",
              "runs": {
                "batter": 0,
                "extras": 0,
                "total": 0
              }
            }
          ]
        },
        {
          "over": 15,
          "deliveries": [
            {
              "batter": "K Mothlhanka",
              "bowler": "CG Williams",
              "non_striker": "H Pragji",
              "runs": {
                "batter": 6,
                "extras": 0,
                "total": 6
              }
            },
            {
              "batter": "K Mothlhanka",
              "bowler": "CG Williams",
              "non_striker": "H Pragji",
              "runs": {
                "batter": 0,
                "extras": 0,
                "total": 0
              }
            },
            {
              "batter": "K Mothlhanka",
              "bowler": "CG Williams",
              "non_striker": "H Pragji",
              "runs": {
                "batter": 1,
                "extras": 0,
                "total": 1
              }
            },
            {
              "batter": "H Pragji",
              "bowler": "CG Williams",
              "non_striker": "K Mothlhanka",
              "runs": {
                "batter": 1,
                "extras": 0,
                "total": 1
              }
            },
            {
              "batter": "K Mothlhanka",
              "bowler": "CG Williams",
              "non_striker": "H Pragji",
              "runs": {
                "batter": 1,
                "extras": 0,
                "total": 1
              }
            },
            {
              "batter": "H Pragji",
              "bowler": "CG Williams",
              "non_striker": "K Mothlhanka",
              "runs": {
                "batter": 0,
                "extras": 0,
                "total": 0
              }
            }
          ]
        },
        {
          "over": 16,
          "deliveries": [
            {
              "batter": "K Mothlhanka",
              "bowler": "T Lungameni",
              "non_striker": "H Pragji",
              "runs": {
                "batter": 1,
                "extras": 0,
                "total": 1
              }
            },
            {
              "batter": "H Pragji",
              "bowler": "T Lungameni",
              "non_striker": "K Mothlhanka",
              "runs": {
                "batter": 1,
                "extras": 0,
                "total": 1
              }
            },
            {
              "batter": "K Mothlhanka",
              "bowler": "T Lungameni",
              "non_striker": "H Pragji",
              "runs": {
                "batter": 2,
                "extras": 0,
                "total": 2
              }
            },
            {
              "batter": "K Mothlhanka",
              "bowler": "T Lungameni",
              "non_striker": "H Pragji",
              "runs": {
                "batter": 4,
                "extras": 0,
                "total": 4
              }
            },
            {
              "batter": "K Mothlhanka",
              "bowler": "T Lungameni",
              "non_striker": "H Pragji",
              "runs": {
                "batter": 0,
                "extras": 0,
                "total": 0
              }
            },
            {
              "batter": "K Mothlhanka",
              "bowler": "T Lungameni",
              "non_striker": "H Pragji",
              "runs": {
                "batter": 2,
                "extras": 0,
                "total": 2
              }
            }
          ]
        },
        {
          "over": 17,
          "deliveries": [
            {
              "batter": "H Pragji",
              "bowler": "CG Williams",
              "non_striker": "K Mothlhanka",
              "runs": {
                "batter": 1,
                "extras": 0,
                "total": 1
              }
            },
            {
              "batter": "K Mothlhanka",
              "bowler": "CG Williams",
              "non_striker": "H Pragji",
              "runs": {
                "batter": 1,
                "extras": 0,
                "total": 1
              }
            },
            {
              "batter": "H Pragji",
              "bowler": "CG Williams",
              "non_striker": "K Mothlhanka",
              "runs": {
                "batter": 0,
                "extras": 0,
                "total": 0
              }
            },
            {
              "batter": "H Pragji",
              "bowler": "CG Williams",
              "extras": {
                "legbyes": 1
              },
              "non_striker": "K Mothlhanka",
              "runs": {
                "batter": 0,
                "extras": 1,
                "total": 1
              }
            },
            {
              "batter": "K Mothlhanka",
              "bowler": "CG Williams",
              "non_striker": "H Pragji",
              "runs": {
                "batter": 2,
                "extras": 0,
                "total": 2
              }
            },
            {
              "batter": "K Mothlhanka",
              "bowler": "CG Williams",
              "non_striker": "H Pragji",
              "runs": {
                "batter": 0,
                "extras": 0,
                "total": 0
              }
            }
          ]
        },
        {
          "over": 18,
          "deliveries": [
            {
              "batter": "H Pragji",
              "bowler": "B Shikongo",
              "non_striker": "K Mothlhanka",
              "runs": {
                "batter": 1,
                "extras": 0,
                "total": 1
              }
            },
            {
              "batter": "K Mothlhanka",
              "bowler": "B Shikongo",
              "non_striker": "H Pragji",
              "runs": {
                "batter": 1,
                "extras": 0,
                "total": 1
              }
            },
            {
              "batter": "H Pragji",
              "bowler": "B Shikongo",
              "non_striker": "K Mothlhanka",
              "runs": {
                "batter": 1,
                "extras": 0,
                "total": 1
              }
            },
            {
              "batter": "K Mothlhanka",
              "bowler": "B Shikongo",
              "non_striker": "H Pragji",
              "runs": {
                "batter": 0,
                "extras": 0,
                "total": 0
              },
              "wickets": [
                {
                  "kind": "caught",
                  "player_out": "K Mothlhanka",
                  "fielders": [
                    {
                      "name": "ZE Green"
                    }
                  ]
                }
              ]
            },
            {
              "batter": "R Nehonde",
              "bowler": "B Shikongo",
              "non_striker": "H Pragji",
              "runs": {
                "batter": 1,
                "extras": 0,
                "total": 1
              }
            },
            {
              "batter": "H Pragji",
              "bowler": "B Shikongo",
              "non_striker": "R Nehonde",
              "runs": {
                "batter": 1,
                "extras": 0,
                "total": 1
              }
            }
          ]
        },
        {
          "over": 19,
          "deliveries": [
            {
              "batter": "H Pragji",
              "bowler": "CG Williams",
              "non_striker": "R Nehonde",
              "runs": {
                "batter": 1,
                "extras": 0,
                "total": 1
              }
            },
            {
              "batter": "R Nehonde",
              "bowler": "CG Williams",
              "non_striker": "H Pragji",
              "runs": {
                "batter": 1,
                "extras": 0,
                "total": 1
              }
            },
            {
              "batter": "H Pragji",
              "bowler": "CG Williams",
              "non_striker": "R Nehonde",
              "runs": {
                "batter": 2,
                "extras": 0,
                "total": 2
              }
            },
            {
              "batter": "H Pragji",
              "bowler": "CG Williams",
              "non_striker": "R Nehonde",
              "runs": {
                "batter": 1,
                "extras": 0,
                "total": 1
              }
            },
            {
              "batter": "R Nehonde",
              "bowler": "CG Williams",
              "non_striker": "H Pragji",
              "runs": {
                "batter": 0,
                "extras": 0,
                "total": 0
              }
            },
            {
              "batter": "R Nehonde",
              "bowler": "CG Williams",
              "non_striker": "H Pragji",
              "runs": {
                "batter": 2,
                "extras": 0,
                "total": 2
              }
            }
          ]
        }
      ],
      "powerplays": [
        {
          "from": 0.1,
          "to": 5.6,
          "type": "mandatory"
        }
      ],
      "target": {
        "overs": 20,
        "runs": 241
      }
    }
  ]
}