{
  "meta": {
    "data_version": "1.0.0",
    "created": "2019-10-14",
    "revision": 1
  },
  "info": {
    "balls_per_over": 6,
    "city": "Lahore",
    "dates": [
      "2019-10-05"
    ],
    "event": {
      "name": "Sri Lanka tour of Pakistan",
      "match_number": 1
    },
    "gender": "male",
    "match_type": "T20",
    "match_type_number": 914,
    "officials": {
      "match_referees": [
        "DC Boon"
      ],
      "reserve_umpires": [
        "Asif Yaqoob"
      ],
      "tv_umpires": [
        "Shozab Raza"
      ],
      "umpires": [
        "Aleem Dar",
        "Ahsan Raza"
      ]
    },
    "outcome": {
      "winner": "Sri Lanka",
      "by": {
        "runs": 64
      }
    },
    "overs": 20,
    "player_of_match": [
      "MD Gunathilaka"
    ],
    "players": {
      "Sri Lanka": [
        "MD Gunathilaka",
        "WIA Fernando",
        "PBB Rajapaksa",
        "MD Shanaka",
        "GSNFG Jayasuriya",
        "I Udana",
        "PWH de Silva",
        "M Bhanuka",
        "PADLR Sandakan",
        "N Pradeep",
        "CAK Rajitha"
      ],
      "Pakistan": [
        "Babar Azam",
        "Ahmed Shehzad",
        "Umar Akmal",
        "Sarfraz Ahmed",
        "Iftikhar Ahmed",
        "Asif Ali",
        "Imad Wasim",
        "Faheem Ashraf",
        "Shadab Khan",
        "Mohammad Amir",
        "Mohammad Hasnain"
      ]
    },
    "registry": {
      "people": {
        "Ahmed Shehzad": "f8fd6e3f",
        "Ahsan Raza": "e0e5b209",
        "Aleem Dar": "f02778d1",
        "Asif Ali": "0a4736eb",
        "Asif Yaqoob": "6b35790c",
        "Babar Azam": "8a75e999",
        "CAK Rajitha": "8012d0b8",
        "DC Boon": "e79a1fe3",
        "Faheem Ashraf": "bd4ea627",
        "GSNFG Jayasuriya": "b58b7db6",
        "I Udana": "ac5ae4af",
        "Iftikhar Ahmed": "29e253dd",
        "Imad Wasim": "9cb8d7a6",
        "M Bhanuka": "684d21d7",
        "MD Gunathilaka": "509a7ca1",
        "MD Shanaka": "3ff033bb",
        "Mohammad Amir": "e174dadd",
        "Mohammad Hasnain": "8596fe80",
        "N Pradeep": "2af838ee",
        "PADLR Sandakan": "79aad751",
        "PBB Rajapaksa": "6c882e9a",
        "PWH de Silva": "a97c8ec2",
        "Sarfraz Ahmed": "2254ab79",
        "Shadab Khan": "9de62878",
        "Shozab Raza": "153c67dc",
        "Umar Akmal": "fd2bf2a0",
        "WIA Fernando": "9550470d"
      }
    },
    "season": "2019/20",
    "team_type": "international",
    "teams": [
      "Pakistan",
      "Sri Lanka"
    ],
    "toss": {
      "decision": "field",
      "winner": "Pakistan"
    },
    "venue": "Gaddafi Stadium"
  },
  "innings": [
    {
      "team": "Sri Lanka",
      "overs": [
        {
          "over": 0,
          "deliveries": [
            {
              "batter": "MD Gunathilaka",
              "bowler": "Imad Wasim",
              "non_striker": "WIA Fernando",
              "runs": {
                "batter": 0,
                "extras": 0,
                "total": 0
              }
            },
            {
              "batter": "MD Gunathilaka",
              "bowler": "Imad Wasim",
              "non_striker": "WIA Fernando",
              "runs": {
                "batter": 0,
                "extras": 0,
                "total": 0
              }
            },
            {
              "batter": "MD Gunathilaka",
              "bowler": "Imad Wasim",
              "non_striker": "WIA Fernando",
              "runs": {
                "batter": 0,
                "extras": 0,
                "total": 0
              }
            },
            {
              "batter": "MD Gunathilaka",
              "bowler": "Imad Wasim",
              "non_striker": "WIA Fernando",
              "runs": {
                "batter": 0,
                "extras": 0,
                "total": 0
              }
            },
            {
              "batter": "MD Gunathilaka",
              "bowler": "Imad Wasim",
              "extras": {
                "wides": 4
              },
              "non_striker": "WIA Fernando",
              "runs": {
                "batter": 0,
                "extras": 4,
                "total": 4
              }
            },
            {
              "batter": "WIA Fernando",
              "bowler": "Imad Wasim",
              "non_striker": "MD Gunathilaka",
              "runs": {
                "batter": 0,
                "extras": 0,
                "total": 0
              }
            },
            {
              "batter": "WIA Fernando",
              "bowler": "Imad Wasim",
              "non_striker": "MD Gunathilaka",
              "runs": {
                "batter": 1,
                "extras": 0,
                "total": 1
              }
            }
          ]
        },
        {
          "over": 1,
          "deliveries": [
            {
              "batter": "WIA Fernando",
              "bowler": "Faheem Ashraf",
              "non_striker": "MD Gunathilaka",
              "runs": {
                "batter": 4,
                "extras": 0,
                "total": 4
              }
            },
            {
              "batter": "WIA Fernando",
              "bowler": "Faheem Ashraf",
              "non_striker": "MD Gunathilaka",
              "runs": {
                "batter": 1,
                "extras": 0,
                "total": 1
              }
            },
            {
              "batter": "MD Gunathilaka",
              "bowler": "Faheem Ashraf",
              "non_striker": "WIA Fernando",
              "runs": {
                "batter": 2,
                "extras": 0,
                "total": 2
              }
            },
            {
              "batter": "MD Gunathilaka",
              "bowler": "Faheem Ashraf",
              "non_striker": "WIA Fernando",
              "runs": {
                "batter": 4,
                "extras": 0,
                "total": 4
              }
            },
            {
              "batter": "MD Gunathilaka",
              "bowler": "Faheem Ashraf",
              "non_striker": "WIA Fernando",
              "runs": {
                "batter": 0,
                "extras": 0,
                "total": 0
              }
            },
            {
              "batter": "MD Gunathilaka",
              "bowler": "Faheem Ashraf",
              "non_striker": "WIA Fernando",
              "runs": {
                "batter": 1,
                "extras": 0,
                "total": 1
              }
            }
          ]
        },
        {
          "over": 2,
          "deliveries": [
            {
              "batter": "MD Gunathilaka",
              "bowler": "Imad Wasim",
              "non_striker": "WIA Fernando",
              "runs": {
                "batter": 1,
                "extras": 0,
                "total": 1
              }
            },
            {
              "batter": "WIA Fernando",
              "bowler": "Imad Wasim",
              "non_striker": "MD Gunathilaka",
              "runs": {
                "batter": 0,
                "extras": 0,
                "total": 0
              }
            },
            {
              "batter": "WIA Fernando",
              "bowler": "Imad Wasim",
              "non_striker": "MD Gunathilaka",
              "runs": {
                "batter": 1,
                "extras": 0,
                "total": 1
              }
            },
            {
              "batter": "MD Gunathilaka",
              "bowler": "Imad Wasim",
              "non_striker": "WIA Fernando",
              "runs": {
                "batter": 4,
                "extras": 0,
                "total": 4
              }
            },
            {
              "batter": "MD Gunathilaka",
              "bowler": "Imad Wasim",
              "non_striker": "WIA Fernando",
              "runs": {
                "batter": 1,
                "extras": 0,
                "total": 1
              }
            },
            {
              "batter": "WIA Fernando",
              "bowler": "Imad Wasim",
              "non_striker": "MD Gunathilaka",
              "runs": {
                "batter": 1,
                "extras": 0,
                "total": 1
              }
            }
          ]
        },
        {
          "over": 3,
          "deliveries": [
            {
              "batter": "WIA Fernando",
              "bowler": "Mohammad Hasnain",
              "non_striker": "MD Gunathilaka",
              "runs": {
                "batter": 1,
                "extras": 0,
                "total": 1
              }
            },
            {
              "batter": "MD Gunathilaka",
              "bowler": "Mohammad Hasnain",
              "extras": {
                "wides": 1
              },
              "non_striker": "WIA Fernando",
              "runs": {
                "batter": 0,
                "extras": 1,
                "total": 1
              }
            },
            {
              "batter": "MD Gunathilaka",
              "bowler": "Mohammad Hasnain",
              "extras": {
                "legbyes": 4
              },
              "non_striker": "WIA Fernando",
              "runs": {
                "batter": 0,
                "extras": 4,
                "total": 4
              }
            },
            {
              "batter": "MD Gunathilaka",
              "bowler": "Mohammad Hasnain",
              "extras": {
                "wides": 1
              },
              "non_striker": "WIA Fernando",
              "runs": {
                "batter": 0,
                "extras": 1,
                "total": 1
              }
            },
            {
              "batter": "MD Gunathilaka",
              "bowler": "Mohammad Hasnain",
              "non_striker": "WIA Fernando",
              "runs": {
                "batter": 4,
                "extras": 0,
                "total": 4
              }
            },
            {
              "batter": "MD Gunathilaka",
              "bowler": "Mohammad Hasnain",
              "non_striker": "WIA Fernando",
              "runs": {
                "batter": 4,
                "extras": 0,
                "total": 4
              }
            },
            {
              "batter": "MD Gunathilaka",
              "bowler": "Mohammad Hasnain",
              "non_striker": "WIA Fernando",
              "runs": {
                "batter": 0,
                "extras": 0,
                "total": 0
              }
            },
            {
              "batter": "MD Gunathilaka",
              "bowler": "Mohammad Hasnain",
              "non_striker": "WIA Fernando",
              "runs": {
                "batter": 1,
                "extras": 0,
                "total": 1
              }
            }
          ]
        },
        {
          "over": 4,
          "deliveries": [
            {
              "batter": "MD Gunathilaka",
              "bowler": "Mohammad Amir",
              "non_striker": "WIA Fernando",
              "runs": {
                "batter": 1,
                "extras": 0,
                "total": 1
              }
            },
            {
              "batter": "WIA Fernando",
              "bowler": "Mohammad Amir",
              "non_striker": "MD Gunathilaka",
              "runs": {
                "batter": 1,
                "extras": 0,
                "total": 1
              }
            },
            {
              "batter": "MD Gunathilaka",
              "bowler": "Mohammad Amir",
              "non_striker": "WIA Fernando",
              "runs": {
                "batter": 4,
                "extras": 0,
                "total": 4
              }
            },
            {
              "batter": "MD Gunathilaka",
              "bowler": "Mohammad Amir",
              "non_striker": "WIA Fernando",
              "runs": {
                "batter": 2,
                "extras": 0,
                "total": 2
              }
            },
            {
              "batter": "MD Gunathilaka",
              "bowler": "Mohammad Amir",
              "extras": {
                "legbyes": 1
              },
              "non_striker": "WIA Fernando",
              "runs": {
                "batter": 0,
                "extras": 1,
                "total": 1
              }
            },
            {
              "batter": "WIA Fernando",
              "bowler": "Mohammad Amir",
              "non_striker": "MD Gunathilaka",
              "runs": {
                "batter": 0,
                "extras": 0,
                "total": 0
              }
            }
          ]
        },
        {
          "over": 5,
          "deliveries": [
            {
              "batter": "MD Gunathilaka",
              "bowler": "Shadab Khan",
              "non_striker": "WIA Fernando",
              "runs": {
                "batter": 4,
                "extras": 0,
                "total": 4
              }
            },
            {
              "batter": "MD Gunathilaka",
              "bowler": "Shadab Khan",
              "non_striker": "WIA Fernando",
              "runs": {
                "batter": 4,
                "extras": 0,
                "total": 4
              }
            },
            {
              "batter": "MD Gunathilaka",
              "bowler": "Shadab Khan",
              "non_striker": "WIA Fernando",
              "runs": {
                "batter": 2,
                "extras": 0,
                "total": 2
              }
            },
            {
              "batter": "MD Gunathilaka",
              "bowler": "Shadab Khan",
              "non_striker": "WIA Fernando",
              "runs": {
                "batter": 0,
                "extras": 0,
                "total": 0
              }
            },
            {
              "batter": "MD Gunathilaka",
              "bowler": "Shadab Khan",
              "non_striker": "WIA Fernando",
              "runs": {
                "batter": 4,
                "extras": 0,
                "total": 4
              }
            },
            {
              "batter": "MD Gunathilaka",
              "bowler": "Shadab Khan",
              "non_striker": "WIA Fernando",
              "runs": {
                "batter": 0,
                "extras": 0,
                "total": 0
              }
            }
          ]
        },
        {
          "over": 6,
          "deliveries": [
            {
              "batter": "WIA Fernando",
              "bowler": "Faheem Ashraf",
              "non_striker": "MD Gunathilaka",
              "runs": {
                "batter": 1,
                "extras": 0,
                "total": 1
              }
            },
            {
              "batter": "MD Gunathilaka",
              "bowler": "Faheem Ashraf",
              "non_striker": "WIA Fernando",
              "runs": {
                "batter": 0,
                "extras": 0,
                "total": 0
              }
            },
            {
              "batter": "MD Gunathilaka",
              "bowler": "Faheem Ashraf",
              "non_striker": "WIA Fernando",
              "runs": {
                "batter": 1,
                "extras": 0,
                "total": 1
              }
            },
            {
              "batter": "WIA Fernando",
              "bowler": "Faheem Ashraf",
              "non_striker": "MD Gunathilaka",
              "runs": {
                "batter": 1,
                "extras": 0,
                "total": 1
              }
            },
            {
              "batter": "MD Gunathilaka",
              "bowler": "Faheem Ashraf",
              "non_striker": "WIA Fernando",
              "runs": {
                "batter": 0,
                "extras": 0,
                "total": 0
              }
            },
            {
              "batter": "MD Gunathilaka",
              "bowler": "Faheem Ashraf",
              "non_striker": "WIA Fernando",
              "runs": {
                "batter": 1,
                "extras": 0,
                "total": 1
              }
            }
          ]
        },
        {
          "over": 7,
          "deliveries": [
            {
              "batter": "MD Gunathilaka",
              "bowler": "Shadab Khan",
              "non_striker": "WIA Fernando",
              "runs": {
                "batter": 1,
                "extras": 0,
                "total": 1
              }
            },
            {
              "batter": "WIA Fernando",
              "bowler": "Shadab Khan",
              "non_striker": "MD Gunathilaka",
              "runs": {
                "batter": 0,
                "extras": 0,
                "total": 0
              }
            },
            {
              "batter": "WIA Fernando",
              "bowler": "Shadab Khan",
              "non_striker": "MD Gunathilaka",
              "runs": {
                "batter": 0,
                "extras": 0,
                "total": 0
              }
            },
            {
              "batter": "WIA Fernando",
              "bowler": "Shadab Khan",
              "non_striker": "MD Gunathilaka",
              "runs": {
                "batter": 1,
                "extras": 0,
                "total": 1
              }
            },
            {
              "batter": "MD Gunathilaka",
              "bowler": "Shadab Khan",
              "non_striker": "WIA Fernando",
              "runs": {
                "batter": 6,
                "extras": 0,
                "total": 6
              }
            },
            {
              "batter": "MD Gunathilaka",
              "bowler": "Shadab Khan",
              "non_striker": "WIA Fernando",
              "runs": {
                "batter": 1,
                "extras": 0,
                "total": 1
              }
            }
          ]
        },
        {
          "over": 8,
          "deliveries": [
            {
              "batter": "MD Gunathilaka",
              "bowler": "Imad Wasim",
              "non_striker": "WIA Fernando",
              "runs": {
                "batter": 1,
                "extras": 0,
                "total": 1
              }
            },
            {
              "batter": "WIA Fernando",
              "bowler": "Imad Wasim",
              "non_striker": "MD Gunathilaka",
              "runs": {
                "batter": 1,
                "extras": 0,
                "total": 1
              }
            },
            {
              "batter": "MD Gunathilaka",
              "bowler": "Imad Wasim",
              "non_striker": "WIA Fernando",
              "runs": {
                "batter": 1,
                "extras": 0,
                "total": 1
              }
            },
            {
              "batter": "WIA Fernando",
              "bowler": "Imad Wasim",
              "non_striker": "MD Gunathilaka",
              "runs": {
                "batter": 0,
                "extras": 0,
                "total": 0
              }
            },
            {
              "batter": "WIA Fernando",
              "bowler": "Imad Wasim",
              "non_striker": "MD Gunathilaka",
              "runs": {
                "batter": 0,
                "extras": 0,
                "total": 0
              }
            },
            {
              "batter": "WIA Fernando",
              "bowler": "Imad Wasim",
              "non_striker": "MD Gunathilaka",
              "runs": {
                "batter": 1,
                "extras": 0,
                "total": 1
              }
            }
          ]
        },
        {
          "over": 9,
          "deliveries": [
            {
              "batter": "WIA Fernando",
              "bowler": "Shadab Khan",
              "non_striker": "MD Gunathilaka",
              "runs": {
                "batter": 1,
                "extras": 0,
                "total": 1
              }
            },
            {
              "batter": "MD Gunathilaka",
              "bowler": "Shadab Khan",
              "non_striker": "WIA Fernando",
              "runs": {
                "batter": 0,
                "extras": 0,
                "total": 0
              }
            },
            {
              "batter": "MD Gunathilaka",
              "bowler": "Shadab Khan",
              "non_striker": "WIA Fernando",
              "runs": {
                "batter": 2,
                "extras": 0,
                "total": 2
              }
            },
            {
              "batter": "MD Gunathilaka",
              "bowler": "Shadab Khan",
              "non_striker": "WIA Fernando",
              "review": {
                "by": "Sri Lanka",
                "umpire": "Aleem Dar",
                "batter": "MD Gunathilaka",
                "decision": "struck down",
                "umpires_call": true
              },
              "runs": {
                "batter": 0,
                "extras": 0,
                "total": 0
              },
              "wickets": [
                {
                  "kind": "lbw",
                  "player_out": "MD Gunathilaka"
                }
              ]
            },
            {
              "batter": "PBB Rajapaksa",
              "bowler": "Shadab Khan",
              "non_striker": "WIA Fernando",
              "runs": {
                "batter": 0,
                "extras": 0,
                "total": 0
              }
            },
            {
              "batter": "PBB Rajapaksa",
              "bowler": "Shadab Khan",
              "non_striker": "WIA Fernando",
              "runs": {
                "batter": 0,
                "extras": 0,
                "total": 0
              }
            }
          ]
        },
        {
          "over": 10,
          "deliveries": [
            {
              "batter": "WIA Fernando",
              "bowler": "Iftikhar Ahmed",
              "non_striker": "PBB Rajapaksa",
              "runs": {
                "batter": 4,
                "extras": 0,
                "total": 4
              }
            },
            {
              "batter": "WIA Fernando",
              "bowler": "Iftikhar Ahmed",
              "non_striker": "PBB Rajapaksa",
              "review": {
                "by": "Pakistan",
                "umpire": "Ahsan Raza",
                "batter": "WIA Fernando",
                "decision": "struck down",
                "umpires_call": true
              },
              "runs": {
                "batter": 0,
                "extras": 0,
                "total": 0
              }
            },
            {
              "batter": "WIA Fernando",
              "bowler": "Iftikhar Ahmed",
              "non_striker": "PBB Rajapaksa",
              "runs": {
                "batter": 1,
                "extras": 0,
                "total": 1
              }
            },
            {
              "batter": "PBB Rajapaksa",
              "bowler": "Iftikhar Ahmed",
              "non_striker": "WIA Fernando",
              "runs": {
                "batter": 0,
                "extras": 0,
                "total": 0
              }
            },
            {
              "batter": "PBB Rajapaksa",
              "bowler": "Iftikhar Ahmed",
              "non_striker": "WIA Fernando",
              "runs": {
                "batter": 0,
                "extras": 0,
                "total": 0
              }
            },
            {
              "batter": "PBB Rajapaksa",
              "bowler": "Iftikhar Ahmed",
              "non_striker": "WIA Fernando",
              "runs": {
                "batter": 2,
                "extras": 0,
                "total": 2
              }
            }
          ]
        },
        {
          "over": 11,
          "deliveries": [
            {
              "batter": "WIA Fernando",
              "bowler": "Shadab Khan",
              "non_striker": "PBB Rajapaksa",
              "runs": {
                "batter": 0,
                "extras": 0,
                "total": 0
              }
            },
            {
              "batter": "WIA Fernando",
              "bowler": "Shadab Khan",
              "non_striker": "PBB Rajapaksa",
              "runs": {
                "batter": 1,
                "extras": 0,
                "total": 1
              }
            },
            {
              "batter": "PBB Rajapaksa",
              "bowler": "Shadab Khan",
              "non_striker": "WIA Fernando",
              "runs": {
                "batter": 6,
                "extras": 0,
                "total": 6
              }
            },
            {
              "batter": "PBB Rajapaksa",
              "bowler": "Shadab Khan",
              "non_striker": "WIA Fernando",
              "runs": {
                "batter": 1,
                "extras": 0,
                "total": 1
              }
            },
            {
              "batter": "WIA Fernando",
              "bowler": "Shadab Khan",
              "non_striker": "PBB Rajapaksa",
              "runs": {
                "batter": 1,
                "extras": 0,
                "total": 1
              }
            },
            {
              "batter": "PBB Rajapaksa",
              "bowler": "Shadab Khan",
              "non_striker": "WIA Fernando",
              "runs": {
                "batter": 0,
                "extras": 0,
                "total": 0
              }
            }
          ]
        },
        {
          "over": 12,
          "deliveries": [
            {
              "batter": "WIA Fernando",
              "bowler": "Imad Wasim",
              "non_striker": "PBB Rajapaksa",
              "runs": {
                "batter": 1,
                "extras": 0,
                "total": 1
              }
            },
            {
              "batter": "PBB Rajapaksa",
              "bowler": "Imad Wasim",
              "non_striker": "WIA Fernando",
              "runs": {
                "batter": 4,
                "extras": 0,
                "total": 4
              }
            },
            {
              "batter": "PBB Rajapaksa",
              "bowler": "Imad Wasim",
              "non_striker": "WIA Fernando",
              "runs": {
                "batter": 1,
                "extras": 0,
                "total": 1
              }
            },
            {
              "batter": "WIA Fernando",
              "bowler": "Imad Wasim",
              "non_striker": "PBB Rajapaksa",
              "runs": {
                "batter": 0,
                "extras": 0,
                "total": 0
              }
            },
            {
              "batter": "WIA Fernando",
              "bowler": "Imad Wasim",
              "non_striker": "PBB Rajapaksa",
              "runs": {
                "batter": 1,
                "extras": 0,
                "total": 1
              }
            },
            {
              "batter": "PBB Rajapaksa",
              "bowler": "Imad Wasim",
              "non_striker": "WIA Fernando",
              "runs": {
                "batter": 0,
                "extras": 0,
                "total": 0
              }
            }
          ]
        },
        {
          "over": 13,
          "deliveries": [
            {
              "batter": "WIA Fernando",
              "bowler": "Mohammad Hasnain",
              "non_striker": "PBB Rajapaksa",
              "runs": {
                "batter": 1,
                "extras": 0,
                "total": 1
              }
            },
            {
              "batter": "PBB Rajapaksa",
              "bowler": "Mohammad Hasnain",
              "non_striker": "WIA Fernando",
              "runs": {
                "batter": 1,
                "extras": 0,
                "total": 1
              }
            },
            {
              "batter": "WIA Fernando",
              "bowler": "Mohammad Hasnain",
              "non_striker": "PBB Rajapaksa",
              "runs": {
                "batter": 2,
                "extras": 0,
                "total": 2
              }
            },
            {
              "batter": "WIA Fernando",
              "bowler": "Mohammad Hasnain",
              "non_striker": "PBB Rajapaksa",
              "runs": {
                "batter": 1,
                "extras": 0,
                "total": 1
              }
            },
            {
              "batter": "PBB Rajapaksa",
              "bowler": "Mohammad Hasnain",
              "non_striker": "WIA Fernando",
              "runs": {
                "batter": 1,
                "extras": 0,
                "total": 1
              }
            },
            {
              "batter": "WIA Fernando",
              "bowler": "Mohammad Hasnain",
              "non_striker": "PBB Rajapaksa",
              "runs": {
                "batter": 4,
                "extras": 0,
                "total": 4
              }
            }
          ]
        },
        {
          "over": 14,
          "deliveries": [
            {
              "batter": "PBB Rajapaksa",
              "bowler": "Mohammad Amir",
              "non_striker": "WIA Fernando",
              "runs": {
                "batter": 0,
                "extras": 0,
                "total": 0
              }
            },
            {
              "batter": "PBB Rajapaksa",
              "bowler": "Mohammad Amir",
              "non_striker": "WIA Fernando",
              "runs": {
                "batter": 2,
                "extras": 0,
                "total": 2
              }
            },
            {
              "batter": "PBB Rajapaksa",
              "bowler": "Mohammad Amir",
              "non_striker": "WIA Fernando",
              "runs": {
                "batter": 1,
                "extras": 0,
                "total": 1
              }
            },
            {
              "batter": "WIA Fernando",
              "bowler": "Mohammad Amir",
              "non_striker": "PBB Rajapaksa",
              "runs": {
                "batter": 0,
                "extras": 0,
                "total": 0
              },
              "wickets": [
                {
                  "kind": "run out",
                  "player_out": "WIA Fernando"
                }
              ]
            },
            {
              "batter": "PBB Rajapaksa",
              "bowler": "Mohammad Amir",
              "non_striker": "MD Shanaka",
              "runs": {
                "batter": 4,
                "extras": 0,
                "total": 4
              }
            },
            {
              "batter": "PBB Rajapaksa",
              "bowler": "Mohammad Amir",
              "non_striker": "MD Shanaka",
              "runs": {
                "batter": 2,
                "extras": 0,
                "total": 2
              }
            }
          ]
        },
        {
          "over": 15,
          "deliveries": [
            {
              "batter": "MD Shanaka",
              "bowler": "Mohammad Hasnain",
              "non_striker": "PBB Rajapaksa",
              "runs": {
                "batter": 1,
                "extras": 0,
                "total": 1
              }
            },
            {
              "batter": "PBB Rajapaksa",
              "bowler": "Mohammad Hasnain",
              "non_striker": "MD Shanaka",
              "runs": {
                "batter": 6,
                "extras": 0,
                "total": 6
              }
            },
            {
              "batter": "PBB Rajapaksa",
              "bowler": "Mohammad Hasnain",
              "non_striker": "MD Shanaka",
              "runs": {
                "batter": 1,
                "extras": 0,
                "total": 1
              }
            },
            {
              "batter": "MD Shanaka",
              "bowler": "Mohammad Hasnain",
              "non_striker": "PBB Rajapaksa",
              "runs": {
                "batter": 1,
                "extras": 0,
                "total": 1
              }
            },
            {
              "batter": "PBB Rajapaksa",
              "bowler": "Mohammad Hasnain",
              "non_striker": "MD Shanaka",
              "runs": {
                "batter": 0,
                "extras": 0,
                "total": 0
              }
            },
            {
              "batter": "PBB Rajapaksa",
              "bowler": "Mohammad Hasnain",
              "non_striker": "MD Shanaka",
              "runs": {
                "batter": 0,
                "extras": 0,
                "total": 0
              },
              "wickets": [
                {
                  "kind": "lbw",
                  "player_out": "PBB Rajapaksa"
                }
              ]
            }
          ]
        },
        {
          "over": 16,
          "deliveries": [
            {
              "batter": "MD Shanaka",
              "bowler": "Faheem Ashraf",
              "non_striker": "GSNFG Jayasuriya",
              "runs": {
                "batter": 1,
                "extras": 0,
                "total": 1
              }
            },
            {
              "batter": "GSNFG Jayasuriya",
              "bowler": "Faheem Ashraf",
              "non_striker": "MD Shanaka",
              "runs": {
                "batter": 0,
                "extras": 0,
                "total": 0
              }
            },
            {
              "batter": "GSNFG Jayasuriya",
              "bowler": "Faheem Ashraf",
              "non_striker": "MD Shanaka",
              "runs": {
                "batter": 1,
                "extras": 0,
                "total": 1
              }
            },
            {
              "batter": "MD Shanaka",
              "bowler": "Faheem Ashraf",
              "non_striker": "GSNFG Jayasuriya",
              "runs": {
                "batter": 6,
                "extras": 0,
                "total": 6
              }
            },
            {
              "batter": "MD Shanaka",
              "bowler": "Faheem Ashraf",
              "non_striker": "GSNFG Jayasuriya",
              "runs": {
                "batter": 6,
                "extras": 0,
                "total": 6
              }
            },
            {
              "batter": "MD Shanaka",
              "bowler": "Faheem Ashraf",
              "non_striker": "GSNFG Jayasuriya",
              "runs": {
                "batter": 1,
                "extras": 0,
                "total": 1
              }
            }
          ]
        },
        {
          "over": 17,
          "deliveries": [
            {
              "batter": "MD Shanaka",
              "bowler": "Mohammad Amir",
              "non_striker": "GSNFG Jayasuriya",
              "runs": {
                "batter": 0,
                "extras": 0,
                "total": 0
              }
            },
            {
              "batter": "MD Shanaka",
              "bowler": "Mohammad Amir",
              "extras": {
                "legbyes": 1
              },
              "non_striker": "GSNFG Jayasuriya",
              "runs": {
                "batter": 0,
                "extras": 1,
                "total": 1
              }
            },
            {
              "batter": "GSNFG Jayasuriya",
              "bowler": "Mohammad Amir",
              "non_striker": "MD Shanaka",
              "runs": {
                "batter": 1,
                "extras": 0,
                "total": 1
              }
            },
            {
              "batter": "MD Shanaka",
              "bowler": "Mohammad Amir",
              "non_striker": "GSNFG Jayasuriya",
              "runs": {
                "batter": 1,
                "extras": 0,
                "total": 1
              }
            },
            {
              "batter": "GSNFG Jayasuriya",
              "bowler": "Mohammad Amir",
              "non_striker": "MD Shanaka",
              "review": {
                "by": "Pakistan",
                "umpire": "Aleem Dar",
                "batter": "GSNFG Jayasuriya",
                "decision": "struck down"
              },
              "runs": {
                "batter": 0,
                "extras": 0,
                "total": 0
              }
            },
            {
              "batter": "GSNFG Jayasuriya",
              "bowler": "Mohammad Amir",
              "non_striker": "MD Shanaka",
              "runs": {
                "batter": 0,
                "extras": 0,
                "total": 0
              }
            }
          ]
        },
        {
          "over": 18,
          "deliveries": [
            {
              "batter": "MD Shanaka",
              "bowler": "Mohammad Hasnain",
              "non_striker": "GSNFG Jayasuriya",
              "runs": {
                "batter": 0,
                "extras": 0,
                "total": 0
              },
              "wickets": [
                {
                  "kind": "caught",
                  "player_out": "MD Shanaka",
                  "fielders": [
                    {
                      "name": "Umar Akmal"
                    }
                  ]
                }
              ]
            },
            {
              "batter": "GSNFG Jayasuriya",
              "bowler": "Mohammad Hasnain",
              "non_striker": "I Udana",
              "runs": {
                "batter": 0,
                "extras": 0,
                "total": 0
              },
              "wickets": [
                {
                  "kind": "caught",
                  "player_out": "GSNFG Jayasuriya",
                  "fielders": [
                    {
                      "name": "Ahmed Shehzad"
                    }
                  ]
                }
              ]
            },
            {
              "batter": "PWH de Silva",
              "bowler": "Mohammad Hasnain",
              "non_striker": "I Udana",
              "runs": {
                "batter": 0,
                "extras": 0,
                "total": 0
              }
            },
            {
              "batter": "PWH de Silva",
              "bowler": "Mohammad Hasnain",
              "non_striker": "I Udana",
              "runs": {
                "batter": 1,
                "extras": 0,
                "total": 1
              }
            },
            {
              "batter": "I Udana",
              "bowler": "Mohammad Hasnain",
              "non_striker": "PWH de Silva",
              "runs": {
                "batter": 1,
                "extras": 0,
                "total": 1
              }
            },
            {
              "batter": "PWH de Silva",
              "bowler": "Mohammad Hasnain",
              "non_striker": "I Udana",
              "runs": {
                "batter": 4,
                "extras": 0,
                "total": 4
              }
            }
          ]
        },
        {
          "over": 19,
          "deliveries": [
            {
              "batter": "I Udana",
              "bowler": "Mohammad Amir",
              "non_striker": "PWH de Silva",
              "runs": {
                "batter": 2,
                "extras": 0,
                "total": 2
              }
            },
            {
              "batter": "I Udana",
              "bowler": "Mohammad Amir",
              "non_striker": "PWH de Silva",
              "runs": {
                "batter": 1,
                "extras": 0,
                "total": 1
              }
            },
            {
              "batter": "PWH de Silva",
              "bowler": "Mohammad Amir",
              "non_striker": "I Udana",
              "runs": {
                "batter": 0,
                "extras": 0,
                "total": 0
              }
            },
            {
              "batter": "PWH de Silva",
              "bowler": "Mohammad Amir",
              "non_striker": "I Udana",
              "runs": {
                "batter": 1,
                "extras": 0,
                "total": 1
              }
            },
            {
              "batter": "I Udana",
              "bowler": "Mohammad Amir",
              "non_striker": "PWH de Silva",
              "runs": {
                "batter": 1,
                "extras": 0,
                "total": 1
              }
            },
            {
              "batter": "PWH de Silva",
              "bowler": "Mohammad Amir",
              "non_striker": "I Udana",
              "runs": {
                "batter": 1,
                "extras": 0,
                "total": 1
              }
            }
          ]
        }
      ],
      "powerplays": [
        {
          "from": 0.1,
          "to": 5.6,
          "type": "mandatory"
        }
      ]
    },
    {
      "team": "Pakistan",
      "overs": [
        {
          "over": 0,
          "deliveries": [
            {
              "batter": "Babar Azam",
              "bowler": "CAK Rajitha",
              "non_striker": "Ahmed Shehzad",
              "runs": {
                "batter": 0,
                "extras": 0,
                "total": 0
              }
            },
            {
              "batter": "Babar Azam",
              "bowler": "CAK Rajitha",
              "non_striker": "Ahmed Shehzad",
              "runs": {
                "batter": 0,
                "extras": 0,
                "total": 0
              }
            },
            {
              "batter": "Babar Azam",
              "bowler": "CAK Rajitha",
              "non_striker": "Ahmed Shehzad",
              "runs": {
                "batter": 4,
                "extras": 0,
                "total": 4
              }
            },
            {
              "batter": "Babar Azam",
              "bowler": "CAK Rajitha",
              "non_striker": "Ahmed Shehzad",
              "runs": {
                "batter": 0,
                "extras": 0,
                "total": 0
              }
            },
            {
              "batter": "Babar Azam",
              "bowler": "CAK Rajitha",
              "non_striker": "Ahmed Shehzad",
              "runs": {
                "batter": 3,
                "extras": 0,
                "total": 3
              }
            },
            {
              "batter": "Ahmed Shehzad",
              "bowler": "CAK Rajitha",
              "non_striker": "Babar Azam",
              "runs": {
                "batter": 0,
                "extras": 0,
                "total": 0
              }
            }
          ]
        },
        {
          "over": 1,
          "deliveries": [
            {
              "batter": "Babar Azam",
              "bowler": "N Pradeep",
              "non_striker": "Ahmed Shehzad",
              "runs": {
                "batter": 0,
                "extras": 0,
                "total": 0
              }
            },
            {
              "batter": "Babar Azam",
              "bowler": "N Pradeep",
              "non_striker": "Ahmed Shehzad",
              "runs": {
                "batter": 2,
                "extras": 0,
                "total": 2
              }
            },
            {
              "batter": "Babar Azam",
              "bowler": "N Pradeep",
              "non_striker": "Ahmed Shehzad",
              "runs": {
                "batter": 0,
                "extras": 0,
                "total": 0
              }
            },
            {
              "batter": "Babar Azam",
              "bowler": "N Pradeep",
              "non_striker": "Ahmed Shehzad",
              "runs": {
                "batter": 4,
                "extras": 0,
                "total": 4
              }
            },
            {
              "batter": "Babar Azam",
              "bowler": "N Pradeep",
              "non_striker": "Ahmed Shehzad",
              "runs": {
                "batter": 0,
                "extras": 0,
                "total": 0
              },
              "wickets": [
                {
                  "kind": "caught",
                  "player_out": "Babar Azam",
                  "fielders": [
                    {
                      "name": "M Bhanuka"
                    }
                  ]
                }
              ]
            },
            {
              "batter": "Umar Akmal",
              "bowler": "N Pradeep",
              "non_striker": "Ahmed Shehzad",
              "runs": {
                "batter": 0,
                "extras": 0,
                "total": 0
              },
              "wickets": [
                {
                  "kind": "lbw",
                  "player_out": "Umar Akmal"
                }
              ]
            }
          ]
        },
        {
          "over": 2,
          "deliveries": [
            {
              "batter": "Ahmed Shehzad",
              "bowler": "CAK Rajitha",
              "non_striker": "Sarfraz Ahmed",
              "review": {
                "by": "Sri Lanka",
                "umpire": "Aleem Dar",
                "batter": "Ahmed Shehzad",
                "decision": "struck down",
                "umpires_call": true
              },
              "runs": {
                "batter": 0,
                "extras": 0,
                "total": 0
              }
            },
            {
              "batter": "Ahmed Shehzad",
              "bowler": "CAK Rajitha",
              "extras": {
                "legbyes": 1
              },
              "non_striker": "Sarfraz Ahmed",
              "runs": {
                "batter": 0,
                "extras": 1,
                "total": 1
              }
            },
            {
              "batter": "Sarfraz Ahmed",
              "bowler": "CAK Rajitha",
              "non_striker": "Ahmed Shehzad",
              "runs": {
                "batter": 0,
                "extras": 0,
                "total": 0
              }
            },
            {
              "batter": "Sarfraz Ahmed",
              "bowler": "CAK Rajitha",
              "non_striker": "Ahmed Shehzad",
              "runs": {
                "batter": 1,
                "extras": 0,
                "total": 1
              }
            },
            {
              "batter": "Ahmed Shehzad",
              "bowler": "CAK Rajitha",
              "non_striker": "Sarfraz Ahmed",
              "runs": {
                "batter": 0,
                "extras": 0,
                "total": 0
              }
            },
            {
              "batter": "Ahmed Shehzad",
              "bowler": "CAK Rajitha",
              "non_striker": "Sarfraz Ahmed",
              "runs": {
                "batter": 0,
                "extras": 0,
                "total": 0
              }
            }
          ]
        },
        {
          "over": 3,
          "deliveries": [
            {
              "batter": "Sarfraz Ahmed",
              "bowler": "N Pradeep",
              "non_striker": "Ahmed Shehzad",
              "runs": {
                "batter": 0,
                "extras": 0,
                "total": 0
              }
            },
            {
              "batter": "Sarfraz Ahmed",
              "bowler": "N Pradeep",
              "non_striker": "Ahmed Shehzad",
              "runs": {
                "batter": 1,
                "extras": 0,
                "total": 1
              }
            },
            {
              "batter": "Ahmed Shehzad",
              "bowler": "N Pradeep",
              "non_striker": "Sarfraz Ahmed",
              "runs": {
                "batter": 1,
                "extras": 0,
                "total": 1
              }
            },
            {
              "batter": "Sarfraz Ahmed",
              "bowler": "N Pradeep",
              "non_striker": "Ahmed Shehzad",
              "runs": {
                "batter": 1,
                "extras": 0,
                "total": 1
              }
            },
            {
              "batter": "Ahmed Shehzad",
              "bowler": "N Pradeep",
              "extras": {
                "wides": 1
              },
              "non_striker": "Sarfraz Ahmed",
              "runs": {
                "batter": 0,
                "extras": 1,
                "total": 1
              }
            },
            {
              "batter": "Ahmed Shehzad",
              "bowler": "N Pradeep",
              "non_striker": "Sarfraz Ahmed",
              "runs": {
                "batter": 1,
                "extras": 0,
                "total": 1
              }
            },
            {
              "batter": "Sarfraz Ahmed",
              "bowler": "N Pradeep",
              "non_striker": "Ahmed Shehzad",
              "runs": {
                "batter": 0,
                "extras": 0,
                "total": 0
              }
            }
          ]
        },
        {
          "over": 4,
          "deliveries": [
            {
              "batter": "Ahmed Shehzad",
              "bowler": "I Udana",
              "non_striker": "Sarfraz Ahmed",
              "runs": {
                "batter": 2,
                "extras": 0,
                "total": 2
              }
            },
            {
              "batter": "Ahmed Shehzad",
              "bowler": "I Udana",
              "non_striker": "Sarfraz Ahmed",
              "runs": {
                "batter": 0,
                "extras": 0,
                "total": 0
              },
              "wickets": [
                {
                  "kind": "bowled",
                  "player_out": "Ahmed Shehzad"
                }
              ]
            },
            {
              "batter": "Iftikhar Ahmed",
              "bowler": "I Udana",
              "non_striker": "Sarfraz Ahmed",
              "runs": {
                "batter": 0,
                "extras": 0,
                "total": 0
              }
            },
            {
              "batter": "Iftikhar Ahmed",
              "bowler": "I Udana",
              "non_striker": "Sarfraz Ahmed",
              "runs": {
                "batter": 0,
                "extras": 0,
                "total": 0
              }
            },
            {
              "batter": "Iftikhar Ahmed",
              "bowler": "I Udana",
              "non_striker": "Sarfraz Ahmed",
              "runs": {
                "batter": 0,
                "extras": 0,
                "total": 0
              }
            },
            {
              "batter": "Iftikhar Ahmed",
              "bowler": "I Udana",
              "non_striker": "Sarfraz Ahmed",
              "runs": {
                "batter": 4,
                "extras": 0,
                "total": 4
              }
            }
          ]
        },
        {
          "over": 5,
          "deliveries": [
            {
              "batter": "Sarfraz Ahmed",
              "bowler": "PWH de Silva",
              "non_striker": "Iftikhar Ahmed",
              "runs": {
                "batter": 1,
                "extras": 0,
                "total": 1
              }
            },
            {
              "batter": "Iftikhar Ahmed",
              "bowler": "PWH de Silva",
              "non_striker": "Sarfraz Ahmed",
              "runs": {
                "batter": 1,
                "extras": 0,
                "total": 1
              }
            },
            {
              "batter": "Sarfraz Ahmed",
              "bowler": "PWH de Silva",
              "non_striker": "Iftikhar Ahmed",
              "runs": {
                "batter": 0,
                "extras": 0,
                "total": 0
              }
            },
            {
              "batter": "Sarfraz Ahmed",
              "bowler": "PWH de Silva",
              "non_striker": "Iftikhar Ahmed",
              "runs": {
                "batter": 0,
                "extras": 0,
                "total": 0
              }
            },
            {
              "batter": "Sarfraz Ahmed",
              "bowler": "PWH de Silva",
              "non_striker": "Iftikhar Ahmed",
              "runs": {
                "batter": 1,
                "extras": 0,
                "total": 1
              }
            },
            {
              "batter": "Iftikhar Ahmed",
              "bowler": "PWH de Silva",
              "non_striker": "Sarfraz Ahmed",
              "runs": {
                "batter": 1,
                "extras": 0,
                "total": 1
              }
            }
          ]
        },
        {
          "over": 6,
          "deliveries": [
            {
              "batter": "Iftikhar Ahmed",
              "bowler": "PADLR Sandakan",
              "non_striker": "Sarfraz Ahmed",
              "runs": {
                "batter": 1,
                "extras": 0,
                "total": 1
              }
            },
            {
              "batter": "Sarfraz Ahmed",
              "bowler": "PADLR Sandakan",
              "non_striker": "Iftikhar Ahmed",
              "runs": {
                "batter": 0,
                "extras": 0,
                "total": 0
              }
            },
            {
              "batter": "Sarfraz Ahmed",
              "bowler": "PADLR Sandakan",
              "non_striker": "Iftikhar Ahmed",
              "runs": {
                "batter": 1,
                "extras": 0,
                "total": 1
              }
            },
            {
              "batter": "Iftikhar Ahmed",
              "bowler": "PADLR Sandakan",
              "non_striker": "Sarfraz Ahmed",
              "runs": {
                "batter": 1,
                "extras": 0,
                "total": 1
              }
            },
            {
              "batter": "Sarfraz Ahmed",
              "bowler": "PADLR Sandakan",
              "non_striker": "Iftikhar Ahmed",
              "runs": {
                "batter": 1,
                "extras": 0,
                "total": 1
              }
            },
            {
              "batter": "Iftikhar Ahmed",
              "bowler": "PADLR Sandakan",
              "non_striker": "Sarfraz Ahmed",
              "runs": {
                "batter": 1,
                "extras": 0,
                "total": 1
              }
            }
          ]
        },
        {
          "over": 7,
          "deliveries": [
            {
              "batter": "Iftikhar Ahmed",
              "bowler": "PWH de Silva",
              "non_striker": "Sarfraz Ahmed",
              "runs": {
                "batter": 1,
                "extras": 0,
                "total": 1
              }
            },
            {
              "batter": "Sarfraz Ahmed",
              "bowler": "PWH de Silva",
              "non_striker": "Iftikhar Ahmed",
              "runs": {
                "batter": 2,
                "extras": 0,
                "total": 2
              }
            },
            {
              "batter": "Sarfraz Ahmed",
              "bowler": "PWH de Silva",
              "non_striker": "Iftikhar Ahmed",
              "runs": {
                "batter": 1,
                "extras": 0,
                "total": 1
              }
            },
            {
              "batter": "Iftikhar Ahmed",
              "bowler": "PWH de Silva",
              "non_striker": "Sarfraz Ahmed",
              "runs": {
                "batter": 1,
                "extras": 0,
                "total": 1
              }
            },
            {
              "batter": "Sarfraz Ahmed",
              "bowler": "PWH de Silva",
              "extras": {
                "legbyes": 1
              },
              "non_striker": "Iftikhar Ahmed",
              "runs": {
                "batter": 0,
                "extras": 1,
                "total": 1
              }
            },
            {
              "batter": "Iftikhar Ahmed",
              "bowler": "PWH de Silva",
              "non_striker": "Sarfraz Ahmed",
              "runs": {
                "batter": 4,
                "extras": 0,
                "total": 4
              }
            }
          ]
        },
        {
          "over": 8,
          "deliveries": [
            {
              "batter": "Sarfraz Ahmed",
              "bowler": "PADLR Sandakan",
              "non_striker": "Iftikhar Ahmed",
              "runs": {
                "batter": 1,
                "extras": 0,
                "total": 1
              }
            },
            {
              "batter": "Iftikhar Ahmed",
              "bowler": "PADLR Sandakan",
              "non_striker": "Sarfraz Ahmed",
              "runs": {
                "batter": 1,
                "extras": 0,
                "total": 1
              }
            },
            {
              "batter": "Sarfraz Ahmed",
              "bowler": "PADLR Sandakan",
              "non_striker": "Iftikhar Ahmed",
              "runs": {
                "batter": 1,
                "extras": 0,
                "total": 1
              }
            },
            {
              "batter": "Iftikhar Ahmed",
              "bowler": "PADLR Sandakan",
              "non_striker": "Sarfraz Ahmed",
              "runs": {
                "batter": 1,
                "extras": 0,
                "total": 1
              }
            },
            {
              "batter": "Sarfraz Ahmed",
              "bowler": "PADLR Sandakan",
              "non_striker": "Iftikhar Ahmed",
              "runs": {
                "batter": 1,
                "extras": 0,
                "total": 1
              }
            },
            {
              "batter": "Iftikhar Ahmed",
              "bowler": "PADLR Sandakan",
              "non_striker": "Sarfraz Ahmed",
              "runs": {
                "batter": 1,
                "extras": 0,
                "total": 1
              }
            }
          ]
        },
        {
          "over": 9,
          "deliveries": [
            {
              "batter": "Iftikhar Ahmed",
              "bowler": "CAK Rajitha",
              "non_striker": "Sarfraz Ahmed",
              "runs": {
                "batter": 1,
                "extras": 0,
                "total": 1
              }
            },
            {
              "batter": "Sarfraz Ahmed",
              "bowler": "CAK Rajitha",
              "extras": {
                "legbyes": 1
              },
              "non_striker": "Iftikhar Ahmed",
              "runs": {
                "batter": 0,
                "extras": 1,
                "total": 1
              }
            },
            {
              "batter": "Iftikhar Ahmed",
              "bowler": "CAK Rajitha",
              "non_striker": "Sarfraz Ahmed",
              "runs": {
                "batter": 1,
                "extras": 0,
                "total": 1
              }
            },
            {
              "batter": "Sarfraz Ahmed",
              "bowler": "CAK Rajitha",
              "non_striker": "Iftikhar Ahmed",
              "runs": {
                "batter": 1,
                "extras": 0,
                "total": 1
              }
            },
            {
              "batter": "Iftikhar Ahmed",
              "bowler": "CAK Rajitha",
              "non_striker": "Sarfraz Ahmed",
              "runs": {
                "batter": 0,
                "extras": 0,
                "total": 0
              }
            },
            {
              "batter": "Iftikhar Ahmed",
              "bowler": "CAK Rajitha",
              "non_striker": "Sarfraz Ahmed",
              "runs": {
                "batter": 2,
                "extras": 0,
                "total": 2
              }
            }
          ]
        },
        {
          "over": 10,
          "deliveries": [
            {
              "batter": "Sarfraz Ahmed",
              "bowler": "PADLR Sandakan",
              "non_striker": "Iftikhar Ahmed",
              "runs": {
                "batter": 1,
                "extras": 0,
                "total": 1
              }
            },
            {
              "batter": "Iftikhar Ahmed",
              "bowler": "PADLR Sandakan",
              "extras": {
                "wides": 1
              },
              "non_striker": "Sarfraz Ahmed",
              "runs": {
                "batter": 0,
                "extras": 1,
                "total": 1
              }
            },
            {
              "batter": "Iftikhar Ahmed",
              "bowler": "PADLR Sandakan",
              "non_striker": "Sarfraz Ahmed",
              "runs": {
                "batter": 2,
                "extras": 0,
                "total": 2
              }
            },
            {
              "batter": "Iftikhar Ahmed",
              "bowler": "PADLR Sandakan",
              "non_striker": "Sarfraz Ahmed",
              "review": {
                "by": "Sri Lanka",
                "umpire": "Aleem Dar",
                "batter": "Sarfraz Ahmed",
                "decision": "struck down"
              },
              "runs": {
                "batter": 0,
                "extras": 0,
                "total": 0
              }
            },
            {
              "batter": "Iftikhar Ahmed",
              "bowler": "PADLR Sandakan",
              "non_striker": "Sarfraz Ahmed",
              "runs": {
                "batter": 1,
                "extras": 0,
                "total": 1
              }
            },
            {
              "batter": "Sarfraz Ahmed",
              "bowler": "PADLR Sandakan",
              "non_striker": "Iftikhar Ahmed",
              "runs": {
                "batter": 0,
                "extras": 0,
                "total": 0
              }
            },
            {
              "batter": "Sarfraz Ahmed",
              "bowler": "PADLR Sandakan",
              "non_striker": "Iftikhar Ahmed",
              "runs": {
                "batter": 4,
                "extras": 0,
                "total": 4
              }
            }
          ]
        },
        {
          "over": 11,
          "deliveries": [
            {
              "batter": "Iftikhar Ahmed",
              "bowler": "I Udana",
              "extras": {
                "legbyes": 1
              },
              "non_striker": "Sarfraz Ahmed",
              "runs": {
                "batter": 0,
                "extras": 1,
                "total": 1
              }
            },
            {
              "batter": "Sarfraz Ahmed",
              "bowler": "I Udana",
              "non_striker": "Iftikhar Ahmed",
              "runs": {
                "batter": 1,
                "extras": 0,
                "total": 1
              }
            },
            {
              "batter": "Iftikhar Ahmed",
              "bowler": "I Udana",
              "non_striker": "Sarfraz Ahmed",
              "runs": {
                "batter": 0,
                "extras": 0,
                "total": 0
              },
              "wickets": [
                {
                  "kind": "run out",
                  "player_out": "Iftikhar Ahmed"
                }
              ]
            },
            {
              "batter": "Sarfraz Ahmed",
              "bowler": "I Udana",
              "non_striker": "Asif Ali",
              "runs": {
                "batter": 1,
                "extras": 0,
                "total": 1
              }
            },
            {
              "batter": "Asif Ali",
              "bowler": "I Udana",
              "non_striker": "Sarfraz Ahmed",
              "runs": {
                "batter": 1,
                "extras": 0,
                "total": 1
              }
            },
            {
              "batter": "Sarfraz Ahmed",
              "bowler": "I Udana",
              "non_striker": "Asif Ali",
              "runs": {
                "batter": 1,
                "extras": 0,
                "total": 1
              }
            }
          ]
        },
        {
          "over": 12,
          "deliveries": [
            {
              "batter": "Sarfraz Ahmed",
              "bowler": "PADLR Sandakan",
              "non_striker": "Asif Ali",
              "runs": {
                "batter": 1,
                "extras": 0,
                "total": 1
              }
            },
            {
              "batter": "Asif Ali",
              "bowler": "PADLR Sandakan",
              "non_striker": "Sarfraz Ahmed",
              "runs": {
                "batter": 0,
                "extras": 0,
                "total": 0
              }
            },
            {
              "batter": "Asif Ali",
              "bowler": "PADLR Sandakan",
              "non_striker": "Sarfraz Ahmed",
              "runs": {
                "batter": 1,
                "extras": 0,
                "total": 1
              }
            },
            {
              "batter": "Sarfraz Ahmed",
              "bowler": "PADLR Sandakan",
              "non_striker": "Asif Ali",
              "runs": {
                "batter": 1,
                "extras": 0,
                "total": 1
              }
            },
            {
              "batter": "Asif Ali",
              "bowler": "PADLR Sandakan",
              "non_striker": "Sarfraz Ahmed",
              "runs": {
                "batter": 0,
                "extras": 0,
                "total": 0
              }
            },
            {
              "batter": "Asif Ali",
              "bowler": "PADLR Sandakan",
              "non_striker": "Sarfraz Ahmed",
              "runs": {
                "batter": 1,
                "extras": 0,
                "total": 1
              }
            }
          ]
        },
        {
          "over": 13,
          "deliveries": [
            {
              "batter": "Asif Ali",
              "bowler": "PWH de Silva",
              "non_striker": "Sarfraz Ahmed",
              "runs": {
                "batter": 1,
                "extras": 0,
                "total": 1
              }
            },
            {
              "batter": "Sarfraz Ahmed",
              "bowler": "PWH de Silva",
              "non_striker": "Asif Ali",
              "runs": {
                "batter": 0,
                "extras": 0,
                "total": 0
              },
              "wickets": [
                {
                  "kind": "bowled",
                  "player_out": "Sarfraz Ahmed"
                }
              ]
            },
            {
              "batter": "Imad Wasim",
              "bowler": "PWH de Silva",
              "non_striker": "Asif Ali",
              "runs": {
                "batter": 1,
                "extras": 0,
                "total": 1
              }
            },
            {
              "batter": "Asif Ali",
              "bowler": "PWH de Silva",
              "non_striker": "Imad Wasim",
              "runs": {
                "batter": 0,
                "extras": 0,
                "total": 0
              }
            },
            {
              "batter": "Asif Ali",
              "bowler": "PWH de Silva",
              "non_striker": "Imad Wasim",
              "runs": {
                "batter": 1,
                "extras": 0,
                "total": 1
              }
            },
            {
              "batter": "Imad Wasim",
              "bowler": "PWH de Silva",
              "non_striker": "Asif Ali",
              "runs": {
                "batter": 1,
                "extras": 0,
                "total": 1
              }
            }
          ]
        },
        {
          "over": 14,
          "deliveries": [
            {
              "batter": "Imad Wasim",
              "bowler": "CAK Rajitha",
              "non_striker": "Asif Ali",
              "runs": {
                "batter": 4,
                "extras": 0,
                "total": 4
              }
            },
            {
              "batter": "Imad Wasim",
              "bowler": "CAK Rajitha",
              "non_striker": "Asif Ali",
              "runs": {
                "batter": 1,
                "extras": 0,
                "total": 1
              }
            },
            {
              "batter": "Asif Ali",
              "bowler": "CAK Rajitha",
              "non_striker": "Imad Wasim",
              "runs": {
                "batter": 1,
                "extras": 0,
                "total": 1
              }
            },
            {
              "batter": "Imad Wasim",
              "bowler": "CAK Rajitha",
              "non_striker": "Asif Ali",
              "runs": {
                "batter": 0,
                "extras": 0,
                "total": 0
              },
              "wickets": [
                {
                  "kind": "caught",
                  "player_out": "Imad Wasim",
                  "fielders": [
                    {
                      "name": "PWH de Silva"
                    }
                  ]
                }
              ]
            },
            {
              "batter": "Faheem Ashraf",
              "bowler": "CAK Rajitha",
              "non_striker": "Asif Ali",
              "runs": {
                "batter": 0,
                "extras": 0,
                "total": 0
              }
            },
            {
              "batter": "Faheem Ashraf",
              "bowler": "CAK Rajitha",
              "non_striker": "Asif Ali",
              "runs": {
                "batter": 1,
                "extras": 0,
                "total": 1
              }
            }
          ]
        },
        {
          "over": 15,
          "deliveries": [
            {
              "batter": "Faheem Ashraf",
              "bowler": "PWH de Silva",
              "extras": {
                "legbyes": 1
              },
              "non_striker": "Asif Ali",
              "runs": {
                "batter": 0,
                "extras": 1,
                "total": 1
              }
            },
            {
              "batter": "Asif Ali",
              "bowler": "PWH de Silva",
              "non_striker": "Faheem Ashraf",
              "runs": {
                "batter": 0,
                "extras": 0,
                "total": 0
              },
              "wickets": [
                {
                  "kind": "caught",
                  "player_out": "Asif Ali",
                  "fielders": [
                    {
                      "name": "MD Gunathilaka"
                    }
                  ]
                }
              ]
            },
            {
              "batter": "Faheem Ashraf",
              "bowler": "PWH de Silva",
              "non_striker": "Shadab Khan",
              "runs": {
                "batter": 1,
                "extras": 0,
                "total": 1
              }
            },
            {
              "batter": "Shadab Khan",
              "bowler": "PWH de Silva",
              "non_striker": "Faheem Ashraf",
              "runs": {
                "batter": 0,
                "extras": 0,
                "total": 0
              }
            },
            {
              "batter": "Shadab Khan",
              "bowler": "PWH de Silva",
              "non_striker": "Faheem Ashraf",
              "runs": {
                "batter": 1,
                "extras": 0,
                "total": 1
              }
            },
            {
              "batter": "Faheem Ashraf",
              "bowler": "PWH de Silva",
              "non_striker": "Shadab Khan",
              "runs": {
                "batter": 1,
                "extras": 0,
                "total": 1
              }
            }
          ]
        },
        {
          "over": 16,
          "deliveries": [
            {
              "batter": "Faheem Ashraf",
              "bowler": "N Pradeep",
              "non_striker": "Shadab Khan",
              "runs": {
                "batter": 4,
                "extras": 0,
                "total": 4
              }
            },
            {
              "batter": "Faheem Ashraf",
              "bowler": "N Pradeep",
              "non_striker": "Shadab Khan",
              "runs": {
                "batter": 1,
                "extras": 0,
                "total": 1
              }
            },
            {
              "batter": "Shadab Khan",
              "bowler": "N Pradeep",
              "non_striker": "Faheem Ashraf",
              "runs": {
                "batter": 1,
                "extras": 0,
                "total": 1
              }
            },
            {
              "batter": "Faheem Ashraf",
              "bowler": "N Pradeep",
              "non_striker": "Shadab Khan",
              "runs": {
                "batter": 0,
                "extras": 0,
                "total": 0
              },
              "wickets": [
                {
                  "kind": "caught",
                  "player_out": "Faheem Ashraf",
                  "fielders": [
                    {
                      "name": "MD Gunathilaka"
                    }
                  ]
                }
              ]
            },
            {
              "batter": "Shadab Khan",
              "bowler": "N Pradeep",
              "non_striker": "Mohammad Amir",
              "runs": {
                "batter": 0,
                "extras": 0,
                "total": 0
              }
            },
            {
              "batter": "Shadab Khan",
              "bowler": "N Pradeep",
              "non_striker": "Mohammad Amir",
              "runs": {
                "batter": 4,
                "extras": 0,
                "total": 4
              }
            }
          ]
        },
        {
          "over": 17,
          "deliveries": [
            {
              "batter": "Mohammad Amir",
              "bowler": "I Udana",
              "non_striker": "Shadab Khan",
              "runs": {
                "batter": 1,
                "extras": 0,
                "total": 1
              }
            },
            {
              "batter": "Shadab Khan",
              "bowler": "I Udana",
              "non_striker": "Mohammad Amir",
              "runs": {
                "batter": 0,
                "extras": 0,
                "total": 0
              }
            },
            {
              "batter": "Shadab Khan",
              "bowler": "I Udana",
              "non_striker": "Mohammad Amir",
              "runs": {
                "batter": 0,
                "extras": 0,
                "total": 0
              },
              "wickets": [
                {
                  "kind": "caught",
                  "player_out": "Shadab Khan",
                  "fielders": [
                    {
                      "name": "WIA Fernando"
                    }
                  ]
                }
              ]
            },
            {
              "batter": "Mohammad Amir",
              "bowler": "I Udana",
              "non_striker": "Mohammad Hasnain",
              "runs": {
                "batter": 0,
                "extras": 0,
                "total": 0
              },
              "wickets": [
                {
                  "kind": "caught",
                  "player_out": "Mohammad Amir",
                  "fielders": [
                    {
                      "name": "MD Gunathilaka"
                    }
                  ]
                }
              ]
            }
          ]
        }
      ],
      "powerplays": [
        {
          "from": 0.1,
          "to": 5.6,
          "type": "mandatory"
        }
      ],
      "target": {
        "overs": 20,
        "runs": 166
      }
    }
  ]
}