{
  "meta": {
    "data_version": "1.0.0",
    "created": "2019-10-22",
    "revision": 1
  },
  "info": {
    "balls_per_over": 6,
    "city": "Dubai",
    "dates": [
      "2019-10-19"
    ],
    "event": {
      "name": "ICC Men's T20 World Cup Qualifier",
      "match_number": 8,
      "group": "A"
    },
    "gender": "male",
    "match_type": "T20",
    "match_type_number": 942,
    "officials": {
      "match_referees": [
        "GS Lakshmi"
      ],
      "reserve_umpires": [
        "CM Brown"
      ],
      "umpires": [
        "Ahmed Shah Pakteen",
        "Ahsan Raza"
      ]
    },
    "outcome": {
      "winner": "Scotland",
      "by": {
        "runs": 31
      }
    },
    "overs": 20,
    "player_of_match": [
      "RD Berrington"
    ],
    "players": {
      "Scotland": [
        "HG Munsey",
        "KJ Coetzer",
        "CS MacLeod",
        "RD Berrington",
        "OJ Hairs",
        "MH Cross",
        "TB Sole",
        "SM Sharif",
        "JH Davey",
        "MRJ Watt",
        "Hamza Tahir"
      ],
      "Kenya": [
        "IA Karim",
        "AA Obanda",
        "DM Gondaria",
        "CO Obuya",
        "RR Patel",
        "SO Ngoche",
        "JS Kundi",
        "NM Odhiambo",
        "LN Oluoch",
        "E Otieno",
        "P Kerai"
      ]
    },
    "registry": {
      "people": {
        "AA Obanda": "7081491e",
        "Ahmed Shah Pakteen": "43602937",
        "Ahsan Raza": "e0e5b209",
        "CM Brown": "448f4f1c",
        "CO Obuya": "5680f1ad",
        "CS MacLeod": "9c376401",
        "DM Gondaria": "9048c17e",
        "E Otieno": "c57fa67e",
        "GS Lakshmi": "ba8d5615",
        "HG Munsey": "ff014c34",
        "Hamza Tahir": "34cb2f69",
        "IA Karim": "ca92a578",
        "JH Davey": "d3868bd0",
        "JS Kundi": "092ccf20",
        "KJ Coetzer": "85d8110a",
        "LN Oluoch": "eb4f9c61",
        "MA Leask": "28131839",
        "MH Cross": "8b261d84",
        "MRJ Watt": "1252f71a",
        "NM Odhiambo": "c07a1f41",
        "OJ Hairs": "c8a7b014",
        "P Kerai": "ab343e93",
        "RD Berrington": "e21bc7f3",
        "RR Patel": "7fa6bd8e",
        "SM Sharif": "f43dd8c2",
        "SO Ngoche": "49118dc7",
        "TB Sole": "98e908bd"
      }
    },
    "season": "2019/20",
    "team_type": "international",
    "teams": [
      "Kenya",
      "Scotland"
    ],
    "toss": {
      "decision": "bat",
      "winner": "Scotland"
    },
    "venue": "ICC Academy Ground No 2"
  },
  "innings": [
    {
      "team": "Scotland",
      "overs": [
        {
          "over": 0,
          "deliveries": [
            {
              "batter": "HG Munsey",
              "bowler": "E Otieno",
              "non_striker": "KJ Coetzer",
              "runs": {
                "batter": 0,
                "extras": 0,
                "total": 0
              }
            },
            {
              "batter": "HG Munsey",
              "bowler": "E Otieno",
              "non_striker": "KJ Coetzer",
              "runs": {
                "batter": 1,
                "extras": 0,
                "total": 1
              }
            },
            {
              "batter": "KJ Coetzer",
              "bowler": "E Otieno",
              "non_striker": "HG Munsey",
              "runs": {
                "batter": 0,
                "extras": 0,
                "total": 0
              }
            },
            {
              "batter": "KJ Coetzer",
              "bowler": "E Otieno",
              "non_striker": "HG Munsey",
              "runs": {
                "batter": 0,
                "extras": 0,
                "total": 0
              }
            },
            {
              "batter": "KJ Coetzer",
              "bowler": "E Otieno",
              "non_striker": "HG Munsey",
              "runs": {
                "batter": 0,
                "extras": 0,
                "total": 0
              }
            },
            {
              "batter": "KJ Coetzer",
              "bowler": "E Otieno",
              "non_striker": "HG Munsey",
              "runs": {
                "batter": 0,
                "extras": 0,
                "total": 0
              }
            }
          ]
        },
        {
          "over": 1,
          "deliveries": [
            {
              "batter": "HG Munsey",
              "bowler": "LN Oluoch",
              "non_striker": "KJ Coetzer",
              "runs": {
                "batter": 0,
                "extras": 0,
                "total": 0
              }
            },
            {
              "batter": "HG Munsey",
              "bowler": "LN Oluoch",
              "non_striker": "KJ Coetzer",
              "runs": {
                "batter": 1,
                "extras": 0,
                "total": 1
              }
            },
            {
              "batter": "KJ Coetzer",
              "bowler": "LN Oluoch",
              "non_striker": "HG Munsey",
              "runs": {
                "batter": 1,
                "extras": 0,
                "total": 1
              }
            },
            {
              "batter": "HG Munsey",
              "bowler": "LN Oluoch",
              "non_striker": "KJ Coetzer",
              "runs": {
                "batter": 1,
                "extras": 0,
                "total": 1
              }
            },
            {
              "batter": "KJ Coetzer",
              "bowler": "LN Oluoch",
              "non_striker": "HG Munsey",
              "runs": {
                "batter": 0,
                "extras": 0,
                "total": 0
              }
            },
            {
              "batter": "KJ Coetzer",
              "bowler": "LN Oluoch",
              "non_striker": "HG Munsey",
              "runs": {
                "batter": 0,
                "extras": 0,
                "total": 0
              }
            }
          ]
        },
        {
          "over": 2,
          "deliveries": [
            {
              "batter": "HG Munsey",
              "bowler": "E Otieno",
              "non_striker": "KJ Coetzer",
              "runs": {
                "batter": 0,
                "extras": 0,
                "total": 0
              }
            },
            {
              "batter": "HG Munsey",
              "bowler": "E Otieno",
              "non_striker": "KJ Coetzer",
              "runs": {
                "batter": 4,
                "extras": 0,
                "total": 4
              }
            },
            {
              "batter": "HG Munsey",
              "bowler": "E Otieno",
              "non_striker": "KJ Coetzer",
              "runs": {
                "batter": 6,
                "extras": 0,
                "total": 6
              }
            },
            {
              "batter": "HG Munsey",
              "bowler": "E Otieno",
              "non_striker": "KJ Coetzer",
              "runs": {
                "batter": 4,
                "extras": 0,
                "total": 4
              }
            },
            {
              "batter": "HG Munsey",
              "bowler": "E Otieno",
              "non_striker": "KJ Coetzer",
              "runs": {
                "batter": 0,
                "extras": 0,
                "total": 0
              }
            },
            {
              "batter": "HG Munsey",
              "bowler": "E Otieno",
              "non_striker": "KJ Coetzer",
              "runs": {
                "batter": 0,
                "extras": 0,
                "total": 0
              }
            }
          ]
        },
        {
          "over": 3,
          "deliveries": [
            {
              "batter": "KJ Coetzer",
              "bowler": "NM Odhiambo",
              "non_striker": "HG Munsey",
              "runs": {
                "batter": 6,
                "extras": 0,
                "total": 6
              }
            },
            {
              "batter": "KJ Coetzer",
              "bowler": "NM Odhiambo",
              "non_striker": "HG Munsey",
              "runs": {
                "batter": 4,
                "extras": 0,
                "total": 4
              }
            },
            {
              "batter": "KJ Coetzer",
              "bowler": "NM Odhiambo",
              "non_striker": "HG Munsey",
              "runs": {
                "batter": 1,
                "extras": 0,
                "total": 1
              }
            },
            {
              "batter": "HG Munsey",
              "bowler": "NM Odhiambo",
              "non_striker": "KJ Coetzer",
              "runs": {
                "batter": 1,
                "extras": 0,
                "total": 1
              }
            },
            {
              "batter": "KJ Coetzer",
              "bowler": "NM Odhiambo",
              "non_striker": "HG Munsey",
              "runs": {
                "batter": 0,
                "extras": 0,
                "total": 0
              }
            },
            {
              "batter": "KJ Coetzer",
              "bowler": "NM Odhiambo",
              "non_striker": "HG Munsey",
              "runs": {
                "batter": 1,
                "extras": 0,
                "total": 1
              }
            }
          ]
        },
        {
          "over": 4,
          "deliveries": [
            {
              "batter": "KJ Coetzer",
              "bowler": "SO Ngoche",
              "non_striker": "HG Munsey",
              "runs": {
                "batter": 1,
                "extras": 0,
                "total": 1
              }
            },
            {
              "batter": "HG Munsey",
              "bowler": "SO Ngoche",
              "non_striker": "KJ Coetzer",
              "runs": {
                "batter": 1,
                "extras": 0,
                "total": 1
              }
            },
            {
              "batter": "KJ Coetzer",
              "bowler": "SO Ngoche",
              "non_striker": "HG Munsey",
              "runs": {
                "batter": 0,
                "extras": 0,
                "total": 0
              },
              "wickets": [
                {
                  "kind": "bowled",
                  "player_out": "KJ Coetzer"
                }
              ]
            },
            {
              "batter": "CS MacLeod",
              "bowler": "SO Ngoche",
              "non_striker": "HG Munsey",
              "runs": {
                "batter": 0,
                "extras": 0,
                "total": 0
              }
            },
            {
              "batter": "CS MacLeod",
              "bowler": "SO Ngoche",
              "non_striker": "HG Munsey",
              "runs": {
                "batter": 2,
                "extras": 0,
                "total": 2
              }
            },
            {
              "batter": "CS MacLeod",
              "bowler": "SO Ngoche",
              "non_striker": "HG Munsey",
              "runs": {
                "batter": 1,
                "extras": 0,
                "total": 1
              }
            }
          ]
        },
        {
          "over": 5,
          "deliveries": [
            {
              "batter": "CS MacLeod",
              "bowler": "LN Oluoch",
              "non_striker": "HG Munsey",
              "runs": {
                "batter": 1,
                "extras": 0,
                "total": 1
              }
            },
            {
              "batter": "HG Munsey",
              "bowler": "LN Oluoch",
              "non_striker": "CS MacLeod",
              "runs": {
                "batter": 4,
                "extras": 0,
                "total": 4
              }
            },
            {
              "batter": "HG Munsey",
              "bowler": "LN Oluoch",
              "non_striker": "CS MacLeod",
              "runs": {
                "batter": 0,
                "extras": 0,
                "total": 0
              },
              "wickets": [
                {
                  "kind": "caught",
                  "player_out": "HG Munsey",
                  "fielders": [
                    {
                      "name": "DM Gondaria"
                    }
                  ]
                }
              ]
            },
            {
              "batter": "RD Berrington",
              "bowler": "LN Oluoch",
              "non_striker": "CS MacLeod",
              "runs": {
                "batter": 1,
                "extras": 0,
                "total": 1
              }
            },
            {
              "batter": "CS MacLeod",
              "bowler": "LN Oluoch",
              "non_striker": "RD Berrington",
              "runs": {
                "batter": 0,
                "extras": 0,
                "total": 0
              }
            },
            {
              "batter": "CS MacLeod",
              "bowler": "LN Oluoch",
              "non_striker": "RD Berrington",
              "runs": {
                "batter": 1,
                "extras": 0,
                "total": 1
              }
            }
          ]
        },
        {
          "over": 6,
          "deliveries": [
            {
              "batter": "CS MacLeod",
              "bowler": "P Kerai",
              "non_striker": "RD Berrington",
              "runs": {
                "batter": 1,
                "extras": 0,
                "total": 1
              }
            },
            {
              "batter": "RD Berrington",
              "bowler": "P Kerai",
              "non_striker": "CS MacLeod",
              "runs": {
                "batter": 1,
                "extras": 0,
                "total": 1
              }
            },
            {
              "batter": "CS MacLeod",
              "bowler": "P Kerai",
              "non_striker": "RD Berrington",
              "runs": {
                "batter": 0,
                "extras": 0,
                "total": 0
              }
            },
            {
              "batter": "CS MacLeod",
              "bowler": "P Kerai",
              "non_striker": "RD Berrington",
              "runs": {
                "batter": 1,
                "extras": 0,
                "total": 1
              }
            },
            {
              "batter": "RD Berrington",
              "bowler": "P Kerai",
              "non_striker": "CS MacLeod",
              "runs": {
                "batter": 0,
                "extras": 0,
                "total": 0
              }
            },
            {
              "batter": "RD Berrington",
              "bowler": "P Kerai",
              "non_striker": "CS MacLeod",
              "runs": {
                "batter": 2,
                "extras": 0,
                "total": 2
              }
            }
          ]
        },
        {
          "over": 7,
          "deliveries": [
            {
              "batter": "CS MacLeod",
              "bowler": "NM Odhiambo",
              "non_striker": "RD Berrington",
              "runs": {
                "batter": 1,
                "extras": 0,
                "total": 1
              }
            },
            {
              "batter": "RD Berrington",
              "bowler": "NM Odhiambo",
              "non_striker": "CS MacLeod",
              "runs": {
                "batter": 0,
                "extras": 0,
                "total": 0
              }
            },
            {
              "batter": "RD Berrington",
              "bowler": "NM Odhiambo",
              "non_striker": "CS MacLeod",
              "runs": {
                "batter": 0,
                "extras": 0,
                "total": 0
              }
            },
            {
              "batter": "RD Berrington",
              "bowler": "NM Odhiambo",
              "non_striker": "CS MacLeod",
              "runs": {
                "batter": 1,
                "extras": 0,
                "total": 1
              }
            },
            {
              "batter": "CS MacLeod",
              "bowler": "NM Odhiambo",
              "non_striker": "RD Berrington",
              "runs": {
                "batter": 0,
                "extras": 0,
                "total": 0
              }
            },
            {
              "batter": "CS MacLeod",
              "bowler": "NM Odhiambo",
              "non_striker": "RD Berrington",
              "runs": {
                "batter": 1,
                "extras": 0,
                "total": 1
              }
            }
          ]
        },
        {
          "over": 8,
          "deliveries": [
            {
              "batter": "CS MacLeod",
              "bowler": "CO Obuya",
              "non_striker": "RD Berrington",
              "runs": {
                "batter": 0,
                "extras": 0,
                "total": 0
              }
            },
            {
              "batter": "CS MacLeod",
              "bowler": "CO Obuya",
              "non_striker": "RD Berrington",
              "runs": {
                "batter": 1,
                "extras": 0,
                "total": 1
              }
            },
            {
              "batter": "RD Berrington",
              "bowler": "CO Obuya",
              "non_striker": "CS MacLeod",
              "runs": {
                "batter": 0,
                "extras": 0,
                "total": 0
              }
            },
            {
              "batter": "RD Berrington",
              "bowler": "CO Obuya",
              "non_striker": "CS MacLeod",
              "runs": {
                "batter": 0,
                "extras": 0,
                "total": 0
              }
            },
            {
              "batter": "RD Berrington",
              "bowler": "CO Obuya",
              "non_striker": "CS MacLeod",
              "runs": {
                "batter": 0,
                "extras": 0,
                "total": 0
              }
            },
            {
              "batter": "RD Berrington",
              "bowler": "CO Obuya",
              "non_striker": "CS MacLeod",
              "runs": {
                "batter": 0,
                "extras": 0,
                "total": 0
              }
            }
          ]
        },
        {
          "over": 9,
          "deliveries": [
            {
              "batter": "CS MacLeod",
              "bowler": "RR Patel",
              "non_striker": "RD Berrington",
              "runs": {
                "batter": 2,
                "extras": 0,
                "total": 2
              }
            },
            {
              "batter": "CS MacLeod",
              "bowler": "RR Patel",
              "non_striker": "RD Berrington",
              "runs": {
                "batter": 1,
                "extras": 0,
                "total": 1
              }
            },
            {
              "batter": "RD Berrington",
              "bowler": "RR Patel",
              "non_striker": "CS MacLeod",
              "runs": {
                "batter": 1,
                "extras": 0,
                "total": 1
              }
            },
            {
              "batter": "CS MacLeod",
              "bowler": "RR Patel",
              "non_striker": "RD Berrington",
              "runs": {
                "batter": 0,
                "extras": 0,
                "total": 0
              }
            },
            {
              "batter": "CS MacLeod",
              "bowler": "RR Patel",
              "non_striker": "RD Berrington",
              "runs": {
                "batter": 0,
                "extras": 0,
                "total": 0
              }
            },
            {
              "batter": "CS MacLeod",
              "bowler": "RR Patel",
              "non_striker": "RD Berrington",
              "runs": {
                "batter": 4,
                "extras": 0,
                "total": 4
              }
            }
          ]
        },
        {
          "over": 10,
          "deliveries": [
            {
              "batter": "RD Berrington",
              "bowler": "P Kerai",
              "non_striker": "CS MacLeod",
              "runs": {
                "batter": 6,
                "extras": 0,
                "total": 6
              }
            },
            {
              "batter": "RD Berrington",
              "bowler": "P Kerai",
              "non_striker": "CS MacLeod",
              "runs": {
                "batter": 1,
                "extras": 0,
                "total": 1
              }
            },
            {
              "batter": "CS MacLeod",
              "bowler": "P Kerai",
              "non_striker": "RD Berrington",
              "runs": {
                "batter": 1,
                "extras": 0,
                "total": 1
              }
            },
            {
              "batter": "RD Berrington",
              "bowler": "P Kerai",
              "non_striker": "CS MacLeod",
              "runs": {
                "batter": 1,
                "extras": 0,
                "total": 1
              }
            },
            {
              "batter": "CS MacLeod",
              "bowler": "P Kerai",
              "non_striker": "RD Berrington",
              "runs": {
                "batter": 4,
                "extras": 0,
                "total": 4
              }
            },
            {
              "batter": "CS MacLeod",
              "bowler": "P Kerai",
              "non_striker": "RD Berrington",
              "runs": {
                "batter": 4,
                "extras": 0,
                "total": 4
              }
            }
          ]
        },
        {
          "over": 11,
          "deliveries": [
            {
              "batter": "RD Berrington",
              "bowler": "SO Ngoche",
              "non_striker": "CS MacLeod",
              "runs": {
                "batter": 0,
                "extras": 0,
                "total": 0
              }
            },
            {
              "batter": "RD Berrington",
              "bowler": "SO Ngoche",
              "non_striker": "CS MacLeod",
              "runs": {
                "batter": 0,
                "extras": 0,
                "total": 0
              }
            },
            {
              "batter": "RD Berrington",
              "bowler": "SO Ngoche",
              "non_striker": "CS MacLeod",
              "runs": {
                "batter": 1,
                "extras": 0,
                "total": 1
              }
            },
            {
              "batter": "CS MacLeod",
              "bowler": "SO Ngoche",
              "non_striker": "RD Berrington",
              "runs": {
                "batter": 1,
                "extras": 0,
                "total": 1
              }
            },
            {
              "batter": "RD Berrington",
              "bowler": "SO Ngoche",
              "non_striker": "CS MacLeod",
              "runs": {
                "batter": 4,
                "extras": 0,
                "total": 4
              }
            },
            {
              "batter": "RD Berrington",
              "bowler": "SO Ngoche",
              "non_striker": "CS MacLeod",
              "runs": {
                "batter": 6,
                "extras": 0,
                "total": 6
              }
            }
          ]
        },
        {
          "over": 12,
          "deliveries": [
            {
              "batter": "CS MacLeod",
              "bowler": "NM Odhiambo",
              "non_striker": "RD Berrington",
              "runs": {
                "batter": 0,
                "extras": 0,
                "total": 0
              }
            },
            {
              "batter": "CS MacLeod",
              "bowler": "NM Odhiambo",
              "non_striker": "RD Berrington",
              "runs": {
                "batter": 2,
                "extras": 0,
                "total": 2
              }
            },
            {
              "batter": "CS MacLeod",
              "bowler": "NM Odhiambo",
              "non_striker": "RD Berrington",
              "runs": {
                "batter": 1,
                "extras": 0,
                "total": 1
              }
            },
            {
              "batter": "RD Berrington",
              "bowler": "NM Odhiambo",
              "non_striker": "CS MacLeod",
              "runs": {
                "batter": 1,
                "extras": 0,
                "total": 1
              }
            },
            {
              "batter": "CS MacLeod",
              "bowler": "NM Odhiambo",
              "extras": {
                "wides": 1
              },
              "non_striker": "RD Berrington",
              "runs": {
                "batter": 0,
                "extras": 1,
                "total": 1
              }
            },
            {
              "batter": "CS MacLeod",
              "bowler": "NM Odhiambo",
              "non_striker": "RD Berrington",
              "runs": {
                "batter": 0,
                "extras": 0,
                "total": 0
              },
              "wickets": [
                {
                  "kind": "caught",
                  "player_out": "CS MacLeod",
                  "fielders": [
                    {
                      "name": "IA Karim"
                    }
                  ]
                }
              ]
            },
            {
              "batter": "OJ Hairs",
              "bowler": "NM Odhiambo",
              "non_striker": "RD Berrington",
              "runs": {
                "batter": 1,
                "extras": 0,
                "total": 1
              }
            }
          ]
        },
        {
          "over": 13,
          "deliveries": [
            {
              "batter": "OJ Hairs",
              "bowler": "CO Obuya",
              "non_striker": "RD Berrington",
              "runs": {
                "batter": 1,
                "extras": 0,
                "total": 1
              }
            },
            {
              "batter": "RD Berrington",
              "bowler": "CO Obuya",
              "non_striker": "OJ Hairs",
              "runs": {
                "batter": 1,
                "extras": 0,
                "total": 1
              }
            },
            {
              "batter": "OJ Hairs",
              "bowler": "CO Obuya",
              "non_striker": "RD Berrington",
              "runs": {
                "batter": 1,
                "extras": 0,
                "total": 1
              }
            },
            {
              "batter": "RD Berrington",
              "bowler": "CO Obuya",
              "non_striker": "OJ Hairs",
              "runs": {
                "batter": 0,
                "extras": 0,
                "total": 0
              },
              "wickets": [
                {
                  "kind": "bowled",
                  "player_out": "RD Berrington"
                }
              ]
            },
            {
              "batter": "MH Cross",
              "bowler": "CO Obuya",
              "non_striker": "OJ Hairs",
              "runs": {
                "batter": 1,
                "extras": 0,
                "total": 1
              }
            },
            {
              "batter": "OJ Hairs",
              "bowler": "CO Obuya",
              "non_striker": "MH Cross",
              "runs": {
                "batter": 1,
                "extras": 0,
                "total": 1
              }
            }
          ]
        },
        {
          "over": 14,
          "deliveries": [
            {
              "batter": "OJ Hairs",
              "bowler": "SO Ngoche",
              "non_striker": "MH Cross",
              "runs": {
                "batter": 6,
                "extras": 0,
                "total": 6
              }
            },
            {
              "batter": "OJ Hairs",
              "bowler": "SO Ngoche",
              "non_striker": "MH Cross",
              "runs": {
                "batter": 6,
                "extras": 0,
                "total": 6
              }
            },
            {
              "batter": "OJ Hairs",
              "bowler": "SO Ngoche",
              "non_striker": "MH Cross",
              "runs": {
                "batter": 1,
                "extras": 0,
                "total": 1
              }
            },
            {
              "batter": "MH Cross",
              "bowler": "SO Ngoche",
              "non_striker": "OJ Hairs",
              "runs": {
                "batter": 1,
                "extras": 0,
                "total": 1
              }
            },
            {
              "batter": "OJ Hairs",
              "bowler": "SO Ngoche",
              "extras": {
                "legbyes": 1
              },
              "non_striker": "MH Cross",
              "runs": {
                "batter": 0,
                "extras": 1,
                "total": 1
              }
            },
            {
              "batter": "MH Cross",
              "bowler": "SO Ngoche",
              "non_striker": "OJ Hairs",
              "runs": {
                "batter": 1,
                "extras": 0,
                "total": 1
              }
            }
          ]
        },
        {
          "over": 15,
          "deliveries": [
            {
              "batter": "MH Cross",
              "bowler": "CO Obuya",
              "non_striker": "OJ Hairs",
              "runs": {
                "batter": 1,
                "extras": 0,
                "total": 1
              }
            },
            {
              "batter": "OJ Hairs",
              "bowler": "CO Obuya",
              "non_striker": "MH Cross",
              "runs": {
                "batter": 0,
                "extras": 0,
                "total": 0
              },
              "wickets": [
                {
                  "kind": "caught",
                  "player_out": "OJ Hairs",
                  "fielders": [
                    {
                      "name": "RR Patel"
                    }
                  ]
                }
              ]
            },
            {
              "batter": "TB Sole",
              "bowler": "CO Obuya",
              "non_striker": "MH Cross",
              "runs": {
                "batter": 0,
                "extras": 0,
                "total": 0
              }
            },
            {
              "batter": "TB Sole",
              "bowler": "CO Obuya",
              "non_striker": "MH Cross",
              "runs": {
                "batter": 4,
                "extras": 0,
                "total": 4
              }
            },
            {
              "batter": "TB Sole",
              "bowler": "CO Obuya",
              "non_striker": "MH Cross",
              "runs": {
                "batter": 0,
                "extras": 0,
                "total": 0
              }
            },
            {
              "batter": "TB Sole",
              "bowler": "CO Obuya",
              "non_striker": "MH Cross",
              "runs": {
                "batter": 1,
                "extras": 0,
                "total": 1
              }
            }
          ]
        },
        {
          "over": 16,
          "deliveries": [
            {
              "batter": "TB Sole",
              "bowler": "SO Ngoche",
              "non_striker": "MH Cross",
              "runs": {
                "batter": 4,
                "extras": 0,
                "total": 4
              }
            },
            {
              "batter": "TB Sole",
              "bowler": "SO Ngoche",
              "non_striker": "MH Cross",
              "runs": {
                "batter": 4,
                "extras": 0,
                "total": 4
              }
            },
            {
              "batter": "TB Sole",
              "bowler": "SO Ngoche",
              "non_striker": "MH Cross",
              "runs": {
                "batter": 1,
                "extras": 0,
                "total": 1
              }
            },
            {
              "batter": "MH Cross",
              "bowler": "SO Ngoche",
              "non_striker": "TB Sole",
              "runs": {
                "batter": 1,
                "extras": 0,
                "total": 1
              }
            },
            {
              "batter": "TB Sole",
              "bowler": "SO Ngoche",
              "non_striker": "MH Cross",
              "runs": {
                "batter": 2,
                "extras": 0,
                "total": 2
              }
            },
            {
              "batter": "TB Sole",
              "bowler": "SO Ngoche",
              "non_striker": "MH Cross",
              "runs": {
                "batter": 0,
                "extras": 0,
                "total": 0
              }
            }
          ]
        },
        {
          "over": 17,
          "deliveries": [
            {
              "batter": "MH Cross",
              "bowler": "LN Oluoch",
              "non_striker": "TB Sole",
              "runs": {
                "batter": 1,
                "extras": 0,
                "total": 1
              }
            },
            {
              "batter": "TB Sole",
              "bowler": "LN Oluoch",
              "non_striker": "MH Cross",
              "runs": {
                "batter": 4,
                "extras": 0,
                "total": 4
              }
            },
            {
              "batter": "TB Sole",
              "bowler": "LN Oluoch",
              "non_striker": "MH Cross",
              "runs": {
                "batter": 2,
                "extras": 0,
                "total": 2
              }
            },
            {
              "batter": "TB Sole",
              "bowler": "LN Oluoch",
              "non_striker": "MH Cross",
              "runs": {
                "batter": 1,
                "extras": 0,
                "total": 1
              }
            },
            {
              "batter": "MH Cross",
              "bowler": "LN Oluoch",
              "non_striker": "TB Sole",
              "runs": {
                "batter": 1,
                "extras": 0,
                "total": 1
              }
            },
            {
              "batter": "TB Sole",
              "bowler": "LN Oluoch",
              "non_striker": "MH Cross",
              "runs": {
                "batter": 1,
                "extras": 0,
                "total": 1
              }
            }
          ]
        },
        {
          "over": 18,
          "deliveries": [
            {
              "batter": "TB Sole",
              "bowler": "E Otieno",
              "non_striker": "MH Cross",
              "runs": {
                "batter": 1,
                "extras": 0,
                "total": 1
              }
            },
            {
              "batter": "MH Cross",
              "bowler": "E Otieno",
              "non_striker": "TB Sole",
              "runs": {
                "batter": 1,
                "extras": 0,
                "total": 1
              }
            },
            {
              "batter": "TB Sole",
              "bowler": "E Otieno",
              "non_striker": "MH Cross",
              "runs": {
                "batter": 6,
                "extras": 0,
                "total": 6
              }
            },
            {
              "batter": "TB Sole",
              "bowler": "E Otieno",
              "non_striker": "MH Cross",
              "runs": {
                "batter": 1,
                "extras": 0,
                "total": 1
              }
            },
            {
              "batter": "MH Cross",
              "bowler": "E Otieno",
              "non_striker": "TB Sole",
              "runs": {
                "batter": 4,
                "extras": 0,
                "total": 4
              }
            },
            {
              "batter": "MH Cross",
              "bowler": "E Otieno",
              "non_striker": "TB Sole",
              "runs": {
                "batter": 1,
                "extras": 0,
                "total": 1
              }
            }
          ]
        },
        {
          "over": 19,
          "deliveries": [
            {
              "batter": "MH Cross",
              "bowler": "LN Oluoch",
              "non_striker": "TB Sole",
              "runs": {
                "batter": 1,
                "extras": 0,
                "total": 1
              }
            },
            {
              "batter": "TB Sole",
              "bowler": "LN Oluoch",
              "non_striker": "MH Cross",
              "runs": {
                "batter": 1,
                "extras": 0,
                "total": 1
              }
            },
            {
              "batter": "MH Cross",
              "bowler": "LN Oluoch",
              "non_striker": "TB Sole",
              "runs": {
                "batter": 4,
                "extras": 0,
                "total": 4
              }
            },
            {
              "batter": "MH Cross",
              "bowler": "LN Oluoch",
              "non_striker": "TB Sole",
              "runs": {
                "batter": 6,
                "extras": 0,
                "total": 6
              }
            },
            {
              "batter": "MH Cross",
              "bowler": "LN Oluoch",
              "non_striker": "TB Sole",
              "runs": {
                "batter": 0,
                "extras": 0,
                "total": 0
              },
              "wickets": [
                {
                  "kind": "caught",
                  "player_out": "MH Cross",
                  "fielders": [
                    {
                      "name": "CO Obuya"
                    }
                  ]
                }
              ]
            },
            {
              "batter": "TB Sole",
              "bowler": "LN Oluoch",
              "non_striker": "SM Sharif",
              "runs": {
                "batter": 0,
                "extras": 0,
                "total": 0
              }
            }
          ]
        }
      ],
      "powerplays": [
        {
          "from": 0.1,
          "to": 5.6,
          "type": "mandatory"
        }
      ]
    },
    {
      "team": "Kenya",
      "overs": [
        {
          "over": 0,
          "deliveries": [
            {
              "batter": "IA Karim",
              "bowler": "MRJ Watt",
              "non_striker": "AA Obanda",
              "runs": {
                "batter": 1,
                "extras": 0,
                "total": 1
              }
            },
            {
              "batter": "AA Obanda",
              "bowler": "MRJ Watt",
              "non_striker": "IA Karim",
              "runs": {
                "batter": 0,
                "extras": 0,
                "total": 0
              }
            },
            {
              "batter": "AA Obanda",
              "bowler": "MRJ Watt",
              "extras": {
                "wides": 1
              },
              "non_striker": "IA Karim",
              "runs": {
                "batter": 0,
                "extras": 1,
                "total": 1
              }
            },
            {
              "batter": "AA Obanda",
              "bowler": "MRJ Watt",
              "non_striker": "IA Karim",
              "runs": {
                "batter": 1,
                "extras": 0,
                "total": 1
              }
            },
            {
              "batter": "IA Karim",
              "bowler": "MRJ Watt",
              "non_striker": "AA Obanda",
              "runs": {
                "batter": 0,
                "extras": 0,
                "total": 0
              }
            },
            {
              "batter": "IA Karim",
              "bowler": "MRJ Watt",
              "non_striker": "AA Obanda",
              "runs": {
                "batter": 0,
                "extras": 0,
                "total": 0
              }
            },
            {
              "batter": "IA Karim",
              "bowler": "MRJ Watt",
              "non_striker": "AA Obanda",
              "runs": {
                "batter": 1,
                "extras": 0,
                "total": 1
              }
            }
          ]
        },
        {
          "over": 1,
          "deliveries": [
            {
              "batter": "IA Karim",
              "bowler": "SM Sharif",
              "non_striker": "AA Obanda",
              "runs": {
                "batter": 4,
                "extras": 0,
                "total": 4
              }
            },
            {
              "batter": "IA Karim",
              "bowler": "SM Sharif",
              "non_striker": "AA Obanda",
              "runs": {
                "batter": 0,
                "extras": 0,
                "total": 0
              }
            },
            {
              "batter": "IA Karim",
              "bowler": "SM Sharif",
              "non_striker": "AA Obanda",
              "runs": {
                "batter": 0,
                "extras": 0,
                "total": 0
              }
            },
            {
              "batter": "IA Karim",
              "bowler": "SM Sharif",
              "non_striker": "AA Obanda",
              "runs": {
                "batter": 0,
                "extras": 0,
                "total": 0
              }
            },
            {
              "batter": "IA Karim",
              "bowler": "SM Sharif",
              "non_striker": "AA Obanda",
              "runs": {
                "batter": 1,
                "extras": 0,
                "total": 1
              }
            },
            {
              "batter": "AA Obanda",
              "bowler": "SM Sharif",
              "non_striker": "IA Karim",
              "runs": {
                "batter": 1,
                "extras": 0,
                "total": 1
              }
            }
          ]
        },
        {
          "over": 2,
          "deliveries": [
            {
              "batter": "AA Obanda",
              "bowler": "MRJ Watt",
              "non_striker": "IA Karim",
              "runs": {
                "batter": 2,
                "extras": 0,
                "total": 2
              }
            },
            {
              "batter": "AA Obanda",
              "bowler": "MRJ Watt",
              "extras": {
                "byes": 1
              },
              "non_striker": "IA Karim",
              "runs": {
                "batter": 0,
                "extras": 1,
                "total": 1
              }
            },
            {
              "batter": "IA Karim",
              "bowler": "MRJ Watt",
              "non_striker": "AA Obanda",
              "runs": {
                "batter": 0,
                "extras": 0,
                "total": 0
              }
            },
            {
              "batter": "IA Karim",
              "bowler": "MRJ Watt",
              "non_striker": "AA Obanda",
              "runs": {
                "batter": 4,
                "extras": 0,
                "total": 4
              }
            },
            {
              "batter": "IA Karim",
              "bowler": "MRJ Watt",
              "non_striker": "AA Obanda",
              "runs": {
                "batter": 1,
                "extras": 0,
                "total": 1
              }
            },
            {
              "batter": "AA Obanda",
              "bowler": "MRJ Watt",
              "non_striker": "IA Karim",
              "runs": {
                "batter": 0,
                "extras": 0,
                "total": 0
              }
            }
          ]
        },
        {
          "over": 3,
          "deliveries": [
            {
              "batter": "IA Karim",
              "bowler": "JH Davey",
              "extras": {
                "legbyes": 1
              },
              "non_striker": "AA Obanda",
              "runs": {
                "batter": 0,
                "extras": 1,
                "total": 1
              }
            },
            {
              "batter": "AA Obanda",
              "bowler": "JH Davey",
              "non_striker": "IA Karim",
              "runs": {
                "batter": 0,
                "extras": 0,
                "total": 0
              }
            },
            {
              "batter": "AA Obanda",
              "bowler": "JH Davey",
              "non_striker": "IA Karim",
              "runs": {
                "batter": 0,
                "extras": 0,
                "total": 0
              }
            },
            {
              "batter": "AA Obanda",
              "bowler": "JH Davey",
              "non_striker": "IA Karim",
              "runs": {
                "batter": 0,
                "extras": 0,
                "total": 0
              }
            },
            {
              "batter": "AA Obanda",
              "bowler": "JH Davey",
              "non_striker": "IA Karim",
              "runs": {
                "batter": 1,
                "extras": 0,
                "total": 1
              }
            },
            {
              "batter": "IA Karim",
              "bowler": "JH Davey",
              "non_striker": "AA Obanda",
              "runs": {
                "batter": 1,
                "extras": 0,
                "total": 1
              }
            }
          ]
        },
        {
          "over": 4,
          "deliveries": [
            {
              "batter": "IA Karim",
              "bowler": "SM Sharif",
              "non_striker": "AA Obanda",
              "runs": {
                "batter": 1,
                "extras": 0,
                "total": 1
              }
            },
            {
              "batter": "AA Obanda",
              "bowler": "SM Sharif",
              "non_striker": "IA Karim",
              "runs": {
                "batter": 4,
                "extras": 0,
                "total": 4
              }
            },
            {
              "batter": "AA Obanda",
              "bowler": "SM Sharif",
              "extras": {
                "legbyes": 1
              },
              "non_striker": "IA Karim",
              "runs": {
                "batter": 0,
                "extras": 1,
                "total": 1
              }
            },
            {
              "batter": "IA Karim",
              "bowler": "SM Sharif",
              "non_striker": "AA Obanda",
              "runs": {
                "batter": 0,
                "extras": 0,
                "total": 0
              }
            },
            {
              "batter": "IA Karim",
              "bowler": "SM Sharif",
              "non_striker": "AA Obanda",
              "runs": {
                "batter": 4,
                "extras": 0,
                "total": 4
              }
            },
            {
              "batter": "IA Karim",
              "bowler": "SM Sharif",
              "non_striker": "AA Obanda",
              "runs": {
                "batter": 1,
                "extras": 0,
                "total": 1
              }
            }
          ]
        },
        {
          "over": 5,
          "deliveries": [
            {
              "batter": "IA Karim",
              "bowler": "JH Davey",
              "non_striker": "AA Obanda",
              "runs": {
                "batter": 0,
                "extras": 0,
                "total": 0
              }
            },
            {
              "batter": "IA Karim",
              "bowler": "JH Davey",
              "extras": {
                "wides": 1
              },
              "non_striker": "AA Obanda",
              "runs": {
                "batter": 0,
                "extras": 1,
                "total": 1
              }
            },
            {
              "batter": "IA Karim",
              "bowler": "JH Davey",
              "non_striker": "AA Obanda",
              "runs": {
                "batter": 4,
                "extras": 0,
                "total": 4
              }
            },
            {
              "batter": "IA Karim",
              "bowler": "JH Davey",
              "non_striker": "AA Obanda",
              "runs": {
                "batter": 4,
                "extras": 0,
                "total": 4
              }
            },
            {
              "batter": "IA Karim",
              "bowler": "JH Davey",
              "non_striker": "AA Obanda",
              "runs": {
                "batter": 1,
                "extras": 0,
                "total": 1
              }
            },
            {
              "batter": "AA Obanda",
              "bowler": "JH Davey",
              "non_striker": "IA Karim",
              "runs": {
                "batter": 1,
                "extras": 0,
                "total": 1
              }
            },
            {
              "batter": "IA Karim",
              "bowler": "JH Davey",
              "non_striker": "AA Obanda",
              "runs": {
                "batter": 0,
                "extras": 0,
                "total": 0
              }
            }
          ]
        },
        {
          "over": 6,
          "deliveries": [
            {
              "batter": "AA Obanda",
              "bowler": "Hamza Tahir",
              "non_striker": "IA Karim",
              "runs": {
                "batter": 0,
                "extras": 0,
                "total": 0
              }
            },
            {
              "batter": "AA Obanda",
              "bowler": "Hamza Tahir",
              "non_striker": "IA Karim",
              "runs": {
                "batter": 0,
                "extras": 0,
                "total": 0
              }
            },
            {
              "batter": "AA Obanda",
              "bowler": "Hamza Tahir",
              "non_striker": "IA Karim",
              "runs": {
                "batter": 1,
                "extras": 0,
                "total": 1
              }
            },
            {
              "batter": "IA Karim",
              "bowler": "Hamza Tahir",
              "non_striker": "AA Obanda",
              "runs": {
                "batter": 1,
                "extras": 0,
                "total": 1
              }
            },
            {
              "batter": "AA Obanda",
              "bowler": "Hamza Tahir",
              "non_striker": "IA Karim",
              "runs": {
                "batter": 1,
                "extras": 0,
                "total": 1
              }
            },
            {
              "batter": "IA Karim",
              "bowler": "Hamza Tahir",
              "non_striker": "AA Obanda",
              "runs": {
                "batter": 1,
                "extras": 0,
                "total": 1
              }
            }
          ]
        },
        {
          "over": 7,
          "deliveries": [
            {
              "batter": "IA Karim",
              "bowler": "TB Sole",
              "non_striker": "AA Obanda",
              "runs": {
                "batter": 0,
                "extras": 0,
                "total": 0
              }
            },
            {
              "batter": "IA Karim",
              "bowler": "TB Sole",
              "non_striker": "AA Obanda",
              "runs": {
                "batter": 1,
                "extras": 0,
                "total": 1
              }
            },
            {
              "batter": "AA Obanda",
              "bowler": "TB Sole",
              "non_striker": "IA Karim",
              "runs": {
                "batter": 0,
                "extras": 0,
                "total": 0
              },
              "wickets": [
                {
                  "kind": "caught",
                  "player_out": "AA Obanda",
                  "fielders": [
                    {
                      "name": "SM Sharif"
                    }
                  ]
                }
              ]
            },
            {
              "batter": "DM Gondaria",
              "bowler": "TB Sole",
              "non_striker": "IA Karim",
              "runs": {
                "batter": 1,
                "extras": 0,
                "total": 1
              }
            },
            {
              "batter": "IA Karim",
              "bowler": "TB Sole",
              "non_striker": "DM Gondaria",
              "runs": {
                "batter": 0,
                "extras": 0,
                "total": 0
              }
            },
            {
              "batter": "IA Karim",
              "bowler": "TB Sole",
              "non_striker": "DM Gondaria",
              "runs": {
                "batter": 1,
                "extras": 0,
                "total": 1
              }
            }
          ]
        },
        {
          "over": 8,
          "deliveries": [
            {
              "batter": "IA Karim",
              "bowler": "RD Berrington",
              "non_striker": "DM Gondaria",
              "runs": {
                "batter": 0,
                "extras": 0,
                "total": 0
              }
            },
            {
              "batter": "IA Karim",
              "bowler": "RD Berrington",
              "non_striker": "DM Gondaria",
              "runs": {
                "batter": 1,
                "extras": 0,
                "total": 1
              }
            },
            {
              "batter": "DM Gondaria",
              "bowler": "RD Berrington",
              "non_striker": "IA Karim",
              "runs": {
                "batter": 1,
                "extras": 0,
                "total": 1
              }
            },
            {
              "batter": "IA Karim",
              "bowler": "RD Berrington",
              "non_striker": "DM Gondaria",
              "runs": {
                "batter": 4,
                "extras": 0,
                "total": 4
              }
            },
            {
              "batter": "IA Karim",
              "bowler": "RD Berrington",
              "non_striker": "DM Gondaria",
              "runs": {
                "batter": 0,
                "extras": 0,
                "total": 0
              }
            },
            {
              "batter": "IA Karim",
              "bowler": "RD Berrington",
              "non_striker": "DM Gondaria",
              "runs": {
                "batter": 4,
                "extras": 0,
                "total": 4
              }
            }
          ]
        },
        {
          "over": 9,
          "deliveries": [
            {
              "batter": "DM Gondaria",
              "bowler": "TB Sole",
              "non_striker": "IA Karim",
              "runs": {
                "batter": 0,
                "extras": 0,
                "total": 0
              }
            },
            {
              "batter": "DM Gondaria",
              "bowler": "TB Sole",
              "non_striker": "IA Karim",
              "runs": {
                "batter": 1,
                "extras": 0,
                "total": 1
              }
            },
            {
              "batter": "IA Karim",
              "bowler": "TB Sole",
              "non_striker": "DM Gondaria",
              "runs": {
                "batter": 1,
                "extras": 0,
                "total": 1
              }
            },
            {
              "batter": "DM Gondaria",
              "bowler": "TB Sole",
              "non_striker": "IA Karim",
              "runs": {
                "batter": 1,
                "extras": 0,
                "total": 1
              }
            },
            {
              "batter": "IA Karim",
              "bowler": "TB Sole",
              "non_striker": "DM Gondaria",
              "runs": {
                "batter": 1,
                "extras": 0,
                "total": 1
              }
            },
            {
              "batter": "DM Gondaria",
              "bowler": "TB Sole",
              "non_striker": "IA Karim",
              "runs": {
                "batter": 1,
                "extras": 0,
                "total": 1
              }
            }
          ]
        },
        {
          "over": 10,
          "deliveries": [
            {
              "batter": "DM Gondaria",
              "bowler": "Hamza Tahir",
              "non_striker": "IA Karim",
              "runs": {
                "batter": 2,
                "extras": 0,
                "total": 2
              }
            },
            {
              "batter": "DM Gondaria",
              "bowler": "Hamza Tahir",
              "non_striker": "IA Karim",
              "runs": {
                "batter": 6,
                "extras": 0,
                "total": 6
              }
            },
            {
              "batter": "DM Gondaria",
              "bowler": "Hamza Tahir",
              "non_striker": "IA Karim",
              "runs": {
                "batter": 1,
                "extras": 0,
                "total": 1
              }
            },
            {
              "batter": "IA Karim",
              "bowler": "Hamza Tahir",
              "non_striker": "DM Gondaria",
              "runs": {
                "batter": 1,
                "extras": 0,
                "total": 1
              }
            },
            {
              "batter": "DM Gondaria",
              "bowler": "Hamza Tahir",
              "extras": {
                "wides": 1
              },
              "non_striker": "IA Karim",
              "runs": {
                "batter": 0,
                "extras": 1,
                "total": 1
              }
            },
            {
              "batter": "DM Gondaria",
              "bowler": "Hamza Tahir",
              "non_striker": "IA Karim",
              "runs": {
                "batter": 1,
                "extras": 0,
                "total": 1
              }
            },
            {
              "batter": "IA Karim",
              "bowler": "Hamza Tahir",
              "non_striker": "DM Gondaria",
              "runs": {
                "batter": 1,
                "extras": 0,
                "total": 1
              }
            }
          ]
        },
        {
          "over": 11,
          "deliveries": [
            {
              "batter": "IA Karim",
              "bowler": "MRJ Watt",
              "non_striker": "DM Gondaria",
              "runs": {
                "batter": 1,
                "extras": 0,
                "total": 1
              }
            },
            {
              "batter": "DM Gondaria",
              "bowler": "MRJ Watt",
              "non_striker": "IA Karim",
              "runs": {
                "batter": 4,
                "extras": 0,
                "total": 4
              }
            },
            {
              "batter": "DM Gondaria",
              "bowler": "MRJ Watt",
              "non_striker": "IA Karim",
              "runs": {
                "batter": 6,
                "extras": 0,
                "total": 6
              }
            },
            {
              "batter": "DM Gondaria",
              "bowler": "MRJ Watt",
              "non_striker": "IA Karim",
              "runs": {
                "batter": 0,
                "extras": 0,
                "total": 0
              }
            },
            {
              "batter": "DM Gondaria",
              "bowler": "MRJ Watt",
              "non_striker": "IA Karim",
              "runs": {
                "batter": 1,
                "extras": 0,
                "total": 1
              }
            },
            {
              "batter": "IA Karim",
              "bowler": "MRJ Watt",
              "non_striker": "DM Gondaria",
              "runs": {
                "batter": 0,
                "extras": 0,
                "total": 0
              }
            }
          ]
        },
        {
          "over": 12,
          "deliveries": [
            {
              "batter": "DM Gondaria",
              "bowler": "JH Davey",
              "non_striker": "IA Karim",
              "runs": {
                "batter": 0,
                "extras": 0,
                "total": 0
              }
            },
            {
              "batter": "DM Gondaria",
              "bowler": "JH Davey",
              "non_striker": "IA Karim",
              "runs": {
                "batter": 0,
                "extras": 0,
                "total": 0
              },
              "wickets": [
                {
                  "kind": "caught",
                  "player_out": "DM Gondaria",
                  "fielders": [
                    {
                      "name": "CS MacLeod"
                    }
                  ]
                }
              ]
            },
            {
              "batter": "IA Karim",
              "bowler": "JH Davey",
              "non_striker": "CO Obuya",
              "runs": {
                "batter": 1,
                "extras": 0,
                "total": 1
              }
            },
            {
              "batter": "CO Obuya",
              "bowler": "JH Davey",
              "non_striker": "IA Karim",
              "runs": {
                "batter": 1,
                "extras": 0,
                "total": 1
              }
            },
            {
              "batter": "IA Karim",
              "bowler": "JH Davey",
              "non_striker": "CO Obuya",
              "runs": {
                "batter": 1,
                "extras": 0,
                "total": 1
              }
            },
            {
              "batter": "CO Obuya",
              "bowler": "JH Davey",
              "extras": {
                "wides": 1
              },
              "non_striker": "IA Karim",
              "runs": {
                "batter": 0,
                "extras": 1,
                "total": 1
              }
            },
            {
              "batter": "CO Obuya",
              "bowler": "JH Davey",
              "non_striker": "IA Karim",
              "runs": {
                "batter": 4,
                "extras": 0,
                "total": 4
              }
            }
          ]
        },
        {
          "over": 13,
          "deliveries": [
            {
              "batter": "IA Karim",
              "bowler": "Hamza Tahir",
              "non_striker": "CO Obuya",
              "runs": {
                "batter": 1,
                "extras": 0,
                "total": 1
              }
            },
            {
              "batter": "CO Obuya",
              "bowler": "Hamza Tahir",
              "non_striker": "IA Karim",
              "runs": {
                "batter": 1,
                "extras": 0,
                "total": 1
              }
            },
            {
              "batter": "IA Karim",
              "bowler": "Hamza Tahir",
              "non_striker": "CO Obuya",
              "runs": {
                "batter": 1,
                "extras": 0,
                "total": 1
              }
            },
            {
              "batter": "CO Obuya",
              "bowler": "Hamza Tahir",
              "non_striker": "IA Karim",
              "runs": {
                "batter": 6,
                "extras": 0,
                "total": 6
              }
            },
            {
              "batter": "CO Obuya",
              "bowler": "Hamza Tahir",
              "non_striker": "IA Karim",
              "runs": {
                "batter": 1,
                "extras": 0,
                "total": 1
              }
            },
            {
              "batter": "IA Karim",
              "bowler": "Hamza Tahir",
              "non_striker": "CO Obuya",
              "runs": {
                "batter": 1,
                "extras": 0,
                "total": 1
              }
            }
          ]
        },
        {
          "over": 14,
          "deliveries": [
            {
              "batter": "IA Karim",
              "bowler": "RD Berrington",
              "non_striker": "CO Obuya",
              "runs": {
                "batter": 0,
                "extras": 0,
                "total": 0
              },
              "wickets": [
                {
                  "kind": "bowled",
                  "player_out": "IA Karim"
                }
              ]
            },
            {
              "batter": "RR Patel",
              "bowler": "RD Berrington",
              "non_striker": "CO Obuya",
              "runs": {
                "batter": 1,
                "extras": 0,
                "total": 1
              }
            },
            {
              "batter": "CO Obuya",
              "bowler": "RD Berrington",
              "non_striker": "RR Patel",
              "runs": {
                "batter": 0,
                "extras": 0,
                "total": 0
              }
            },
            {
              "batter": "CO Obuya",
              "bowler": "RD Berrington",
              "non_striker": "RR Patel",
              "runs": {
                "batter": 1,
                "extras": 0,
                "total": 1
              }
            },
            {
              "batter": "RR Patel",
              "bowler": "RD Berrington",
              "non_striker": "CO Obuya",
              "runs": {
                "batter": 0,
                "extras": 0,
                "total": 0
              },
              "wickets": [
                {
                  "kind": "caught",
                  "player_out": "RR Patel",
                  "fielders": [
                    {
                      "name": "MA Leask",
                      "substitute": true
                    }
                  ]
                }
              ]
            },
            {
              "batter": "SO Ngoche",
              "bowler": "RD Berrington",
              "extras": {
                "wides": 1
              },
              "non_striker": "CO Obuya",
              "runs": {
                "batter": 0,
                "extras": 1,
                "total": 1
              }
            },
            {
              "batter": "SO Ngoche",
              "bowler": "RD Berrington",
              "non_striker": "CO Obuya",
              "runs": {
                "batter": 1,
                "extras": 0,
                "total": 1
              }
            }
          ]
        },
        {
          "over": 15,
          "deliveries": [
            {
              "batter": "SO Ngoche",
              "bowler": "MRJ Watt",
              "non_striker": "CO Obuya",
              "runs": {
                "batter": 0,
                "extras": 0,
                "total": 0
              }
            },
            {
              "batter": "SO Ngoche",
              "bowler": "MRJ Watt",
              "non_striker": "CO Obuya",
              "runs": {
                "batter": 0,
                "extras": 0,
                "total": 0
              }
            },
            {
              "batter": "SO Ngoche",
              "bowler": "MRJ Watt",
              "non_striker": "CO Obuya",
              "runs": {
                "batter": 4,
                "extras": 0,
                "total": 4
              }
            },
            {
              "batter": "SO Ngoche",
              "bowler": "MRJ Watt",
              "non_striker": "CO Obuya",
              "runs": {
                "batter": 1,
                "extras": 0,
                "total": 1
              }
            },
            {
              "batter": "CO Obuya",
              "bowler": "MRJ Watt",
              "non_striker": "SO Ngoche",
              "runs": {
                "batter": 1,
                "extras": 0,
                "total": 1
              }
            },
            {
              "batter": "SO Ngoche",
              "bowler": "MRJ Watt",
              "non_striker": "CO Obuya",
              "runs": {
                "batter": 1,
                "extras": 0,
                "total": 1
              }
            }
          ]
        },
        {
          "over": 16,
          "deliveries": [
            {
              "batter": "SO Ngoche",
              "bowler": "SM Sharif",
              "non_striker": "CO Obuya",
              "runs": {
                "batter": 1,
                "extras": 0,
                "total": 1
              }
            },
            {
              "batter": "CO Obuya",
              "bowler": "SM Sharif",
              "non_striker": "SO Ngoche",
              "runs": {
                "batter": 1,
                "extras": 0,
                "total": 1
              }
            },
            {
              "batter": "SO Ngoche",
              "bowler": "SM Sharif",
              "non_striker": "CO Obuya",
              "runs": {
                "batter": 1,
                "extras": 0,
                "total": 1
              }
            },
            {
              "batter": "CO Obuya",
              "bowler": "SM Sharif",
              "extras": {
                "wides": 1
              },
              "non_striker": "SO Ngoche",
              "runs": {
                "batter": 0,
                "extras": 1,
                "total": 1
              }
            },
            {
              "batter": "CO Obuya",
              "bowler": "SM Sharif",
              "non_striker": "SO Ngoche",
              "runs": {
                "batter": 0,
                "extras": 0,
                "total": 0
              },
              "wickets": [
                {
                  "kind": "bowled",
                  "player_out": "CO Obuya"
                }
              ]
            },
            {
              "batter": "JS Kundi",
              "bowler": "SM Sharif",
              "non_striker": "SO Ngoche",
              "runs": {
                "batter": 0,
                "extras": 0,
                "total": 0
              },
              "wickets": [
                {
                  "kind": "caught",
                  "player_out": "JS Kundi",
                  "fielders": [
                    {
                      "name": "MA Leask",
                      "substitute": true
                    }
                  ]
                }
              ]
            },
            {
              "batter": "SO Ngoche",
              "bowler": "SM Sharif",
              "extras": {
                "wides": 1
              },
              "non_striker": "NM Odhiambo",
              "runs": {
                "batter": 0,
                "extras": 1,
                "total": 1
              }
            },
            {
              "batter": "SO Ngoche",
              "bowler": "SM Sharif",
              "non_striker": "NM Odhiambo",
              "runs": {
                "batter": 0,
                "extras": 0,
                "total": 0
              }
            }
          ]
        },
        {
          "over": 17,
          "deliveries": [
            {
              "batter": "NM Odhiambo",
              "bowler": "RD Berrington",
              "non_striker": "SO Ngoche",
              "runs": {
                "batter": 1,
                "extras": 0,
                "total": 1
              }
            },
            {
              "batter": "SO Ngoche",
              "bowler": "RD Berrington",
              "non_striker": "NM Odhiambo",
              "runs": {
                "batter": 0,
                "extras": 0,
                "total": 0
              }
            },
            {
              "batter": "SO Ngoche",
              "bowler": "RD Berrington",
              "non_striker": "NM Odhiambo",
              "runs": {
                "batter": 1,
                "extras": 0,
                "total": 1
              }
            },
            {
              "batter": "NM Odhiambo",
              "bowler": "RD Berrington",
              "non_striker": "SO Ngoche",
              "runs": {
                "batter": 0,
                "extras": 0,
                "total": 0
              }
            },
            {
              "batter": "NM Odhiambo",
              "bowler": "RD Berrington",
              "non_striker": "SO Ngoche",
              "runs": {
                "batter": 1,
                "extras": 0,
                "total": 1
              }
            },
            {
              "batter": "SO Ngoche",
              "bowler": "RD Berrington",
              "non_striker": "NM Odhiambo",
              "runs": {
                "batter": 0,
                "extras": 0,
                "total": 0
              },
              "wickets": [
                {
                  "kind": "caught",
                  "player_out": "SO Ngoche",
                  "fielders": [
                    {
                      "name": "MH Cross"
                    }
                  ]
                }
              ]
            }
          ]
        },
        {
          "over": 18,
          "deliveries": [
            {
              "batter": "NM Odhiambo",
              "bowler": "SM Sharif",
              "non_striker": "LN Oluoch",
              "runs": {
                "batter": 0,
                "extras": 0,
                "total": 0
              }
            },
            {
              "batter": "NM Odhiambo",
              "bowler": "SM Sharif",
              "non_striker": "LN Oluoch",
              "runs": {
                "batter": 1,
                "extras": 0,
                "total": 1
              }
            },
            {
              "batter": "LN Oluoch",
              "bowler": "SM Sharif",
              "non_striker": "NM Odhiambo",
              "runs": {
                "batter": 4,
                "extras": 0,
                "total": 4
              }
            },
            {
              "batter": "LN Oluoch",
              "bowler": "SM Sharif",
              "non_striker": "NM Odhiambo",
              "runs": {
                "batter": 0,
                "extras": 0,
                "total": 0
              }
            },
            {
              "batter": "LN Oluoch",
              "bowler": "SM Sharif",
              "non_striker": "NM Odhiambo",
              "runs": {
                "batter": 1,
                "extras": 0,
                "total": 1
              }
            },
            {
              "batter": "NM Odhiambo",
              "bowler": "SM Sharif",
              "non_striker": "LN Oluoch",
              "runs": {
                "batter": 1,
                "extras": 0,
                "total": 1
              }
            }
          ]
        },
        {
          "over": 19,
          "deliveries": [
            {
              "batter": "NM Odhiambo",
              "bowler": "JH Davey",
              "non_striker": "LN Oluoch",
              "runs": {
                "batter": 1,
                "extras": 0,
                "total": 1
              }
            },
            {
              "batter": "LN Oluoch",
              "bowler": "JH Davey",
              "non_striker": "NM Odhiambo",
              "runs": {
                "batter": 1,
                "extras": 0,
                "total": 1
              }
            },
            {
              "batter": "NM Odhiambo",
              "bowler": "JH Davey",
              "non_striker": "LN Oluoch",
              "runs": {
                "batter": 0,
                "extras": 0,
                "total": 0
              },
              "wickets": [
                {
                  "kind": "caught",
                  "player_out": "NM Odhiambo",
                  "fielders": [
                    {
                      "name": "MA Leask",
                      "substitute": true
                    }
                  ]
                }
              ]
            },
            {
              "batter": "LN Oluoch",
              "bowler": "JH Davey",
              "non_striker": "E Otieno",
              "runs": {
                "batter": 1,
                "extras": 0,
                "total": 1
              }
            },
            {
              "batter": "E Otieno",
              "bowler": "JH Davey",
              "non_striker": "LN Oluoch",
              "runs": {
                "batter": 1,
                "extras": 0,
                "total": 1
              }
            },
            {
              "batter": "LN Oluoch",
              "bowler": "JH Davey",
              "non_striker": "E Otieno",
              "runs": {
                "batter": 0,
                "extras": 0,
                "total": 0
              }
            }
          ]
        }
      ],
      "powerplays": [
        {
          "from": 0.1,
          "to": 5.7,
          "type": "mandatory"
        }
      ],
      "target": {
        "overs": 20,
        "runs": 171
      }
    }
  ]
}