{
  "meta": {
    "data_version": "1.0.0",
    "created": "2019-10-30",
    "revision": 1
  },
  "info": {
    "balls_per_over": 6,
    "city": "Dubai",
    "dates": [
      "2019-10-29"
    ],
    "event": {
      "name": "ICC Men's T20 World Cup Qualifier",
      "stage": "Qualifier 2"
    },
    "gender": "male",
    "match_type": "T20",
    "match_type_number": 987,
    "officials": {
      "match_referees": [
        "GS Lakshmi"
      ],
      "reserve_umpires": [
        "RR Wimalasiri"
      ],
      "umpires": [
        "CM Brown",
        "S Ravi"
      ]
    },
    "outcome": {
      "winner": "Namibia",
      "by": {
        "runs": 54
      }
    },
    "overs": 20,
    "player_of_match": [
      "JJ Smit"
    ],
    "players": {
      "Namibia": [
        "SJ Baard",
        "N Davin",
        "JP Kotze",
        "CG Williams",
        "MG Erasmus",
        "ZE Green",
        "JJ Smit",
        "JN Frylinck",
        "C Viljoen",
        "BM Scholtz",
        "B Shikongo"
      ],
      "Oman": [
        "Khawar Ali",
        "Jatinder Singh",
        "Aqib Ilyas",
        "Zeeshan Maqsood",
        "Aamir Kaleem",
        "Suraj Kumar",
        "Sandeep Goud",
        "Khurram Nawaz",
        "Mohammad Nadeem",
        "Fayyaz Butt",
        "Bilal Khan"
      ]
    },
    "registry": {
      "people": {
        "Aamir Kaleem": "7ecb9a14",
        "Aqib Ilyas": "b3b39bed",
        "B Shikongo": "c26cd57a",
        "BM Scholtz": "e85d03d6",
        "Bilal Khan": "dcdb87f2",
        "C Viljoen": "f7b2cbe8",
        "CG Williams": "e16e7347",
        "CM Brown": "448f4f1c",
        "Fayyaz Butt": "bd9fbd51",
        "GS Lakshmi": "ba8d5615",
        "JJ Smit": "bb134e5c",
        "JN Frylinck": "3c87f0c3",
        "JP Kotze": "9f308dfc",
        "Jatinder Singh": "b80dd12c",
        "Khawar Ali": "934b36a6",
        "Khurram Nawaz": "07ff32f5",
        "MG Erasmus": "95a5e066",
        "Mohammad Nadeem": "c5d7b244",
        "N Davin": "72e361fe",
        "Naseem Khushi": "c63671e9",
        "RR Wimalasiri": "4950c8db",
        "S Ravi": "9b9ee0df",
        "SJ Baard": "e8511411",
        "Sandeep Goud": "4e1c9f6e",
        "Suraj Kumar": "bb9d73d8",
        "ZE Green": "8716233e",
        "Zeeshan Maqsood": "34464143"
      }
    },
    "season": "2019/20",
    "team_type": "international",
    "teams": [
      "Namibia",
      "Oman"
    ],
    "toss": {
      "decision": "bat",
      "winner": "Namibia"
    },
    "venue": "Dubai International Cricket Stadium"
  },
  "innings": [
    {
      "team": "Namibia",
      "overs": [
        {
          "over": 0,
          "deliveries": [
            {
              "batter": "SJ Baard",
              "bowler": "Bilal Khan",
              "non_striker": "N Davin",
              "runs": {
                "batter": 0,
                "extras": 0,
                "total": 0
              },
              "wickets": [
                {
                  "kind": "caught",
                  "player_out": "SJ Baard",
                  "fielders": [
                    {
                      "name": "Aamir Kaleem"
                    }
                  ]
                }
              ]
            },
            {
              "batter": "JP Kotze",
              "bowler": "Bilal Khan",
              "non_striker": "N Davin",
              "runs": {
                "batter": 0,
                "extras": 0,
                "total": 0
              }
            },
            {
              "batter": "JP Kotze",
              "bowler": "Bilal Khan",
              "non_striker": "N Davin",
              "runs": {
                "batter": 0,
                "extras": 0,
                "total": 0
              }
            },
            {
              "batter": "JP Kotze",
              "bowler": "Bilal Khan",
              "non_striker": "N Davin",
              "runs": {
                "batter": 0,
                "extras": 0,
                "total": 0
              }
            },
            {
              "batter": "JP Kotze",
              "bowler": "Bilal Khan",
              "non_striker": "N Davin",
              "runs": {
                "batter": 4,
                "extras": 0,
                "total": 4
              }
            },
            {
              "batter": "JP Kotze",
              "bowler": "Bilal Khan",
              "non_striker": "N Davin",
              "runs": {
                "batter": 0,
                "extras": 0,
                "total": 0
              }
            }
          ]
        },
        {
          "over": 1,
          "deliveries": [
            {
              "batter": "N Davin",
              "bowler": "Fayyaz Butt",
              "non_striker": "JP Kotze",
              "runs": {
                "batter": 0,
                "extras": 0,
                "total": 0
              }
            },
            {
              "batter": "N Davin",
              "bowler": "Fayyaz Butt",
              "non_striker": "JP Kotze",
              "runs": {
                "batter": 4,
                "extras": 0,
                "total": 4
              }
            },
            {
              "batter": "N Davin",
              "bowler": "Fayyaz Butt",
              "non_striker": "JP Kotze",
              "runs": {
                "batter": 4,
                "extras": 0,
                "total": 4
              }
            },
            {
              "batter": "N Davin",
              "bowler": "Fayyaz Butt",
              "non_striker": "JP Kotze",
              "runs": {
                "batter": 0,
                "extras": 0,
                "total": 0
              }
            },
            {
              "batter": "N Davin",
              "bowler": "Fayyaz Butt",
              "non_striker": "JP Kotze",
              "runs": {
                "batter": 4,
                "extras": 0,
                "total": 4
              }
            },
            {
              "batter": "N Davin",
              "bowler": "Fayyaz Butt",
              "non_striker": "JP Kotze",
              "runs": {
                "batter": 2,
                "extras": 0,
                "total": 2
              }
            }
          ]
        },
        {
          "over": 2,
          "deliveries": [
            {
              "batter": "JP Kotze",
              "bowler": "Bilal Khan",
              "non_striker": "N Davin",
              "runs": {
                "batter": 0,
                "extras": 0,
                "total": 0
              }
            },
            {
              "batter": "JP Kotze",
              "bowler": "Bilal Khan",
              "non_striker": "N Davin",
              "runs": {
                "batter": 0,
                "extras": 0,
                "total": 0
              },
              "wickets": [
                {
                  "kind": "bowled",
                  "player_out": "JP Kotze"
                }
              ]
            },
            {
              "batter": "CG Williams",
              "bowler": "Bilal Khan",
              "non_striker": "N Davin",
              "runs": {
                "batter": 0,
                "extras": 0,
                "total": 0
              }
            },
            {
              "batter": "CG Williams",
              "bowler": "Bilal Khan",
              "non_striker": "N Davin",
              "runs": {
                "batter": 0,
                "extras": 0,
                "total": 0
              }
            },
            {
              "batter": "CG Williams",
              "bowler": "Bilal Khan",
              "non_striker": "N Davin",
              "runs": {
                "batter": 0,
                "extras": 0,
                "total": 0
              }
            },
            {
              "batter": "CG Williams",
              "bowler": "Bilal Khan",
              "non_striker": "N Davin",
              "runs": {
                "batter": 0,
                "extras": 0,
                "total": 0
              }
            }
          ]
        },
        {
          "over": 3,
          "deliveries": [
            {
              "batter": "N Davin",
              "bowler": "Mohammad Nadeem",
              "non_striker": "CG Williams",
              "runs": {
                "batter": 0,
                "extras": 0,
                "total": 0
              }
            },
            {
              "batter": "N Davin",
              "bowler": "Mohammad Nadeem",
              "non_striker": "CG Williams",
              "runs": {
                "batter": 6,
                "extras": 0,
                "total": 6
              }
            },
            {
              "batter": "N Davin",
              "bowler": "Mohammad Nadeem",
              "non_striker": "CG Williams",
              "runs": {
                "batter": 0,
                "extras": 0,
                "total": 0
              }
            },
            {
              "batter": "N Davin",
              "bowler": "Mohammad Nadeem",
              "extras": {
                "legbyes": 1
              },
              "non_striker": "CG Williams",
              "runs": {
                "batter": 0,
                "extras": 1,
                "total": 1
              }
            },
            {
              "batter": "CG Williams",
              "bowler": "Mohammad Nadeem",
              "non_striker": "N Davin",
              "runs": {
                "batter": 0,
                "extras": 0,
                "total": 0
              }
            },
            {
              "batter": "CG Williams",
              "bowler": "Mohammad Nadeem",
              "non_striker": "N Davin",
              "runs": {
                "batter": 1,
                "extras": 0,
                "total": 1
              }
            }
          ]
        },
        {
          "over": 4,
          "deliveries": [
            {
              "batter": "CG Williams",
              "bowler": "Aamir Kaleem",
              "non_striker": "N Davin",
              "runs": {
                "batter": 0,
                "extras": 0,
                "total": 0
              }
            },
            {
              "batter": "CG Williams",
              "bowler": "Aamir Kaleem",
              "non_striker": "N Davin",
              "runs": {
                "batter": 6,
                "extras": 0,
                "total": 6
              }
            },
            {
              "batter": "CG Williams",
              "bowler": "Aamir Kaleem",
              "non_striker": "N Davin",
              "runs": {
                "batter": 0,
                "extras": 0,
                "total": 0
              }
            },
            {
              "batter": "CG Williams",
              "bowler": "Aamir Kaleem",
              "non_striker": "N Davin",
              "runs": {
                "batter": 0,
                "extras": 0,
                "total": 0
              }
            },
            {
              "batter": "CG Williams",
              "bowler": "Aamir Kaleem",
              "non_striker": "N Davin",
              "runs": {
                "batter": 1,
                "extras": 0,
                "total": 1
              }
            },
            {
              "batter": "N Davin",
              "bowler": "Aamir Kaleem",
              "non_striker": "CG Williams",
              "runs": {
                "batter": 0,
                "extras": 0,
                "total": 0
              }
            }
          ]
        },
        {
          "over": 5,
          "deliveries": [
            {
              "batter": "CG Williams",
              "bowler": "Mohammad Nadeem",
              "non_striker": "N Davin",
              "runs": {
                "batter": 0,
                "extras": 0,
                "total": 0
              }
            },
            {
              "batter": "CG Williams",
              "bowler": "Mohammad Nadeem",
              "non_striker": "N Davin",
              "runs": {
                "batter": 1,
                "extras": 0,
                "total": 1
              }
            },
            {
              "batter": "N Davin",
              "bowler": "Mohammad Nadeem",
              "non_striker": "CG Williams",
              "runs": {
                "batter": 1,
                "extras": 0,
                "total": 1
              }
            },
            {
              "batter": "CG Williams",
              "bowler": "Mohammad Nadeem",
              "non_striker": "N Davin",
              "runs": {
                "batter": 1,
                "extras": 0,
                "total": 1
              }
            },
            {
              "batter": "N Davin",
              "bowler": "Mohammad Nadeem",
              "non_striker": "CG Williams",
              "runs": {
                "batter": 0,
                "extras": 0,
                "total": 0
              },
              "wickets": [
                {
                  "kind": "caught",
                  "player_out": "N Davin",
                  "fielders": [
                    {
                      "name": "Aamir Kaleem"
                    }
                  ]
                }
              ]
            },
            {
              "batter": "CG Williams",
              "bowler": "Mohammad Nadeem",
              "non_striker": "MG Erasmus",
              "runs": {
                "batter": 0,
                "extras": 0,
                "total": 0
              }
            }
          ]
        },
        {
          "over": 6,
          "deliveries": [
            {
              "batter": "MG Erasmus",
              "bowler": "Aamir Kaleem",
              "non_striker": "CG Williams",
              "runs": {
                "batter": 2,
                "extras": 0,
                "total": 2
              }
            },
            {
              "batter": "MG Erasmus",
              "bowler": "Aamir Kaleem",
              "non_striker": "CG Williams",
              "runs": {
                "batter": 1,
                "extras": 0,
                "total": 1
              }
            },
            {
              "batter": "CG Williams",
              "bowler": "Aamir Kaleem",
              "non_striker": "MG Erasmus",
              "runs": {
                "batter": 0,
                "extras": 0,
                "total": 0
              }
            },
            {
              "batter": "CG Williams",
              "bowler": "Aamir Kaleem",
              "non_striker": "MG Erasmus",
              "runs": {
                "batter": 1,
                "extras": 0,
                "total": 1
              }
            },
            {
              "batter": "MG Erasmus",
              "bowler": "Aamir Kaleem",
              "non_striker": "CG Williams",
              "runs": {
                "batter": 0,
                "extras": 0,
                "total": 0
              }
            },
            {
              "batter": "MG Erasmus",
              "bowler": "Aamir Kaleem",
              "non_striker": "CG Williams",
              "runs": {
                "batter": 1,
                "extras": 0,
                "total": 1
              }
            }
          ]
        },
        {
          "over": 7,
          "deliveries": [
            {
              "batter": "MG Erasmus",
              "bowler": "Mohammad Nadeem",
              "non_striker": "CG Williams",
              "runs": {
                "batter": 0,
                "extras": 0,
                "total": 0
              }
            },
            {
              "batter": "MG Erasmus",
              "bowler": "Mohammad Nadeem",
              "non_striker": "CG Williams",
              "runs": {
                "batter": 0,
                "extras": 0,
                "total": 0
              }
            },
            {
              "batter": "MG Erasmus",
              "bowler": "Mohammad Nadeem",
              "non_striker": "CG Williams",
              "runs": {
                "batter": 2,
                "extras": 0,
                "total": 2
              }
            },
            {
              "batter": "MG Erasmus",
              "bowler": "Mohammad Nadeem",
              "non_striker": "CG Williams",
              "runs": {
                "batter": 0,
                "extras": 0,
                "total": 0
              }
            },
            {
              "batter": "MG Erasmus",
              "bowler": "Mohammad Nadeem",
              "non_striker": "CG Williams",
              "runs": {
                "batter": 0,
                "extras": 0,
                "total": 0
              }
            },
            {
              "batter": "MG Erasmus",
              "bowler": "Mohammad Nadeem",
              "non_striker": "CG Williams",
              "runs": {
                "batter": 1,
                "extras": 0,
                "total": 1
              }
            }
          ]
        },
        {
          "over": 8,
          "deliveries": [
            {
              "batter": "MG Erasmus",
              "bowler": "Khawar Ali",
              "non_striker": "CG Williams",
              "runs": {
                "batter": 1,
                "extras": 0,
                "total": 1
              }
            },
            {
              "batter": "CG Williams",
              "bowler": "Khawar Ali",
              "non_striker": "MG Erasmus",
              "runs": {
                "batter": 1,
                "extras": 0,
                "total": 1
              }
            },
            {
              "batter": "MG Erasmus",
              "bowler": "Khawar Ali",
              "non_striker": "CG Williams",
              "runs": {
                "batter": 0,
                "extras": 0,
                "total": 0
              }
            },
            {
              "batter": "MG Erasmus",
              "bowler": "Khawar Ali",
              "non_striker": "CG Williams",
              "runs": {
                "batter": 6,
                "extras": 0,
                "total": 6
              }
            },
            {
              "batter": "MG Erasmus",
              "bowler": "Khawar Ali",
              "non_striker": "CG Williams",
              "runs": {
                "batter": 0,
                "extras": 0,
                "total": 0
              }
            },
            {
              "batter": "MG Erasmus",
              "bowler": "Khawar Ali",
              "non_striker": "CG Williams",
              "runs": {
                "batter": 1,
                "extras": 0,
                "total": 1
              }
            }
          ]
        },
        {
          "over": 9,
          "deliveries": [
            {
              "batter": "MG Erasmus",
              "bowler": "Fayyaz Butt",
              "non_striker": "CG Williams",
              "runs": {
                "batter": 0,
                "extras": 0,
                "total": 0
              }
            },
            {
              "batter": "MG Erasmus",
              "bowler": "Fayyaz Butt",
              "non_striker": "CG Williams",
              "runs": {
                "batter": 0,
                "extras": 0,
                "total": 0
              },
              "wickets": [
                {
                  "kind": "caught",
                  "player_out": "MG Erasmus",
                  "fielders": [
                    {
                      "name": "Naseem Khushi",
                      "substitute": true
                    }
                  ]
                }
              ]
            },
            {
              "batter": "CG Williams",
              "bowler": "Fayyaz Butt",
              "non_striker": "ZE Green",
              "runs": {
                "batter": 2,
                "extras": 0,
                "total": 2
              }
            },
            {
              "batter": "CG Williams",
              "bowler": "Fayyaz Butt",
              "non_striker": "ZE Green",
              "runs": {
                "batter": 0,
                "extras": 0,
                "total": 0
              }
            },
            {
              "batter": "CG Williams",
              "bowler": "Fayyaz Butt",
              "non_striker": "ZE Green",
              "runs": {
                "batter": 0,
                "extras": 0,
                "total": 0
              }
            },
            {
              "batter": "CG Williams",
              "bowler": "Fayyaz Butt",
              "non_striker": "ZE Green",
              "runs": {
                "batter": 0,
                "extras": 0,
                "total": 0
              }
            }
          ]
        },
        {
          "over": 10,
          "deliveries": [
            {
              "batter": "ZE Green",
              "bowler": "Khawar Ali",
              "non_striker": "CG Williams",
              "runs": {
                "batter": 1,
                "extras": 0,
                "total": 1
              }
            },
            {
              "batter": "CG Williams",
              "bowler": "Khawar Ali",
              "non_striker": "ZE Green",
              "runs": {
                "batter": 0,
                "extras": 0,
                "total": 0
              }
            },
            {
              "batter": "CG Williams",
              "bowler": "Khawar Ali",
              "non_striker": "ZE Green",
              "runs": {
                "batter": 1,
                "extras": 0,
                "total": 1
              }
            },
            {
              "batter": "ZE Green",
              "bowler": "Khawar Ali",
              "non_striker": "CG Williams",
              "runs": {
                "batter": 0,
                "extras": 0,
                "total": 0
              }
            },
            {
              "batter": "ZE Green",
              "bowler": "Khawar Ali",
              "non_striker": "CG Williams",
              "runs": {
                "batter": 1,
                "extras": 0,
                "total": 1
              }
            },
            {
              "batter": "CG Williams",
              "bowler": "Khawar Ali",
              "non_striker": "ZE Green",
              "runs": {
                "batter": 6,
                "extras": 0,
                "total": 6
              }
            }
          ]
        },
        {
          "over": 11,
          "deliveries": [
            {
              "batter": "ZE Green",
              "bowler": "Fayyaz Butt",
              "non_striker": "CG Williams",
              "runs": {
                "batter": 0,
                "extras": 0,
                "total": 0
              }
            },
            {
              "batter": "ZE Green",
              "bowler": "Fayyaz Butt",
              "non_striker": "CG Williams",
              "runs": {
                "batter": 0,
                "extras": 0,
                "total": 0
              }
            },
            {
              "batter": "ZE Green",
              "bowler": "Fayyaz Butt",
              "non_striker": "CG Williams",
              "runs": {
                "batter": 4,
                "extras": 0,
                "total": 4
              }
            },
            {
              "batter": "ZE Green",
              "bowler": "Fayyaz Butt",
              "non_striker": "CG Williams",
              "runs": {
                "batter": 0,
                "extras": 0,
                "total": 0
              }
            },
            {
              "batter": "ZE Green",
              "bowler": "Fayyaz Butt",
              "non_striker": "CG Williams",
              "runs": {
                "batter": 0,
                "extras": 0,
                "total": 0
              }
            },
            {
              "batter": "ZE Green",
              "bowler": "Fayyaz Butt",
              "non_striker": "CG Williams",
              "runs": {
                "batter": 1,
                "extras": 0,
                "total": 1
              }
            }
          ]
        },
        {
          "over": 12,
          "deliveries": [
            {
              "batter": "ZE Green",
              "bowler": "Aqib Ilyas",
              "non_striker": "CG Williams",
              "runs": {
                "batter": 0,
                "extras": 0,
                "total": 0
              },
              "wickets": [
                {
                  "kind": "caught",
                  "player_out": "ZE Green",
                  "fielders": [
                    {
                      "name": "Khawar Ali"
                    }
                  ]
                }
              ]
            },
            {
              "batter": "JJ Smit",
              "bowler": "Aqib Ilyas",
              "non_striker": "CG Williams",
              "runs": {
                "batter": 1,
                "extras": 0,
                "total": 1
              }
            },
            {
              "batter": "CG Williams",
              "bowler": "Aqib Ilyas",
              "non_striker": "JJ Smit",
              "runs": {
                "batter": 4,
                "extras": 0,
                "total": 4
              }
            },
            {
              "batter": "CG Williams",
              "bowler": "Aqib Ilyas",
              "non_striker": "JJ Smit",
              "runs": {
                "batter": 2,
                "extras": 0,
                "total": 2
              }
            },
            {
              "batter": "CG Williams",
              "bowler": "Aqib Ilyas",
              "non_striker": "JJ Smit",
              "runs": {
                "batter": 1,
                "extras": 0,
                "total": 1
              }
            },
            {
              "batter": "JJ Smit",
              "bowler": "Aqib Ilyas",
              "non_striker": "CG Williams",
              "runs": {
                "batter": 1,
                "extras": 0,
                "total": 1
              }
            }
          ]
        },
        {
          "over": 13,
          "deliveries": [
            {
              "batter": "JJ Smit",
              "bowler": "Aamir Kaleem",
              "non_striker": "CG Williams",
              "runs": {
                "batter": 0,
                "extras": 0,
                "total": 0
              }
            },
            {
              "batter": "JJ Smit",
              "bowler": "Aamir Kaleem",
              "non_striker": "CG Williams",
              "runs": {
                "batter": 1,
                "extras": 0,
                "total": 1
              }
            },
            {
              "batter": "CG Williams",
              "bowler": "Aamir Kaleem",
              "non_striker": "JJ Smit",
              "runs": {
                "batter": 1,
                "extras": 0,
                "total": 1
              }
            },
            {
              "batter": "JJ Smit",
              "bowler": "Aamir Kaleem",
              "non_striker": "CG Williams",
              "runs": {
                "batter": 0,
                "extras": 0,
                "total": 0
              }
            },
            {
              "batter": "JJ Smit",
              "bowler": "Aamir Kaleem",
              "non_striker": "CG Williams",
              "runs": {
                "batter": 1,
                "extras": 0,
                "total": 1
              }
            },
            {
              "batter": "CG Williams",
              "bowler": "Aamir Kaleem",
              "non_striker": "JJ Smit",
              "runs": {
                "batter": 1,
                "extras": 0,
                "total": 1
              }
            }
          ]
        },
        {
          "over": 14,
          "deliveries": [
            {
              "batter": "CG Williams",
              "bowler": "Bilal Khan",
              "non_striker": "JJ Smit",
              "runs": {
                "batter": 6,
                "extras": 0,
                "total": 6
              }
            },
            {
              "batter": "CG Williams",
              "bowler": "Bilal Khan",
              "non_striker": "JJ Smit",
              "runs": {
                "batter": 1,
                "extras": 0,
                "total": 1
              }
            },
            {
              "batter": "JJ Smit",
              "bowler": "Bilal Khan",
              "non_striker": "CG Williams",
              "runs": {
                "batter": 4,
                "extras": 0,
                "total": 4
              }
            },
            {
              "batter": "JJ Smit",
              "bowler": "Bilal Khan",
              "non_striker": "CG Williams",
              "runs": {
                "batter": 1,
                "extras": 0,
                "total": 1
              }
            },
            {
              "batter": "CG Williams",
              "bowler": "Bilal Khan",
              "non_striker": "JJ Smit",
              "runs": {
                "batter": 0,
                "extras": 0,
                "total": 0
              }
            },
            {
              "batter": "CG Williams",
              "bowler": "Bilal Khan",
              "non_striker": "JJ Smit",
              "runs": {
                "batter": 0,
                "extras": 0,
                "total": 0
              }
            }
          ]
        },
        {
          "over": 15,
          "deliveries": [
            {
              "batter": "JJ Smit",
              "bowler": "Aamir Kaleem",
              "non_striker": "CG Williams",
              "runs": {
                "batter": 6,
                "extras": 0,
                "total": 6
              }
            },
            {
              "batter": "JJ Smit",
              "bowler": "Aamir Kaleem",
              "non_striker": "CG Williams",
              "runs": {
                "batter": 4,
                "extras": 0,
                "total": 4
              }
            },
            {
              "batter": "JJ Smit",
              "bowler": "Aamir Kaleem",
              "non_striker": "CG Williams",
              "runs": {
                "batter": 2,
                "extras": 0,
                "total": 2
              }
            },
            {
              "batter": "JJ Smit",
              "bowler": "Aamir Kaleem",
              "non_striker": "CG Williams",
              "runs": {
                "batter": 6,
                "extras": 0,
                "total": 6
              }
            },
            {
              "batter": "JJ Smit",
              "bowler": "Aamir Kaleem",
              "non_striker": "CG Williams",
              "runs": {
                "batter": 1,
                "extras": 0,
                "total": 1
              }
            },
            {
              "batter": "CG Williams",
              "bowler": "Aamir Kaleem",
              "non_striker": "JJ Smit",
              "runs": {
                "batter": 0,
                "extras": 0,
                "total": 0
              }
            }
          ]
        },
        {
          "over": 16,
          "deliveries": [
            {
              "batter": "JJ Smit",
              "bowler": "Mohammad Nadeem",
              "non_striker": "CG Williams",
              "runs": {
                "batter": 2,
                "extras": 0,
                "total": 2
              }
            },
            {
              "batter": "JJ Smit",
              "bowler": "Mohammad Nadeem",
              "non_striker": "CG Williams",
              "runs": {
                "batter": 6,
                "extras": 0,
                "total": 6
              }
            },
            {
              "batter": "JJ Smit",
              "bowler": "Mohammad Nadeem",
              "non_striker": "CG Williams",
              "runs": {
                "batter": 4,
                "extras": 0,
                "total": 4
              }
            },
            {
              "batter": "JJ Smit",
              "bowler": "Mohammad Nadeem",
              "non_striker": "CG Williams",
              "runs": {
                "batter": 2,
                "extras": 0,
                "total": 2
              }
            },
            {
              "batter": "JJ Smit",
              "bowler": "Mohammad Nadeem",
              "non_striker": "CG Williams",
              "runs": {
                "batter": 1,
                "extras": 0,
                "total": 1
              }
            },
            {
              "batter": "CG Williams",
              "bowler": "Mohammad Nadeem",
              "non_striker": "JJ Smit",
              "runs": {
                "batter": 4,
                "extras": 0,
                "total": 4
              }
            }
          ]
        },
        {
          "over": 17,
          "deliveries": [
            {
              "batter": "JJ Smit",
              "bowler": "Khawar Ali",
              "non_striker": "CG Williams",
              "runs": {
                "batter": 1,
                "extras": 0,
                "total": 1
              }
            },
            {
              "batter": "CG Williams",
              "bowler": "Khawar Ali",
              "non_striker": "JJ Smit",
              "runs": {
                "batter": 1,
                "extras": 0,
                "total": 1
              }
            },
            {
              "batter": "JJ Smit",
              "bowler": "Khawar Ali",
              "non_striker": "CG Williams",
              "runs": {
                "batter": 6,
                "extras": 0,
                "total": 6
              }
            },
            {
              "batter": "JJ Smit",
              "bowler": "Khawar Ali",
              "non_striker": "CG Williams",
              "runs": {
                "batter": 6,
                "extras": 0,
                "total": 6
              }
            },
            {
              "batter": "JJ Smit",
              "bowler": "Khawar Ali",
              "non_striker": "CG Williams",
              "runs": {
                "batter": 1,
                "extras": 0,
                "total": 1
              }
            },
            {
              "batter": "CG Williams",
              "bowler": "Khawar Ali",
              "non_striker": "JJ Smit",
              "runs": {
                "batter": 2,
                "extras": 0,
                "total": 2
              }
            }
          ]
        },
        {
          "over": 18,
          "deliveries": [
            {
              "batter": "JJ Smit",
              "bowler": "Bilal Khan",
              "non_striker": "CG Williams",
              "runs": {
                "batter": 1,
                "extras": 0,
                "total": 1
              }
            },
            {
              "batter": "CG Williams",
              "bowler": "Bilal Khan",
              "non_striker": "JJ Smit",
              "runs": {
                "batter": 1,
                "extras": 0,
                "total": 1
              }
            },
            {
              "batter": "JJ Smit",
              "bowler": "Bilal Khan",
              "non_striker": "CG Williams",
              "runs": {
                "batter": 1,
                "extras": 0,
                "total": 1
              }
            },
            {
              "batter": "CG Williams",
              "bowler": "Bilal Khan",
              "non_striker": "JJ Smit",
              "runs": {
                "batter": 0,
                "extras": 0,
                "total": 0
              }
            },
            {
              "batter": "CG Williams",
              "bowler": "Bilal Khan",
              "non_striker": "JJ Smit",
              "runs": {
                "batter": 0,
                "extras": 0,
                "total": 0
              },
              "wickets": [
                {
                  "kind": "caught",
                  "player_out": "CG Williams",
                  "fielders": [
                    {
                      "name": "Khawar Ali"
                    }
                  ]
                }
              ]
            },
            {
              "batter": "JJ Smit",
              "bowler": "Bilal Khan",
              "non_striker": "JN Frylinck",
              "runs": {
                "batter": 0,
                "extras": 0,
                "total": 0
              },
              "wickets": [
                {
                  "kind": "caught",
                  "player_out": "JJ Smit",
                  "fielders": [
                    {
                      "name": "Khurram Nawaz"
                    }
                  ]
                }
              ]
            }
          ]
        },
        {
          "over": 19,
          "deliveries": [
            {
              "batter": "C Viljoen",
              "bowler": "Fayyaz Butt",
              "non_striker": "JN Frylinck",
              "runs": {
                "batter": 4,
                "extras": 0,
                "total": 4
              }
            },
            {
              "batter": "C Viljoen",
              "bowler": "Fayyaz Butt",
              "non_striker": "JN Frylinck",
              "runs": {
                "batter": 1,
                "extras": 0,
                "total": 1
              }
            },
            {
              "batter": "JN Frylinck",
              "bowler": "Fayyaz Butt",
              "non_striker": "C Viljoen",
              "runs": {
                "batter": 0,
                "extras": 0,
                "total": 0
              }
            },
            {
              "batter": "JN Frylinck",
              "bowler": "Fayyaz Butt",
              "non_striker": "C Viljoen",
              "runs": {
                "batter": 1,
                "extras": 0,
                "total": 1
              }
            },
            {
              "batter": "C Viljoen",
              "bowler": "Fayyaz Butt",
              "non_striker": "JN Frylinck",
              "runs": {
                "batter": 1,
                "extras": 0,
                "total": 1
              }
            },
            {
              "batter": "JN Frylinck",
              "bowler": "Fayyaz Butt",
              "non_striker": "C Viljoen",
              "runs": {
                "batter": 2,
                "extras": 0,
                "total": 2
              }
            }
          ]
        }
      ],
      "powerplays": [
        {
          "from": 0.1,
          "to": 5.6,
          "type": "mandatory"
        }
      ]
    },
    {
      "team": "Oman",
      "overs": [
        {
          "over": 0,
          "deliveries": [
            {
              "batter": "Khawar Ali",
              "bowler": "JN Frylinck",
              "non_striker": "Jatinder Singh",
              "runs": {
                "batter": 1,
                "extras": 0,
                "total": 1
              }
            },
            {
              "batter": "Jatinder Singh",
              "bowler": "JN Frylinck",
              "non_striker": "Khawar Ali",
              "runs": {
                "batter": 0,
                "extras": 0,
                "total": 0
              },
              "wickets": [
                {
                  "kind": "caught",
                  "player_out": "Jatinder Singh",
                  "fielders": [
                    {
                      "name": "N Davin"
                    }
                  ]
                }
              ]
            },
            {
              "batter": "Khawar Ali",
              "bowler": "JN Frylinck",
              "non_striker": "Aqib Ilyas",
              "runs": {
                "batter": 1,
                "extras": 0,
                "total": 1
              }
            },
            {
              "batter": "Aqib Ilyas",
              "bowler": "JN Frylinck",
              "non_striker": "Khawar Ali",
              "runs": {
                "batter": 1,
                "extras": 0,
                "total": 1
              }
            },
            {
              "batter": "Khawar Ali",
              "bowler": "JN Frylinck",
              "non_striker": "Aqib Ilyas",
              "runs": {
                "batter": 0,
                "extras": 0,
                "total": 0
              }
            },
            {
              "batter": "Khawar Ali",
              "bowler": "JN Frylinck",
              "non_striker": "Aqib Ilyas",
              "runs": {
                "batter": 1,
                "extras": 0,
                "total": 1
              }
            }
          ]
        },
        {
          "over": 1,
          "deliveries": [
            {
              "batter": "Khawar Ali",
              "bowler": "C Viljoen",
              "non_striker": "Aqib Ilyas",
              "runs": {
                "batter": 4,
                "extras": 0,
                "total": 4
              }
            },
            {
              "batter": "Khawar Ali",
              "bowler": "C Viljoen",
              "non_striker": "Aqib Ilyas",
              "runs": {
                "batter": 4,
                "extras": 0,
                "total": 4
              }
            },
            {
              "batter": "Khawar Ali",
              "bowler": "C Viljoen",
              "non_striker": "Aqib Ilyas",
              "runs": {
                "batter": 4,
                "extras": 0,
                "total": 4
              }
            },
            {
              "batter": "Khawar Ali",
              "bowler": "C Viljoen",
              "non_striker": "Aqib Ilyas",
              "runs": {
                "batter": 0,
                "extras": 0,
                "total": 0
              }
            },
            {
              "batter": "Khawar Ali",
              "bowler": "C Viljoen",
              "non_striker": "Aqib Ilyas",
              "runs": {
                "batter": 0,
                "extras": 0,
                "total": 0
              }
            },
            {
              "batter": "Khawar Ali",
              "bowler": "C Viljoen",
              "non_striker": "Aqib Ilyas",
              "runs": {
                "batter": 0,
                "extras": 0,
                "total": 0
              }
            }
          ]
        },
        {
          "over": 2,
          "deliveries": [
            {
              "batter": "Aqib Ilyas",
              "bowler": "JN Frylinck",
              "non_striker": "Khawar Ali",
              "runs": {
                "batter": 0,
                "extras": 0,
                "total": 0
              }
            },
            {
              "batter": "Aqib Ilyas",
              "bowler": "JN Frylinck",
              "non_striker": "Khawar Ali",
              "runs": {
                "batter": 1,
                "extras": 0,
                "total": 1
              }
            },
            {
              "batter": "Khawar Ali",
              "bowler": "JN Frylinck",
              "non_striker": "Aqib Ilyas",
              "runs": {
                "batter": 2,
                "extras": 0,
                "total": 2
              }
            },
            {
              "batter": "Khawar Ali",
              "bowler": "JN Frylinck",
              "non_striker": "Aqib Ilyas",
              "runs": {
                "batter": 4,
                "extras": 0,
                "total": 4
              }
            },
            {
              "batter": "Khawar Ali",
              "bowler": "JN Frylinck",
              "non_striker": "Aqib Ilyas",
              "runs": {
                "batter": 0,
                "extras": 0,
                "total": 0
              }
            },
            {
              "batter": "Khawar Ali",
              "bowler": "JN Frylinck",
              "non_striker": "Aqib Ilyas",
              "runs": {
                "batter": 4,
                "extras": 0,
                "total": 4
              }
            }
          ]
        },
        {
          "over": 3,
          "deliveries": [
            {
              "batter": "Aqib Ilyas",
              "bowler": "JJ Smit",
              "non_striker": "Khawar Ali",
              "runs": {
                "batter": 0,
                "extras": 0,
                "total": 0
              }
            },
            {
              "batter": "Aqib Ilyas",
              "bowler": "JJ Smit",
              "non_striker": "Khawar Ali",
              "runs": {
                "batter": 2,
                "extras": 0,
                "total": 2
              }
            },
            {
              "batter": "Aqib Ilyas",
              "bowler": "JJ Smit",
              "non_striker": "Khawar Ali",
              "runs": {
                "batter": 0,
                "extras": 0,
                "total": 0
              }
            },
            {
              "batter": "Aqib Ilyas",
              "bowler": "JJ Smit",
              "non_striker": "Khawar Ali",
              "runs": {
                "batter": 4,
                "extras": 0,
                "total": 4
              }
            },
            {
              "batter": "Aqib Ilyas",
              "bowler": "JJ Smit",
              "non_striker": "Khawar Ali",
              "runs": {
                "batter": 2,
                "extras": 0,
                "total": 2
              }
            },
            {
              "batter": "Aqib Ilyas",
              "bowler": "JJ Smit",
              "non_striker": "Khawar Ali",
              "runs": {
                "batter": 2,
                "extras": 0,
                "total": 2
              }
            }
          ]
        },
        {
          "over": 4,
          "deliveries": [
            {
              "batter": "Khawar Ali",
              "bowler": "C Viljoen",
              "non_striker": "Aqib Ilyas",
              "runs": {
                "batter": 6,
                "extras": 0,
                "total": 6
              }
            },
            {
              "batter": "Khawar Ali",
              "bowler": "C Viljoen",
              "non_striker": "Aqib Ilyas",
              "runs": {
                "batter": 1,
                "extras": 0,
                "total": 1
              }
            },
            {
              "batter": "Aqib Ilyas",
              "bowler": "C Viljoen",
              "non_striker": "Khawar Ali",
              "runs": {
                "batter": 4,
                "extras": 0,
                "total": 4
              }
            },
            {
              "batter": "Aqib Ilyas",
              "bowler": "C Viljoen",
              "non_striker": "Khawar Ali",
              "runs": {
                "batter": 1,
                "extras": 0,
                "total": 1
              }
            },
            {
              "batter": "Khawar Ali",
              "bowler": "C Viljoen",
              "non_striker": "Aqib Ilyas",
              "runs": {
                "batter": 6,
                "extras": 0,
                "total": 6
              }
            },
            {
              "batter": "Khawar Ali",
              "bowler": "C Viljoen",
              "non_striker": "Aqib Ilyas",
              "runs": {
                "batter": 0,
                "extras": 0,
                "total": 0
              }
            }
          ]
        },
        {
          "over": 5,
          "deliveries": [
            {
              "batter": "Aqib Ilyas",
              "bowler": "CG Williams",
              "non_striker": "Khawar Ali",
              "runs": {
                "batter": 0,
                "extras": 0,
                "total": 0
              }
            },
            {
              "batter": "Aqib Ilyas",
              "bowler": "CG Williams",
              "non_striker": "Khawar Ali",
              "runs": {
                "batter": 0,
                "extras": 0,
                "total": 0
              }
            },
            {
              "batter": "Aqib Ilyas",
              "bowler": "CG Williams",
              "non_striker": "Khawar Ali",
              "runs": {
                "batter": 0,
                "extras": 0,
                "total": 0
              }
            },
            {
              "batter": "Aqib Ilyas",
              "bowler": "CG Williams",
              "non_striker": "Khawar Ali",
              "runs": {
                "batter": 0,
                "extras": 0,
                "total": 0
              }
            },
            {
              "batter": "Aqib Ilyas",
              "bowler": "CG Williams",
              "non_striker": "Khawar Ali",
              "runs": {
                "batter": 1,
                "extras": 0,
                "total": 1
              }
            },
            {
              "batter": "Khawar Ali",
              "bowler": "CG Williams",
              "non_striker": "Aqib Ilyas",
              "runs": {
                "batter": 1,
                "extras": 0,
                "total": 1
              }
            }
          ]
        },
        {
          "over": 6,
          "deliveries": [
            {
              "batter": "Khawar Ali",
              "bowler": "BM Scholtz",
              "extras": {
                "legbyes": 1
              },
              "non_striker": "Aqib Ilyas",
              "runs": {
                "batter": 0,
                "extras": 1,
                "total": 1
              }
            },
            {
              "batter": "Aqib Ilyas",
              "bowler": "BM Scholtz",
              "non_striker": "Khawar Ali",
              "runs": {
                "batter": 0,
                "extras": 0,
                "total": 0
              },
              "wickets": [
                {
                  "kind": "lbw",
                  "player_out": "Aqib Ilyas"
                }
              ]
            },
            {
              "batter": "Zeeshan Maqsood",
              "bowler": "BM Scholtz",
              "non_striker": "Khawar Ali",
              "runs": {
                "batter": 0,
                "extras": 0,
                "total": 0
              }
            },
            {
              "batter": "Zeeshan Maqsood",
              "bowler": "BM Scholtz",
              "non_striker": "Khawar Ali",
              "runs": {
                "batter": 0,
                "extras": 0,
                "total": 0
              }
            },
            {
              "batter": "Zeeshan Maqsood",
              "bowler": "BM Scholtz",
              "non_striker": "Khawar Ali",
              "runs": {
                "batter": 0,
                "extras": 0,
                "total": 0
              }
            },
            {
              "batter": "Zeeshan Maqsood",
              "bowler": "BM Scholtz",
              "non_striker": "Khawar Ali",
              "runs": {
                "batter": 1,
                "extras": 0,
                "total": 1
              }
            }
          ]
        },
        {
          "over": 7,
          "deliveries": [
            {
              "batter": "Zeeshan Maqsood",
              "bowler": "MG Erasmus",
              "non_striker": "Khawar Ali",
              "runs": {
                "batter": 1,
                "extras": 0,
                "total": 1
              }
            },
            {
              "batter": "Khawar Ali",
              "bowler": "MG Erasmus",
              "non_striker": "Zeeshan Maqsood",
              "runs": {
                "batter": 0,
                "extras": 0,
                "total": 0
              }
            },
            {
              "batter": "Khawar Ali",
              "bowler": "MG Erasmus",
              "non_striker": "Zeeshan Maqsood",
              "runs": {
                "batter": 1,
                "extras": 0,
                "total": 1
              }
            },
            {
              "batter": "Zeeshan Maqsood",
              "bowler": "MG Erasmus",
              "non_striker": "Khawar Ali",
              "runs": {
                "batter": 0,
                "extras": 0,
                "total": 0
              },
              "wickets": [
                {
                  "kind": "caught",
                  "player_out": "Zeeshan Maqsood",
                  "fielders": [
                    {
                      "name": "N Davin"
                    }
                  ]
                }
              ]
            },
            {
              "batter": "Aamir Kaleem",
              "bowler": "MG Erasmus",
              "extras": {
                "wides": 1
              },
              "non_striker": "Khawar Ali",
              "runs": {
                "batter": 0,
                "extras": 1,
                "total": 1
              }
            },
            {
              "batter": "Aamir Kaleem",
              "bowler": "MG Erasmus",
              "non_striker": "Khawar Ali",
              "runs": {
                "batter": 1,
                "extras": 0,
                "total": 1
              }
            },
            {
              "batter": "Khawar Ali",
              "bowler": "MG Erasmus",
              "non_striker": "Aamir Kaleem",
              "runs": {
                "batter": 1,
                "extras": 0,
                "total": 1
              }
            }
          ]
        },
        {
          "over": 8,
          "deliveries": [
            {
              "batter": "Khawar Ali",
              "bowler": "BM Scholtz",
              "non_striker": "Aamir Kaleem",
              "runs": {
                "batter": 0,
                "extras": 0,
                "total": 0
              }
            },
            {
              "batter": "Khawar Ali",
              "bowler": "BM Scholtz",
              "non_striker": "Aamir Kaleem",
              "runs": {
                "batter": 0,
                "extras": 0,
                "total": 0
              },
              "wickets": [
                {
                  "kind": "stumped",
                  "player_out": "Khawar Ali",
                  "fielders": [
                    {
                      "name": "ZE Green"
                    }
                  ]
                }
              ]
            },
            {
              "batter": "Suraj Kumar",
              "bowler": "BM Scholtz",
              "non_striker": "Aamir Kaleem",
              "runs": {
                "batter": 1,
                "extras": 0,
                "total": 1
              }
            },
            {
              "batter": "Aamir Kaleem",
              "bowler": "BM Scholtz",
              "non_striker": "Suraj Kumar",
              "runs": {
                "batter": 1,
                "extras": 0,
                "total": 1
              }
            },
            {
              "batter": "Suraj Kumar",
              "bowler": "BM Scholtz",
              "non_striker": "Aamir Kaleem",
              "runs": {
                "batter": 1,
                "extras": 0,
                "total": 1
              }
            },
            {
              "batter": "Aamir Kaleem",
              "bowler": "BM Scholtz",
              "non_striker": "Suraj Kumar",
              "runs": {
                "batter": 1,
                "extras": 0,
                "total": 1
              }
            }
          ]
        },
        {
          "over": 9,
          "deliveries": [
            {
              "batter": "Aamir Kaleem",
              "bowler": "MG Erasmus",
              "non_striker": "Suraj Kumar",
              "runs": {
                "batter": 1,
                "extras": 0,
                "total": 1
              }
            },
            {
              "batter": "Suraj Kumar",
              "bowler": "MG Erasmus",
              "non_striker": "Aamir Kaleem",
              "runs": {
                "batter": 0,
                "extras": 0,
                "total": 0
              }
            },
            {
              "batter": "Suraj Kumar",
              "bowler": "MG Erasmus",
              "non_striker": "Aamir Kaleem",
              "runs": {
                "batter": 1,
                "extras": 0,
                "total": 1
              }
            },
            {
              "batter": "Aamir Kaleem",
              "bowler": "MG Erasmus",
              "non_striker": "Suraj Kumar",
              "runs": {
                "batter": 1,
                "extras": 0,
                "total": 1
              }
            },
            {
              "batter": "Suraj Kumar",
              "bowler": "MG Erasmus",
              "non_striker": "Aamir Kaleem",
              "runs": {
                "batter": 1,
                "extras": 0,
                "total": 1
              }
            },
            {
              "batter": "Aamir Kaleem",
              "bowler": "MG Erasmus",
              "non_striker": "Suraj Kumar",
              "runs": {
                "batter": 1,
                "extras": 0,
                "total": 1
              }
            }
          ]
        },
        {
          "over": 10,
          "deliveries": [
            {
              "batter": "Aamir Kaleem",
              "bowler": "BM Scholtz",
              "non_striker": "Suraj Kumar",
              "runs": {
                "batter": 2,
                "extras": 0,
                "total": 2
              }
            },
            {
              "batter": "Aamir Kaleem",
              "bowler": "BM Scholtz",
              "non_striker": "Suraj Kumar",
              "runs": {
                "batter": 1,
                "extras": 0,
                "total": 1
              }
            },
            {
              "batter": "Suraj Kumar",
              "bowler": "BM Scholtz",
              "non_striker": "Aamir Kaleem",
              "runs": {
                "batter": 1,
                "extras": 0,
                "total": 1
              }
            },
            {
              "batter": "Aamir Kaleem",
              "bowler": "BM Scholtz",
              "non_striker": "Suraj Kumar",
              "runs": {
                "batter": 1,
                "extras": 0,
                "total": 1
              }
            },
            {
              "batter": "Suraj Kumar",
              "bowler": "BM Scholtz",
              "non_striker": "Aamir Kaleem",
              "runs": {
                "batter": 0,
                "extras": 0,
                "total": 0
              }
            },
            {
              "batter": "Suraj Kumar",
              "bowler": "BM Scholtz",
              "non_striker": "Aamir Kaleem",
              "runs": {
                "batter": 1,
                "extras": 0,
                "total": 1
              }
            }
          ]
        },
        {
          "over": 11,
          "deliveries": [
            {
              "batter": "Suraj Kumar",
              "bowler": "MG Erasmus",
              "non_striker": "Aamir Kaleem",
              "runs": {
                "batter": 0,
                "extras": 0,
                "total": 0
              }
            },
            {
              "batter": "Suraj Kumar",
              "bowler": "MG Erasmus",
              "non_striker": "Aamir Kaleem",
              "runs": {
                "batter": 0,
                "extras": 0,
                "total": 0
              },
              "wickets": [
                {
                  "kind": "caught",
                  "player_out": "Suraj Kumar",
                  "fielders": [
                    {
                      "name": "JN Frylinck"
                    }
                  ]
                }
              ]
            },
            {
              "batter": "Sandeep Goud",
              "bowler": "MG Erasmus",
              "non_striker": "Aamir Kaleem",
              "runs": {
                "batter": 1,
                "extras": 0,
                "total": 1
              }
            },
            {
              "batter": "Aamir Kaleem",
              "bowler": "MG Erasmus",
              "non_striker": "Sandeep Goud",
              "runs": {
                "batter": 0,
                "extras": 0,
                "total": 0
              }
            },
            {
              "batter": "Aamir Kaleem",
              "bowler": "MG Erasmus",
              "non_striker": "Sandeep Goud",
              "runs": {
                "batter": 2,
                "extras": 0,
                "total": 2
              }
            },
            {
              "batter": "Aamir Kaleem",
              "bowler": "MG Erasmus",
              "non_striker": "Sandeep Goud",
              "runs": {
                "batter": 1,
                "extras": 0,
                "total": 1
              }
            }
          ]
        },
        {
          "over": 12,
          "deliveries": [
            {
              "batter": "Aamir Kaleem",
              "bowler": "BM Scholtz",
              "non_striker": "Sandeep Goud",
              "runs": {
                "batter": 0,
                "extras": 0,
                "total": 0
              },
              "wickets": [
                {
                  "kind": "caught",
                  "player_out": "Aamir Kaleem",
                  "fielders": [
                    {
                      "name": "JN Frylinck"
                    }
                  ]
                }
              ]
            },
            {
              "batter": "Sandeep Goud",
              "bowler": "BM Scholtz",
              "non_striker": "Khurram Nawaz",
              "runs": {
                "batter": 0,
                "extras": 0,
                "total": 0
              }
            },
            {
              "batter": "Sandeep Goud",
              "bowler": "BM Scholtz",
              "non_striker": "Khurram Nawaz",
              "runs": {
                "batter": 1,
                "extras": 0,
                "total": 1
              }
            },
            {
              "batter": "Khurram Nawaz",
              "bowler": "BM Scholtz",
              "non_striker": "Sandeep Goud",
              "runs": {
                "batter": 1,
                "extras": 0,
                "total": 1
              }
            },
            {
              "batter": "Sandeep Goud",
              "bowler": "BM Scholtz",
              "non_striker": "Khurram Nawaz",
              "runs": {
                "batter": 1,
                "extras": 0,
                "total": 1
              }
            },
            {
              "batter": "Khurram Nawaz",
              "bowler": "BM Scholtz",
              "non_striker": "Sandeep Goud",
              "runs": {
                "batter": 0,
                "extras": 0,
                "total": 0
              }
            }
          ]
        },
        {
          "over": 13,
          "deliveries": [
            {
              "batter": "Sandeep Goud",
              "bowler": "MG Erasmus",
              "non_striker": "Khurram Nawaz",
              "runs": {
                "batter": 2,
                "extras": 0,
                "total": 2
              }
            },
            {
              "batter": "Sandeep Goud",
              "bowler": "MG Erasmus",
              "extras": {
                "wides": 1
              },
              "non_striker": "Khurram Nawaz",
              "runs": {
                "batter": 0,
                "extras": 1,
                "total": 1
              }
            },
            {
              "batter": "Sandeep Goud",
              "bowler": "MG Erasmus",
              "non_striker": "Khurram Nawaz",
              "runs": {
                "batter": 0,
                "extras": 0,
                "total": 0
              }
            },
            {
              "batter": "Sandeep Goud",
              "bowler": "MG Erasmus",
              "extras": {
                "wides": 1
              },
              "non_striker": "Khurram Nawaz",
              "runs": {
                "batter": 0,
                "extras": 1,
                "total": 1
              }
            },
            {
              "batter": "Sandeep Goud",
              "bowler": "MG Erasmus",
              "non_striker": "Khurram Nawaz",
              "runs": {
                "batter": 0,
                "extras": 0,
                "total": 0
              }
            },
            {
              "batter": "Sandeep Goud",
              "bowler": "MG Erasmus",
              "non_striker": "Khurram Nawaz",
              "runs": {
                "batter": 0,
                "extras": 0,
                "total": 0
              },
              "wickets": [
                {
                  "kind": "caught and bowled",
                  "player_out": "Sandeep Goud"
                }
              ]
            },
            {
              "batter": "Khurram Nawaz",
              "bowler": "MG Erasmus",
              "non_striker": "Mohammad Nadeem",
              "runs": {
                "batter": 0,
                "extras": 0,
                "total": 0
              }
            },
            {
              "batter": "Khurram Nawaz",
              "bowler": "MG Erasmus",
              "non_striker": "Mohammad Nadeem",
              "runs": {
                "batter": 1,
                "extras": 0,
                "total": 1
              }
            }
          ]
        },
        {
          "over": 14,
          "deliveries": [
            {
              "batter": "Khurram Nawaz",
              "bowler": "JJ Smit",
              "non_striker": "Mohammad Nadeem",
              "runs": {
                "batter": 1,
                "extras": 0,
                "total": 1
              }
            },
            {
              "batter": "Mohammad Nadeem",
              "bowler": "JJ Smit",
              "non_striker": "Khurram Nawaz",
              "runs": {
                "batter": 0,
                "extras": 0,
                "total": 0
              }
            },
            {
              "batter": "Mohammad Nadeem",
              "bowler": "JJ Smit",
              "non_striker": "Khurram Nawaz",
              "runs": {
                "batter": 0,
                "extras": 0,
                "total": 0
              }
            },
            {
              "batter": "Mohammad Nadeem",
              "bowler": "JJ Smit",
              "non_striker": "Khurram Nawaz",
              "runs": {
                "batter": 0,
                "extras": 0,
                "total": 0
              }
            },
            {
              "batter": "Mohammad Nadeem",
              "bowler": "JJ Smit",
              "non_striker": "Khurram Nawaz",
              "runs": {
                "batter": 0,
                "extras": 0,
                "total": 0
              }
            },
            {
              "batter": "Mohammad Nadeem",
              "bowler": "JJ Smit",
              "non_striker": "Khurram Nawaz",
              "runs": {
                "batter": 0,
                "extras": 0,
                "total": 0
              }
            }
          ]
        },
        {
          "over": 15,
          "deliveries": [
            {
              "batter": "Khurram Nawaz",
              "bowler": "CG Williams",
              "non_striker": "Mohammad Nadeem",
              "runs": {
                "batter": 1,
                "extras": 0,
                "total": 1
              }
            },
            {
              "batter": "Mohammad Nadeem",
              "bowler": "CG Williams",
              "non_striker": "Khurram Nawaz",
              "runs": {
                "batter": 0,
                "extras": 0,
                "total": 0
              },
              "wickets": [
                {
                  "kind": "caught",
                  "player_out": "Mohammad Nadeem",
                  "fielders": [
                    {
                      "name": "JP Kotze"
                    }
                  ]
                }
              ]
            },
            {
              "batter": "Fayyaz Butt",
              "bowler": "CG Williams",
              "non_striker": "Khurram Nawaz",
              "runs": {
                "batter": 1,
                "extras": 0,
                "total": 1
              }
            },
            {
              "batter": "Khurram Nawaz",
              "bowler": "CG Williams",
              "non_striker": "Fayyaz Butt",
              "runs": {
                "batter": 1,
                "extras": 0,
                "total": 1
              }
            },
            {
              "batter": "Fayyaz Butt",
              "bowler": "CG Williams",
              "extras": {
                "wides": 1
              },
              "non_striker": "Khurram Nawaz",
              "runs": {
                "batter": 0,
                "extras": 1,
                "total": 1
              }
            },
            {
              "batter": "Fayyaz Butt",
              "bowler": "CG Williams",
              "non_striker": "Khurram Nawaz",
              "runs": {
                "batter": 1,
                "extras": 0,
                "total": 1
              }
            },
            {
              "batter": "Khurram Nawaz",
              "bowler": "CG Williams",
              "non_striker": "Fayyaz Butt",
              "runs": {
                "batter": 1,
                "extras": 0,
                "total": 1
              }
            }
          ]
        },
        {
          "over": 16,
          "deliveries": [
            {
              "batter": "Khurram Nawaz",
              "bowler": "JN Frylinck",
              "non_striker": "Fayyaz Butt",
              "runs": {
                "batter": 0,
                "extras": 0,
                "total": 0
              }
            },
            {
              "batter": "Khurram Nawaz",
              "bowler": "JN Frylinck",
              "non_striker": "Fayyaz Butt",
              "runs": {
                "batter": 1,
                "extras": 0,
                "total": 1
              }
            },
            {
              "batter": "Fayyaz Butt",
              "bowler": "JN Frylinck",
              "non_striker": "Khurram Nawaz",
              "runs": {
                "batter": 2,
                "extras": 0,
                "total": 2
              }
            },
            {
              "batter": "Fayyaz Butt",
              "bowler": "JN Frylinck",
              "non_striker": "Khurram Nawaz",
              "runs": {
                "batter": 1,
                "extras": 0,
                "total": 1
              }
            },
            {
              "batter": "Khurram Nawaz",
              "bowler": "JN Frylinck",
              "non_striker": "Fayyaz Butt",
              "runs": {
                "batter": 1,
                "extras": 0,
                "total": 1
              }
            },
            {
              "batter": "Fayyaz Butt",
              "bowler": "JN Frylinck",
              "non_striker": "Khurram Nawaz",
              "runs": {
                "batter": 0,
                "extras": 0,
                "total": 0
              }
            }
          ]
        },
        {
          "over": 17,
          "deliveries": [
            {
              "batter": "Khurram Nawaz",
              "bowler": "JJ Smit",
              "non_striker": "Fayyaz Butt",
              "runs": {
                "batter": 0,
                "extras": 0,
                "total": 0
              },
              "wickets": [
                {
                  "kind": "lbw",
                  "player_out": "Khurram Nawaz"
                }
              ]
            },
            {
              "batter": "Bilal Khan",
              "bowler": "JJ Smit",
              "non_striker": "Fayyaz Butt",
              "runs": {
                "batter": 0,
                "extras": 0,
                "total": 0
              }
            },
            {
              "batter": "Bilal Khan",
              "bowler": "JJ Smit",
              "non_striker": "Fayyaz Butt",
              "runs": {
                "batter": 0,
                "extras": 0,
                "total": 0
              }
            },
            {
              "batter": "Bilal Khan",
              "bowler": "JJ Smit",
              "non_striker": "Fayyaz Butt",
              "runs": {
                "batter": 1,
                "extras": 0,
                "total": 1
              }
            },
            {
              "batter": "Fayyaz Butt",
              "bowler": "JJ Smit",
              "non_striker": "Bilal Khan",
              "runs": {
                "batter": 0,
                "extras": 0,
                "total": 0
              }
            },
            {
              "batter": "Fayyaz Butt",
              "bowler": "JJ Smit",
              "non_striker": "Bilal Khan",
              "runs": {
                "batter": 0,
                "extras": 0,
                "total": 0
              }
            }
          ]
        },
        {
          "over": 18,
          "deliveries": [
            {
              "batter": "Bilal Khan",
              "bowler": "JN Frylinck",
              "non_striker": "Fayyaz Butt",
              "runs": {
                "batter": 0,
                "extras": 0,
                "total": 0
              }
            },
            {
              "batter": "Bilal Khan",
              "bowler": "JN Frylinck",
              "non_striker": "Fayyaz Butt",
              "runs": {
                "batter": 1,
                "extras": 0,
                "total": 1
              }
            },
            {
              "batter": "Fayyaz Butt",
              "bowler": "JN Frylinck",
              "non_striker": "Bilal Khan",
              "runs": {
                "batter": 1,
                "extras": 0,
                "total": 1
              }
            },
            {
              "batter": "Bilal Khan",
              "bowler": "JN Frylinck",
              "non_striker": "Fayyaz Butt",
              "runs": {
                "batter": 0,
                "extras": 0,
                "total": 0
              }
            },
            {
              "batter": "Bilal Khan",
              "bowler": "JN Frylinck",
              "non_striker": "Fayyaz Butt",
              "runs": {
                "batter": 0,
                "extras": 0,
                "total": 0
              }
            },
            {
              "batter": "Bilal Khan",
              "bowler": "JN Frylinck",
              "extras": {
                "wides": 1
              },
              "non_striker": "Fayyaz Butt",
              "runs": {
                "batter": 0,
                "extras": 1,
                "total": 1
              }
            },
            {
              "batter": "Bilal Khan",
              "bowler": "JN Frylinck",
              "non_striker": "Fayyaz Butt",
              "runs": {
                "batter": 0,
                "extras": 0,
                "total": 0
              }
            }
          ]
        },
        {
          "over": 19,
          "deliveries": [
            {
              "batter": "Fayyaz Butt",
              "bowler": "JJ Smit",
              "non_striker": "Bilal Khan",
              "runs": {
                "batter": 0,
                "extras": 0,
                "total": 0
              },
              "wickets": [
                {
                  "kind": "caught",
                  "player_out": "Fayyaz Butt",
                  "fielders": [
                    {
                      "name": "JP Kotze"
                    }
                  ]
                }
              ]
            }
          ]
        }
      ],
      "powerplays": [
        {
          "from": 0.1,
          "to": 5.6,
          "type": "mandatory"
        }
      ],
      "target": {
        "overs": 20,
        "runs": 162
      }
    }
  ]
}