{
  "meta": {
    "data_version": "1.0.0",
    "created": "2019-10-24",
    "revision": 1
  },
  "info": {
    "balls_per_over": 6,
    "city": "Dubai",
    "dates": [
      "2019-10-22"
    ],
    "event": {
      "name": "ICC Men's T20 World Cup Qualifier",
      "match_number": 19,
      "group": "A"
    },
    "gender": "male",
    "match_type": "T20",
    "match_type_number": 954,
    "officials": {
      "match_referees": [
        "JJ Crowe"
      ],
      "reserve_umpires": [
        "AG Wharf"
      ],
      "umpires": [
        "CM Brown",
        "SJ Nogajski"
      ]
    },
    "outcome": {
      "winner": "Namibia",
      "by": {
        "runs": 24
      }
    },
    "overs": 20,
    "player_of_match": [
      "JJ Smit"
    ],
    "players": {
      "Namibia": [
        "SJ Baard",
        "N Davin",
        "JP Kotze",
        "CG Williams",
        "MG Erasmus",
        "JJ Smit",
        "ZE Green",
        "JN Frylinck",
        "C Viljoen",
        "BM Scholtz",
        "B Shikongo"
      ],
      "Scotland": [
        "HG Munsey",
        "CD Wallace",
        "CS MacLeod",
        "RD Berrington",
        "MA Leask",
        "MH Cross",
        "TB Sole",
        "MRJ Watt",
        "SM Sharif",
        "JH Davey",
        "Hamza Tahir"
      ]
    },
    "registry": {
      "people": {
        "AG Wharf": "2e0fcc58",
        "B Shikongo": "c26cd57a",
        "BM Scholtz": "e85d03d6",
        "C Viljoen": "f7b2cbe8",
        "CD Wallace": "7b5c6c0b",
        "CG Williams": "e16e7347",
        "CM Brown": "448f4f1c",
        "CS MacLeod": "9c376401",
        "HG Munsey": "ff014c34",
        "Hamza Tahir": "34cb2f69",
        "JH Davey": "d3868bd0",
        "JJ Crowe": "2e760301",
        "JJ Smit": "bb134e5c",
        "JN Frylinck": "3c87f0c3",
        "JP Kotze": "9f308dfc",
        "MA Leask": "28131839",
        "MG Erasmus": "95a5e066",
        "MH Cross": "8b261d84",
        "MRJ Watt": "1252f71a",
        "N Davin": "72e361fe",
        "RD Berrington": "e21bc7f3",
        "SJ Baard": "e8511411",
        "SJ Nogajski": "9b3f9323",
        "SM Sharif": "f43dd8c2",
        "TB Sole": "98e908bd",
        "ZE Green": "8716233e"
      }
    },
    "season": "2019/20",
    "team_type": "international",
    "teams": [
      "Namibia",
      "Scotland"
    ],
    "toss": {
      "decision": "bat",
      "winner": "Namibia"
    },
    "venue": "ICC Academy"
  },
  "innings": [
    {
      "team": "Namibia",
      "overs": [
        {
          "over": 0,
          "deliveries": [
            {
              "batter": "SJ Baard",
              "bowler": "MRJ Watt",
              "non_striker": "N Davin",
              "runs": {
                "batter": 0,
                "extras": 0,
                "total": 0
              }
            },
            {
              "batter": "SJ Baard",
              "bowler": "MRJ Watt",
              "non_striker": "N Davin",
              "runs": {
                "batter": 1,
                "extras": 0,
                "total": 1
              }
            },
            {
              "batter": "N Davin",
              "bowler": "MRJ Watt",
              "non_striker": "SJ Baard",
              "runs": {
                "batter": 1,
                "extras": 0,
                "total": 1
              }
            },
            {
              "batter": "SJ Baard",
              "bowler": "MRJ Watt",
              "non_striker": "N Davin",
              "runs": {
                "batter": 2,
                "extras": 0,
                "total": 2
              }
            },
            {
              "batter": "SJ Baard",
              "bowler": "MRJ Watt",
              "non_striker": "N Davin",
              "runs": {
                "batter": 0,
                "extras": 0,
                "total": 0
              }
            },
            {
              "batter": "SJ Baard",
              "bowler": "MRJ Watt",
              "non_striker": "N Davin",
              "runs": {
                "batter": 1,
                "extras": 0,
                "total": 1
              }
            }
          ]
        },
        {
          "over": 1,
          "deliveries": [
            {
              "batter": "SJ Baard",
              "bowler": "SM Sharif",
              "non_striker": "N Davin",
              "runs": {
                "batter": 1,
                "extras": 0,
                "total": 1
              }
            },
            {
              "batter": "N Davin",
              "bowler": "SM Sharif",
              "non_striker": "SJ Baard",
              "runs": {
                "batter": 0,
                "extras": 0,
                "total": 0
              }
            },
            {
              "batter": "N Davin",
              "bowler": "SM Sharif",
              "non_striker": "SJ Baard",
              "runs": {
                "batter": 0,
                "extras": 0,
                "total": 0
              }
            },
            {
              "batter": "N Davin",
              "bowler": "SM Sharif",
              "non_striker": "SJ Baard",
              "runs": {
                "batter": 0,
                "extras": 0,
                "total": 0
              }
            },
            {
              "batter": "N Davin",
              "bowler": "SM Sharif",
              "extras": {
                "wides": 1
              },
              "non_striker": "SJ Baard",
              "runs": {
                "batter": 0,
                "extras": 1,
                "total": 1
              }
            },
            {
              "batter": "N Davin",
              "bowler": "SM Sharif",
              "non_striker": "SJ Baard",
              "runs": {
                "batter": 1,
                "extras": 0,
                "total": 1
              }
            },
            {
              "batter": "SJ Baard",
              "bowler": "SM Sharif",
              "non_striker": "N Davin",
              "runs": {
                "batter": 1,
                "extras": 0,
                "total": 1
              }
            }
          ]
        },
        {
          "over": 2,
          "deliveries": [
            {
              "batter": "SJ Baard",
              "bowler": "JH Davey",
              "non_striker": "N Davin",
              "runs": {
                "batter": 0,
                "extras": 0,
                "total": 0
              }
            },
            {
              "batter": "SJ Baard",
              "bowler": "JH Davey",
              "non_striker": "N Davin",
              "runs": {
                "batter": 0,
                "extras": 0,
                "total": 0
              }
            },
            {
              "batter": "SJ Baard",
              "bowler": "JH Davey",
              "non_striker": "N Davin",
              "runs": {
                "batter": 0,
                "extras": 0,
                "total": 0
              },
              "wickets": [
                {
                  "kind": "caught",
                  "player_out": "SJ Baard",
                  "fielders": [
                    {
                      "name": "MRJ Watt"
                    }
                  ]
                }
              ]
            },
            {
              "batter": "N Davin",
              "bowler": "JH Davey",
              "non_striker": "JP Kotze",
              "runs": {
                "batter": 4,
                "extras": 0,
                "total": 4
              }
            },
            {
              "batter": "N Davin",
              "bowler": "JH Davey",
              "non_striker": "JP Kotze",
              "runs": {
                "batter": 2,
                "extras": 0,
                "total": 2
              }
            },
            {
              "batter": "N Davin",
              "bowler": "JH Davey",
              "non_striker": "JP Kotze",
              "runs": {
                "batter": 0,
                "extras": 0,
                "total": 0
              }
            }
          ]
        },
        {
          "over": 3,
          "deliveries": [
            {
              "batter": "JP Kotze",
              "bowler": "SM Sharif",
              "non_striker": "N Davin",
              "runs": {
                "batter": 0,
                "extras": 0,
                "total": 0
              }
            },
            {
              "batter": "JP Kotze",
              "bowler": "SM Sharif",
              "non_striker": "N Davin",
              "runs": {
                "batter": 0,
                "extras": 0,
                "total": 0
              }
            },
            {
              "batter": "JP Kotze",
              "bowler": "SM Sharif",
              "non_striker": "N Davin",
              "runs": {
                "batter": 2,
                "extras": 0,
                "total": 2
              }
            },
            {
              "batter": "JP Kotze",
              "bowler": "SM Sharif",
              "non_striker": "N Davin",
              "runs": {
                "batter": 1,
                "extras": 0,
                "total": 1
              }
            },
            {
              "batter": "N Davin",
              "bowler": "SM Sharif",
              "non_striker": "JP Kotze",
              "runs": {
                "batter": 6,
                "extras": 0,
                "total": 6
              }
            },
            {
              "batter": "N Davin",
              "bowler": "SM Sharif",
              "non_striker": "JP Kotze",
              "runs": {
                "batter": 1,
                "extras": 0,
                "total": 1
              }
            }
          ]
        },
        {
          "over": 4,
          "deliveries": [
            {
              "batter": "N Davin",
              "bowler": "MRJ Watt",
              "non_striker": "JP Kotze",
              "runs": {
                "batter": 0,
                "extras": 0,
                "total": 0
              }
            },
            {
              "batter": "N Davin",
              "bowler": "MRJ Watt",
              "non_striker": "JP Kotze",
              "runs": {
                "batter": 1,
                "extras": 0,
                "total": 1
              }
            },
            {
              "batter": "JP Kotze",
              "bowler": "MRJ Watt",
              "non_striker": "N Davin",
              "runs": {
                "batter": 0,
                "extras": 0,
                "total": 0
              }
            },
            {
              "batter": "JP Kotze",
              "bowler": "MRJ Watt",
              "non_striker": "N Davin",
              "runs": {
                "batter": 4,
                "extras": 0,
                "total": 4
              }
            },
            {
              "batter": "JP Kotze",
              "bowler": "MRJ Watt",
              "non_striker": "N Davin",
              "runs": {
                "batter": 0,
                "extras": 0,
                "total": 0
              },
              "wickets": [
                {
                  "kind": "lbw",
                  "player_out": "JP Kotze"
                }
              ]
            },
            {
              "batter": "CG Williams",
              "bowler": "MRJ Watt",
              "non_striker": "N Davin",
              "runs": {
                "batter": 0,
                "extras": 0,
                "total": 0
              }
            }
          ]
        },
        {
          "over": 5,
          "deliveries": [
            {
              "batter": "N Davin",
              "bowler": "JH Davey",
              "extras": {
                "wides": 1
              },
              "non_striker": "CG Williams",
              "runs": {
                "batter": 0,
                "extras": 1,
                "total": 1
              }
            },
            {
              "batter": "N Davin",
              "bowler": "JH Davey",
              "non_striker": "CG Williams",
              "runs": {
                "batter": 1,
                "extras": 0,
                "total": 1
              }
            },
            {
              "batter": "CG Williams",
              "bowler": "JH Davey",
              "non_striker": "N Davin",
              "runs": {
                "batter": 0,
                "extras": 0,
                "total": 0
              }
            },
            {
              "batter": "CG Williams",
              "bowler": "JH Davey",
              "non_striker": "N Davin",
              "runs": {
                "batter": 0,
                "extras": 0,
                "total": 0
              }
            },
            {
              "batter": "CG Williams",
              "bowler": "JH Davey",
              "non_striker": "N Davin",
              "runs": {
                "batter": 4,
                "extras": 0,
                "total": 4
              }
            },
            {
              "batter": "CG Williams",
              "bowler": "JH Davey",
              "non_striker": "N Davin",
              "runs": {
                "batter": 3,
                "extras": 0,
                "total": 3
              }
            },
            {
              "batter": "N Davin",
              "bowler": "JH Davey",
              "non_striker": "CG Williams",
              "runs": {
                "batter": 1,
                "extras": 0,
                "total": 1
              }
            }
          ]
        },
        {
          "over": 6,
          "deliveries": [
            {
              "batter": "N Davin",
              "bowler": "Hamza Tahir",
              "non_striker": "CG Williams",
              "runs": {
                "batter": 1,
                "extras": 0,
                "total": 1
              }
            },
            {
              "batter": "CG Williams",
              "bowler": "Hamza Tahir",
              "non_striker": "N Davin",
              "runs": {
                "batter": 1,
                "extras": 0,
                "total": 1
              }
            },
            {
              "batter": "N Davin",
              "bowler": "Hamza Tahir",
              "non_striker": "CG Williams",
              "runs": {
                "batter": 4,
                "extras": 0,
                "non_boundary": true,
                "total": 4
              }
            },
            {
              "batter": "N Davin",
              "bowler": "Hamza Tahir",
              "non_striker": "CG Williams",
              "runs": {
                "batter": 0,
                "extras": 0,
                "total": 0
              },
              "wickets": [
                {
                  "kind": "caught",
                  "player_out": "N Davin",
                  "fielders": [
                    {
                      "name": "RD Berrington"
                    }
                  ]
                }
              ]
            },
            {
              "batter": "MG Erasmus",
              "bowler": "Hamza Tahir",
              "non_striker": "CG Williams",
              "runs": {
                "batter": 0,
                "extras": 0,
                "total": 0
              }
            },
            {
              "batter": "MG Erasmus",
              "bowler": "Hamza Tahir",
              "non_striker": "CG Williams",
              "runs": {
                "batter": 1,
                "extras": 0,
                "total": 1
              }
            }
          ]
        },
        {
          "over": 7,
          "deliveries": [
            {
              "batter": "MG Erasmus",
              "bowler": "TB Sole",
              "non_striker": "CG Williams",
              "runs": {
                "batter": 1,
                "extras": 0,
                "total": 1
              }
            },
            {
              "batter": "CG Williams",
              "bowler": "TB Sole",
              "non_striker": "MG Erasmus",
              "runs": {
                "batter": 1,
                "extras": 0,
                "total": 1
              }
            },
            {
              "batter": "MG Erasmus",
              "bowler": "TB Sole",
              "non_striker": "CG Williams",
              "runs": {
                "batter": 1,
                "extras": 0,
                "total": 1
              }
            },
            {
              "batter": "CG Williams",
              "bowler": "TB Sole",
              "non_striker": "MG Erasmus",
              "runs": {
                "batter": 0,
                "extras": 0,
                "total": 0
              }
            },
            {
              "batter": "CG Williams",
              "bowler": "TB Sole",
              "non_striker": "MG Erasmus",
              "runs": {
                "batter": 0,
                "extras": 0,
                "total": 0
              }
            },
            {
              "batter": "CG Williams",
              "bowler": "TB Sole",
              "non_striker": "MG Erasmus",
              "runs": {
                "batter": 0,
                "extras": 0,
                "total": 0
              }
            }
          ]
        },
        {
          "over": 8,
          "deliveries": [
            {
              "batter": "MG Erasmus",
              "bowler": "Hamza Tahir",
              "non_striker": "CG Williams",
              "runs": {
                "batter": 0,
                "extras": 0,
                "total": 0
              }
            },
            {
              "batter": "MG Erasmus",
              "bowler": "Hamza Tahir",
              "non_striker": "CG Williams",
              "runs": {
                "batter": 1,
                "extras": 0,
                "total": 1
              }
            },
            {
              "batter": "CG Williams",
              "bowler": "Hamza Tahir",
              "non_striker": "MG Erasmus",
              "runs": {
                "batter": 1,
                "extras": 0,
                "total": 1
              }
            },
            {
              "batter": "MG Erasmus",
              "bowler": "Hamza Tahir",
              "non_striker": "CG Williams",
              "runs": {
                "batter": 0,
                "extras": 0,
                "total": 0
              }
            },
            {
              "batter": "MG Erasmus",
              "bowler": "Hamza Tahir",
              "non_striker": "CG Williams",
              "runs": {
                "batter": 1,
                "extras": 0,
                "total": 1
              }
            },
            {
              "batter": "CG Williams",
              "bowler": "Hamza Tahir",
              "non_striker": "MG Erasmus",
              "runs": {
                "batter": 1,
                "extras": 0,
                "total": 1
              }
            }
          ]
        },
        {
          "over": 9,
          "deliveries": [
            {
              "batter": "CG Williams",
              "bowler": "TB Sole",
              "non_striker": "MG Erasmus",
              "runs": {
                "batter": 1,
                "extras": 0,
                "total": 1
              }
            },
            {
              "batter": "MG Erasmus",
              "bowler": "TB Sole",
              "non_striker": "CG Williams",
              "runs": {
                "batter": 1,
                "extras": 0,
                "total": 1
              }
            },
            {
              "batter": "CG Williams",
              "bowler": "TB Sole",
              "non_striker": "MG Erasmus",
              "runs": {
                "batter": 1,
                "extras": 0,
                "total": 1
              }
            },
            {
              "batter": "MG Erasmus",
              "bowler": "TB Sole",
              "non_striker": "CG Williams",
              "runs": {
                "batter": 0,
                "extras": 0,
                "total": 0
              }
            },
            {
              "batter": "MG Erasmus",
              "bowler": "TB Sole",
              "non_striker": "CG Williams",
              "runs": {
                "batter": 2,
                "extras": 0,
                "total": 2
              }
            },
            {
              "batter": "MG Erasmus",
              "bowler": "TB Sole",
              "non_striker": "CG Williams",
              "runs": {
                "batter": 1,
                "extras": 0,
                "total": 1
              }
            }
          ]
        },
        {
          "over": 10,
          "deliveries": [
            {
              "batter": "MG Erasmus",
              "bowler": "Hamza Tahir",
              "non_striker": "CG Williams",
              "runs": {
                "batter": 1,
                "extras": 0,
                "total": 1
              }
            },
            {
              "batter": "CG Williams",
              "bowler": "Hamza Tahir",
              "non_striker": "MG Erasmus",
              "runs": {
                "batter": 1,
                "extras": 0,
                "total": 1
              }
            },
            {
              "batter": "MG Erasmus",
              "bowler": "Hamza Tahir",
              "non_striker": "CG Williams",
              "runs": {
                "batter": 1,
                "extras": 0,
                "total": 1
              }
            },
            {
              "batter": "CG Williams",
              "bowler": "Hamza Tahir",
              "non_striker": "MG Erasmus",
              "runs": {
                "batter": 0,
                "extras": 0,
                "total": 0
              }
            },
            {
              "batter": "CG Williams",
              "bowler": "Hamza Tahir",
              "non_striker": "MG Erasmus",
              "runs": {
                "batter": 1,
                "extras": 0,
                "total": 1
              }
            },
            {
              "batter": "MG Erasmus",
              "bowler": "Hamza Tahir",
              "non_striker": "CG Williams",
              "runs": {
                "batter": 1,
                "extras": 0,
                "total": 1
              }
            }
          ]
        },
        {
          "over": 11,
          "deliveries": [
            {
              "batter": "MG Erasmus",
              "bowler": "MA Leask",
              "non_striker": "CG Williams",
              "runs": {
                "batter": 1,
                "extras": 0,
                "total": 1
              }
            },
            {
              "batter": "CG Williams",
              "bowler": "MA Leask",
              "non_striker": "MG Erasmus",
              "runs": {
                "batter": 1,
                "extras": 0,
                "total": 1
              }
            },
            {
              "batter": "MG Erasmus",
              "bowler": "MA Leask",
              "non_striker": "CG Williams",
              "runs": {
                "batter": 4,
                "extras": 0,
                "total": 4
              }
            },
            {
              "batter": "MG Erasmus",
              "bowler": "MA Leask",
              "non_striker": "CG Williams",
              "runs": {
                "batter": 6,
                "extras": 0,
                "total": 6
              }
            },
            {
              "batter": "MG Erasmus",
              "bowler": "MA Leask",
              "non_striker": "CG Williams",
              "runs": {
                "batter": 2,
                "extras": 0,
                "total": 2
              }
            },
            {
              "batter": "MG Erasmus",
              "bowler": "MA Leask",
              "non_striker": "CG Williams",
              "runs": {
                "batter": 0,
                "extras": 0,
                "total": 0
              }
            }
          ]
        },
        {
          "over": 12,
          "deliveries": [
            {
              "batter": "CG Williams",
              "bowler": "MRJ Watt",
              "non_striker": "MG Erasmus",
              "runs": {
                "batter": 1,
                "extras": 0,
                "total": 1
              }
            },
            {
              "batter": "MG Erasmus",
              "bowler": "MRJ Watt",
              "non_striker": "CG Williams",
              "runs": {
                "batter": 0,
                "extras": 0,
                "total": 0
              }
            },
            {
              "batter": "MG Erasmus",
              "bowler": "MRJ Watt",
              "non_striker": "CG Williams",
              "runs": {
                "batter": 1,
                "extras": 0,
                "total": 1
              }
            },
            {
              "batter": "CG Williams",
              "bowler": "MRJ Watt",
              "non_striker": "MG Erasmus",
              "runs": {
                "batter": 1,
                "extras": 0,
                "total": 1
              }
            },
            {
              "batter": "MG Erasmus",
              "bowler": "MRJ Watt",
              "non_striker": "CG Williams",
              "runs": {
                "batter": 4,
                "extras": 0,
                "total": 4
              }
            },
            {
              "batter": "MG Erasmus",
              "bowler": "MRJ Watt",
              "non_striker": "CG Williams",
              "runs": {
                "batter": 6,
                "extras": 0,
                "total": 6
              }
            }
          ]
        },
        {
          "over": 13,
          "deliveries": [
            {
              "batter": "CG Williams",
              "bowler": "TB Sole",
              "non_striker": "MG Erasmus",
              "runs": {
                "batter": 1,
                "extras": 0,
                "total": 1
              }
            },
            {
              "batter": "MG Erasmus",
              "bowler": "TB Sole",
              "non_striker": "CG Williams",
              "runs": {
                "batter": 1,
                "extras": 0,
                "total": 1
              }
            },
            {
              "batter": "CG Williams",
              "bowler": "TB Sole",
              "non_striker": "MG Erasmus",
              "runs": {
                "batter": 1,
                "extras": 0,
                "total": 1
              }
            },
            {
              "batter": "MG Erasmus",
              "bowler": "TB Sole",
              "non_striker": "CG Williams",
              "runs": {
                "batter": 0,
                "extras": 0,
                "total": 0
              },
              "wickets": [
                {
                  "kind": "caught",
                  "player_out": "MG Erasmus",
                  "fielders": [
                    {
                      "name": "CD Wallace"
                    }
                  ]
                }
              ]
            },
            {
              "batter": "JJ Smit",
              "bowler": "TB Sole",
              "non_striker": "CG Williams",
              "runs": {
                "batter": 1,
                "extras": 0,
                "total": 1
              }
            },
            {
              "batter": "CG Williams",
              "bowler": "TB Sole",
              "non_striker": "JJ Smit",
              "runs": {
                "batter": 2,
                "extras": 0,
                "total": 2
              }
            }
          ]
        },
        {
          "over": 14,
          "deliveries": [
            {
              "batter": "JJ Smit",
              "bowler": "Hamza Tahir",
              "non_striker": "CG Williams",
              "runs": {
                "batter": 0,
                "extras": 0,
                "total": 0
              }
            },
            {
              "batter": "JJ Smit",
              "bowler": "Hamza Tahir",
              "non_striker": "CG Williams",
              "runs": {
                "batter": 0,
                "extras": 0,
                "total": 0
              }
            },
            {
              "batter": "JJ Smit",
              "bowler": "Hamza Tahir",
              "non_striker": "CG Williams",
              "runs": {
                "batter": 1,
                "extras": 0,
                "total": 1
              }
            },
            {
              "batter": "CG Williams",
              "bowler": "Hamza Tahir",
              "non_striker": "JJ Smit",
              "runs": {
                "batter": 1,
                "extras": 0,
                "total": 1
              }
            },
            {
              "batter": "JJ Smit",
              "bowler": "Hamza Tahir",
              "non_striker": "CG Williams",
              "runs": {
                "batter": 0,
                "extras": 0,
                "total": 0
              }
            },
            {
              "batter": "JJ Smit",
              "bowler": "Hamza Tahir",
              "non_striker": "CG Williams",
              "runs": {
                "batter": 0,
                "extras": 0,
                "total": 0
              }
            }
          ]
        },
        {
          "over": 15,
          "deliveries": [
            {
              "batter": "CG Williams",
              "bowler": "TB Sole",
              "non_striker": "JJ Smit",
              "runs": {
                "batter": 1,
                "extras": 0,
                "total": 1
              }
            },
            {
              "batter": "JJ Smit",
              "bowler": "TB Sole",
              "non_striker": "CG Williams",
              "runs": {
                "batter": 1,
                "extras": 0,
                "total": 1
              }
            },
            {
              "batter": "CG Williams",
              "bowler": "TB Sole",
              "non_striker": "JJ Smit",
              "runs": {
                "batter": 1,
                "extras": 0,
                "total": 1
              }
            },
            {
              "batter": "JJ Smit",
              "bowler": "TB Sole",
              "non_striker": "CG Williams",
              "runs": {
                "batter": 0,
                "extras": 0,
                "total": 0
              }
            },
            {
              "batter": "JJ Smit",
              "bowler": "TB Sole",
              "non_striker": "CG Williams",
              "runs": {
                "batter": 6,
                "extras": 0,
                "total": 6
              }
            },
            {
              "batter": "JJ Smit",
              "bowler": "TB Sole",
              "non_striker": "CG Williams",
              "runs": {
                "batter": 2,
                "extras": 0,
                "total": 2
              }
            }
          ]
        },
        {
          "over": 16,
          "deliveries": [
            {
              "batter": "CG Williams",
              "bowler": "SM Sharif",
              "non_striker": "JJ Smit",
              "runs": {
                "batter": 1,
                "extras": 0,
                "total": 1
              }
            },
            {
              "batter": "JJ Smit",
              "bowler": "SM Sharif",
              "non_striker": "CG Williams",
              "runs": {
                "batter": 6,
                "extras": 0,
                "total": 6
              }
            },
            {
              "batter": "JJ Smit",
              "bowler": "SM Sharif",
              "extras": {
                "wides": 1
              },
              "non_striker": "CG Williams",
              "runs": {
                "batter": 0,
                "extras": 1,
                "total": 1
              }
            },
            {
              "batter": "JJ Smit",
              "bowler": "SM Sharif",
              "non_striker": "CG Williams",
              "runs": {
                "batter": 6,
                "extras": 0,
                "total": 6
              }
            },
            {
              "batter": "JJ Smit",
              "bowler": "SM Sharif",
              "non_striker": "CG Williams",
              "runs": {
                "batter": 2,
                "extras": 0,
                "total": 2
              }
            },
            {
              "batter": "JJ Smit",
              "bowler": "SM Sharif",
              "non_striker": "CG Williams",
              "runs": {
                "batter": 1,
                "extras": 0,
                "total": 1
              }
            },
            {
              "batter": "CG Williams",
              "bowler": "SM Sharif",
              "non_striker": "JJ Smit",
              "runs": {
                "batter": 0,
                "extras": 0,
                "total": 0
              }
            }
          ]
        },
        {
          "over": 17,
          "deliveries": [
            {
              "batter": "JJ Smit",
              "bowler": "MRJ Watt",
              "non_striker": "CG Williams",
              "runs": {
                "batter": 4,
                "extras": 0,
                "total": 4
              }
            },
            {
              "batter": "JJ Smit",
              "bowler": "MRJ Watt",
              "non_striker": "CG Williams",
              "runs": {
                "batter": 1,
                "extras": 0,
                "total": 1
              }
            },
            {
              "batter": "CG Williams",
              "bowler": "MRJ Watt",
              "non_striker": "JJ Smit",
              "runs": {
                "batter": 0,
                "extras": 0,
                "total": 0
              }
            },
            {
              "batter": "CG Williams",
              "bowler": "MRJ Watt",
              "non_striker": "JJ Smit",
              "runs": {
                "batter": 1,
                "extras": 0,
                "total": 1
              }
            },
            {
              "batter": "JJ Smit",
              "bowler": "MRJ Watt",
              "non_striker": "CG Williams",
              "runs": {
                "batter": 2,
                "extras": 0,
                "total": 2
              }
            },
            {
              "batter": "JJ Smit",
              "bowler": "MRJ Watt",
              "non_striker": "CG Williams",
              "runs": {
                "batter": 1,
                "extras": 0,
                "total": 1
              }
            }
          ]
        },
        {
          "over": 18,
          "deliveries": [
            {
              "batter": "JJ Smit",
              "bowler": "JH Davey",
              "non_striker": "CG Williams",
              "runs": {
                "batter": 1,
                "extras": 0,
                "total": 1
              }
            },
            {
              "batter": "CG Williams",
              "bowler": "JH Davey",
              "non_striker": "JJ Smit",
              "runs": {
                "batter": 1,
                "extras": 0,
                "total": 1
              }
            },
            {
              "batter": "JJ Smit",
              "bowler": "JH Davey",
              "non_striker": "CG Williams",
              "runs": {
                "batter": 2,
                "extras": 0,
                "total": 2
              }
            },
            {
              "batter": "JJ Smit",
              "bowler": "JH Davey",
              "non_striker": "CG Williams",
              "runs": {
                "batter": 6,
                "extras": 0,
                "total": 6
              }
            },
            {
              "batter": "JJ Smit",
              "bowler": "JH Davey",
              "non_striker": "CG Williams",
              "runs": {
                "batter": 0,
                "extras": 0,
                "total": 0
              },
              "wickets": [
                {
                  "kind": "caught",
                  "player_out": "JJ Smit",
                  "fielders": [
                    {
                      "name": "TB Sole"
                    }
                  ]
                }
              ]
            },
            {
              "batter": "CG Williams",
              "bowler": "JH Davey",
              "non_striker": "ZE Green",
              "runs": {
                "batter": 3,
                "extras": 0,
                "total": 3
              }
            }
          ]
        },
        {
          "over": 19,
          "deliveries": [
            {
              "batter": "CG Williams",
              "bowler": "SM Sharif",
              "non_striker": "ZE Green",
              "runs": {
                "batter": 0,
                "extras": 0,
                "total": 0
              }
            },
            {
              "batter": "CG Williams",
              "bowler": "SM Sharif",
              "non_striker": "ZE Green",
              "runs": {
                "batter": 0,
                "extras": 0,
                "total": 0
              },
              "wickets": [
                {
                  "kind": "bowled",
                  "player_out": "CG Williams"
                }
              ]
            },
            {
              "batter": "JN Frylinck",
              "bowler": "SM Sharif",
              "non_striker": "ZE Green",
              "runs": {
                "batter": 1,
                "extras": 0,
                "total": 1
              }
            },
            {
              "batter": "ZE Green",
              "bowler": "SM Sharif",
              "non_striker": "JN Frylinck",
              "runs": {
                "batter": 2,
                "extras": 0,
                "total": 2
              }
            },
            {
              "batter": "ZE Green",
              "bowler": "SM Sharif",
              "non_striker": "JN Frylinck",
              "runs": {
                "batter": 4,
                "extras": 0,
                "total": 4
              }
            },
            {
              "batter": "ZE Green",
              "bowler": "SM Sharif",
              "non_striker": "JN Frylinck",
              "runs": {
                "batter": 2,
                "extras": 0,
                "total": 2
              }
            }
          ]
        }
      ],
      "powerplays": [
        {
          "from": 0.1,
          "to": 5.7,
          "type": "mandatory"
        }
      ]
    },
    {
      "team": "Scotland",
      "overs": [
        {
          "over": 0,
          "deliveries": [
            {
              "batter": "HG Munsey",
              "bowler": "B Shikongo",
              "non_striker": "CD Wallace",
              "runs": {
                "batter": 4,
                "extras": 0,
                "total": 4
              }
            },
            {
              "batter": "HG Munsey",
              "bowler": "B Shikongo",
              "non_striker": "CD Wallace",
              "runs": {
                "batter": 4,
                "extras": 0,
                "total": 4
              }
            },
            {
              "batter": "HG Munsey",
              "bowler": "B Shikongo",
              "non_striker": "CD Wallace",
              "runs": {
                "batter": 1,
                "extras": 0,
                "total": 1
              }
            },
            {
              "batter": "CD Wallace",
              "bowler": "B Shikongo",
              "non_striker": "HG Munsey",
              "runs": {
                "batter": 0,
                "extras": 0,
                "total": 0
              }
            },
            {
              "batter": "CD Wallace",
              "bowler": "B Shikongo",
              "extras": {
                "wides": 1
              },
              "non_striker": "HG Munsey",
              "runs": {
                "batter": 0,
                "extras": 1,
                "total": 1
              }
            },
            {
              "batter": "CD Wallace",
              "bowler": "B Shikongo",
              "non_striker": "HG Munsey",
              "runs": {
                "batter": 0,
                "extras": 0,
                "total": 0
              },
              "wickets": [
                {
                  "kind": "bowled",
                  "player_out": "CD Wallace"
                }
              ]
            },
            {
              "batter": "CS MacLeod",
              "bowler": "B Shikongo",
              "non_striker": "HG Munsey",
              "runs": {
                "batter": 1,
                "extras": 0,
                "total": 1
              }
            }
          ]
        },
        {
          "over": 1,
          "deliveries": [
            {
              "batter": "CS MacLeod",
              "bowler": "JN Frylinck",
              "non_striker": "HG Munsey",
              "runs": {
                "batter": 2,
                "extras": 0,
                "total": 2
              }
            },
            {
              "batter": "CS MacLeod",
              "bowler": "JN Frylinck",
              "non_striker": "HG Munsey",
              "runs": {
                "batter": 0,
                "extras": 0,
                "total": 0
              }
            },
            {
              "batter": "CS MacLeod",
              "bowler": "JN Frylinck",
              "non_striker": "HG Munsey",
              "runs": {
                "batter": 0,
                "extras": 0,
                "total": 0
              }
            },
            {
              "batter": "CS MacLeod",
              "bowler": "JN Frylinck",
              "non_striker": "HG Munsey",
              "runs": {
                "batter": 0,
                "extras": 0,
                "total": 0
              }
            },
            {
              "batter": "CS MacLeod",
              "bowler": "JN Frylinck",
              "non_striker": "HG Munsey",
              "runs": {
                "batter": 0,
                "extras": 0,
                "total": 0
              }
            },
            {
              "batter": "CS MacLeod",
              "bowler": "JN Frylinck",
              "non_striker": "HG Munsey",
              "runs": {
                "batter": 4,
                "extras": 0,
                "total": 4
              }
            }
          ]
        },
        {
          "over": 2,
          "deliveries": [
            {
              "batter": "HG Munsey",
              "bowler": "JJ Smit",
              "non_striker": "CS MacLeod",
              "runs": {
                "batter": 0,
                "extras": 0,
                "total": 0
              }
            },
            {
              "batter": "HG Munsey",
              "bowler": "JJ Smit",
              "non_striker": "CS MacLeod",
              "runs": {
                "batter": 2,
                "extras": 0,
                "total": 2
              },
              "wickets": [
                {
                  "kind": "run out",
                  "player_out": "HG Munsey"
                }
              ]
            },
            {
              "batter": "CS MacLeod",
              "bowler": "JJ Smit",
              "non_striker": "RD Berrington",
              "runs": {
                "batter": 0,
                "extras": 0,
                "total": 0
              }
            },
            {
              "batter": "CS MacLeod",
              "bowler": "JJ Smit",
              "non_striker": "RD Berrington",
              "runs": {
                "batter": 0,
                "extras": 0,
                "total": 0
              }
            },
            {
              "batter": "CS MacLeod",
              "bowler": "JJ Smit",
              "non_striker": "RD Berrington",
              "runs": {
                "batter": 0,
                "extras": 0,
                "total": 0
              }
            },
            {
              "batter": "CS MacLeod",
              "bowler": "JJ Smit",
              "non_striker": "RD Berrington",
              "runs": {
                "batter": 0,
                "extras": 0,
                "total": 0
              }
            }
          ]
        },
        {
          "over": 3,
          "deliveries": [
            {
              "batter": "RD Berrington",
              "bowler": "C Viljoen",
              "non_striker": "CS MacLeod",
              "runs": {
                "batter": 0,
                "extras": 0,
                "total": 0
              }
            },
            {
              "batter": "RD Berrington",
              "bowler": "C Viljoen",
              "non_striker": "CS MacLeod",
              "runs": {
                "batter": 0,
                "extras": 0,
                "total": 0
              }
            },
            {
              "batter": "RD Berrington",
              "bowler": "C Viljoen",
              "non_striker": "CS MacLeod",
              "runs": {
                "batter": 0,
                "extras": 0,
                "total": 0
              }
            },
            {
              "batter": "RD Berrington",
              "bowler": "C Viljoen",
              "non_striker": "CS MacLeod",
              "runs": {
                "batter": 2,
                "extras": 0,
                "total": 2
              }
            },
            {
              "batter": "RD Berrington",
              "bowler": "C Viljoen",
              "non_striker": "CS MacLeod",
              "runs": {
                "batter": 0,
                "extras": 0,
                "total": 0
              }
            },
            {
              "batter": "RD Berrington",
              "bowler": "C Viljoen",
              "non_striker": "CS MacLeod",
              "runs": {
                "batter": 2,
                "extras": 0,
                "total": 2
              }
            }
          ]
        },
        {
          "over": 4,
          "deliveries": [
            {
              "batter": "CS MacLeod",
              "bowler": "JJ Smit",
              "non_striker": "RD Berrington",
              "runs": {
                "batter": 0,
                "extras": 0,
                "total": 0
              }
            },
            {
              "batter": "CS MacLeod",
              "bowler": "JJ Smit",
              "non_striker": "RD Berrington",
              "runs": {
                "batter": 0,
                "extras": 0,
                "total": 0
              }
            },
            {
              "batter": "CS MacLeod",
              "bowler": "JJ Smit",
              "non_striker": "RD Berrington",
              "runs": {
                "batter": 1,
                "extras": 0,
                "total": 1
              }
            },
            {
              "batter": "RD Berrington",
              "bowler": "JJ Smit",
              "non_striker": "CS MacLeod",
              "runs": {
                "batter": 0,
                "extras": 0,
                "total": 0
              }
            },
            {
              "batter": "RD Berrington",
              "bowler": "JJ Smit",
              "non_striker": "CS MacLeod",
              "runs": {
                "batter": 0,
                "extras": 0,
                "total": 0
              }
            },
            {
              "batter": "RD Berrington",
              "bowler": "JJ Smit",
              "non_striker": "CS MacLeod",
              "runs": {
                "batter": 6,
                "extras": 0,
                "total": 6
              }
            }
          ]
        },
        {
          "over": 5,
          "deliveries": [
            {
              "batter": "CS MacLeod",
              "bowler": "JN Frylinck",
              "non_striker": "RD Berrington",
              "runs": {
                "batter": 1,
                "extras": 0,
                "total": 1
              }
            },
            {
              "batter": "RD Berrington",
              "bowler": "JN Frylinck",
              "non_striker": "CS MacLeod",
              "runs": {
                "batter": 1,
                "extras": 0,
                "total": 1
              }
            },
            {
              "batter": "CS MacLeod",
              "bowler": "JN Frylinck",
              "non_striker": "RD Berrington",
              "runs": {
                "batter": 1,
                "extras": 0,
                "total": 1
              }
            },
            {
              "batter": "RD Berrington",
              "bowler": "JN Frylinck",
              "non_striker": "CS MacLeod",
              "runs": {
                "batter": 0,
                "extras": 0,
                "total": 0
              }
            },
            {
              "batter": "RD Berrington",
              "bowler": "JN Frylinck",
              "non_striker": "CS MacLeod",
              "runs": {
                "batter": 0,
                "extras": 0,
                "total": 0
              }
            },
            {
              "batter": "RD Berrington",
              "bowler": "JN Frylinck",
              "non_striker": "CS MacLeod",
              "runs": {
                "batter": 1,
                "extras": 0,
                "total": 1
              }
            }
          ]
        },
        {
          "over": 6,
          "deliveries": [
            {
              "batter": "RD Berrington",
              "bowler": "BM Scholtz",
              "non_striker": "CS MacLeod",
              "runs": {
                "batter": 0,
                "extras": 0,
                "total": 0
              }
            },
            {
              "batter": "RD Berrington",
              "bowler": "BM Scholtz",
              "non_striker": "CS MacLeod",
              "runs": {
                "batter": 4,
                "extras": 0,
                "total": 4
              }
            },
            {
              "batter": "RD Berrington",
              "bowler": "BM Scholtz",
              "extras": {
                "legbyes": 1
              },
              "non_striker": "CS MacLeod",
              "runs": {
                "batter": 0,
                "extras": 1,
                "total": 1
              }
            },
            {
              "batter": "CS MacLeod",
              "bowler": "BM Scholtz",
              "non_striker": "RD Berrington",
              "runs": {
                "batter": 2,
                "extras": 0,
                "total": 2
              }
            },
            {
              "batter": "CS MacLeod",
              "bowler": "BM Scholtz",
              "non_striker": "RD Berrington",
              "runs": {
                "batter": 1,
                "extras": 0,
                "total": 1
              }
            },
            {
              "batter": "RD Berrington",
              "bowler": "BM Scholtz",
              "non_striker": "CS MacLeod",
              "runs": {
                "batter": 1,
                "extras": 0,
                "total": 1
              }
            }
          ]
        },
        {
          "over": 7,
          "deliveries": [
            {
              "batter": "RD Berrington",
              "bowler": "CG Williams",
              "extras": {
                "wides": 1
              },
              "non_striker": "CS MacLeod",
              "runs": {
                "batter": 0,
                "extras": 1,
                "total": 1
              }
            },
            {
              "batter": "RD Berrington",
              "bowler": "CG Williams",
              "non_striker": "CS MacLeod",
              "runs": {
                "batter": 1,
                "extras": 0,
                "total": 1
              }
            },
            {
              "batter": "CS MacLeod",
              "bowler": "CG Williams",
              "non_striker": "RD Berrington",
              "runs": {
                "batter": 1,
                "extras": 0,
                "total": 1
              }
            },
            {
              "batter": "RD Berrington",
              "bowler": "CG Williams",
              "non_striker": "CS MacLeod",
              "runs": {
                "batter": 1,
                "extras": 0,
                "total": 1
              }
            },
            {
              "batter": "CS MacLeod",
              "bowler": "CG Williams",
              "non_striker": "RD Berrington",
              "runs": {
                "batter": 1,
                "extras": 0,
                "total": 1
              }
            },
            {
              "batter": "RD Berrington",
              "bowler": "CG Williams",
              "non_striker": "CS MacLeod",
              "runs": {
                "batter": 1,
                "extras": 0,
                "total": 1
              }
            },
            {
              "batter": "CS MacLeod",
              "bowler": "CG Williams",
              "extras": {
                "legbyes": 1
              },
              "non_striker": "RD Berrington",
              "runs": {
                "batter": 0,
                "extras": 1,
                "total": 1
              }
            }
          ]
        },
        {
          "over": 8,
          "deliveries": [
            {
              "batter": "CS MacLeod",
              "bowler": "BM Scholtz",
              "non_striker": "RD Berrington",
              "runs": {
                "batter": 6,
                "extras": 0,
                "total": 6
              }
            },
            {
              "batter": "CS MacLeod",
              "bowler": "BM Scholtz",
              "non_striker": "RD Berrington",
              "runs": {
                "batter": 0,
                "extras": 0,
                "total": 0
              }
            },
            {
              "batter": "CS MacLeod",
              "bowler": "BM Scholtz",
              "non_striker": "RD Berrington",
              "runs": {
                "batter": 0,
                "extras": 0,
                "total": 0
              }
            },
            {
              "batter": "CS MacLeod",
              "bowler": "BM Scholtz",
              "non_striker": "RD Berrington",
              "runs": {
                "batter": 1,
                "extras": 0,
                "total": 1
              }
            },
            {
              "batter": "RD Berrington",
              "bowler": "BM Scholtz",
              "non_striker": "CS MacLeod",
              "runs": {
                "batter": 1,
                "extras": 0,
                "total": 1
              }
            },
            {
              "batter": "CS MacLeod",
              "bowler": "BM Scholtz",
              "non_striker": "RD Berrington",
              "runs": {
                "batter": 1,
                "extras": 0,
                "total": 1
              }
            }
          ]
        },
        {
          "over": 9,
          "deliveries": [
            {
              "batter": "CS MacLeod",
              "bowler": "CG Williams",
              "non_striker": "RD Berrington",
              "runs": {
                "batter": 0,
                "extras": 0,
                "total": 0
              }
            },
            {
              "batter": "CS MacLeod",
              "bowler": "CG Williams",
              "non_striker": "RD Berrington",
              "runs": {
                "batter": 1,
                "extras": 0,
                "total": 1
              }
            },
            {
              "batter": "RD Berrington",
              "bowler": "CG Williams",
              "non_striker": "CS MacLeod",
              "runs": {
                "batter": 1,
                "extras": 0,
                "total": 1
              }
            },
            {
              "batter": "CS MacLeod",
              "bowler": "CG Williams",
              "non_striker": "RD Berrington",
              "runs": {
                "batter": 2,
                "extras": 0,
                "total": 2
              }
            },
            {
              "batter": "CS MacLeod",
              "bowler": "CG Williams",
              "non_striker": "RD Berrington",
              "runs": {
                "batter": 0,
                "extras": 0,
                "total": 0
              }
            },
            {
              "batter": "CS MacLeod",
              "bowler": "CG Williams",
              "non_striker": "RD Berrington",
              "runs": {
                "batter": 1,
                "extras": 0,
                "total": 1
              }
            }
          ]
        },
        {
          "over": 10,
          "deliveries": [
            {
              "batter": "CS MacLeod",
              "bowler": "C Viljoen",
              "non_striker": "RD Berrington",
              "runs": {
                "batter": 1,
                "extras": 0,
                "total": 1
              }
            },
            {
              "batter": "RD Berrington",
              "bowler": "C Viljoen",
              "non_striker": "CS MacLeod",
              "runs": {
                "batter": 1,
                "extras": 0,
                "total": 1
              }
            },
            {
              "batter": "CS MacLeod",
              "bowler": "C Viljoen",
              "non_striker": "RD Berrington",
              "runs": {
                "batter": 1,
                "extras": 0,
                "total": 1
              }
            },
            {
              "batter": "RD Berrington",
              "bowler": "C Viljoen",
              "non_striker": "CS MacLeod",
              "runs": {
                "batter": 0,
                "extras": 0,
                "total": 0
              },
              "wickets": [
                {
                  "kind": "caught",
                  "player_out": "RD Berrington",
                  "fielders": [
                    {
                      "name": "JN Frylinck"
                    }
                  ]
                }
              ]
            },
            {
              "batter": "CS MacLeod",
              "bowler": "C Viljoen",
              "non_striker": "MA Leask",
              "runs": {
                "batter": 1,
                "extras": 0,
                "total": 1
              }
            },
            {
              "batter": "MA Leask",
              "bowler": "C Viljoen",
              "non_striker": "CS MacLeod",
              "runs": {
                "batter": 1,
                "extras": 0,
                "total": 1
              }
            }
          ]
        },
        {
          "over": 11,
          "deliveries": [
            {
              "batter": "MA Leask",
              "bowler": "CG Williams",
              "non_striker": "CS MacLeod",
              "runs": {
                "batter": 1,
                "extras": 0,
                "total": 1
              }
            },
            {
              "batter": "CS MacLeod",
              "bowler": "CG Williams",
              "non_striker": "MA Leask",
              "runs": {
                "batter": 0,
                "extras": 0,
                "total": 0
              }
            },
            {
              "batter": "CS MacLeod",
              "bowler": "CG Williams",
              "non_striker": "MA Leask",
              "runs": {
                "batter": 2,
                "extras": 0,
                "total": 2
              }
            },
            {
              "batter": "CS MacLeod",
              "bowler": "CG Williams",
              "non_striker": "MA Leask",
              "runs": {
                "batter": 1,
                "extras": 0,
                "total": 1
              }
            },
            {
              "batter": "MA Leask",
              "bowler": "CG Williams",
              "non_striker": "CS MacLeod",
              "runs": {
                "batter": 0,
                "extras": 0,
                "total": 0
              }
            },
            {
              "batter": "MA Leask",
              "bowler": "CG Williams",
              "non_striker": "CS MacLeod",
              "runs": {
                "batter": 6,
                "extras": 0,
                "total": 6
              }
            }
          ]
        },
        {
          "over": 12,
          "deliveries": [
            {
              "batter": "CS MacLeod",
              "bowler": "JN Frylinck",
              "non_striker": "MA Leask",
              "runs": {
                "batter": 0,
                "extras": 0,
                "total": 0
              }
            },
            {
              "batter": "CS MacLeod",
              "bowler": "JN Frylinck",
              "non_striker": "MA Leask",
              "runs": {
                "batter": 1,
                "extras": 0,
                "total": 1
              }
            },
            {
              "batter": "MA Leask",
              "bowler": "JN Frylinck",
              "non_striker": "CS MacLeod",
              "runs": {
                "batter": 0,
                "extras": 0,
                "total": 0
              }
            },
            {
              "batter": "MA Leask",
              "bowler": "JN Frylinck",
              "non_striker": "CS MacLeod",
              "runs": {
                "batter": 0,
                "extras": 0,
                "total": 0
              }
            },
            {
              "batter": "MA Leask",
              "bowler": "JN Frylinck",
              "non_striker": "CS MacLeod",
              "runs": {
                "batter": 0,
                "extras": 0,
                "total": 0
              },
              "wickets": [
                {
                  "kind": "caught",
                  "player_out": "MA Leask",
                  "fielders": [
                    {
                      "name": "JJ Smit"
                    }
                  ]
                }
              ]
            },
            {
              "batter": "CS MacLeod",
              "bowler": "JN Frylinck",
              "non_striker": "MH Cross",
              "runs": {
                "batter": 1,
                "extras": 0,
                "total": 1
              }
            }
          ]
        },
        {
          "over": 13,
          "deliveries": [
            {
              "batter": "CS MacLeod",
              "bowler": "BM Scholtz",
              "non_striker": "MH Cross",
              "runs": {
                "batter": 1,
                "extras": 0,
                "total": 1
              }
            },
            {
              "batter": "MH Cross",
              "bowler": "BM Scholtz",
              "non_striker": "CS MacLeod",
              "runs": {
                "batter": 1,
                "extras": 0,
                "total": 1
              }
            },
            {
              "batter": "CS MacLeod",
              "bowler": "BM Scholtz",
              "non_striker": "MH Cross",
              "runs": {
                "batter": 0,
                "extras": 0,
                "total": 0
              }
            },
            {
              "batter": "CS MacLeod",
              "bowler": "BM Scholtz",
              "non_striker": "MH Cross",
              "runs": {
                "batter": 1,
                "extras": 0,
                "total": 1
              }
            },
            {
              "batter": "MH Cross",
              "bowler": "BM Scholtz",
              "non_striker": "CS MacLeod",
              "runs": {
                "batter": 4,
                "extras": 0,
                "total": 4
              }
            },
            {
              "batter": "MH Cross",
              "bowler": "BM Scholtz",
              "non_striker": "CS MacLeod",
              "runs": {
                "batter": 1,
                "extras": 0,
                "total": 1
              }
            }
          ]
        },
        {
          "over": 14,
          "deliveries": [
            {
              "batter": "MH Cross",
              "bowler": "JN Frylinck",
              "non_striker": "CS MacLeod",
              "runs": {
                "batter": 1,
                "extras": 0,
                "total": 1
              }
            },
            {
              "batter": "CS MacLeod",
              "bowler": "JN Frylinck",
              "non_striker": "MH Cross",
              "runs": {
                "batter": 1,
                "extras": 0,
                "total": 1
              }
            },
            {
              "batter": "MH Cross",
              "bowler": "JN Frylinck",
              "extras": {
                "legbyes": 1
              },
              "non_striker": "CS MacLeod",
              "runs": {
                "batter": 0,
                "extras": 1,
                "total": 1
              }
            },
            {
              "batter": "CS MacLeod",
              "bowler": "JN Frylinck",
              "non_striker": "MH Cross",
              "runs": {
                "batter": 1,
                "extras": 0,
                "total": 1
              }
            },
            {
              "batter": "MH Cross",
              "bowler": "JN Frylinck",
              "extras": {
                "legbyes": 1
              },
              "non_striker": "CS MacLeod",
              "runs": {
                "batter": 0,
                "extras": 1,
                "total": 1
              }
            },
            {
              "batter": "CS MacLeod",
              "bowler": "JN Frylinck",
              "non_striker": "MH Cross",
              "runs": {
                "batter": 0,
                "extras": 0,
                "total": 0
              },
              "wickets": [
                {
                  "kind": "caught",
                  "player_out": "CS MacLeod",
                  "fielders": [
                    {
                      "name": "C Viljoen"
                    }
                  ]
                }
              ]
            }
          ]
        },
        {
          "over": 15,
          "deliveries": [
            {
              "batter": "MH Cross",
              "bowler": "BM Scholtz",
              "non_striker": "TB Sole",
              "runs": {
                "batter": 1,
                "extras": 0,
                "total": 1
              }
            },
            {
              "batter": "TB Sole",
              "bowler": "BM Scholtz",
              "non_striker": "MH Cross",
              "runs": {
                "batter": 1,
                "extras": 0,
                "total": 1
              }
            },
            {
              "batter": "MH Cross",
              "bowler": "BM Scholtz",
              "extras": {
                "legbyes": 1
              },
              "non_striker": "TB Sole",
              "runs": {
                "batter": 0,
                "extras": 1,
                "total": 1
              }
            },
            {
              "batter": "TB Sole",
              "bowler": "BM Scholtz",
              "non_striker": "MH Cross",
              "runs": {
                "batter": 0,
                "extras": 0,
                "total": 0
              },
              "wickets": [
                {
                  "kind": "caught",
                  "player_out": "TB Sole",
                  "fielders": [
                    {
                      "name": "MG Erasmus"
                    }
                  ]
                }
              ]
            },
            {
              "batter": "MH Cross",
              "bowler": "BM Scholtz",
              "non_striker": "MRJ Watt",
              "runs": {
                "batter": 1,
                "extras": 0,
                "total": 1
              }
            },
            {
              "batter": "MRJ Watt",
              "bowler": "BM Scholtz",
              "non_striker": "MH Cross",
              "runs": {
                "batter": 0,
                "extras": 0,
                "total": 0
              }
            }
          ]
        },
        {
          "over": 16,
          "deliveries": [
            {
              "batter": "MH Cross",
              "bowler": "JJ Smit",
              "extras": {
                "wides": 1
              },
              "non_striker": "MRJ Watt",
              "runs": {
                "batter": 0,
                "extras": 1,
                "total": 1
              }
            },
            {
              "batter": "MH Cross",
              "bowler": "JJ Smit",
              "non_striker": "MRJ Watt",
              "runs": {
                "batter": 0,
                "extras": 0,
                "total": 0
              },
              "wickets": [
                {
                  "kind": "caught",
                  "player_out": "MH Cross",
                  "fielders": [
                    {
                      "name": "MG Erasmus"
                    }
                  ]
                }
              ]
            },
            {
              "batter": "MRJ Watt",
              "bowler": "JJ Smit",
              "non_striker": "SM Sharif",
              "runs": {
                "batter": 2,
                "extras": 0,
                "total": 2
              }
            },
            {
              "batter": "MRJ Watt",
              "bowler": "JJ Smit",
              "non_striker": "SM Sharif",
              "runs": {
                "batter": 1,
                "extras": 0,
                "total": 1
              }
            },
            {
              "batter": "SM Sharif",
              "bowler": "JJ Smit",
              "non_striker": "MRJ Watt",
              "runs": {
                "batter": 1,
                "extras": 0,
                "total": 1
              }
            },
            {
              "batter": "MRJ Watt",
              "bowler": "JJ Smit",
              "extras": {
                "wides": 1
              },
              "non_striker": "SM Sharif",
              "runs": {
                "batter": 0,
                "extras": 1,
                "total": 1
              }
            },
            {
              "batter": "MRJ Watt",
              "bowler": "JJ Smit",
              "non_striker": "SM Sharif",
              "runs": {
                "batter": 1,
                "extras": 0,
                "total": 1
              }
            },
            {
              "batter": "SM Sharif",
              "bowler": "JJ Smit",
              "non_striker": "MRJ Watt",
              "runs": {
                "batter": 1,
                "extras": 0,
                "total": 1
              }
            }
          ]
        },
        {
          "over": 17,
          "deliveries": [
            {
              "batter": "SM Sharif",
              "bowler": "C Viljoen",
              "non_striker": "MRJ Watt",
              "runs": {
                "batter": 1,
                "extras": 0,
                "total": 1
              }
            },
            {
              "batter": "MRJ Watt",
              "bowler": "C Viljoen",
              "non_striker": "SM Sharif",
              "runs": {
                "batter": 0,
                "extras": 0,
                "total": 0
              }
            },
            {
              "batter": "MRJ Watt",
              "bowler": "C Viljoen",
              "non_striker": "SM Sharif",
              "runs": {
                "batter": 0,
                "extras": 0,
                "total": 0
              },
              "wickets": [
                {
                  "kind": "caught",
                  "player_out": "MRJ Watt",
                  "fielders": [
                    {
                      "name": "SJ Baard"
                    }
                  ]
                }
              ]
            },
            {
              "batter": "JH Davey",
              "bowler": "C Viljoen",
              "non_striker": "SM Sharif",
              "runs": {
                "batter": 1,
                "extras": 0,
                "total": 1
              }
            },
            {
              "batter": "SM Sharif",
              "bowler": "C Viljoen",
              "non_striker": "JH Davey",
              "runs": {
                "batter": 1,
                "extras": 0,
                "total": 1
              }
            },
            {
              "batter": "JH Davey",
              "bowler": "C Viljoen",
              "non_striker": "SM Sharif",
              "runs": {
                "batter": 1,
                "extras": 0,
                "total": 1
              }
            }
          ]
        },
        {
          "over": 18,
          "deliveries": [
            {
              "batter": "JH Davey",
              "bowler": "JJ Smit",
              "non_striker": "SM Sharif",
              "runs": {
                "batter": 0,
                "extras": 0,
                "total": 0
              }
            },
            {
              "batter": "JH Davey",
              "bowler": "JJ Smit",
              "non_striker": "SM Sharif",
              "runs": {
                "batter": 1,
                "extras": 0,
                "total": 1
              }
            },
            {
              "batter": "SM Sharif",
              "bowler": "JJ Smit",
              "extras": {
                "wides": 1
              },
              "non_striker": "JH Davey",
              "runs": {
                "batter": 0,
                "extras": 1,
                "total": 1
              }
            },
            {
              "batter": "SM Sharif",
              "bowler": "JJ Smit",
              "non_striker": "JH Davey",
              "runs": {
                "batter": 4,
                "extras": 0,
                "total": 4
              }
            },
            {
              "batter": "SM Sharif",
              "bowler": "JJ Smit",
              "non_striker": "JH Davey",
              "runs": {
                "batter": 1,
                "extras": 0,
                "total": 1
              }
            },
            {
              "batter": "JH Davey",
              "bowler": "JJ Smit",
              "non_striker": "SM Sharif",
              "runs": {
                "batter": 6,
                "extras": 0,
                "total": 6
              }
            },
            {
              "batter": "JH Davey",
              "bowler": "JJ Smit",
              "non_striker": "SM Sharif",
              "runs": {
                "batter": 1,
                "extras": 0,
                "total": 1
              }
            }
          ]
        },
        {
          "over": 19,
          "deliveries": [
            {
              "batter": "JH Davey",
              "bowler": "C Viljoen",
              "non_striker": "SM Sharif",
              "runs": {
                "batter": 1,
                "extras": 0,
                "total": 1
              }
            },
            {
              "batter": "SM Sharif",
              "bowler": "C Viljoen",
              "non_striker": "JH Davey",
              "runs": {
                "batter": 2,
                "extras": 0,
                "total": 2
              }
            },
            {
              "batter": "SM Sharif",
              "bowler": "C Viljoen",
              "non_striker": "JH Davey",
              "runs": {
                "batter": 4,
                "extras": 0,
                "total": 4
              }
            },
            {
              "batter": "SM Sharif",
              "bowler": "C Viljoen",
              "extras": {
                "wides": 1
              },
              "non_striker": "JH Davey",
              "runs": {
                "batter": 0,
                "extras": 1,
                "total": 1
              }
            },
            {
              "batter": "SM Sharif",
              "bowler": "C Viljoen",
              "non_striker": "JH Davey",
              "runs": {
                "batter": 1,
                "extras": 0,
                "total": 1
              }
            },
            {
              "batter": "JH Davey",
              "bowler": "C Viljoen",
              "non_striker": "SM Sharif",
              "runs": {
                "batter": 1,
                "extras": 0,
                "total": 1
              }
            },
            {
              "batter": "SM Sharif",
              "bowler": "C Viljoen",
              "non_striker": "JH Davey",
              "runs": {
                "batter": 1,
                "extras": 0,
                "total": 1
              }
            }
          ]
        }
      ],
      "powerplays": [
        {
          "from": 0.1,
          "to": 5.6,
          "type": "mandatory"
        }
      ],
      "target": {
        "overs": 20,
        "runs": 160
      }
    }
  ]
}