{
  "meta": {
    "data_version": "1.0.0",
    "created": "2019-10-23",
    "revision": 1
  },
  "info": {
    "balls_per_over": 6,
    "city": "Abu Dhabi",
    "dates": [
      "2019-10-21"
    ],
    "event": {
      "name": "ICC Men's T20 World Cup Qualifier",
      "match_number": 15,
      "group": "B"
    },
    "gender": "male",
    "match_type": "T20",
    "match_type_number": 950,
    "officials": {
      "match_referees": [
        "GS Lakshmi"
      ],
      "reserve_umpires": [
        "LE Hannibal"
      ],
      "umpires": [
        "AG Wharf",
        "S Ravi"
      ]
    },
    "outcome": {
      "winner": "United Arab Emirates",
      "by": {
        "wickets": 8
      }
    },
    "overs": 20,
    "player_of_match": [
      "Rameez Shahzad"
    ],
    "players": {
      "Hong Kong": [
        "Nizakat Khan",
        "Ahsan Abbasi",
        "KD Shah",
        "Aizaz Khan",
        "Waqas Barkat",
        "Simandeep Singh",
        "Haroon Arshad",
        "SS McKechnie",
        "Ehsan Khan",
        "Raag Kapur",
        "K Christie"
      ],
      "United Arab Emirates": [
        "Chirag Suri",
        "Rohan Mustafa",
        "Rameez Shahzad",
        "Waheed Ahmed",
        "Muhammad Usman",
        "Junaid Siddique",
        "DDP D'Silva",
        "Mohammad Boota",
        "Ahmed Raza",
        "Imran Haider",
        "Zahoor Khan"
      ]
    },
    "registry": {
      "people": {
        "AG Wharf": "2e0fcc58",
        "Ahmed Raza": "79b4839e",
        "Ahsan Abbasi": "4f21dc48",
        "Aizaz Khan": "f6c2659d",
        "Chirag Suri": "6176f240",
        "DDP D'Silva": "07b6f54c",
        "Ehsan Khan": "d3851cd8",
        "GS Lakshmi": "ba8d5615",
        "Haroon Arshad": "be0f9ce9",
        "Imran Haider": "0226b73a",
        "Junaid Siddique": "84dc72db",
        "K Christie": "65122d56",
        "KD Shah": "d5ae21a2",
        "LE Hannibal": "3c04e91a",
        "Mohammad Boota": "39713d08",
        "Muhammad Usman": "45642393",
        "Nizakat Khan": "e3eb9e46",
        "Raag Kapur": "296358c9",
        "Rameez Shahzad": "e045c165",
        "Rohan Mustafa": "d1988788",
        "S Ravi": "9b9ee0df",
        "SS McKechnie": "e6dd77bb",
        "Simandeep Singh": "2a242d58",
        "Waheed Ahmed": "3df3f50b",
        "Waqas Barkat": "a2eac9df",
        "Zahoor Khan": "f0e293b0"
      }
    },
    "season": "2019/20",
    "team_type": "international",
    "teams": [
      "United Arab Emirates",
      "Hong Kong"
    ],
    "toss": {
      "decision": "bat",
      "winner": "Hong Kong"
    },
    "venue": "Sheikh Zayed Stadium"
  },
  "innings": [
    {
      "team": "Hong Kong",
      "overs": [
        {
          "over": 0,
          "deliveries": [
            {
              "batter": "Nizakat Khan",
              "bowler": "Junaid Siddique",
              "non_striker": "Ahsan Abbasi",
              "runs": {
                "batter": 0,
                "extras": 0,
                "total": 0
              }
            },
            {
              "batter": "Nizakat Khan",
              "bowler": "Junaid Siddique",
              "non_striker": "Ahsan Abbasi",
              "runs": {
                "batter": 0,
                "extras": 0,
                "total": 0
              }
            },
            {
              "batter": "Nizakat Khan",
              "bowler": "Junaid Siddique",
              "non_striker": "Ahsan Abbasi",
              "runs": {
                "batter": 0,
                "extras": 0,
                "total": 0
              }
            },
            {
              "batter": "Nizakat Khan",
              "bowler": "Junaid Siddique",
              "non_striker": "Ahsan Abbasi",
              "runs": {
                "batter": 0,
                "extras": 0,
                "total": 0
              }
            },
            {
              "batter": "Nizakat Khan",
              "bowler": "Junaid Siddique",
              "non_striker": "Ahsan Abbasi",
              "runs": {
                "batter": 0,
                "extras": 0,
                "total": 0
              }
            },
            {
              "batter": "Nizakat Khan",
              "bowler": "Junaid Siddique",
              "extras": {
                "wides": 1
              },
              "non_striker": "Ahsan Abbasi",
              "runs": {
                "batter": 0,
                "extras": 1,
                "total": 1
              }
            },
            {
              "batter": "Nizakat Khan",
              "bowler": "Junaid Siddique",
              "non_striker": "Ahsan Abbasi",
              "runs": {
                "batter": 1,
                "extras": 0,
                "total": 1
              }
            }
          ]
        },
        {
          "over": 1,
          "deliveries": [
            {
              "batter": "Nizakat Khan",
              "bowler": "Ahmed Raza",
              "non_striker": "Ahsan Abbasi",
              "runs": {
                "batter": 0,
                "extras": 0,
                "total": 0
              }
            },
            {
              "batter": "Nizakat Khan",
              "bowler": "Ahmed Raza",
              "non_striker": "Ahsan Abbasi",
              "runs": {
                "batter": 4,
                "extras": 0,
                "total": 4
              }
            },
            {
              "batter": "Nizakat Khan",
              "bowler": "Ahmed Raza",
              "non_striker": "Ahsan Abbasi",
              "runs": {
                "batter": 1,
                "extras": 0,
                "total": 1
              }
            },
            {
              "batter": "Ahsan Abbasi",
              "bowler": "Ahmed Raza",
              "non_striker": "Nizakat Khan",
              "runs": {
                "batter": 1,
                "extras": 0,
                "total": 1
              }
            },
            {
              "batter": "Nizakat Khan",
              "bowler": "Ahmed Raza",
              "non_striker": "Ahsan Abbasi",
              "runs": {
                "batter": 0,
                "extras": 0,
                "total": 0
              }
            },
            {
              "batter": "Nizakat Khan",
              "bowler": "Ahmed Raza",
              "non_striker": "Ahsan Abbasi",
              "runs": {
                "batter": 0,
                "extras": 0,
                "total": 0
              }
            }
          ]
        },
        {
          "over": 2,
          "deliveries": [
            {
              "batter": "Ahsan Abbasi",
              "bowler": "Junaid Siddique",
              "non_striker": "Nizakat Khan",
              "runs": {
                "batter": 0,
                "extras": 0,
                "total": 0
              }
            },
            {
              "batter": "Ahsan Abbasi",
              "bowler": "Junaid Siddique",
              "non_striker": "Nizakat Khan",
              "runs": {
                "batter": 1,
                "extras": 0,
                "total": 1
              }
            },
            {
              "batter": "Nizakat Khan",
              "bowler": "Junaid Siddique",
              "non_striker": "Ahsan Abbasi",
              "runs": {
                "batter": 0,
                "extras": 0,
                "total": 0
              }
            },
            {
              "batter": "Nizakat Khan",
              "bowler": "Junaid Siddique",
              "non_striker": "Ahsan Abbasi",
              "runs": {
                "batter": 4,
                "extras": 0,
                "total": 4
              }
            },
            {
              "batter": "Nizakat Khan",
              "bowler": "Junaid Siddique",
              "non_striker": "Ahsan Abbasi",
              "runs": {
                "batter": 0,
                "extras": 0,
                "total": 0
              }
            },
            {
              "batter": "Nizakat Khan",
              "bowler": "Junaid Siddique",
              "non_striker": "Ahsan Abbasi",
              "runs": {
                "batter": 2,
                "extras": 0,
                "total": 2
              }
            }
          ]
        },
        {
          "over": 3,
          "deliveries": [
            {
              "batter": "Ahsan Abbasi",
              "bowler": "Ahmed Raza",
              "non_striker": "Nizakat Khan",
              "runs": {
                "batter": 1,
                "extras": 0,
                "total": 1
              }
            },
            {
              "batter": "Nizakat Khan",
              "bowler": "Ahmed Raza",
              "non_striker": "Ahsan Abbasi",
              "runs": {
                "batter": 1,
                "extras": 0,
                "total": 1
              }
            },
            {
              "batter": "Ahsan Abbasi",
              "bowler": "Ahmed Raza",
              "non_striker": "Nizakat Khan",
              "runs": {
                "batter": 0,
                "extras": 0,
                "total": 0
              }
            },
            {
              "batter": "Ahsan Abbasi",
              "bowler": "Ahmed Raza",
              "non_striker": "Nizakat Khan",
              "runs": {
                "batter": 0,
                "extras": 0,
                "total": 0
              }
            },
            {
              "batter": "Ahsan Abbasi",
              "bowler": "Ahmed Raza",
              "non_striker": "Nizakat Khan",
              "runs": {
                "batter": 0,
                "extras": 0,
                "total": 0
              }
            },
            {
              "batter": "Ahsan Abbasi",
              "bowler": "Ahmed Raza",
              "non_striker": "Nizakat Khan",
              "runs": {
                "batter": 0,
                "extras": 0,
                "total": 0
              }
            }
          ]
        },
        {
          "over": 4,
          "deliveries": [
            {
              "batter": "Nizakat Khan",
              "bowler": "Zahoor Khan",
              "non_striker": "Ahsan Abbasi",
              "runs": {
                "batter": 4,
                "extras": 0,
                "total": 4
              }
            },
            {
              "batter": "Nizakat Khan",
              "bowler": "Zahoor Khan",
              "non_striker": "Ahsan Abbasi",
              "runs": {
                "batter": 1,
                "extras": 0,
                "total": 1
              }
            },
            {
              "batter": "Ahsan Abbasi",
              "bowler": "Zahoor Khan",
              "non_striker": "Nizakat Khan",
              "runs": {
                "batter": 4,
                "extras": 0,
                "total": 4
              }
            },
            {
              "batter": "Ahsan Abbasi",
              "bowler": "Zahoor Khan",
              "non_striker": "Nizakat Khan",
              "runs": {
                "batter": 4,
                "extras": 0,
                "total": 4
              }
            },
            {
              "batter": "Ahsan Abbasi",
              "bowler": "Zahoor Khan",
              "non_striker": "Nizakat Khan",
              "runs": {
                "batter": 0,
                "extras": 0,
                "total": 0
              }
            },
            {
              "batter": "Ahsan Abbasi",
              "bowler": "Zahoor Khan",
              "non_striker": "Nizakat Khan",
              "runs": {
                "batter": 1,
                "extras": 0,
                "total": 1
              }
            }
          ]
        },
        {
          "over": 5,
          "deliveries": [
            {
              "batter": "Ahsan Abbasi",
              "bowler": "Rohan Mustafa",
              "non_striker": "Nizakat Khan",
              "runs": {
                "batter": 2,
                "extras": 0,
                "total": 2
              }
            },
            {
              "batter": "Ahsan Abbasi",
              "bowler": "Rohan Mustafa",
              "non_striker": "Nizakat Khan",
              "runs": {
                "batter": 0,
                "extras": 0,
                "total": 0
              }
            },
            {
              "batter": "Ahsan Abbasi",
              "bowler": "Rohan Mustafa",
              "non_striker": "Nizakat Khan",
              "runs": {
                "batter": 0,
                "extras": 0,
                "total": 0
              }
            },
            {
              "batter": "Ahsan Abbasi",
              "bowler": "Rohan Mustafa",
              "non_striker": "Nizakat Khan",
              "runs": {
                "batter": 0,
                "extras": 0,
                "total": 0
              }
            },
            {
              "batter": "Ahsan Abbasi",
              "bowler": "Rohan Mustafa",
              "non_striker": "Nizakat Khan",
              "runs": {
                "batter": 1,
                "extras": 0,
                "total": 1
              }
            },
            {
              "batter": "Nizakat Khan",
              "bowler": "Rohan Mustafa",
              "non_striker": "Ahsan Abbasi",
              "runs": {
                "batter": 1,
                "extras": 0,
                "total": 1
              }
            }
          ]
        },
        {
          "over": 6,
          "deliveries": [
            {
              "batter": "Nizakat Khan",
              "bowler": "Ahmed Raza",
              "non_striker": "Ahsan Abbasi",
              "runs": {
                "batter": 0,
                "extras": 0,
                "total": 0
              }
            },
            {
              "batter": "Nizakat Khan",
              "bowler": "Ahmed Raza",
              "non_striker": "Ahsan Abbasi",
              "runs": {
                "batter": 1,
                "extras": 0,
                "total": 1
              }
            },
            {
              "batter": "Ahsan Abbasi",
              "bowler": "Ahmed Raza",
              "non_striker": "Nizakat Khan",
              "runs": {
                "batter": 0,
                "extras": 0,
                "total": 0
              }
            },
            {
              "batter": "Ahsan Abbasi",
              "bowler": "Ahmed Raza",
              "non_striker": "Nizakat Khan",
              "runs": {
                "batter": 3,
                "extras": 0,
                "total": 3
              }
            },
            {
              "batter": "Nizakat Khan",
              "bowler": "Ahmed Raza",
              "non_striker": "Ahsan Abbasi",
              "runs": {
                "batter": 1,
                "extras": 0,
                "total": 1
              }
            },
            {
              "batter": "Ahsan Abbasi",
              "bowler": "Ahmed Raza",
              "non_striker": "Nizakat Khan",
              "runs": {
                "batter": 0,
                "extras": 0,
                "total": 0
              },
              "wickets": [
                {
                  "kind": "caught and bowled",
                  "player_out": "Ahsan Abbasi"
                }
              ]
            }
          ]
        },
        {
          "over": 7,
          "deliveries": [
            {
              "batter": "Nizakat Khan",
              "bowler": "Rohan Mustafa",
              "non_striker": "KD Shah",
              "runs": {
                "batter": 1,
                "extras": 0,
                "total": 1
              }
            },
            {
              "batter": "KD Shah",
              "bowler": "Rohan Mustafa",
              "non_striker": "Nizakat Khan",
              "runs": {
                "batter": 0,
                "extras": 0,
                "total": 0
              }
            },
            {
              "batter": "KD Shah",
              "bowler": "Rohan Mustafa",
              "non_striker": "Nizakat Khan",
              "runs": {
                "batter": 0,
                "extras": 0,
                "total": 0
              }
            },
            {
              "batter": "KD Shah",
              "bowler": "Rohan Mustafa",
              "non_striker": "Nizakat Khan",
              "runs": {
                "batter": 1,
                "extras": 0,
                "total": 1
              }
            },
            {
              "batter": "Nizakat Khan",
              "bowler": "Rohan Mustafa",
              "non_striker": "KD Shah",
              "runs": {
                "batter": 1,
                "extras": 0,
                "total": 1
              }
            },
            {
              "batter": "KD Shah",
              "bowler": "Rohan Mustafa",
              "non_striker": "Nizakat Khan",
              "runs": {
                "batter": 1,
                "extras": 0,
                "total": 1
              }
            }
          ]
        },
        {
          "over": 8,
          "deliveries": [
            {
              "batter": "KD Shah",
              "bowler": "Waheed Ahmed",
              "non_striker": "Nizakat Khan",
              "runs": {
                "batter": 0,
                "extras": 0,
                "total": 0
              }
            },
            {
              "batter": "KD Shah",
              "bowler": "Waheed Ahmed",
              "non_striker": "Nizakat Khan",
              "runs": {
                "batter": 0,
                "extras": 0,
                "total": 0
              }
            },
            {
              "batter": "KD Shah",
              "bowler": "Waheed Ahmed",
              "non_striker": "Nizakat Khan",
              "runs": {
                "batter": 0,
                "extras": 0,
                "total": 0
              }
            },
            {
              "batter": "KD Shah",
              "bowler": "Waheed Ahmed",
              "non_striker": "Nizakat Khan",
              "runs": {
                "batter": 4,
                "extras": 0,
                "total": 4
              }
            },
            {
              "batter": "KD Shah",
              "bowler": "Waheed Ahmed",
              "non_striker": "Nizakat Khan",
              "runs": {
                "batter": 0,
                "extras": 0,
                "total": 0
              }
            },
            {
              "batter": "KD Shah",
              "bowler": "Waheed Ahmed",
              "non_striker": "Nizakat Khan",
              "runs": {
                "batter": 0,
                "extras": 0,
                "total": 0
              }
            }
          ]
        },
        {
          "over": 9,
          "deliveries": [
            {
              "batter": "Nizakat Khan",
              "bowler": "Imran Haider",
              "non_striker": "KD Shah",
              "runs": {
                "batter": 2,
                "extras": 0,
                "total": 2
              }
            },
            {
              "batter": "Nizakat Khan",
              "bowler": "Imran Haider",
              "non_striker": "KD Shah",
              "runs": {
                "batter": 1,
                "extras": 0,
                "total": 1
              }
            },
            {
              "batter": "KD Shah",
              "bowler": "Imran Haider",
              "non_striker": "Nizakat Khan",
              "runs": {
                "batter": 2,
                "extras": 0,
                "total": 2
              }
            },
            {
              "batter": "KD Shah",
              "bowler": "Imran Haider",
              "non_striker": "Nizakat Khan",
              "runs": {
                "batter": 0,
                "extras": 0,
                "total": 0
              }
            },
            {
              "batter": "KD Shah",
              "bowler": "Imran Haider",
              "non_striker": "Nizakat Khan",
              "runs": {
                "batter": 1,
                "extras": 0,
                "total": 1
              }
            },
            {
              "batter": "Nizakat Khan",
              "bowler": "Imran Haider",
              "non_striker": "KD Shah",
              "runs": {
                "batter": 1,
                "extras": 0,
                "total": 1
              }
            }
          ]
        },
        {
          "over": 10,
          "deliveries": [
            {
              "batter": "Nizakat Khan",
              "bowler": "Waheed Ahmed",
              "non_striker": "KD Shah",
              "runs": {
                "batter": 4,
                "extras": 0,
                "total": 4
              }
            },
            {
              "batter": "Nizakat Khan",
              "bowler": "Waheed Ahmed",
              "non_striker": "KD Shah",
              "runs": {
                "batter": 0,
                "extras": 0,
                "total": 0
              },
              "wickets": [
                {
                  "kind": "bowled",
                  "player_out": "Nizakat Khan"
                }
              ]
            },
            {
              "batter": "Aizaz Khan",
              "bowler": "Waheed Ahmed",
              "non_striker": "KD Shah",
              "runs": {
                "batter": 1,
                "extras": 0,
                "total": 1
              }
            },
            {
              "batter": "KD Shah",
              "bowler": "Waheed Ahmed",
              "non_striker": "Aizaz Khan",
              "runs": {
                "batter": 0,
                "extras": 0,
                "total": 0
              }
            },
            {
              "batter": "KD Shah",
              "bowler": "Waheed Ahmed",
              "non_striker": "Aizaz Khan",
              "runs": {
                "batter": 0,
                "extras": 0,
                "total": 0
              }
            },
            {
              "batter": "KD Shah",
              "bowler": "Waheed Ahmed",
              "non_striker": "Aizaz Khan",
              "runs": {
                "batter": 1,
                "extras": 0,
                "total": 1
              }
            }
          ]
        },
        {
          "over": 11,
          "deliveries": [
            {
              "batter": "KD Shah",
              "bowler": "Imran Haider",
              "non_striker": "Aizaz Khan",
              "runs": {
                "batter": 1,
                "extras": 0,
                "total": 1
              }
            },
            {
              "batter": "Aizaz Khan",
              "bowler": "Imran Haider",
              "non_striker": "KD Shah",
              "runs": {
                "batter": 0,
                "extras": 0,
                "total": 0
              }
            },
            {
              "batter": "Aizaz Khan",
              "bowler": "Imran Haider",
              "non_striker": "KD Shah",
              "runs": {
                "batter": 2,
                "extras": 0,
                "total": 2
              }
            },
            {
              "batter": "Aizaz Khan",
              "bowler": "Imran Haider",
              "non_striker": "KD Shah",
              "runs": {
                "batter": 1,
                "extras": 0,
                "total": 1
              }
            },
            {
              "batter": "KD Shah",
              "bowler": "Imran Haider",
              "non_striker": "Aizaz Khan",
              "runs": {
                "batter": 1,
                "extras": 0,
                "total": 1
              }
            },
            {
              "batter": "Aizaz Khan",
              "bowler": "Imran Haider",
              "non_striker": "KD Shah",
              "runs": {
                "batter": 1,
                "extras": 0,
                "total": 1
              }
            }
          ]
        },
        {
          "over": 12,
          "deliveries": [
            {
              "batter": "Aizaz Khan",
              "bowler": "Waheed Ahmed",
              "non_striker": "KD Shah",
              "runs": {
                "batter": 2,
                "extras": 0,
                "total": 2
              }
            },
            {
              "batter": "Aizaz Khan",
              "bowler": "Waheed Ahmed",
              "non_striker": "KD Shah",
              "runs": {
                "batter": 1,
                "extras": 0,
                "total": 1
              }
            },
            {
              "batter": "KD Shah",
              "bowler": "Waheed Ahmed",
              "non_striker": "Aizaz Khan",
              "runs": {
                "batter": 1,
                "extras": 0,
                "total": 1
              }
            },
            {
              "batter": "Aizaz Khan",
              "bowler": "Waheed Ahmed",
              "non_striker": "KD Shah",
              "runs": {
                "batter": 0,
                "extras": 0,
                "total": 0
              }
            },
            {
              "batter": "Aizaz Khan",
              "bowler": "Waheed Ahmed",
              "non_striker": "KD Shah",
              "runs": {
                "batter": 1,
                "extras": 0,
                "total": 1
              }
            },
            {
              "batter": "KD Shah",
              "bowler": "Waheed Ahmed",
              "non_striker": "Aizaz Khan",
              "runs": {
                "batter": 1,
                "extras": 0,
                "total": 1
              }
            }
          ]
        },
        {
          "over": 13,
          "deliveries": [
            {
              "batter": "KD Shah",
              "bowler": "Ahmed Raza",
              "non_striker": "Aizaz Khan",
              "runs": {
                "batter": 1,
                "extras": 0,
                "total": 1
              }
            },
            {
              "batter": "Aizaz Khan",
              "bowler": "Ahmed Raza",
              "non_striker": "KD Shah",
              "runs": {
                "batter": 1,
                "extras": 0,
                "total": 1
              }
            },
            {
              "batter": "KD Shah",
              "bowler": "Ahmed Raza",
              "non_striker": "Aizaz Khan",
              "runs": {
                "batter": 0,
                "extras": 0,
                "total": 0
              }
            },
            {
              "batter": "KD Shah",
              "bowler": "Ahmed Raza",
              "non_striker": "Aizaz Khan",
              "runs": {
                "batter": 4,
                "extras": 0,
                "total": 4
              }
            },
            {
              "batter": "KD Shah",
              "bowler": "Ahmed Raza",
              "non_striker": "Aizaz Khan",
              "runs": {
                "batter": 1,
                "extras": 0,
                "total": 1
              }
            },
            {
              "batter": "Aizaz Khan",
              "bowler": "Ahmed Raza",
              "non_striker": "KD Shah",
              "runs": {
                "batter": 2,
                "extras": 0,
                "total": 2
              }
            }
          ]
        },
        {
          "over": 14,
          "deliveries": [
            {
              "batter": "KD Shah",
              "bowler": "Zahoor Khan",
              "non_striker": "Aizaz Khan",
              "runs": {
                "batter": 1,
                "extras": 0,
                "total": 1
              }
            },
            {
              "batter": "Aizaz Khan",
              "bowler": "Zahoor Khan",
              "non_striker": "KD Shah",
              "runs": {
                "batter": 2,
                "extras": 0,
                "total": 2
              }
            },
            {
              "batter": "Aizaz Khan",
              "bowler": "Zahoor Khan",
              "non_striker": "KD Shah",
              "runs": {
                "batter": 0,
                "extras": 0,
                "total": 0
              }
            },
            {
              "batter": "Aizaz Khan",
              "bowler": "Zahoor Khan",
              "non_striker": "KD Shah",
              "runs": {
                "batter": 1,
                "extras": 0,
                "total": 1
              }
            },
            {
              "batter": "KD Shah",
              "bowler": "Zahoor Khan",
              "non_striker": "Aizaz Khan",
              "runs": {
                "batter": 1,
                "extras": 0,
                "total": 1
              }
            },
            {
              "batter": "Aizaz Khan",
              "bowler": "Zahoor Khan",
              "non_striker": "KD Shah",
              "runs": {
                "batter": 1,
                "extras": 0,
                "total": 1
              }
            }
          ]
        },
        {
          "over": 15,
          "deliveries": [
            {
              "batter": "Aizaz Khan",
              "bowler": "Waheed Ahmed",
              "non_striker": "KD Shah",
              "runs": {
                "batter": 1,
                "extras": 0,
                "total": 1
              }
            },
            {
              "batter": "KD Shah",
              "bowler": "Waheed Ahmed",
              "non_striker": "Aizaz Khan",
              "runs": {
                "batter": 1,
                "extras": 0,
                "total": 1
              }
            },
            {
              "batter": "Aizaz Khan",
              "bowler": "Waheed Ahmed",
              "non_striker": "KD Shah",
              "runs": {
                "batter": 2,
                "extras": 0,
                "total": 2
              }
            },
            {
              "batter": "Aizaz Khan",
              "bowler": "Waheed Ahmed",
              "extras": {
                "wides": 1
              },
              "non_striker": "KD Shah",
              "runs": {
                "batter": 0,
                "extras": 1,
                "total": 1
              }
            },
            {
              "batter": "Aizaz Khan",
              "bowler": "Waheed Ahmed",
              "non_striker": "KD Shah",
              "runs": {
                "batter": 0,
                "extras": 0,
                "total": 0
              },
              "wickets": [
                {
                  "kind": "caught",
                  "player_out": "Aizaz Khan",
                  "fielders": [
                    {
                      "name": "Rameez Shahzad"
                    }
                  ]
                }
              ]
            },
            {
              "batter": "KD Shah",
              "bowler": "Waheed Ahmed",
              "non_striker": "Waqas Barkat",
              "runs": {
                "batter": 1,
                "extras": 0,
                "total": 1
              }
            },
            {
              "batter": "Waqas Barkat",
              "bowler": "Waheed Ahmed",
              "non_striker": "KD Shah",
              "runs": {
                "batter": 1,
                "extras": 0,
                "total": 1
              }
            }
          ]
        },
        {
          "over": 16,
          "deliveries": [
            {
              "batter": "Waqas Barkat",
              "bowler": "Zahoor Khan",
              "non_striker": "KD Shah",
              "runs": {
                "batter": 1,
                "extras": 0,
                "total": 1
              }
            },
            {
              "batter": "KD Shah",
              "bowler": "Zahoor Khan",
              "non_striker": "Waqas Barkat",
              "runs": {
                "batter": 0,
                "extras": 0,
                "total": 0
              }
            },
            {
              "batter": "KD Shah",
              "bowler": "Zahoor Khan",
              "non_striker": "Waqas Barkat",
              "runs": {
                "batter": 2,
                "extras": 0,
                "total": 2
              }
            },
            {
              "batter": "KD Shah",
              "bowler": "Zahoor Khan",
              "non_striker": "Waqas Barkat",
              "runs": {
                "batter": 1,
                "extras": 0,
                "total": 1
              }
            },
            {
              "batter": "Waqas Barkat",
              "bowler": "Zahoor Khan",
              "non_striker": "KD Shah",
              "runs": {
                "batter": 1,
                "extras": 0,
                "total": 1
              }
            },
            {
              "batter": "KD Shah",
              "bowler": "Zahoor Khan",
              "non_striker": "Waqas Barkat",
              "runs": {
                "batter": 0,
                "extras": 0,
                "total": 0
              }
            }
          ]
        },
        {
          "over": 17,
          "deliveries": [
            {
              "batter": "Waqas Barkat",
              "bowler": "Rohan Mustafa",
              "non_striker": "KD Shah",
              "runs": {
                "batter": 4,
                "extras": 0,
                "total": 4
              }
            },
            {
              "batter": "Waqas Barkat",
              "bowler": "Rohan Mustafa",
              "non_striker": "KD Shah",
              "runs": {
                "batter": 1,
                "extras": 0,
                "total": 1
              }
            },
            {
              "batter": "KD Shah",
              "bowler": "Rohan Mustafa",
              "non_striker": "Waqas Barkat",
              "runs": {
                "batter": 0,
                "extras": 0,
                "total": 0
              }
            },
            {
              "batter": "KD Shah",
              "bowler": "Rohan Mustafa",
              "non_striker": "Waqas Barkat",
              "runs": {
                "batter": 1,
                "extras": 0,
                "total": 1
              }
            },
            {
              "batter": "Waqas Barkat",
              "bowler": "Rohan Mustafa",
              "non_striker": "KD Shah",
              "runs": {
                "batter": 1,
                "extras": 0,
                "total": 1
              }
            },
            {
              "batter": "KD Shah",
              "bowler": "Rohan Mustafa",
              "non_striker": "Waqas Barkat",
              "runs": {
                "batter": 1,
                "extras": 0,
                "total": 1
              }
            }
          ]
        },
        {
          "over": 18,
          "deliveries": [
            {
              "batter": "KD Shah",
              "bowler": "Zahoor Khan",
              "non_striker": "Waqas Barkat",
              "runs": {
                "batter": 1,
                "extras": 0,
                "total": 1
              }
            },
            {
              "batter": "Waqas Barkat",
              "bowler": "Zahoor Khan",
              "non_striker": "KD Shah",
              "runs": {
                "batter": 0,
                "extras": 0,
                "total": 0
              },
              "wickets": [
                {
                  "kind": "caught",
                  "player_out": "Waqas Barkat",
                  "fielders": [
                    {
                      "name": "Rameez Shahzad"
                    }
                  ]
                }
              ]
            },
            {
              "batter": "KD Shah",
              "bowler": "Zahoor Khan",
              "non_striker": "Simandeep Singh",
              "runs": {
                "batter": 0,
                "extras": 0,
                "total": 0
              },
              "wickets": [
                {
                  "kind": "run out",
                  "player_out": "KD Shah"
                }
              ]
            },
            {
              "batter": "Simandeep Singh",
              "bowler": "Zahoor Khan",
              "non_striker": "Haroon Arshad",
              "runs": {
                "batter": 2,
                "extras": 0,
                "total": 2
              }
            },
            {
              "batter": "Simandeep Singh",
              "bowler": "Zahoor Khan",
              "extras": {
                "byes": 1
              },
              "non_striker": "Haroon Arshad",
              "runs": {
                "batter": 0,
                "extras": 1,
                "total": 1
              }
            },
            {
              "batter": "Haroon Arshad",
              "bowler": "Zahoor Khan",
              "non_striker": "Simandeep Singh",
              "runs": {
                "batter": 2,
                "extras": 0,
                "total": 2
              }
            }
          ]
        },
        {
          "over": 19,
          "deliveries": [
            {
              "batter": "Simandeep Singh",
              "bowler": "Rohan Mustafa",
              "non_striker": "Haroon Arshad",
              "runs": {
                "batter": 1,
                "extras": 0,
                "total": 1
              }
            },
            {
              "batter": "Haroon Arshad",
              "bowler": "Rohan Mustafa",
              "non_striker": "Simandeep Singh",
              "runs": {
                "batter": 0,
                "extras": 0,
                "total": 0
              },
              "wickets": [
                {
                  "kind": "lbw",
                  "player_out": "Haroon Arshad"
                }
              ]
            },
            {
              "batter": "SS McKechnie",
              "bowler": "Rohan Mustafa",
              "non_striker": "Simandeep Singh",
              "runs": {
                "batter": 0,
                "extras": 0,
                "total": 0
              }
            },
            {
              "batter": "SS McKechnie",
              "bowler": "Rohan Mustafa",
              "non_striker": "Simandeep Singh",
              "runs": {
                "batter": 0,
                "extras": 0,
                "total": 0
              },
              "wickets": [
                {
                  "kind": "lbw",
                  "player_out": "SS McKechnie"
                }
              ]
            },
            {
              "batter": "Ehsan Khan",
              "bowler": "Rohan Mustafa",
              "non_striker": "Simandeep Singh",
              "runs": {
                "batter": 0,
                "extras": 0,
                "total": 0
              }
            },
            {
              "batter": "Ehsan Khan",
              "bowler": "Rohan Mustafa",
              "extras": {
                "legbyes": 1
              },
              "non_striker": "Simandeep Singh",
              "runs": {
                "batter": 0,
                "extras": 1,
                "total": 1
              }
            }
          ]
        }
      ],
      "powerplays": [
        {
          "from": 0.1,
          "to": 5.6,
          "type": "mandatory"
        }
      ]
    },
    {
      "team": "United Arab Emirates",
      "overs": [
        {
          "over": 0,
          "deliveries": [
            {
              "batter": "Chirag Suri",
              "bowler": "K Christie",
              "non_striker": "Rohan Mustafa",
              "runs": {
                "batter": 0,
                "extras": 0,
                "total": 0
              }
            },
            {
              "batter": "Chirag Suri",
              "bowler": "K Christie",
              "non_striker": "Rohan Mustafa",
              "runs": {
                "batter": 0,
                "extras": 0,
                "total": 0
              }
            },
            {
              "batter": "Chirag Suri",
              "bowler": "K Christie",
              "non_striker": "Rohan Mustafa",
              "runs": {
                "batter": 2,
                "extras": 0,
                "total": 2
              }
            },
            {
              "batter": "Chirag Suri",
              "bowler": "K Christie",
              "non_striker": "Rohan Mustafa",
              "runs": {
                "batter": 1,
                "extras": 0,
                "total": 1
              }
            },
            {
              "batter": "Rohan Mustafa",
              "bowler": "K Christie",
              "non_striker": "Chirag Suri",
              "runs": {
                "batter": 4,
                "extras": 0,
                "total": 4
              }
            },
            {
              "batter": "Rohan Mustafa",
              "bowler": "K Christie",
              "non_striker": "Chirag Suri",
              "runs": {
                "batter": 4,
                "extras": 0,
                "total": 4
              }
            }
          ]
        },
        {
          "over": 1,
          "deliveries": [
            {
              "batter": "Chirag Suri",
              "bowler": "Aizaz Khan",
              "non_striker": "Rohan Mustafa",
              "runs": {
                "batter": 1,
                "extras": 0,
                "total": 1
              }
            },
            {
              "batter": "Rohan Mustafa",
              "bowler": "Aizaz Khan",
              "non_striker": "Chirag Suri",
              "runs": {
                "batter": 0,
                "extras": 0,
                "total": 0
              }
            },
            {
              "batter": "Rohan Mustafa",
              "bowler": "Aizaz Khan",
              "extras": {
                "wides": 1
              },
              "non_striker": "Chirag Suri",
              "runs": {
                "batter": 0,
                "extras": 1,
                "total": 1
              }
            },
            {
              "batter": "Rohan Mustafa",
              "bowler": "Aizaz Khan",
              "non_striker": "Chirag Suri",
              "runs": {
                "batter": 0,
                "extras": 0,
                "total": 0
              }
            },
            {
              "batter": "Rohan Mustafa",
              "bowler": "Aizaz Khan",
              "non_striker": "Chirag Suri",
              "runs": {
                "batter": 1,
                "extras": 0,
                "total": 1
              }
            },
            {
              "batter": "Chirag Suri",
              "bowler": "Aizaz Khan",
              "non_striker": "Rohan Mustafa",
              "runs": {
                "batter": 0,
                "extras": 0,
                "total": 0
              }
            },
            {
              "batter": "Chirag Suri",
              "bowler": "Aizaz Khan",
              "non_striker": "Rohan Mustafa",
              "runs": {
                "batter": 0,
                "extras": 0,
                "total": 0
              }
            }
          ]
        },
        {
          "over": 2,
          "deliveries": [
            {
              "batter": "Rohan Mustafa",
              "bowler": "Ehsan Khan",
              "non_striker": "Chirag Suri",
              "runs": {
                "batter": 0,
                "extras": 0,
                "total": 0
              }
            },
            {
              "batter": "Rohan Mustafa",
              "bowler": "Ehsan Khan",
              "non_striker": "Chirag Suri",
              "runs": {
                "batter": 0,
                "extras": 0,
                "total": 0
              }
            },
            {
              "batter": "Rohan Mustafa",
              "bowler": "Ehsan Khan",
              "non_striker": "Chirag Suri",
              "runs": {
                "batter": 1,
                "extras": 0,
                "total": 1
              }
            },
            {
              "batter": "Chirag Suri",
              "bowler": "Ehsan Khan",
              "non_striker": "Rohan Mustafa",
              "runs": {
                "batter": 0,
                "extras": 0,
                "total": 0
              }
            },
            {
              "batter": "Chirag Suri",
              "bowler": "Ehsan Khan",
              "non_striker": "Rohan Mustafa",
              "runs": {
                "batter": 1,
                "extras": 0,
                "total": 1
              }
            },
            {
              "batter": "Rohan Mustafa",
              "bowler": "Ehsan Khan",
              "non_striker": "Chirag Suri",
              "runs": {
                "batter": 0,
                "extras": 0,
                "total": 0
              }
            }
          ]
        },
        {
          "over": 3,
          "deliveries": [
            {
              "batter": "Chirag Suri",
              "bowler": "K Christie",
              "extras": {
                "wides": 1
              },
              "non_striker": "Rohan Mustafa",
              "runs": {
                "batter": 0,
                "extras": 1,
                "total": 1
              }
            },
            {
              "batter": "Chirag Suri",
              "bowler": "K Christie",
              "non_striker": "Rohan Mustafa",
              "runs": {
                "batter": 2,
                "extras": 0,
                "total": 2
              }
            },
            {
              "batter": "Chirag Suri",
              "bowler": "K Christie",
              "non_striker": "Rohan Mustafa",
              "runs": {
                "batter": 1,
                "extras": 0,
                "total": 1
              }
            },
            {
              "batter": "Rohan Mustafa",
              "bowler": "K Christie",
              "non_striker": "Chirag Suri",
              "runs": {
                "batter": 0,
                "extras": 0,
                "total": 0
              },
              "wickets": [
                {
                  "kind": "caught",
                  "player_out": "Rohan Mustafa",
                  "fielders": [
                    {
                      "name": "Ehsan Khan"
                    }
                  ]
                }
              ]
            },
            {
              "batter": "Rameez Shahzad",
              "bowler": "K Christie",
              "non_striker": "Chirag Suri",
              "runs": {
                "batter": 0,
                "extras": 0,
                "total": 0
              }
            },
            {
              "batter": "Rameez Shahzad",
              "bowler": "K Christie",
              "non_striker": "Chirag Suri",
              "runs": {
                "batter": 0,
                "extras": 0,
                "total": 0
              }
            },
            {
              "batter": "Rameez Shahzad",
              "bowler": "K Christie",
              "extras": {
                "legbyes": 4
              },
              "non_striker": "Chirag Suri",
              "runs": {
                "batter": 0,
                "extras": 4,
                "total": 4
              }
            }
          ]
        },
        {
          "over": 4,
          "deliveries": [
            {
              "batter": "Chirag Suri",
              "bowler": "KD Shah",
              "non_striker": "Rameez Shahzad",
              "runs": {
                "batter": 0,
                "extras": 0,
                "total": 0
              }
            },
            {
              "batter": "Chirag Suri",
              "bowler": "KD Shah",
              "non_striker": "Rameez Shahzad",
              "runs": {
                "batter": 2,
                "extras": 0,
                "total": 2
              }
            },
            {
              "batter": "Chirag Suri",
              "bowler": "KD Shah",
              "non_striker": "Rameez Shahzad",
              "runs": {
                "batter": 4,
                "extras": 0,
                "total": 4
              }
            },
            {
              "batter": "Chirag Suri",
              "bowler": "KD Shah",
              "non_striker": "Rameez Shahzad",
              "runs": {
                "batter": 1,
                "extras": 0,
                "total": 1
              }
            },
            {
              "batter": "Rameez Shahzad",
              "bowler": "KD Shah",
              "non_striker": "Chirag Suri",
              "runs": {
                "batter": 0,
                "extras": 0,
                "total": 0
              }
            },
            {
              "batter": "Rameez Shahzad",
              "bowler": "KD Shah",
              "non_striker": "Chirag Suri",
              "runs": {
                "batter": 6,
                "extras": 0,
                "total": 6
              }
            }
          ]
        },
        {
          "over": 5,
          "deliveries": [
            {
              "batter": "Chirag Suri",
              "bowler": "Aizaz Khan",
              "non_striker": "Rameez Shahzad",
              "runs": {
                "batter": 1,
                "extras": 0,
                "total": 1
              }
            },
            {
              "batter": "Rameez Shahzad",
              "bowler": "Aizaz Khan",
              "non_striker": "Chirag Suri",
              "runs": {
                "batter": 1,
                "extras": 0,
                "total": 1
              }
            },
            {
              "batter": "Chirag Suri",
              "bowler": "Aizaz Khan",
              "non_striker": "Rameez Shahzad",
              "runs": {
                "batter": 1,
                "extras": 0,
                "total": 1
              }
            },
            {
              "batter": "Rameez Shahzad",
              "bowler": "Aizaz Khan",
              "non_striker": "Chirag Suri",
              "runs": {
                "batter": 4,
                "extras": 0,
                "total": 4
              }
            },
            {
              "batter": "Rameez Shahzad",
              "bowler": "Aizaz Khan",
              "non_striker": "Chirag Suri",
              "runs": {
                "batter": 0,
                "extras": 0,
                "total": 0
              }
            },
            {
              "batter": "Rameez Shahzad",
              "bowler": "Aizaz Khan",
              "non_striker": "Chirag Suri",
              "runs": {
                "batter": 0,
                "extras": 0,
                "total": 0
              }
            }
          ]
        },
        {
          "over": 6,
          "deliveries": [
            {
              "batter": "Chirag Suri",
              "bowler": "Haroon Arshad",
              "non_striker": "Rameez Shahzad",
              "runs": {
                "batter": 0,
                "extras": 0,
                "total": 0
              }
            },
            {
              "batter": "Chirag Suri",
              "bowler": "Haroon Arshad",
              "non_striker": "Rameez Shahzad",
              "runs": {
                "batter": 0,
                "extras": 0,
                "total": 0
              }
            },
            {
              "batter": "Chirag Suri",
              "bowler": "Haroon Arshad",
              "non_striker": "Rameez Shahzad",
              "runs": {
                "batter": 1,
                "extras": 0,
                "total": 1
              }
            },
            {
              "batter": "Rameez Shahzad",
              "bowler": "Haroon Arshad",
              "non_striker": "Chirag Suri",
              "runs": {
                "batter": 1,
                "extras": 0,
                "total": 1
              }
            },
            {
              "batter": "Chirag Suri",
              "bowler": "Haroon Arshad",
              "non_striker": "Rameez Shahzad",
              "runs": {
                "batter": 1,
                "extras": 0,
                "total": 1
              }
            },
            {
              "batter": "Rameez Shahzad",
              "bowler": "Haroon Arshad",
              "extras": {
                "wides": 1
              },
              "non_striker": "Chirag Suri",
              "runs": {
                "batter": 0,
                "extras": 1,
                "total": 1
              }
            },
            {
              "batter": "Rameez Shahzad",
              "bowler": "Haroon Arshad",
              "non_striker": "Chirag Suri",
              "runs": {
                "batter": 0,
                "extras": 0,
                "total": 0
              }
            }
          ]
        },
        {
          "over": 7,
          "deliveries": [
            {
              "batter": "Chirag Suri",
              "bowler": "Ehsan Khan",
              "non_striker": "Rameez Shahzad",
              "runs": {
                "batter": 0,
                "extras": 0,
                "total": 0
              }
            },
            {
              "batter": "Chirag Suri",
              "bowler": "Ehsan Khan",
              "non_striker": "Rameez Shahzad",
              "runs": {
                "batter": 0,
                "extras": 0,
                "total": 0
              }
            },
            {
              "batter": "Chirag Suri",
              "bowler": "Ehsan Khan",
              "non_striker": "Rameez Shahzad",
              "runs": {
                "batter": 1,
                "extras": 0,
                "total": 1
              }
            },
            {
              "batter": "Rameez Shahzad",
              "bowler": "Ehsan Khan",
              "non_striker": "Chirag Suri",
              "runs": {
                "batter": 0,
                "extras": 0,
                "total": 0
              }
            },
            {
              "batter": "Rameez Shahzad",
              "bowler": "Ehsan Khan",
              "non_striker": "Chirag Suri",
              "runs": {
                "batter": 0,
                "extras": 0,
                "total": 0
              }
            },
            {
              "batter": "Rameez Shahzad",
              "bowler": "Ehsan Khan",
              "non_striker": "Chirag Suri",
              "runs": {
                "batter": 0,
                "extras": 0,
                "total": 0
              }
            }
          ]
        },
        {
          "over": 8,
          "deliveries": [
            {
              "batter": "Chirag Suri",
              "bowler": "Haroon Arshad",
              "non_striker": "Rameez Shahzad",
              "runs": {
                "batter": 0,
                "extras": 0,
                "total": 0
              }
            },
            {
              "batter": "Chirag Suri",
              "bowler": "Haroon Arshad",
              "non_striker": "Rameez Shahzad",
              "runs": {
                "batter": 1,
                "extras": 0,
                "total": 1
              }
            },
            {
              "batter": "Rameez Shahzad",
              "bowler": "Haroon Arshad",
              "non_striker": "Chirag Suri",
              "runs": {
                "batter": 0,
                "extras": 0,
                "total": 0
              }
            },
            {
              "batter": "Rameez Shahzad",
              "bowler": "Haroon Arshad",
              "non_striker": "Chirag Suri",
              "runs": {
                "batter": 2,
                "extras": 0,
                "total": 2
              }
            },
            {
              "batter": "Rameez Shahzad",
              "bowler": "Haroon Arshad",
              "non_striker": "Chirag Suri",
              "runs": {
                "batter": 0,
                "extras": 0,
                "total": 0
              }
            },
            {
              "batter": "Rameez Shahzad",
              "bowler": "Haroon Arshad",
              "non_striker": "Chirag Suri",
              "runs": {
                "batter": 4,
                "extras": 0,
                "total": 4
              }
            }
          ]
        },
        {
          "over": 9,
          "deliveries": [
            {
              "batter": "Chirag Suri",
              "bowler": "Waqas Barkat",
              "non_striker": "Rameez Shahzad",
              "runs": {
                "batter": 1,
                "extras": 0,
                "total": 1
              }
            },
            {
              "batter": "Rameez Shahzad",
              "bowler": "Waqas Barkat",
              "non_striker": "Chirag Suri",
              "runs": {
                "batter": 1,
                "extras": 0,
                "total": 1
              }
            },
            {
              "batter": "Chirag Suri",
              "bowler": "Waqas Barkat",
              "non_striker": "Rameez Shahzad",
              "runs": {
                "batter": 0,
                "extras": 0,
                "total": 0
              }
            },
            {
              "batter": "Chirag Suri",
              "bowler": "Waqas Barkat",
              "non_striker": "Rameez Shahzad",
              "runs": {
                "batter": 1,
                "extras": 0,
                "total": 1
              }
            },
            {
              "batter": "Rameez Shahzad",
              "bowler": "Waqas Barkat",
              "non_striker": "Chirag Suri",
              "runs": {
                "batter": 1,
                "extras": 0,
                "total": 1
              }
            },
            {
              "batter": "Chirag Suri",
              "bowler": "Waqas Barkat",
              "non_striker": "Rameez Shahzad",
              "runs": {
                "batter": 1,
                "extras": 0,
                "total": 1
              }
            }
          ]
        },
        {
          "over": 10,
          "deliveries": [
            {
              "batter": "Chirag Suri",
              "bowler": "Raag Kapur",
              "non_striker": "Rameez Shahzad",
              "runs": {
                "batter": 4,
                "extras": 0,
                "total": 4
              }
            },
            {
              "batter": "Chirag Suri",
              "bowler": "Raag Kapur",
              "non_striker": "Rameez Shahzad",
              "runs": {
                "batter": 1,
                "extras": 0,
                "total": 1
              }
            },
            {
              "batter": "Rameez Shahzad",
              "bowler": "Raag Kapur",
              "non_striker": "Chirag Suri",
              "runs": {
                "batter": 2,
                "extras": 0,
                "total": 2
              }
            },
            {
              "batter": "Rameez Shahzad",
              "bowler": "Raag Kapur",
              "non_striker": "Chirag Suri",
              "runs": {
                "batter": 1,
                "extras": 0,
                "total": 1
              }
            },
            {
              "batter": "Chirag Suri",
              "bowler": "Raag Kapur",
              "non_striker": "Rameez Shahzad",
              "runs": {
                "batter": 1,
                "extras": 0,
                "total": 1
              }
            },
            {
              "batter": "Rameez Shahzad",
              "bowler": "Raag Kapur",
              "non_striker": "Chirag Suri",
              "runs": {
                "batter": 1,
                "extras": 0,
                "total": 1
              }
            }
          ]
        },
        {
          "over": 11,
          "deliveries": [
            {
              "batter": "Rameez Shahzad",
              "bowler": "Waqas Barkat",
              "non_striker": "Chirag Suri",
              "runs": {
                "batter": 0,
                "extras": 0,
                "total": 0
              }
            },
            {
              "batter": "Rameez Shahzad",
              "bowler": "Waqas Barkat",
              "non_striker": "Chirag Suri",
              "runs": {
                "batter": 4,
                "extras": 0,
                "total": 4
              }
            },
            {
              "batter": "Rameez Shahzad",
              "bowler": "Waqas Barkat",
              "non_striker": "Chirag Suri",
              "runs": {
                "batter": 6,
                "extras": 0,
                "total": 6
              }
            },
            {
              "batter": "Rameez Shahzad",
              "bowler": "Waqas Barkat",
              "non_striker": "Chirag Suri",
              "runs": {
                "batter": 0,
                "extras": 0,
                "total": 0
              }
            },
            {
              "batter": "Rameez Shahzad",
              "bowler": "Waqas Barkat",
              "non_striker": "Chirag Suri",
              "runs": {
                "batter": 2,
                "extras": 0,
                "total": 2
              }
            },
            {
              "batter": "Rameez Shahzad",
              "bowler": "Waqas Barkat",
              "non_striker": "Chirag Suri",
              "runs": {
                "batter": 0,
                "extras": 0,
                "total": 0
              }
            }
          ]
        },
        {
          "over": 12,
          "deliveries": [
            {
              "batter": "Chirag Suri",
              "bowler": "Aizaz Khan",
              "non_striker": "Rameez Shahzad",
              "runs": {
                "batter": 6,
                "extras": 0,
                "total": 6
              }
            },
            {
              "batter": "Chirag Suri",
              "bowler": "Aizaz Khan",
              "non_striker": "Rameez Shahzad",
              "runs": {
                "batter": 1,
                "extras": 0,
                "total": 1
              }
            },
            {
              "batter": "Rameez Shahzad",
              "bowler": "Aizaz Khan",
              "non_striker": "Chirag Suri",
              "runs": {
                "batter": 0,
                "extras": 0,
                "total": 0
              }
            },
            {
              "batter": "Rameez Shahzad",
              "bowler": "Aizaz Khan",
              "non_striker": "Chirag Suri",
              "runs": {
                "batter": 6,
                "extras": 0,
                "total": 6
              }
            },
            {
              "batter": "Rameez Shahzad",
              "bowler": "Aizaz Khan",
              "extras": {
                "wides": 1
              },
              "non_striker": "Chirag Suri",
              "runs": {
                "batter": 0,
                "extras": 1,
                "total": 1
              }
            },
            {
              "batter": "Rameez Shahzad",
              "bowler": "Aizaz Khan",
              "non_striker": "Chirag Suri",
              "runs": {
                "batter": 0,
                "extras": 0,
                "total": 0
              }
            },
            {
              "batter": "Rameez Shahzad",
              "bowler": "Aizaz Khan",
              "non_striker": "Chirag Suri",
              "runs": {
                "batter": 4,
                "extras": 0,
                "total": 4
              }
            }
          ]
        },
        {
          "over": 13,
          "deliveries": [
            {
              "batter": "Chirag Suri",
              "bowler": "Ehsan Khan",
              "non_striker": "Rameez Shahzad",
              "runs": {
                "batter": 2,
                "extras": 0,
                "total": 2
              }
            },
            {
              "batter": "Chirag Suri",
              "bowler": "Ehsan Khan",
              "non_striker": "Rameez Shahzad",
              "runs": {
                "batter": 0,
                "extras": 0,
                "total": 0
              }
            },
            {
              "batter": "Chirag Suri",
              "bowler": "Ehsan Khan",
              "non_striker": "Rameez Shahzad",
              "runs": {
                "batter": 0,
                "extras": 0,
                "total": 0
              }
            },
            {
              "batter": "Chirag Suri",
              "bowler": "Ehsan Khan",
              "non_striker": "Rameez Shahzad",
              "runs": {
                "batter": 0,
                "extras": 0,
                "total": 0
              }
            },
            {
              "batter": "Chirag Suri",
              "bowler": "Ehsan Khan",
              "extras": {
                "byes": 2
              },
              "non_striker": "Rameez Shahzad",
              "runs": {
                "batter": 0,
                "extras": 2,
                "total": 2
              }
            },
            {
              "batter": "Chirag Suri",
              "bowler": "Ehsan Khan",
              "non_striker": "Rameez Shahzad",
              "runs": {
                "batter": 0,
                "extras": 0,
                "total": 0
              }
            }
          ]
        },
        {
          "over": 14,
          "deliveries": [
            {
              "batter": "Rameez Shahzad",
              "bowler": "K Christie",
              "non_striker": "Chirag Suri",
              "runs": {
                "batter": 4,
                "extras": 0,
                "total": 4
              }
            },
            {
              "batter": "Rameez Shahzad",
              "bowler": "K Christie",
              "non_striker": "Chirag Suri",
              "runs": {
                "batter": 0,
                "extras": 0,
                "total": 0
              }
            },
            {
              "batter": "Rameez Shahzad",
              "bowler": "K Christie",
              "non_striker": "Chirag Suri",
              "runs": {
                "batter": 4,
                "extras": 0,
                "total": 4
              }
            },
            {
              "batter": "Rameez Shahzad",
              "bowler": "K Christie",
              "non_striker": "Chirag Suri",
              "runs": {
                "batter": 0,
                "extras": 0,
                "total": 0
              },
              "wickets": [
                {
                  "kind": "caught",
                  "player_out": "Rameez Shahzad",
                  "fielders": [
                    {
                      "name": "Raag Kapur"
                    }
                  ]
                }
              ]
            },
            {
              "batter": "Chirag Suri",
              "bowler": "K Christie",
              "non_striker": "Waheed Ahmed",
              "runs": {
                "batter": 1,
                "extras": 0,
                "total": 1
              }
            },
            {
              "batter": "Waheed Ahmed",
              "bowler": "K Christie",
              "non_striker": "Chirag Suri",
              "runs": {
                "batter": 0,
                "extras": 0,
                "total": 0
              }
            }
          ]
        },
        {
          "over": 15,
          "deliveries": [
            {
              "batter": "Chirag Suri",
              "bowler": "Ehsan Khan",
              "non_striker": "Waheed Ahmed",
              "runs": {
                "batter": 4,
                "extras": 0,
                "total": 4
              }
            }
          ]
        }
      ],
      "powerplays": [
        {
          "from": 0.1,
          "to": 5.6,
          "type": "mandatory"
        }
      ],
      "target": {
        "overs": 20,
        "runs": 117
      }
    }
  ]
}