{
  "meta": {
    "data_version": "1.0.0",
    "created": "2019-10-23",
    "revision": 1
  },
  "info": {
    "balls_per_over": 6,
    "city": "Abu Dhabi",
    "dates": [
      "2019-10-21"
    ],
    "event": {
      "name": "ICC Men's T20 World Cup Qualifier",
      "match_number": 18,
      "group": "B"
    },
    "gender": "male",
    "match_type": "T20",
    "match_type_number": 953,
    "officials": {
      "match_referees": [
        "GS Lakshmi"
      ],
      "reserve_umpires": [
        "S Ravi"
      ],
      "umpires": [
        "LE Hannibal",
        "Rashid Riaz"
      ]
    },
    "outcome": {
      "winner": "Canada",
      "by": {
        "runs": 50
      }
    },
    "overs": 20,
    "player_of_match": [
      "NR Kumar"
    ],
    "players": {
      "Canada": [
        "RA Thomas",
        "NS Dhaliwal",
        "NR Kumar",
        "NR Kirton",
        "Abraash Khan",
        "Ravinderpal Singh",
        "Saad Bin Zafar",
        "Hamza Tariq",
        "D Heyliger",
        "N Dutta",
        "JOA Gordon"
      ],
      "Nigeria": [
        "D Ajekun",
        "AM Oyede",
        "Sulaimon Runsewe",
        "CN Onwuzulike",
        "AA Onikoyi",
        "IO Okpe",
        "JO Adedeji",
        "D Gim",
        "SA Okpe",
        "CM Akachukwu",
        "AS Abioye"
      ]
    },
    "registry": {
      "people": {
        "AA Onikoyi": "409ce380",
        "AM Oyede": "21946d0d",
        "AS Abioye": "51e0e79f",
        "Abraash Khan": "684dc2da",
        "CM Akachukwu": "e6581a17",
        "CN Onwuzulike": "715dbf27",
        "D Ajekun": "2494ff9e",
        "D Gim": "3a1c34e6",
        "D Heyliger": "f8c72766",
        "GS Lakshmi": "ba8d5615",
        "Hamza Tariq": "82e81007",
        "IO Okpe": "1c5c3dce",
        "JO Adedeji": "abee08c7",
        "JOA Gordon": "bb9b51f4",
        "LE Hannibal": "3c04e91a",
        "N Dutta": "e258a603",
        "NR Kirton": "6b75c2b1",
        "NR Kumar": "b3bad3f2",
        "NS Dhaliwal": "cbabd6ad",
        "RA Thomas": "6db7068e",
        "Rashid Riaz": "fb82725e",
        "Ravinderpal Singh": "f80682f8",
        "S Ravi": "9b9ee0df",
        "SA Okpe": "681f522f",
        "Saad Bin Zafar": "f28a60e0",
        "Sulaimon Runsewe": "c25d26dc"
      }
    },
    "season": "2019/20",
    "team_type": "international",
    "teams": [
      "Canada",
      "Nigeria"
    ],
    "toss": {
      "decision": "bat",
      "winner": "Canada"
    },
    "venue": "Sheikh Zayed Stadium"
  },
  "innings": [
    {
      "team": "Canada",
      "overs": [
        {
          "over": 0,
          "deliveries": [
            {
              "batter": "RA Thomas",
              "bowler": "IO Okpe",
              "non_striker": "NS Dhaliwal",
              "runs": {
                "batter": 4,
                "extras": 0,
                "total": 4
              }
            },
            {
              "batter": "RA Thomas",
              "bowler": "IO Okpe",
              "non_striker": "NS Dhaliwal",
              "runs": {
                "batter": 4,
                "extras": 0,
                "total": 4
              }
            },
            {
              "batter": "RA Thomas",
              "bowler": "IO Okpe",
              "non_striker": "NS Dhaliwal",
              "runs": {
                "batter": 1,
                "extras": 0,
                "total": 1
              }
            },
            {
              "batter": "NS Dhaliwal",
              "bowler": "IO Okpe",
              "non_striker": "RA Thomas",
              "runs": {
                "batter": 1,
                "extras": 0,
                "total": 1
              }
            },
            {
              "batter": "RA Thomas",
              "bowler": "IO Okpe",
              "non_striker": "NS Dhaliwal",
              "runs": {
                "batter": 1,
                "extras": 0,
                "total": 1
              }
            },
            {
              "batter": "NS Dhaliwal",
              "bowler": "IO Okpe",
              "non_striker": "RA Thomas",
              "runs": {
                "batter": 0,
                "extras": 0,
                "total": 0
              }
            }
          ]
        },
        {
          "over": 1,
          "deliveries": [
            {
              "batter": "RA Thomas",
              "bowler": "CM Akachukwu",
              "non_striker": "NS Dhaliwal",
              "runs": {
                "batter": 1,
                "extras": 0,
                "total": 1
              }
            },
            {
              "batter": "NS Dhaliwal",
              "bowler": "CM Akachukwu",
              "non_striker": "RA Thomas",
              "runs": {
                "batter": 0,
                "extras": 0,
                "total": 0
              }
            },
            {
              "batter": "NS Dhaliwal",
              "bowler": "CM Akachukwu",
              "non_striker": "RA Thomas",
              "runs": {
                "batter": 0,
                "extras": 0,
                "total": 0
              }
            },
            {
              "batter": "NS Dhaliwal",
              "bowler": "CM Akachukwu",
              "non_striker": "RA Thomas",
              "runs": {
                "batter": 1,
                "extras": 0,
                "total": 1
              }
            },
            {
              "batter": "RA Thomas",
              "bowler": "CM Akachukwu",
              "non_striker": "NS Dhaliwal",
              "runs": {
                "batter": 1,
                "extras": 0,
                "total": 1
              }
            },
            {
              "batter": "NS Dhaliwal",
              "bowler": "CM Akachukwu",
              "non_striker": "RA Thomas",
              "runs": {
                "batter": 2,
                "extras": 0,
                "total": 2
              }
            }
          ]
        },
        {
          "over": 2,
          "deliveries": [
            {
              "batter": "RA Thomas",
              "bowler": "IO Okpe",
              "non_striker": "NS Dhaliwal",
              "runs": {
                "batter": 0,
                "extras": 0,
                "total": 0
              }
            },
            {
              "batter": "RA Thomas",
              "bowler": "IO Okpe",
              "non_striker": "NS Dhaliwal",
              "runs": {
                "batter": 0,
                "extras": 0,
                "total": 0
              }
            },
            {
              "batter": "RA Thomas",
              "bowler": "IO Okpe",
              "non_striker": "NS Dhaliwal",
              "runs": {
                "batter": 1,
                "extras": 0,
                "total": 1
              }
            },
            {
              "batter": "NS Dhaliwal",
              "bowler": "IO Okpe",
              "non_striker": "RA Thomas",
              "runs": {
                "batter": 4,
                "extras": 0,
                "total": 4
              }
            },
            {
              "batter": "NS Dhaliwal",
              "bowler": "IO Okpe",
              "non_striker": "RA Thomas",
              "runs": {
                "batter": 0,
                "extras": 0,
                "total": 0
              }
            },
            {
              "batter": "NS Dhaliwal",
              "bowler": "IO Okpe",
              "non_striker": "RA Thomas",
              "runs": {
                "batter": 0,
                "extras": 0,
                "total": 0
              }
            }
          ]
        },
        {
          "over": 3,
          "deliveries": [
            {
              "batter": "RA Thomas",
              "bowler": "CM Akachukwu",
              "non_striker": "NS Dhaliwal",
              "runs": {
                "batter": 0,
                "extras": 0,
                "total": 0
              }
            },
            {
              "batter": "RA Thomas",
              "bowler": "CM Akachukwu",
              "non_striker": "NS Dhaliwal",
              "runs": {
                "batter": 1,
                "extras": 0,
                "total": 1
              }
            },
            {
              "batter": "NS Dhaliwal",
              "bowler": "CM Akachukwu",
              "non_striker": "RA Thomas",
              "runs": {
                "batter": 4,
                "extras": 0,
                "total": 4
              }
            },
            {
              "batter": "NS Dhaliwal",
              "bowler": "CM Akachukwu",
              "non_striker": "RA Thomas",
              "runs": {
                "batter": 0,
                "extras": 0,
                "total": 0
              },
              "wickets": [
                {
                  "kind": "caught",
                  "player_out": "NS Dhaliwal",
                  "fielders": [
                    {
                      "name": "CN Onwuzulike"
                    }
                  ]
                }
              ]
            },
            {
              "batter": "NR Kumar",
              "bowler": "CM Akachukwu",
              "non_striker": "RA Thomas",
              "runs": {
                "batter": 1,
                "extras": 0,
                "total": 1
              }
            },
            {
              "batter": "RA Thomas",
              "bowler": "CM Akachukwu",
              "non_striker": "NR Kumar",
              "runs": {
                "batter": 1,
                "extras": 0,
                "total": 1
              }
            }
          ]
        },
        {
          "over": 4,
          "deliveries": [
            {
              "batter": "RA Thomas",
              "bowler": "D Gim",
              "non_striker": "NR Kumar",
              "runs": {
                "batter": 2,
                "extras": 0,
                "total": 2
              }
            },
            {
              "batter": "RA Thomas",
              "bowler": "D Gim",
              "non_striker": "NR Kumar",
              "runs": {
                "batter": 1,
                "extras": 0,
                "total": 1
              }
            },
            {
              "batter": "NR Kumar",
              "bowler": "D Gim",
              "non_striker": "RA Thomas",
              "runs": {
                "batter": 0,
                "extras": 0,
                "total": 0
              }
            },
            {
              "batter": "NR Kumar",
              "bowler": "D Gim",
              "non_striker": "RA Thomas",
              "runs": {
                "batter": 4,
                "extras": 0,
                "total": 4
              }
            },
            {
              "batter": "NR Kumar",
              "bowler": "D Gim",
              "non_striker": "RA Thomas",
              "runs": {
                "batter": 2,
                "extras": 0,
                "total": 2
              }
            },
            {
              "batter": "NR Kumar",
              "bowler": "D Gim",
              "non_striker": "RA Thomas",
              "runs": {
                "batter": 4,
                "extras": 0,
                "total": 4
              }
            }
          ]
        },
        {
          "over": 5,
          "deliveries": [
            {
              "batter": "RA Thomas",
              "bowler": "CM Akachukwu",
              "non_striker": "NR Kumar",
              "runs": {
                "batter": 0,
                "extras": 0,
                "total": 0
              },
              "wickets": [
                {
                  "kind": "bowled",
                  "player_out": "RA Thomas"
                }
              ]
            },
            {
              "batter": "NR Kirton",
              "bowler": "CM Akachukwu",
              "non_striker": "NR Kumar",
              "runs": {
                "batter": 1,
                "extras": 0,
                "total": 1
              }
            },
            {
              "batter": "NR Kumar",
              "bowler": "CM Akachukwu",
              "non_striker": "NR Kirton",
              "runs": {
                "batter": 1,
                "extras": 0,
                "total": 1
              }
            },
            {
              "batter": "NR Kirton",
              "bowler": "CM Akachukwu",
              "non_striker": "NR Kumar",
              "runs": {
                "batter": 0,
                "extras": 0,
                "total": 0
              }
            },
            {
              "batter": "NR Kirton",
              "bowler": "CM Akachukwu",
              "non_striker": "NR Kumar",
              "runs": {
                "batter": 0,
                "extras": 0,
                "total": 0
              }
            },
            {
              "batter": "NR Kirton",
              "bowler": "CM Akachukwu",
              "non_striker": "NR Kumar",
              "runs": {
                "batter": 1,
                "extras": 0,
                "total": 1
              }
            }
          ]
        },
        {
          "over": 6,
          "deliveries": [
            {
              "batter": "NR Kirton",
              "bowler": "D Gim",
              "non_striker": "NR Kumar",
              "runs": {
                "batter": 0,
                "extras": 0,
                "total": 0
              }
            },
            {
              "batter": "NR Kirton",
              "bowler": "D Gim",
              "non_striker": "NR Kumar",
              "runs": {
                "batter": 1,
                "extras": 0,
                "total": 1
              }
            },
            {
              "batter": "NR Kumar",
              "bowler": "D Gim",
              "non_striker": "NR Kirton",
              "runs": {
                "batter": 2,
                "extras": 0,
                "total": 2
              }
            },
            {
              "batter": "NR Kumar",
              "bowler": "D Gim",
              "non_striker": "NR Kirton",
              "runs": {
                "batter": 3,
                "extras": 0,
                "total": 3
              }
            },
            {
              "batter": "NR Kirton",
              "bowler": "D Gim",
              "non_striker": "NR Kumar",
              "runs": {
                "batter": 0,
                "extras": 0,
                "total": 0
              }
            },
            {
              "batter": "NR Kirton",
              "bowler": "D Gim",
              "non_striker": "NR Kumar",
              "runs": {
                "batter": 2,
                "extras": 0,
                "total": 2
              }
            }
          ]
        },
        {
          "over": 7,
          "deliveries": [
            {
              "batter": "NR Kumar",
              "bowler": "AS Abioye",
              "non_striker": "NR Kirton",
              "runs": {
                "batter": 2,
                "extras": 0,
                "total": 2
              }
            },
            {
              "batter": "NR Kumar",
              "bowler": "AS Abioye",
              "non_striker": "NR Kirton",
              "runs": {
                "batter": 1,
                "extras": 0,
                "total": 1
              }
            },
            {
              "batter": "NR Kirton",
              "bowler": "AS Abioye",
              "non_striker": "NR Kumar",
              "runs": {
                "batter": 0,
                "extras": 0,
                "total": 0
              }
            },
            {
              "batter": "NR Kirton",
              "bowler": "AS Abioye",
              "non_striker": "NR Kumar",
              "runs": {
                "batter": 4,
                "extras": 0,
                "total": 4
              }
            },
            {
              "batter": "NR Kirton",
              "bowler": "AS Abioye",
              "non_striker": "NR Kumar",
              "runs": {
                "batter": 0,
                "extras": 0,
                "total": 0
              },
              "wickets": [
                {
                  "kind": "caught",
                  "player_out": "NR Kirton",
                  "fielders": [
                    {
                      "name": "AA Onikoyi"
                    }
                  ]
                }
              ]
            },
            {
              "batter": "Abraash Khan",
              "bowler": "AS Abioye",
              "non_striker": "NR Kumar",
              "runs": {
                "batter": 0,
                "extras": 0,
                "total": 0
              }
            }
          ]
        },
        {
          "over": 8,
          "deliveries": [
            {
              "batter": "NR Kumar",
              "bowler": "D Ajekun",
              "non_striker": "Abraash Khan",
              "runs": {
                "batter": 1,
                "extras": 0,
                "total": 1
              }
            },
            {
              "batter": "Abraash Khan",
              "bowler": "D Ajekun",
              "non_striker": "NR Kumar",
              "runs": {
                "batter": 1,
                "extras": 0,
                "total": 1
              }
            },
            {
              "batter": "NR Kumar",
              "bowler": "D Ajekun",
              "non_striker": "Abraash Khan",
              "runs": {
                "batter": 1,
                "extras": 0,
                "total": 1
              }
            },
            {
              "batter": "Abraash Khan",
              "bowler": "D Ajekun",
              "non_striker": "NR Kumar",
              "runs": {
                "batter": 0,
                "extras": 0,
                "total": 0
              }
            },
            {
              "batter": "Abraash Khan",
              "bowler": "D Ajekun",
              "non_striker": "NR Kumar",
              "runs": {
                "batter": 0,
                "extras": 0,
                "total": 0
              }
            },
            {
              "batter": "Abraash Khan",
              "bowler": "D Ajekun",
              "non_striker": "NR Kumar",
              "runs": {
                "batter": 0,
                "extras": 0,
                "total": 0
              }
            }
          ]
        },
        {
          "over": 9,
          "deliveries": [
            {
              "batter": "NR Kumar",
              "bowler": "AS Abioye",
              "non_striker": "Abraash Khan",
              "runs": {
                "batter": 4,
                "extras": 0,
                "total": 4
              }
            },
            {
              "batter": "NR Kumar",
              "bowler": "AS Abioye",
              "non_striker": "Abraash Khan",
              "runs": {
                "batter": 1,
                "extras": 0,
                "total": 1
              }
            },
            {
              "batter": "Abraash Khan",
              "bowler": "AS Abioye",
              "non_striker": "NR Kumar",
              "runs": {
                "batter": 4,
                "extras": 0,
                "total": 4
              }
            },
            {
              "batter": "Abraash Khan",
              "bowler": "AS Abioye",
              "non_striker": "NR Kumar",
              "runs": {
                "batter": 2,
                "extras": 0,
                "total": 2
              }
            },
            {
              "batter": "Abraash Khan",
              "bowler": "AS Abioye",
              "non_striker": "NR Kumar",
              "runs": {
                "batter": 1,
                "extras": 0,
                "total": 1
              }
            },
            {
              "batter": "NR Kumar",
              "bowler": "AS Abioye",
              "non_striker": "Abraash Khan",
              "runs": {
                "batter": 1,
                "extras": 0,
                "total": 1
              }
            }
          ]
        },
        {
          "over": 10,
          "deliveries": [
            {
              "batter": "NR Kumar",
              "bowler": "D Ajekun",
              "non_striker": "Abraash Khan",
              "runs": {
                "batter": 1,
                "extras": 0,
                "total": 1
              }
            },
            {
              "batter": "Abraash Khan",
              "bowler": "D Ajekun",
              "non_striker": "NR Kumar",
              "runs": {
                "batter": 2,
                "extras": 0,
                "total": 2
              }
            },
            {
              "batter": "Abraash Khan",
              "bowler": "D Ajekun",
              "non_striker": "NR Kumar",
              "runs": {
                "batter": 1,
                "extras": 0,
                "total": 1
              }
            },
            {
              "batter": "NR Kumar",
              "bowler": "D Ajekun",
              "non_striker": "Abraash Khan",
              "runs": {
                "batter": 0,
                "extras": 0,
                "total": 0
              }
            },
            {
              "batter": "NR Kumar",
              "bowler": "D Ajekun",
              "non_striker": "Abraash Khan",
              "runs": {
                "batter": 1,
                "extras": 0,
                "total": 1
              }
            },
            {
              "batter": "Abraash Khan",
              "bowler": "D Ajekun",
              "non_striker": "NR Kumar",
              "runs": {
                "batter": 1,
                "extras": 0,
                "total": 1
              }
            }
          ]
        },
        {
          "over": 11,
          "deliveries": [
            {
              "batter": "Abraash Khan",
              "bowler": "SA Okpe",
              "non_striker": "NR Kumar",
              "runs": {
                "batter": 0,
                "extras": 0,
                "total": 0
              }
            },
            {
              "batter": "Abraash Khan",
              "bowler": "SA Okpe",
              "non_striker": "NR Kumar",
              "runs": {
                "batter": 1,
                "extras": 0,
                "total": 1
              }
            },
            {
              "batter": "NR Kumar",
              "bowler": "SA Okpe",
              "non_striker": "Abraash Khan",
              "runs": {
                "batter": 0,
                "extras": 0,
                "total": 0
              }
            },
            {
              "batter": "NR Kumar",
              "bowler": "SA Okpe",
              "non_striker": "Abraash Khan",
              "runs": {
                "batter": 4,
                "extras": 0,
                "total": 4
              }
            },
            {
              "batter": "NR Kumar",
              "bowler": "SA Okpe",
              "non_striker": "Abraash Khan",
              "runs": {
                "batter": 1,
                "extras": 0,
                "total": 1
              }
            },
            {
              "batter": "Abraash Khan",
              "bowler": "SA Okpe",
              "non_striker": "NR Kumar",
              "runs": {
                "batter": 1,
                "extras": 0,
                "total": 1
              }
            }
          ]
        },
        {
          "over": 12,
          "deliveries": [
            {
              "batter": "Abraash Khan",
              "bowler": "D Gim",
              "non_striker": "NR Kumar",
              "runs": {
                "batter": 0,
                "extras": 0,
                "total": 0
              }
            },
            {
              "batter": "Abraash Khan",
              "bowler": "D Gim",
              "non_striker": "NR Kumar",
              "runs": {
                "batter": 2,
                "extras": 0,
                "total": 2
              }
            },
            {
              "batter": "Abraash Khan",
              "bowler": "D Gim",
              "non_striker": "NR Kumar",
              "runs": {
                "batter": 0,
                "extras": 0,
                "total": 0
              }
            },
            {
              "batter": "Abraash Khan",
              "bowler": "D Gim",
              "non_striker": "NR Kumar",
              "runs": {
                "batter": 0,
                "extras": 0,
                "total": 0
              }
            },
            {
              "batter": "Abraash Khan",
              "bowler": "D Gim",
              "non_striker": "NR Kumar",
              "runs": {
                "batter": 0,
                "extras": 0,
                "total": 0
              },
              "wickets": [
                {
                  "kind": "caught",
                  "player_out": "Abraash Khan",
                  "fielders": [
                    {
                      "name": "CN Onwuzulike"
                    }
                  ]
                }
              ]
            },
            {
              "batter": "NR Kumar",
              "bowler": "D Gim",
              "non_striker": "Ravinderpal Singh",
              "runs": {
                "batter": 1,
                "extras": 0,
                "total": 1
              }
            }
          ]
        },
        {
          "over": 13,
          "deliveries": [
            {
              "batter": "NR Kumar",
              "bowler": "SA Okpe",
              "non_striker": "Ravinderpal Singh",
              "runs": {
                "batter": 0,
                "extras": 0,
                "total": 0
              }
            },
            {
              "batter": "NR Kumar",
              "bowler": "SA Okpe",
              "non_striker": "Ravinderpal Singh",
              "runs": {
                "batter": 1,
                "extras": 0,
                "total": 1
              }
            },
            {
              "batter": "Ravinderpal Singh",
              "bowler": "SA Okpe",
              "non_striker": "NR Kumar",
              "runs": {
                "batter": 0,
                "extras": 0,
                "total": 0
              }
            },
            {
              "batter": "Ravinderpal Singh",
              "bowler": "SA Okpe",
              "non_striker": "NR Kumar",
              "runs": {
                "batter": 0,
                "extras": 0,
                "total": 0
              }
            },
            {
              "batter": "Ravinderpal Singh",
              "bowler": "SA Okpe",
              "non_striker": "NR Kumar",
              "runs": {
                "batter": 1,
                "extras": 0,
                "total": 1
              }
            },
            {
              "batter": "NR Kumar",
              "bowler": "SA Okpe",
              "non_striker": "Ravinderpal Singh",
              "runs": {
                "batter": 0,
                "extras": 0,
                "total": 0
              }
            }
          ]
        },
        {
          "over": 14,
          "deliveries": [
            {
              "batter": "Ravinderpal Singh",
              "bowler": "D Ajekun",
              "non_striker": "NR Kumar",
              "runs": {
                "batter": 1,
                "extras": 0,
                "total": 1
              }
            },
            {
              "batter": "NR Kumar",
              "bowler": "D Ajekun",
              "non_striker": "Ravinderpal Singh",
              "runs": {
                "batter": 0,
                "extras": 0,
                "total": 0
              }
            },
            {
              "batter": "NR Kumar",
              "bowler": "D Ajekun",
              "non_striker": "Ravinderpal Singh",
              "runs": {
                "batter": 2,
                "extras": 0,
                "total": 2
              }
            },
            {
              "batter": "NR Kumar",
              "bowler": "D Ajekun",
              "non_striker": "Ravinderpal Singh",
              "runs": {
                "batter": 1,
                "extras": 0,
                "total": 1
              }
            },
            {
              "batter": "Ravinderpal Singh",
              "bowler": "D Ajekun",
              "non_striker": "NR Kumar",
              "runs": {
                "batter": 1,
                "extras": 0,
                "total": 1
              }
            },
            {
              "batter": "NR Kumar",
              "bowler": "D Ajekun",
              "non_striker": "Ravinderpal Singh",
              "runs": {
                "batter": 2,
                "extras": 0,
                "total": 2
              }
            }
          ]
        },
        {
          "over": 15,
          "deliveries": [
            {
              "batter": "Ravinderpal Singh",
              "bowler": "SA Okpe",
              "non_striker": "NR Kumar",
              "runs": {
                "batter": 0,
                "extras": 0,
                "total": 0
              },
              "wickets": [
                {
                  "kind": "caught and bowled",
                  "player_out": "Ravinderpal Singh"
                }
              ]
            },
            {
              "batter": "NR Kumar",
              "bowler": "SA Okpe",
              "non_striker": "Saad Bin Zafar",
              "runs": {
                "batter": 1,
                "extras": 0,
                "total": 1
              }
            },
            {
              "batter": "Saad Bin Zafar",
              "bowler": "SA Okpe",
              "non_striker": "NR Kumar",
              "runs": {
                "batter": 4,
                "extras": 0,
                "total": 4
              }
            },
            {
              "batter": "Saad Bin Zafar",
              "bowler": "SA Okpe",
              "non_striker": "NR Kumar",
              "runs": {
                "batter": 4,
                "extras": 0,
                "total": 4
              }
            },
            {
              "batter": "Saad Bin Zafar",
              "bowler": "SA Okpe",
              "non_striker": "NR Kumar",
              "runs": {
                "batter": 0,
                "extras": 0,
                "total": 0
              }
            },
            {
              "batter": "Saad Bin Zafar",
              "bowler": "SA Okpe",
              "non_striker": "NR Kumar",
              "runs": {
                "batter": 1,
                "extras": 0,
                "total": 1
              }
            }
          ]
        },
        {
          "over": 16,
          "deliveries": [
            {
              "batter": "Saad Bin Zafar",
              "bowler": "D Ajekun",
              "non_striker": "NR Kumar",
              "runs": {
                "batter": 2,
                "extras": 0,
                "total": 2
              }
            },
            {
              "batter": "Saad Bin Zafar",
              "bowler": "D Ajekun",
              "non_striker": "NR Kumar",
              "runs": {
                "batter": 0,
                "extras": 0,
                "total": 0
              },
              "wickets": [
                {
                  "kind": "lbw",
                  "player_out": "Saad Bin Zafar"
                }
              ]
            },
            {
              "batter": "Hamza Tariq",
              "bowler": "D Ajekun",
              "non_striker": "NR Kumar",
              "runs": {
                "batter": 2,
                "extras": 0,
                "total": 2
              }
            },
            {
              "batter": "Hamza Tariq",
              "bowler": "D Ajekun",
              "non_striker": "NR Kumar",
              "runs": {
                "batter": 2,
                "extras": 0,
                "total": 2
              }
            },
            {
              "batter": "Hamza Tariq",
              "bowler": "D Ajekun",
              "non_striker": "NR Kumar",
              "runs": {
                "batter": 1,
                "extras": 0,
                "total": 1
              }
            },
            {
              "batter": "NR Kumar",
              "bowler": "D Ajekun",
              "non_striker": "Hamza Tariq",
              "runs": {
                "batter": 0,
                "extras": 0,
                "total": 0
              }
            }
          ]
        },
        {
          "over": 17,
          "deliveries": [
            {
              "batter": "Hamza Tariq",
              "bowler": "CM Akachukwu",
              "non_striker": "NR Kumar",
              "runs": {
                "batter": 1,
                "extras": 0,
                "total": 1
              }
            },
            {
              "batter": "NR Kumar",
              "bowler": "CM Akachukwu",
              "non_striker": "Hamza Tariq",
              "runs": {
                "batter": 6,
                "extras": 0,
                "total": 6
              }
            },
            {
              "batter": "NR Kumar",
              "bowler": "CM Akachukwu",
              "non_striker": "Hamza Tariq",
              "runs": {
                "batter": 4,
                "extras": 0,
                "total": 4
              }
            },
            {
              "batter": "NR Kumar",
              "bowler": "CM Akachukwu",
              "non_striker": "Hamza Tariq",
              "runs": {
                "batter": 1,
                "extras": 0,
                "total": 1
              }
            },
            {
              "batter": "Hamza Tariq",
              "bowler": "CM Akachukwu",
              "non_striker": "NR Kumar",
              "runs": {
                "batter": 6,
                "extras": 0,
                "total": 6
              }
            },
            {
              "batter": "Hamza Tariq",
              "bowler": "CM Akachukwu",
              "non_striker": "NR Kumar",
              "runs": {
                "batter": 1,
                "extras": 0,
                "total": 1
              }
            }
          ]
        },
        {
          "over": 18,
          "deliveries": [
            {
              "batter": "Hamza Tariq",
              "bowler": "IO Okpe",
              "non_striker": "NR Kumar",
              "runs": {
                "batter": 6,
                "extras": 0,
                "total": 6
              }
            },
            {
              "batter": "Hamza Tariq",
              "bowler": "IO Okpe",
              "non_striker": "NR Kumar",
              "runs": {
                "batter": 2,
                "extras": 0,
                "total": 2
              }
            },
            {
              "batter": "Hamza Tariq",
              "bowler": "IO Okpe",
              "non_striker": "NR Kumar",
              "runs": {
                "batter": 2,
                "extras": 0,
                "total": 2
              }
            },
            {
              "batter": "Hamza Tariq",
              "bowler": "IO Okpe",
              "non_striker": "NR Kumar",
              "runs": {
                "batter": 0,
                "extras": 0,
                "total": 0
              }
            },
            {
              "batter": "Hamza Tariq",
              "bowler": "IO Okpe",
              "non_striker": "NR Kumar",
              "runs": {
                "batter": 6,
                "extras": 0,
                "total": 6
              }
            },
            {
              "batter": "Hamza Tariq",
              "bowler": "IO Okpe",
              "non_striker": "NR Kumar",
              "runs": {
                "batter": 1,
                "extras": 0,
                "total": 1
              }
            }
          ]
        },
        {
          "over": 19,
          "deliveries": [
            {
              "batter": "Hamza Tariq",
              "bowler": "AS Abioye",
              "non_striker": "NR Kumar",
              "runs": {
                "batter": 1,
                "extras": 0,
                "total": 1
              }
            },
            {
              "batter": "NR Kumar",
              "bowler": "AS Abioye",
              "non_striker": "Hamza Tariq",
              "runs": {
                "batter": 2,
                "extras": 0,
                "total": 2
              }
            },
            {
              "batter": "NR Kumar",
              "bowler": "AS Abioye",
              "non_striker": "Hamza Tariq",
              "runs": {
                "batter": 1,
                "extras": 0,
                "total": 1
              }
            },
            {
              "batter": "Hamza Tariq",
              "bowler": "AS Abioye",
              "non_striker": "NR Kumar",
              "runs": {
                "batter": 0,
                "extras": 0,
                "total": 0
              }
            },
            {
              "batter": "Hamza Tariq",
              "bowler": "AS Abioye",
              "non_striker": "NR Kumar",
              "runs": {
                "batter": 2,
                "extras": 0,
                "total": 2
              }
            },
            {
              "batter": "Hamza Tariq",
              "bowler": "AS Abioye",
              "non_striker": "NR Kumar",
              "runs": {
                "batter": 0,
                "extras": 0,
                "total": 0
              },
              "wickets": [
                {
                  "kind": "caught",
                  "player_out": "Hamza Tariq",
                  "fielders": [
                    {
                      "name": "CN Onwuzulike"
                    }
                  ]
                }
              ]
            }
          ]
        }
      ],
      "powerplays": [
        {
          "from": 0.1,
          "to": 5.6,
          "type": "mandatory"
        }
      ]
    },
    {
      "team": "Nigeria",
      "overs": [
        {
          "over": 0,
          "deliveries": [
            {
              "batter": "D Ajekun",
              "bowler": "JOA Gordon",
              "non_striker": "AM Oyede",
              "runs": {
                "batter": 0,
                "extras": 0,
                "total": 0
              }
            },
            {
              "batter": "D Ajekun",
              "bowler": "JOA Gordon",
              "non_striker": "AM Oyede",
              "runs": {
                "batter": 2,
                "extras": 0,
                "total": 2
              }
            },
            {
              "batter": "D Ajekun",
              "bowler": "JOA Gordon",
              "non_striker": "AM Oyede",
              "runs": {
                "batter": 0,
                "extras": 0,
                "total": 0
              }
            },
            {
              "batter": "D Ajekun",
              "bowler": "JOA Gordon",
              "non_striker": "AM Oyede",
              "runs": {
                "batter": 0,
                "extras": 0,
                "total": 0
              }
            },
            {
              "batter": "D Ajekun",
              "bowler": "JOA Gordon",
              "non_striker": "AM Oyede",
              "runs": {
                "batter": 0,
                "extras": 0,
                "total": 0
              }
            },
            {
              "batter": "D Ajekun",
              "bowler": "JOA Gordon",
              "non_striker": "AM Oyede",
              "runs": {
                "batter": 0,
                "extras": 0,
                "total": 0
              }
            }
          ]
        },
        {
          "over": 1,
          "deliveries": [
            {
              "batter": "AM Oyede",
              "bowler": "D Heyliger",
              "non_striker": "D Ajekun",
              "runs": {
                "batter": 0,
                "extras": 0,
                "total": 0
              },
              "wickets": [
                {
                  "kind": "caught",
                  "player_out": "AM Oyede",
                  "fielders": [
                    {
                      "name": "RA Thomas"
                    }
                  ]
                }
              ]
            },
            {
              "batter": "D Ajekun",
              "bowler": "D Heyliger",
              "non_striker": "Sulaimon Runsewe",
              "runs": {
                "batter": 0,
                "extras": 0,
                "total": 0
              }
            },
            {
              "batter": "D Ajekun",
              "bowler": "D Heyliger",
              "non_striker": "Sulaimon Runsewe",
              "runs": {
                "batter": 0,
                "extras": 0,
                "total": 0
              },
              "wickets": [
                {
                  "kind": "caught",
                  "player_out": "D Ajekun",
                  "fielders": [
                    {
                      "name": "Ravinderpal Singh"
                    }
                  ]
                }
              ]
            },
            {
              "batter": "Sulaimon Runsewe",
              "bowler": "D Heyliger",
              "non_striker": "CN Onwuzulike",
              "runs": {
                "batter": 0,
                "extras": 0,
                "total": 0
              }
            },
            {
              "batter": "Sulaimon Runsewe",
              "bowler": "D Heyliger",
              "extras": {
                "wides": 1
              },
              "non_striker": "CN Onwuzulike",
              "runs": {
                "batter": 0,
                "extras": 1,
                "total": 1
              }
            },
            {
              "batter": "Sulaimon Runsewe",
              "bowler": "D Heyliger",
              "non_striker": "CN Onwuzulike",
              "runs": {
                "batter": 0,
                "extras": 0,
                "total": 0
              }
            },
            {
              "batter": "Sulaimon Runsewe",
              "bowler": "D Heyliger",
              "non_striker": "CN Onwuzulike",
              "runs": {
                "batter": 3,
                "extras": 0,
                "total": 3
              }
            }
          ]
        },
        {
          "over": 2,
          "deliveries": [
            {
              "batter": "Sulaimon Runsewe",
              "bowler": "JOA Gordon",
              "non_striker": "CN Onwuzulike",
              "runs": {
                "batter": 0,
                "extras": 0,
                "total": 0
              }
            },
            {
              "batter": "Sulaimon Runsewe",
              "bowler": "JOA Gordon",
              "non_striker": "CN Onwuzulike",
              "runs": {
                "batter": 0,
                "extras": 0,
                "total": 0
              }
            },
            {
              "batter": "Sulaimon Runsewe",
              "bowler": "JOA Gordon",
              "non_striker": "CN Onwuzulike",
              "runs": {
                "batter": 0,
                "extras": 0,
                "total": 0
              }
            },
            {
              "batter": "Sulaimon Runsewe",
              "bowler": "JOA Gordon",
              "extras": {
                "wides": 1
              },
              "non_striker": "CN Onwuzulike",
              "runs": {
                "batter": 0,
                "extras": 1,
                "total": 1
              }
            },
            {
              "batter": "Sulaimon Runsewe",
              "bowler": "JOA Gordon",
              "non_striker": "CN Onwuzulike",
              "runs": {
                "batter": 2,
                "extras": 0,
                "total": 2
              }
            },
            {
              "batter": "Sulaimon Runsewe",
              "bowler": "JOA Gordon",
              "non_striker": "CN Onwuzulike",
              "runs": {
                "batter": 1,
                "extras": 0,
                "total": 1
              }
            },
            {
              "batter": "CN Onwuzulike",
              "bowler": "JOA Gordon",
              "non_striker": "Sulaimon Runsewe",
              "runs": {
                "batter": 1,
                "extras": 0,
                "total": 1
              }
            }
          ]
        },
        {
          "over": 3,
          "deliveries": [
            {
              "batter": "CN Onwuzulike",
              "bowler": "D Heyliger",
              "non_striker": "Sulaimon Runsewe",
              "runs": {
                "batter": 0,
                "extras": 0,
                "total": 0
              }
            },
            {
              "batter": "CN Onwuzulike",
              "bowler": "D Heyliger",
              "non_striker": "Sulaimon Runsewe",
              "runs": {
                "batter": 0,
                "extras": 0,
                "total": 0
              }
            },
            {
              "batter": "CN Onwuzulike",
              "bowler": "D Heyliger",
              "non_striker": "Sulaimon Runsewe",
              "runs": {
                "batter": 0,
                "extras": 0,
                "total": 0
              }
            },
            {
              "batter": "CN Onwuzulike",
              "bowler": "D Heyliger",
              "non_striker": "Sulaimon Runsewe",
              "runs": {
                "batter": 0,
                "extras": 0,
                "total": 0
              }
            },
            {
              "batter": "CN Onwuzulike",
              "bowler": "D Heyliger",
              "non_striker": "Sulaimon Runsewe",
              "runs": {
                "batter": 2,
                "extras": 0,
                "total": 2
              }
            },
            {
              "batter": "CN Onwuzulike",
              "bowler": "D Heyliger",
              "non_striker": "Sulaimon Runsewe",
              "runs": {
                "batter": 0,
                "extras": 0,
                "total": 0
              }
            }
          ]
        },
        {
          "over": 4,
          "deliveries": [
            {
              "batter": "Sulaimon Runsewe",
              "bowler": "Saad Bin Zafar",
              "non_striker": "CN Onwuzulike",
              "runs": {
                "batter": 0,
                "extras": 0,
                "total": 0
              }
            },
            {
              "batter": "Sulaimon Runsewe",
              "bowler": "Saad Bin Zafar",
              "non_striker": "CN Onwuzulike",
              "runs": {
                "batter": 0,
                "extras": 0,
                "total": 0
              }
            },
            {
              "batter": "Sulaimon Runsewe",
              "bowler": "Saad Bin Zafar",
              "non_striker": "CN Onwuzulike",
              "runs": {
                "batter": 1,
                "extras": 0,
                "total": 1
              }
            },
            {
              "batter": "CN Onwuzulike",
              "bowler": "Saad Bin Zafar",
              "extras": {
                "wides": 1
              },
              "non_striker": "Sulaimon Runsewe",
              "runs": {
                "batter": 0,
                "extras": 1,
                "total": 1
              }
            },
            {
              "batter": "CN Onwuzulike",
              "bowler": "Saad Bin Zafar",
              "non_striker": "Sulaimon Runsewe",
              "runs": {
                "batter": 4,
                "extras": 0,
                "total": 4
              }
            },
            {
              "batter": "CN Onwuzulike",
              "bowler": "Saad Bin Zafar",
              "non_striker": "Sulaimon Runsewe",
              "runs": {
                "batter": 1,
                "extras": 0,
                "total": 1
              }
            },
            {
              "batter": "Sulaimon Runsewe",
              "bowler": "Saad Bin Zafar",
              "non_striker": "CN Onwuzulike",
              "runs": {
                "batter": 1,
                "extras": 0,
                "total": 1
              }
            }
          ]
        },
        {
          "over": 5,
          "deliveries": [
            {
              "batter": "Sulaimon Runsewe",
              "bowler": "N Dutta",
              "non_striker": "CN Onwuzulike",
              "runs": {
                "batter": 0,
                "extras": 0,
                "total": 0
              }
            },
            {
              "batter": "Sulaimon Runsewe",
              "bowler": "N Dutta",
              "non_striker": "CN Onwuzulike",
              "runs": {
                "batter": 1,
                "extras": 0,
                "total": 1
              }
            },
            {
              "batter": "CN Onwuzulike",
              "bowler": "N Dutta",
              "non_striker": "Sulaimon Runsewe",
              "runs": {
                "batter": 1,
                "extras": 0,
                "total": 1
              }
            },
            {
              "batter": "Sulaimon Runsewe",
              "bowler": "N Dutta",
              "non_striker": "CN Onwuzulike",
              "runs": {
                "batter": 4,
                "extras": 0,
                "total": 4
              }
            },
            {
              "batter": "Sulaimon Runsewe",
              "bowler": "N Dutta",
              "non_striker": "CN Onwuzulike",
              "runs": {
                "batter": 1,
                "extras": 0,
                "total": 1
              }
            },
            {
              "batter": "CN Onwuzulike",
              "bowler": "N Dutta",
              "non_striker": "Sulaimon Runsewe",
              "runs": {
                "batter": 0,
                "extras": 0,
                "total": 0
              }
            }
          ]
        },
        {
          "over": 6,
          "deliveries": [
            {
              "batter": "Sulaimon Runsewe",
              "bowler": "NR Kumar",
              "non_striker": "CN Onwuzulike",
              "runs": {
                "batter": 1,
                "extras": 0,
                "total": 1
              }
            },
            {
              "batter": "CN Onwuzulike",
              "bowler": "NR Kumar",
              "non_striker": "Sulaimon Runsewe",
              "runs": {
                "batter": 4,
                "extras": 0,
                "total": 4
              }
            },
            {
              "batter": "CN Onwuzulike",
              "bowler": "NR Kumar",
              "non_striker": "Sulaimon Runsewe",
              "runs": {
                "batter": 1,
                "extras": 0,
                "total": 1
              }
            },
            {
              "batter": "Sulaimon Runsewe",
              "bowler": "NR Kumar",
              "non_striker": "CN Onwuzulike",
              "runs": {
                "batter": 3,
                "extras": 0,
                "total": 3
              }
            },
            {
              "batter": "CN Onwuzulike",
              "bowler": "NR Kumar",
              "non_striker": "Sulaimon Runsewe",
              "runs": {
                "batter": 0,
                "extras": 0,
                "total": 0
              }
            },
            {
              "batter": "CN Onwuzulike",
              "bowler": "NR Kumar",
              "non_striker": "Sulaimon Runsewe",
              "runs": {
                "batter": 1,
                "extras": 0,
                "total": 1
              }
            }
          ]
        },
        {
          "over": 7,
          "deliveries": [
            {
              "batter": "CN Onwuzulike",
              "bowler": "N Dutta",
              "non_striker": "Sulaimon Runsewe",
              "runs": {
                "batter": 4,
                "extras": 0,
                "total": 4
              }
            },
            {
              "batter": "CN Onwuzulike",
              "bowler": "N Dutta",
              "non_striker": "Sulaimon Runsewe",
              "runs": {
                "batter": 2,
                "extras": 0,
                "total": 2
              }
            },
            {
              "batter": "CN Onwuzulike",
              "bowler": "N Dutta",
              "non_striker": "Sulaimon Runsewe",
              "runs": {
                "batter": 0,
                "extras": 0,
                "total": 0
              }
            },
            {
              "batter": "CN Onwuzulike",
              "bowler": "N Dutta",
              "non_striker": "Sulaimon Runsewe",
              "runs": {
                "batter": 1,
                "extras": 0,
                "total": 1
              }
            },
            {
              "batter": "Sulaimon Runsewe",
              "bowler": "N Dutta",
              "non_striker": "CN Onwuzulike",
              "runs": {
                "batter": 0,
                "extras": 0,
                "total": 0
              }
            },
            {
              "batter": "Sulaimon Runsewe",
              "bowler": "N Dutta",
              "non_striker": "CN Onwuzulike",
              "runs": {
                "batter": 2,
                "extras": 0,
                "total": 2
              }
            }
          ]
        },
        {
          "over": 8,
          "deliveries": [
            {
              "batter": "CN Onwuzulike",
              "bowler": "NR Kumar",
              "non_striker": "Sulaimon Runsewe",
              "runs": {
                "batter": 1,
                "extras": 0,
                "total": 1
              }
            },
            {
              "batter": "Sulaimon Runsewe",
              "bowler": "NR Kumar",
              "non_striker": "CN Onwuzulike",
              "runs": {
                "batter": 1,
                "extras": 0,
                "total": 1
              }
            },
            {
              "batter": "CN Onwuzulike",
              "bowler": "NR Kumar",
              "non_striker": "Sulaimon Runsewe",
              "runs": {
                "batter": 1,
                "extras": 0,
                "total": 1
              }
            },
            {
              "batter": "Sulaimon Runsewe",
              "bowler": "NR Kumar",
              "non_striker": "CN Onwuzulike",
              "runs": {
                "batter": 1,
                "extras": 0,
                "total": 1
              }
            },
            {
              "batter": "CN Onwuzulike",
              "bowler": "NR Kumar",
              "non_striker": "Sulaimon Runsewe",
              "runs": {
                "batter": 1,
                "extras": 0,
                "total": 1
              }
            },
            {
              "batter": "Sulaimon Runsewe",
              "bowler": "NR Kumar",
              "non_striker": "CN Onwuzulike",
              "runs": {
                "batter": 0,
                "extras": 0,
                "total": 0
              }
            }
          ]
        },
        {
          "over": 9,
          "deliveries": [
            {
              "batter": "CN Onwuzulike",
              "bowler": "Saad Bin Zafar",
              "non_striker": "Sulaimon Runsewe",
              "runs": {
                "batter": 1,
                "extras": 0,
                "total": 1
              }
            },
            {
              "batter": "Sulaimon Runsewe",
              "bowler": "Saad Bin Zafar",
              "non_striker": "CN Onwuzulike",
              "runs": {
                "batter": 2,
                "extras": 0,
                "total": 2
              }
            },
            {
              "batter": "Sulaimon Runsewe",
              "bowler": "Saad Bin Zafar",
              "non_striker": "CN Onwuzulike",
              "runs": {
                "batter": 2,
                "extras": 0,
                "total": 2
              }
            },
            {
              "batter": "Sulaimon Runsewe",
              "bowler": "Saad Bin Zafar",
              "non_striker": "CN Onwuzulike",
              "runs": {
                "batter": 1,
                "extras": 0,
                "total": 1
              }
            },
            {
              "batter": "CN Onwuzulike",
              "bowler": "Saad Bin Zafar",
              "non_striker": "Sulaimon Runsewe",
              "runs": {
                "batter": 1,
                "extras": 0,
                "total": 1
              }
            },
            {
              "batter": "Sulaimon Runsewe",
              "bowler": "Saad Bin Zafar",
              "non_striker": "CN Onwuzulike",
              "runs": {
                "batter": 0,
                "extras": 0,
                "total": 0
              },
              "wickets": [
                {
                  "kind": "caught",
                  "player_out": "Sulaimon Runsewe",
                  "fielders": [
                    {
                      "name": "NS Dhaliwal"
                    }
                  ]
                }
              ]
            }
          ]
        },
        {
          "over": 10,
          "deliveries": [
            {
              "batter": "CN Onwuzulike",
              "bowler": "NS Dhaliwal",
              "non_striker": "AA Onikoyi",
              "runs": {
                "batter": 2,
                "extras": 0,
                "total": 2
              }
            },
            {
              "batter": "CN Onwuzulike",
              "bowler": "NS Dhaliwal",
              "non_striker": "AA Onikoyi",
              "runs": {
                "batter": 6,
                "extras": 0,
                "total": 6
              }
            },
            {
              "batter": "CN Onwuzulike",
              "bowler": "NS Dhaliwal",
              "non_striker": "AA Onikoyi",
              "runs": {
                "batter": 2,
                "extras": 0,
                "total": 2
              }
            },
            {
              "batter": "CN Onwuzulike",
              "bowler": "NS Dhaliwal",
              "non_striker": "AA Onikoyi",
              "runs": {
                "batter": 1,
                "extras": 0,
                "total": 1
              }
            },
            {
              "batter": "AA Onikoyi",
              "bowler": "NS Dhaliwal",
              "non_striker": "CN Onwuzulike",
              "runs": {
                "batter": 0,
                "extras": 0,
                "total": 0
              }
            },
            {
              "batter": "AA Onikoyi",
              "bowler": "NS Dhaliwal",
              "non_striker": "CN Onwuzulike",
              "runs": {
                "batter": 0,
                "extras": 0,
                "total": 0
              }
            }
          ]
        },
        {
          "over": 11,
          "deliveries": [
            {
              "batter": "CN Onwuzulike",
              "bowler": "Saad Bin Zafar",
              "non_striker": "AA Onikoyi",
              "runs": {
                "batter": 0,
                "extras": 0,
                "total": 0
              },
              "wickets": [
                {
                  "kind": "run out",
                  "player_out": "AA Onikoyi"
                }
              ]
            },
            {
              "batter": "IO Okpe",
              "bowler": "Saad Bin Zafar",
              "non_striker": "CN Onwuzulike",
              "runs": {
                "batter": 1,
                "extras": 0,
                "total": 1
              }
            },
            {
              "batter": "CN Onwuzulike",
              "bowler": "Saad Bin Zafar",
              "extras": {
                "wides": 2
              },
              "non_striker": "IO Okpe",
              "runs": {
                "batter": 0,
                "extras": 2,
                "total": 2
              }
            },
            {
              "batter": "IO Okpe",
              "bowler": "Saad Bin Zafar",
              "non_striker": "CN Onwuzulike",
              "runs": {
                "batter": 1,
                "extras": 0,
                "total": 1
              }
            },
            {
              "batter": "CN Onwuzulike",
              "bowler": "Saad Bin Zafar",
              "non_striker": "IO Okpe",
              "runs": {
                "batter": 1,
                "extras": 0,
                "total": 1
              }
            },
            {
              "batter": "IO Okpe",
              "bowler": "Saad Bin Zafar",
              "non_striker": "CN Onwuzulike",
              "runs": {
                "batter": 0,
                "extras": 0,
                "total": 0
              }
            },
            {
              "batter": "IO Okpe",
              "bowler": "Saad Bin Zafar",
              "non_striker": "CN Onwuzulike",
              "runs": {
                "batter": 1,
                "extras": 0,
                "total": 1
              }
            }
          ]
        },
        {
          "over": 12,
          "deliveries": [
            {
              "batter": "IO Okpe",
              "bowler": "NS Dhaliwal",
              "non_striker": "CN Onwuzulike",
              "runs": {
                "batter": 1,
                "extras": 0,
                "total": 1
              }
            },
            {
              "batter": "CN Onwuzulike",
              "bowler": "NS Dhaliwal",
              "non_striker": "IO Okpe",
              "runs": {
                "batter": 0,
                "extras": 0,
                "total": 0
              },
              "wickets": [
                {
                  "kind": "bowled",
                  "player_out": "CN Onwuzulike"
                }
              ]
            },
            {
              "batter": "JO Adedeji",
              "bowler": "NS Dhaliwal",
              "non_striker": "IO Okpe",
              "runs": {
                "batter": 1,
                "extras": 0,
                "total": 1
              }
            },
            {
              "batter": "IO Okpe",
              "bowler": "NS Dhaliwal",
              "non_striker": "JO Adedeji",
              "runs": {
                "batter": 0,
                "extras": 0,
                "total": 0
              }
            },
            {
              "batter": "IO Okpe",
              "bowler": "NS Dhaliwal",
              "non_striker": "JO Adedeji",
              "runs": {
                "batter": 1,
                "extras": 0,
                "total": 1
              }
            },
            {
              "batter": "JO Adedeji",
              "bowler": "NS Dhaliwal",
              "non_striker": "IO Okpe",
              "runs": {
                "batter": 1,
                "extras": 0,
                "total": 1
              }
            }
          ]
        },
        {
          "over": 13,
          "deliveries": [
            {
              "batter": "JO Adedeji",
              "bowler": "Saad Bin Zafar",
              "non_striker": "IO Okpe",
              "runs": {
                "batter": 1,
                "extras": 0,
                "total": 1
              }
            },
            {
              "batter": "IO Okpe",
              "bowler": "Saad Bin Zafar",
              "non_striker": "JO Adedeji",
              "runs": {
                "batter": 0,
                "extras": 0,
                "total": 0
              }
            },
            {
              "batter": "IO Okpe",
              "bowler": "Saad Bin Zafar",
              "non_striker": "JO Adedeji",
              "runs": {
                "batter": 0,
                "extras": 0,
                "total": 0
              },
              "wickets": [
                {
                  "kind": "bowled",
                  "player_out": "IO Okpe"
                }
              ]
            },
            {
              "batter": "D Gim",
              "bowler": "Saad Bin Zafar",
              "non_striker": "JO Adedeji",
              "runs": {
                "batter": 2,
                "extras": 0,
                "total": 2
              }
            },
            {
              "batter": "D Gim",
              "bowler": "Saad Bin Zafar",
              "non_striker": "JO Adedeji",
              "runs": {
                "batter": 1,
                "extras": 0,
                "total": 1
              }
            },
            {
              "batter": "JO Adedeji",
              "bowler": "Saad Bin Zafar",
              "non_striker": "D Gim",
              "runs": {
                "batter": 0,
                "extras": 0,
                "total": 0
              }
            }
          ]
        },
        {
          "over": 14,
          "deliveries": [
            {
              "batter": "D Gim",
              "bowler": "N Dutta",
              "non_striker": "JO Adedeji",
              "runs": {
                "batter": 1,
                "extras": 0,
                "total": 1
              }
            },
            {
              "batter": "JO Adedeji",
              "bowler": "N Dutta",
              "non_striker": "D Gim",
              "runs": {
                "batter": 0,
                "extras": 0,
                "total": 0
              },
              "wickets": [
                {
                  "kind": "bowled",
                  "player_out": "JO Adedeji"
                }
              ]
            },
            {
              "batter": "SA Okpe",
              "bowler": "N Dutta",
              "non_striker": "D Gim",
              "runs": {
                "batter": 1,
                "extras": 0,
                "total": 1
              }
            },
            {
              "batter": "D Gim",
              "bowler": "N Dutta",
              "non_striker": "SA Okpe",
              "runs": {
                "batter": 1,
                "extras": 0,
                "total": 1
              }
            },
            {
              "batter": "SA Okpe",
              "bowler": "N Dutta",
              "non_striker": "D Gim",
              "runs": {
                "batter": 1,
                "extras": 0,
                "total": 1
              }
            },
            {
              "batter": "D Gim",
              "bowler": "N Dutta",
              "non_striker": "SA Okpe",
              "runs": {
                "batter": 0,
                "extras": 0,
                "total": 0
              }
            }
          ]
        },
        {
          "over": 15,
          "deliveries": [
            {
              "batter": "SA Okpe",
              "bowler": "D Heyliger",
              "extras": {
                "legbyes": 1
              },
              "non_striker": "D Gim",
              "runs": {
                "batter": 0,
                "extras": 1,
                "total": 1
              }
            },
            {
              "batter": "D Gim",
              "bowler": "D Heyliger",
              "non_striker": "SA Okpe",
              "runs": {
                "batter": 1,
                "extras": 0,
                "total": 1
              }
            },
            {
              "batter": "SA Okpe",
              "bowler": "D Heyliger",
              "extras": {
                "wides": 1
              },
              "non_striker": "D Gim",
              "runs": {
                "batter": 0,
                "extras": 1,
                "total": 1
              }
            },
            {
              "batter": "SA Okpe",
              "bowler": "D Heyliger",
              "non_striker": "D Gim",
              "runs": {
                "batter": 0,
                "extras": 0,
                "total": 0
              }
            },
            {
              "batter": "SA Okpe",
              "bowler": "D Heyliger",
              "non_striker": "D Gim",
              "runs": {
                "batter": 4,
                "extras": 0,
                "total": 4
              }
            },
            {
              "batter": "SA Okpe",
              "bowler": "D Heyliger",
              "non_striker": "D Gim",
              "runs": {
                "batter": 0,
                "extras": 0,
                "total": 0
              }
            },
            {
              "batter": "SA Okpe",
              "bowler": "D Heyliger",
              "non_striker": "D Gim",
              "runs": {
                "batter": 2,
                "extras": 0,
                "total": 2
              }
            }
          ]
        },
        {
          "over": 16,
          "deliveries": [
            {
              "batter": "D Gim",
              "bowler": "JOA Gordon",
              "non_striker": "SA Okpe",
              "runs": {
                "batter": 0,
                "extras": 0,
                "total": 0
              }
            },
            {
              "batter": "D Gim",
              "bowler": "JOA Gordon",
              "extras": {
                "wides": 1
              },
              "non_striker": "SA Okpe",
              "runs": {
                "batter": 0,
                "extras": 1,
                "total": 1
              }
            },
            {
              "batter": "D Gim",
              "bowler": "JOA Gordon",
              "extras": {
                "legbyes": 1
              },
              "non_striker": "SA Okpe",
              "runs": {
                "batter": 0,
                "extras": 1,
                "total": 1
              }
            },
            {
              "batter": "SA Okpe",
              "bowler": "JOA Gordon",
              "non_striker": "D Gim",
              "runs": {
                "batter": 0,
                "extras": 0,
                "total": 0
              }
            },
            {
              "batter": "SA Okpe",
              "bowler": "JOA Gordon",
              "non_striker": "D Gim",
              "runs": {
                "batter": 0,
                "extras": 0,
                "total": 0
              }
            },
            {
              "batter": "SA Okpe",
              "bowler": "JOA Gordon",
              "non_striker": "D Gim",
              "runs": {
                "batter": 0,
                "extras": 0,
                "total": 0
              }
            },
            {
              "batter": "SA Okpe",
              "bowler": "JOA Gordon",
              "non_striker": "D Gim",
              "runs": {
                "batter": 1,
                "extras": 0,
                "total": 1
              }
            }
          ]
        },
        {
          "over": 17,
          "deliveries": [
            {
              "batter": "SA Okpe",
              "bowler": "N Dutta",
              "non_striker": "D Gim",
              "runs": {
                "batter": 0,
                "extras": 0,
                "total": 0
              }
            },
            {
              "batter": "SA Okpe",
              "bowler": "N Dutta",
              "non_striker": "D Gim",
              "runs": {
                "batter": 1,
                "extras": 0,
                "total": 1
              }
            },
            {
              "batter": "D Gim",
              "bowler": "N Dutta",
              "non_striker": "SA Okpe",
              "runs": {
                "batter": 0,
                "extras": 0,
                "total": 0
              }
            },
            {
              "batter": "D Gim",
              "bowler": "N Dutta",
              "non_striker": "SA Okpe",
              "runs": {
                "batter": 1,
                "extras": 0,
                "total": 1
              }
            },
            {
              "batter": "SA Okpe",
              "bowler": "N Dutta",
              "non_striker": "D Gim",
              "runs": {
                "batter": 1,
                "extras": 0,
                "total": 1
              }
            },
            {
              "batter": "D Gim",
              "bowler": "N Dutta",
              "non_striker": "SA Okpe",
              "runs": {
                "batter": 0,
                "extras": 0,
                "total": 0
              }
            }
          ]
        },
        {
          "over": 18,
          "deliveries": [
            {
              "batter": "SA Okpe",
              "bowler": "JOA Gordon",
              "non_striker": "D Gim",
              "runs": {
                "batter": 1,
                "extras": 0,
                "total": 1
              }
            },
            {
              "batter": "D Gim",
              "bowler": "JOA Gordon",
              "extras": {
                "wides": 1
              },
              "non_striker": "SA Okpe",
              "runs": {
                "batter": 0,
                "extras": 1,
                "total": 1
              }
            },
            {
              "batter": "D Gim",
              "bowler": "JOA Gordon",
              "non_striker": "SA Okpe",
              "runs": {
                "batter": 0,
                "extras": 0,
                "total": 0
              }
            },
            {
              "batter": "D Gim",
              "bowler": "JOA Gordon",
              "non_striker": "SA Okpe",
              "runs": {
                "batter": 1,
                "extras": 0,
                "total": 1
              }
            },
            {
              "batter": "SA Okpe",
              "bowler": "JOA Gordon",
              "non_striker": "D Gim",
              "runs": {
                "batter": 0,
                "extras": 0,
                "total": 0
              }
            },
            {
              "batter": "SA Okpe",
              "bowler": "JOA Gordon",
              "non_striker": "D Gim",
              "runs": {
                "batter": 0,
                "extras": 0,
                "total": 0
              }
            },
            {
              "batter": "SA Okpe",
              "bowler": "JOA Gordon",
              "extras": {
                "legbyes": 1
              },
              "non_striker": "D Gim",
              "runs": {
                "batter": 0,
                "extras": 1,
                "total": 1
              }
            }
          ]
        },
        {
          "over": 19,
          "deliveries": [
            {
              "batter": "SA Okpe",
              "bowler": "D Heyliger",
              "non_striker": "D Gim",
              "runs": {
                "batter": 0,
                "extras": 0,
                "total": 0
              },
              "wickets": [
                {
                  "kind": "caught",
                  "player_out": "SA Okpe",
                  "fielders": [
                    {
                      "name": "Hamza Tariq"
                    }
                  ]
                }
              ]
            },
            {
              "batter": "CM Akachukwu",
              "bowler": "D Heyliger",
              "non_striker": "D Gim",
              "runs": {
                "batter": 1,
                "extras": 0,
                "total": 1
              }
            },
            {
              "batter": "D Gim",
              "bowler": "D Heyliger",
              "non_striker": "CM Akachukwu",
              "runs": {
                "batter": 0,
                "extras": 0,
                "total": 0
              }
            },
            {
              "batter": "D Gim",
              "bowler": "D Heyliger",
              "non_striker": "CM Akachukwu",
              "runs": {
                "batter": 1,
                "extras": 0,
                "total": 1
              }
            },
            {
              "batter": "CM Akachukwu",
              "bowler": "D Heyliger",
              "non_striker": "D Gim",
              "runs": {
                "batter": 0,
                "extras": 0,
                "total": 0
              }
            },
            {
              "batter": "CM Akachukwu",
              "bowler": "D Heyliger",
              "non_striker": "D Gim",
              "runs": {
                "batter": 0,
                "extras": 0,
                "total": 0
              }
            }
          ]
        }
      ],
      "powerplays": [
        {
          "from": 0.1,
          "to": 5.6,
          "type": "mandatory"
        }
      ],
      "target": {
        "overs": 20,
        "runs": 160
      }
    }
  ]
}