{
  "meta": {
    "data_version": "1.0.0",
    "created": "2019-10-23",
    "revision": 1
  },
  "info": {
    "balls_per_over": 6,
    "city": "Abu Dhabi",
    "dates": [
      "2019-10-21"
    ],
    "event": {
      "name": "ICC Men's T20 World Cup Qualifier",
      "match_number": 16,
      "group": "B"
    },
    "gender": "male",
    "match_type": "T20",
    "match_type_number": 951,
    "officials": {
      "match_referees": [
        "GH Pienaar"
      ],
      "reserve_umpires": [
        "Rashid Riaz"
      ],
      "umpires": [
        "A Paleker",
        "SJ Nogajski"
      ]
    },
    "outcome": {
      "winner": "Ireland",
      "by": {
        "runs": 35
      }
    },
    "overs": 20,
    "player_of_match": [
      "GJ Delany"
    ],
    "players": {
      "Ireland": [
        "PR Stirling",
        "KJ O'Brien",
        "GJ Delany",
        "HT Tector",
        "MR Adair",
        "GH Dockrell",
        "GC Wilson",
        "WB Rankin",
        "DC Delany",
        "SR Thompson",
        "L Tucker"
      ],
      "Oman": [
        "Jatinder Singh",
        "Khawar Ali",
        "Aqib Ilyas",
        "Zeeshan Maqsood",
        "Suraj Kumar",
        "Aamir Kaleem",
        "Sandeep Goud",
        "Khurram Nawaz",
        "Mohammad Nadeem",
        "Fayyaz Butt",
        "Bilal Khan"
      ]
    },
    "registry": {
      "people": {
        "A Paleker": "634b11ac",
        "Aamir Kaleem": "7ecb9a14",
        "Aqib Ilyas": "b3b39bed",
        "Bilal Khan": "dcdb87f2",
        "DC Delany": "0f9c9d1d",
        "Fayyaz Butt": "bd9fbd51",
        "GC Wilson": "05de1a5a",
        "GH Dockrell": "99cddc5e",
        "GH Pienaar": "3516e46b",
        "GJ Delany": "33b3d2df",
        "HT Tector": "59ea70a4",
        "Jatinder Singh": "b80dd12c",
        "KJ O'Brien": "243431b5",
        "Khawar Ali": "934b36a6",
        "Khurram Nawaz": "07ff32f5",
        "L Tucker": "3979b5e0",
        "MR Adair": "fc55ec67",
        "Mohammad Nadeem": "c5d7b244",
        "PR Stirling": "cf494ffe",
        "Rashid Riaz": "fb82725e",
        "SJ Nogajski": "9b3f9323",
        "SR Thompson": "7f3ad1ed",
        "Sandeep Goud": "4e1c9f6e",
        "Suraj Kumar": "bb9d73d8",
        "WB Rankin": "29b89ae8",
        "Zeeshan Maqsood": "34464143"
      }
    },
    "season": "2019/20",
    "team_type": "international",
    "teams": [
      "Ireland",
      "Oman"
    ],
    "toss": {
      "decision": "field",
      "winner": "Oman"
    },
    "venue": "Tolerance Oval"
  },
  "innings": [
    {
      "team": "Ireland",
      "overs": [
        {
          "over": 0,
          "deliveries": [
            {
              "batter": "PR Stirling",
              "bowler": "Bilal Khan",
              "non_striker": "KJ O'Brien",
              "runs": {
                "batter": 0,
                "extras": 0,
                "total": 0
              }
            },
            {
              "batter": "PR Stirling",
              "bowler": "Bilal Khan",
              "non_striker": "KJ O'Brien",
              "runs": {
                "batter": 0,
                "extras": 0,
                "total": 0
              }
            },
            {
              "batter": "PR Stirling",
              "bowler": "Bilal Khan",
              "non_striker": "KJ O'Brien",
              "runs": {
                "batter": 1,
                "extras": 0,
                "total": 1
              }
            },
            {
              "batter": "KJ O'Brien",
              "bowler": "Bilal Khan",
              "non_striker": "PR Stirling",
              "runs": {
                "batter": 1,
                "extras": 0,
                "total": 1
              }
            },
            {
              "batter": "PR Stirling",
              "bowler": "Bilal Khan",
              "non_striker": "KJ O'Brien",
              "runs": {
                "batter": 0,
                "extras": 0,
                "total": 0
              }
            },
            {
              "batter": "PR Stirling",
              "bowler": "Bilal Khan",
              "non_striker": "KJ O'Brien",
              "runs": {
                "batter": 4,
                "extras": 0,
                "total": 4
              }
            }
          ]
        },
        {
          "over": 1,
          "deliveries": [
            {
              "batter": "KJ O'Brien",
              "bowler": "Aamir Kaleem",
              "non_striker": "PR Stirling",
              "runs": {
                "batter": 0,
                "extras": 0,
                "total": 0
              }
            },
            {
              "batter": "KJ O'Brien",
              "bowler": "Aamir Kaleem",
              "non_striker": "PR Stirling",
              "runs": {
                "batter": 4,
                "extras": 0,
                "total": 4
              }
            },
            {
              "batter": "KJ O'Brien",
              "bowler": "Aamir Kaleem",
              "non_striker": "PR Stirling",
              "runs": {
                "batter": 0,
                "extras": 0,
                "total": 0
              }
            },
            {
              "batter": "KJ O'Brien",
              "bowler": "Aamir Kaleem",
              "non_striker": "PR Stirling",
              "runs": {
                "batter": 2,
                "extras": 0,
                "total": 2
              }
            },
            {
              "batter": "KJ O'Brien",
              "bowler": "Aamir Kaleem",
              "non_striker": "PR Stirling",
              "runs": {
                "batter": 1,
                "extras": 0,
                "total": 1
              }
            },
            {
              "batter": "PR Stirling",
              "bowler": "Aamir Kaleem",
              "non_striker": "KJ O'Brien",
              "runs": {
                "batter": 4,
                "extras": 0,
                "total": 4
              }
            }
          ]
        },
        {
          "over": 2,
          "deliveries": [
            {
              "batter": "KJ O'Brien",
              "bowler": "Bilal Khan",
              "non_striker": "PR Stirling",
              "runs": {
                "batter": 2,
                "extras": 0,
                "total": 2
              }
            },
            {
              "batter": "KJ O'Brien",
              "bowler": "Bilal Khan",
              "non_striker": "PR Stirling",
              "runs": {
                "batter": 4,
                "extras": 0,
                "total": 4
              }
            },
            {
              "batter": "KJ O'Brien",
              "bowler": "Bilal Khan",
              "non_striker": "PR Stirling",
              "runs": {
                "batter": 0,
                "extras": 0,
                "total": 0
              }
            },
            {
              "batter": "KJ O'Brien",
              "bowler": "Bilal Khan",
              "non_striker": "PR Stirling",
              "runs": {
                "batter": 0,
                "extras": 0,
                "total": 0
              }
            },
            {
              "batter": "KJ O'Brien",
              "bowler": "Bilal Khan",
              "non_striker": "PR Stirling",
              "runs": {
                "batter": 6,
                "extras": 0,
                "total": 6
              }
            },
            {
              "batter": "KJ O'Brien",
              "bowler": "Bilal Khan",
              "non_striker": "PR Stirling",
              "runs": {
                "batter": 0,
                "extras": 0,
                "total": 0
              }
            }
          ]
        },
        {
          "over": 3,
          "deliveries": [
            {
              "batter": "PR Stirling",
              "bowler": "Fayyaz Butt",
              "non_striker": "KJ O'Brien",
              "runs": {
                "batter": 0,
                "extras": 0,
                "total": 0
              }
            },
            {
              "batter": "PR Stirling",
              "bowler": "Fayyaz Butt",
              "non_striker": "KJ O'Brien",
              "runs": {
                "batter": 1,
                "extras": 0,
                "total": 1
              }
            },
            {
              "batter": "KJ O'Brien",
              "bowler": "Fayyaz Butt",
              "non_striker": "PR Stirling",
              "runs": {
                "batter": 1,
                "extras": 0,
                "total": 1
              }
            },
            {
              "batter": "PR Stirling",
              "bowler": "Fayyaz Butt",
              "non_striker": "KJ O'Brien",
              "runs": {
                "batter": 1,
                "extras": 0,
                "total": 1
              }
            },
            {
              "batter": "KJ O'Brien",
              "bowler": "Fayyaz Butt",
              "non_striker": "PR Stirling",
              "runs": {
                "batter": 1,
                "extras": 0,
                "total": 1
              }
            },
            {
              "batter": "PR Stirling",
              "bowler": "Fayyaz Butt",
              "non_striker": "KJ O'Brien",
              "runs": {
                "batter": 0,
                "extras": 0,
                "total": 0
              }
            }
          ]
        },
        {
          "over": 4,
          "deliveries": [
            {
              "batter": "KJ O'Brien",
              "bowler": "Mohammad Nadeem",
              "non_striker": "PR Stirling",
              "runs": {
                "batter": 1,
                "extras": 0,
                "total": 1
              }
            },
            {
              "batter": "PR Stirling",
              "bowler": "Mohammad Nadeem",
              "non_striker": "KJ O'Brien",
              "runs": {
                "batter": 0,
                "extras": 0,
                "total": 0
              }
            },
            {
              "batter": "PR Stirling",
              "bowler": "Mohammad Nadeem",
              "non_striker": "KJ O'Brien",
              "runs": {
                "batter": 0,
                "extras": 0,
                "total": 0
              }
            },
            {
              "batter": "PR Stirling",
              "bowler": "Mohammad Nadeem",
              "non_striker": "KJ O'Brien",
              "runs": {
                "batter": 0,
                "extras": 0,
                "total": 0
              }
            },
            {
              "batter": "PR Stirling",
              "bowler": "Mohammad Nadeem",
              "non_striker": "KJ O'Brien",
              "runs": {
                "batter": 0,
                "extras": 0,
                "total": 0
              },
              "wickets": [
                {
                  "kind": "bowled",
                  "player_out": "PR Stirling"
                }
              ]
            },
            {
              "batter": "GJ Delany",
              "bowler": "Mohammad Nadeem",
              "non_striker": "KJ O'Brien",
              "runs": {
                "batter": 0,
                "extras": 0,
                "total": 0
              }
            }
          ]
        },
        {
          "over": 5,
          "deliveries": [
            {
              "batter": "KJ O'Brien",
              "bowler": "Fayyaz Butt",
              "non_striker": "GJ Delany",
              "runs": {
                "batter": 1,
                "extras": 0,
                "total": 1
              }
            },
            {
              "batter": "GJ Delany",
              "bowler": "Fayyaz Butt",
              "non_striker": "KJ O'Brien",
              "runs": {
                "batter": 0,
                "extras": 0,
                "total": 0
              }
            },
            {
              "batter": "GJ Delany",
              "bowler": "Fayyaz Butt",
              "non_striker": "KJ O'Brien",
              "runs": {
                "batter": 1,
                "extras": 0,
                "total": 1
              }
            },
            {
              "batter": "KJ O'Brien",
              "bowler": "Fayyaz Butt",
              "non_striker": "GJ Delany",
              "runs": {
                "batter": 1,
                "extras": 0,
                "total": 1
              }
            },
            {
              "batter": "GJ Delany",
              "bowler": "Fayyaz Butt",
              "non_striker": "KJ O'Brien",
              "runs": {
                "batter": 4,
                "extras": 0,
                "total": 4
              }
            },
            {
              "batter": "GJ Delany",
              "bowler": "Fayyaz Butt",
              "non_striker": "KJ O'Brien",
              "runs": {
                "batter": 4,
                "extras": 0,
                "total": 4
              }
            }
          ]
        },
        {
          "over": 6,
          "deliveries": [
            {
              "batter": "KJ O'Brien",
              "bowler": "Mohammad Nadeem",
              "non_striker": "GJ Delany",
              "runs": {
                "batter": 1,
                "extras": 0,
                "total": 1
              }
            },
            {
              "batter": "GJ Delany",
              "bowler": "Mohammad Nadeem",
              "non_striker": "KJ O'Brien",
              "runs": {
                "batter": 1,
                "extras": 0,
                "total": 1
              }
            },
            {
              "batter": "KJ O'Brien",
              "bowler": "Mohammad Nadeem",
              "non_striker": "GJ Delany",
              "runs": {
                "batter": 1,
                "extras": 0,
                "total": 1
              }
            },
            {
              "batter": "GJ Delany",
              "bowler": "Mohammad Nadeem",
              "non_striker": "KJ O'Brien",
              "runs": {
                "batter": 1,
                "extras": 0,
                "total": 1
              }
            },
            {
              "batter": "KJ O'Brien",
              "bowler": "Mohammad Nadeem",
              "non_striker": "GJ Delany",
              "runs": {
                "batter": 2,
                "extras": 0,
                "total": 2
              }
            },
            {
              "batter": "KJ O'Brien",
              "bowler": "Mohammad Nadeem",
              "non_striker": "GJ Delany",
              "runs": {
                "batter": 1,
                "extras": 0,
                "total": 1
              }
            }
          ]
        },
        {
          "over": 7,
          "deliveries": [
            {
              "batter": "KJ O'Brien",
              "bowler": "Khawar Ali",
              "non_striker": "GJ Delany",
              "runs": {
                "batter": 1,
                "extras": 0,
                "total": 1
              }
            },
            {
              "batter": "GJ Delany",
              "bowler": "Khawar Ali",
              "non_striker": "KJ O'Brien",
              "runs": {
                "batter": 2,
                "extras": 0,
                "total": 2
              }
            },
            {
              "batter": "GJ Delany",
              "bowler": "Khawar Ali",
              "non_striker": "KJ O'Brien",
              "runs": {
                "batter": 1,
                "extras": 0,
                "total": 1
              }
            },
            {
              "batter": "KJ O'Brien",
              "bowler": "Khawar Ali",
              "non_striker": "GJ Delany",
              "runs": {
                "batter": 1,
                "extras": 0,
                "total": 1
              }
            },
            {
              "batter": "GJ Delany",
              "bowler": "Khawar Ali",
              "non_striker": "KJ O'Brien",
              "runs": {
                "batter": 1,
                "extras": 0,
                "total": 1
              }
            },
            {
              "batter": "KJ O'Brien",
              "bowler": "Khawar Ali",
              "non_striker": "GJ Delany",
              "runs": {
                "batter": 0,
                "extras": 0,
                "total": 0
              }
            }
          ]
        },
        {
          "over": 8,
          "deliveries": [
            {
              "batter": "GJ Delany",
              "bowler": "Mohammad Nadeem",
              "non_striker": "KJ O'Brien",
              "runs": {
                "batter": 1,
                "extras": 0,
                "total": 1
              }
            },
            {
              "batter": "KJ O'Brien",
              "bowler": "Mohammad Nadeem",
              "non_striker": "GJ Delany",
              "runs": {
                "batter": 1,
                "extras": 0,
                "total": 1
              }
            },
            {
              "batter": "GJ Delany",
              "bowler": "Mohammad Nadeem",
              "non_striker": "KJ O'Brien",
              "runs": {
                "batter": 0,
                "extras": 0,
                "total": 0
              }
            },
            {
              "batter": "GJ Delany",
              "bowler": "Mohammad Nadeem",
              "non_striker": "KJ O'Brien",
              "runs": {
                "batter": 6,
                "extras": 0,
                "total": 6
              }
            },
            {
              "batter": "GJ Delany",
              "bowler": "Mohammad Nadeem",
              "non_striker": "KJ O'Brien",
              "runs": {
                "batter": 1,
                "extras": 0,
                "total": 1
              }
            },
            {
              "batter": "KJ O'Brien",
              "bowler": "Mohammad Nadeem",
              "non_striker": "GJ Delany",
              "runs": {
                "batter": 4,
                "extras": 0,
                "total": 4
              }
            }
          ]
        },
        {
          "over": 9,
          "deliveries": [
            {
              "batter": "GJ Delany",
              "bowler": "Khawar Ali",
              "non_striker": "KJ O'Brien",
              "runs": {
                "batter": 1,
                "extras": 0,
                "total": 1
              }
            },
            {
              "batter": "KJ O'Brien",
              "bowler": "Khawar Ali",
              "non_striker": "GJ Delany",
              "runs": {
                "batter": 4,
                "extras": 0,
                "total": 4
              }
            },
            {
              "batter": "KJ O'Brien",
              "bowler": "Khawar Ali",
              "non_striker": "GJ Delany",
              "runs": {
                "batter": 0,
                "extras": 0,
                "total": 0
              },
              "wickets": [
                {
                  "kind": "bowled",
                  "player_out": "KJ O'Brien"
                }
              ]
            },
            {
              "batter": "HT Tector",
              "bowler": "Khawar Ali",
              "non_striker": "GJ Delany",
              "runs": {
                "batter": 1,
                "extras": 0,
                "total": 1
              }
            },
            {
              "batter": "GJ Delany",
              "bowler": "Khawar Ali",
              "non_striker": "HT Tector",
              "runs": {
                "batter": 1,
                "extras": 0,
                "total": 1
              }
            },
            {
              "batter": "HT Tector",
              "bowler": "Khawar Ali",
              "non_striker": "GJ Delany",
              "runs": {
                "batter": 1,
                "extras": 0,
                "total": 1
              }
            }
          ]
        },
        {
          "over": 10,
          "deliveries": [
            {
              "batter": "HT Tector",
              "bowler": "Mohammad Nadeem",
              "non_striker": "GJ Delany",
              "runs": {
                "batter": 1,
                "extras": 0,
                "total": 1
              }
            },
            {
              "batter": "GJ Delany",
              "bowler": "Mohammad Nadeem",
              "non_striker": "HT Tector",
              "runs": {
                "batter": 0,
                "extras": 0,
                "total": 0
              }
            },
            {
              "batter": "GJ Delany",
              "bowler": "Mohammad Nadeem",
              "non_striker": "HT Tector",
              "runs": {
                "batter": 1,
                "extras": 0,
                "total": 1
              }
            },
            {
              "batter": "HT Tector",
              "bowler": "Mohammad Nadeem",
              "non_striker": "GJ Delany",
              "runs": {
                "batter": 1,
                "extras": 0,
                "total": 1
              }
            },
            {
              "batter": "GJ Delany",
              "bowler": "Mohammad Nadeem",
              "non_striker": "HT Tector",
              "runs": {
                "batter": 1,
                "extras": 0,
                "total": 1
              }
            },
            {
              "batter": "HT Tector",
              "bowler": "Mohammad Nadeem",
              "non_striker": "GJ Delany",
              "runs": {
                "batter": 4,
                "extras": 0,
                "total": 4
              }
            }
          ]
        },
        {
          "over": 11,
          "deliveries": [
            {
              "batter": "GJ Delany",
              "bowler": "Khawar Ali",
              "non_striker": "HT Tector",
              "runs": {
                "batter": 1,
                "extras": 0,
                "total": 1
              }
            },
            {
              "batter": "HT Tector",
              "bowler": "Khawar Ali",
              "non_striker": "GJ Delany",
              "runs": {
                "batter": 1,
                "extras": 0,
                "total": 1
              }
            },
            {
              "batter": "GJ Delany",
              "bowler": "Khawar Ali",
              "non_striker": "HT Tector",
              "runs": {
                "batter": 0,
                "extras": 0,
                "total": 0
              }
            },
            {
              "batter": "GJ Delany",
              "bowler": "Khawar Ali",
              "non_striker": "HT Tector",
              "runs": {
                "batter": 1,
                "extras": 0,
                "total": 1
              }
            },
            {
              "batter": "HT Tector",
              "bowler": "Khawar Ali",
              "non_striker": "GJ Delany",
              "runs": {
                "batter": 1,
                "extras": 0,
                "total": 1
              }
            },
            {
              "batter": "GJ Delany",
              "bowler": "Khawar Ali",
              "non_striker": "HT Tector",
              "runs": {
                "batter": 2,
                "extras": 0,
                "total": 2
              }
            }
          ]
        },
        {
          "over": 12,
          "deliveries": [
            {
              "batter": "HT Tector",
              "bowler": "Aamir Kaleem",
              "non_striker": "GJ Delany",
              "runs": {
                "batter": 1,
                "extras": 0,
                "total": 1
              }
            },
            {
              "batter": "GJ Delany",
              "bowler": "Aamir Kaleem",
              "non_striker": "HT Tector",
              "runs": {
                "batter": 1,
                "extras": 0,
                "total": 1
              }
            },
            {
              "batter": "HT Tector",
              "bowler": "Aamir Kaleem",
              "non_striker": "GJ Delany",
              "runs": {
                "batter": 0,
                "extras": 0,
                "total": 0
              }
            },
            {
              "batter": "HT Tector",
              "bowler": "Aamir Kaleem",
              "non_striker": "GJ Delany",
              "runs": {
                "batter": 6,
                "extras": 0,
                "total": 6
              }
            },
            {
              "batter": "HT Tector",
              "bowler": "Aamir Kaleem",
              "non_striker": "GJ Delany",
              "runs": {
                "batter": 2,
                "extras": 0,
                "total": 2
              }
            },
            {
              "batter": "HT Tector",
              "bowler": "Aamir Kaleem",
              "non_striker": "GJ Delany",
              "runs": {
                "batter": 0,
                "extras": 0,
                "total": 0
              }
            }
          ]
        },
        {
          "over": 13,
          "deliveries": [
            {
              "batter": "GJ Delany",
              "bowler": "Khawar Ali",
              "non_striker": "HT Tector",
              "runs": {
                "batter": 4,
                "extras": 0,
                "total": 4
              }
            },
            {
              "batter": "GJ Delany",
              "bowler": "Khawar Ali",
              "non_striker": "HT Tector",
              "runs": {
                "batter": 1,
                "extras": 0,
                "total": 1
              }
            },
            {
              "batter": "HT Tector",
              "bowler": "Khawar Ali",
              "non_striker": "GJ Delany",
              "runs": {
                "batter": 0,
                "extras": 0,
                "total": 0
              }
            },
            {
              "batter": "HT Tector",
              "bowler": "Khawar Ali",
              "non_striker": "GJ Delany",
              "runs": {
                "batter": 1,
                "extras": 0,
                "total": 1
              }
            },
            {
              "batter": "GJ Delany",
              "bowler": "Khawar Ali",
              "non_striker": "HT Tector",
              "runs": {
                "batter": 1,
                "extras": 0,
                "total": 1
              }
            },
            {
              "batter": "HT Tector",
              "bowler": "Khawar Ali",
              "non_striker": "GJ Delany",
              "runs": {
                "batter": 1,
                "extras": 0,
                "total": 1
              }
            }
          ]
        },
        {
          "over": 14,
          "deliveries": [
            {
              "batter": "HT Tector",
              "bowler": "Bilal Khan",
              "non_striker": "GJ Delany",
              "runs": {
                "batter": 6,
                "extras": 0,
                "total": 6
              }
            },
            {
              "batter": "HT Tector",
              "bowler": "Bilal Khan",
              "non_striker": "GJ Delany",
              "runs": {
                "batter": 0,
                "extras": 0,
                "total": 0
              }
            },
            {
              "batter": "HT Tector",
              "bowler": "Bilal Khan",
              "non_striker": "GJ Delany",
              "runs": {
                "batter": 0,
                "extras": 0,
                "total": 0
              }
            },
            {
              "batter": "HT Tector",
              "bowler": "Bilal Khan",
              "non_striker": "GJ Delany",
              "runs": {
                "batter": 1,
                "extras": 0,
                "total": 1
              }
            },
            {
              "batter": "GJ Delany",
              "bowler": "Bilal Khan",
              "non_striker": "HT Tector",
              "runs": {
                "batter": 1,
                "extras": 0,
                "total": 1
              }
            },
            {
              "batter": "HT Tector",
              "bowler": "Bilal Khan",
              "non_striker": "GJ Delany",
              "runs": {
                "batter": 0,
                "extras": 0,
                "total": 0
              },
              "wickets": [
                {
                  "kind": "lbw",
                  "player_out": "HT Tector"
                }
              ]
            }
          ]
        },
        {
          "over": 15,
          "deliveries": [
            {
              "batter": "GJ Delany",
              "bowler": "Zeeshan Maqsood",
              "non_striker": "MR Adair",
              "runs": {
                "batter": 1,
                "extras": 0,
                "total": 1
              }
            },
            {
              "batter": "MR Adair",
              "bowler": "Zeeshan Maqsood",
              "non_striker": "GJ Delany",
              "runs": {
                "batter": 2,
                "extras": 0,
                "total": 2
              }
            },
            {
              "batter": "MR Adair",
              "bowler": "Zeeshan Maqsood",
              "non_striker": "GJ Delany",
              "runs": {
                "batter": 3,
                "extras": 0,
                "total": 3
              }
            },
            {
              "batter": "GJ Delany",
              "bowler": "Zeeshan Maqsood",
              "non_striker": "MR Adair",
              "runs": {
                "batter": 1,
                "extras": 0,
                "total": 1
              }
            },
            {
              "batter": "MR Adair",
              "bowler": "Zeeshan Maqsood",
              "non_striker": "GJ Delany",
              "runs": {
                "batter": 1,
                "extras": 0,
                "total": 1
              }
            },
            {
              "batter": "GJ Delany",
              "bowler": "Zeeshan Maqsood",
              "non_striker": "MR Adair",
              "runs": {
                "batter": 1,
                "extras": 0,
                "total": 1
              }
            }
          ]
        },
        {
          "over": 16,
          "deliveries": [
            {
              "batter": "GJ Delany",
              "bowler": "Fayyaz Butt",
              "extras": {
                "wides": 1
              },
              "non_striker": "MR Adair",
              "runs": {
                "batter": 0,
                "extras": 1,
                "total": 1
              }
            },
            {
              "batter": "GJ Delany",
              "bowler": "Fayyaz Butt",
              "non_striker": "MR Adair",
              "runs": {
                "batter": 6,
                "extras": 0,
                "total": 6
              }
            },
            {
              "batter": "GJ Delany",
              "bowler": "Fayyaz Butt",
              "non_striker": "MR Adair",
              "runs": {
                "batter": 1,
                "extras": 0,
                "total": 1
              }
            },
            {
              "batter": "MR Adair",
              "bowler": "Fayyaz Butt",
              "extras": {
                "wides": 1
              },
              "non_striker": "GJ Delany",
              "runs": {
                "batter": 0,
                "extras": 1,
                "total": 1
              }
            },
            {
              "batter": "MR Adair",
              "bowler": "Fayyaz Butt",
              "non_striker": "GJ Delany",
              "runs": {
                "batter": 0,
                "extras": 0,
                "total": 0
              }
            },
            {
              "batter": "MR Adair",
              "bowler": "Fayyaz Butt",
              "non_striker": "GJ Delany",
              "runs": {
                "batter": 1,
                "extras": 0,
                "total": 1
              }
            },
            {
              "batter": "GJ Delany",
              "bowler": "Fayyaz Butt",
              "non_striker": "MR Adair",
              "runs": {
                "batter": 1,
                "extras": 0,
                "total": 1
              }
            },
            {
              "batter": "MR Adair",
              "bowler": "Fayyaz Butt",
              "non_striker": "GJ Delany",
              "runs": {
                "batter": 1,
                "extras": 0,
                "total": 1
              }
            }
          ]
        },
        {
          "over": 17,
          "deliveries": [
            {
              "batter": "MR Adair",
              "bowler": "Zeeshan Maqsood",
              "non_striker": "GJ Delany",
              "runs": {
                "batter": 1,
                "extras": 0,
                "total": 1
              }
            },
            {
              "batter": "GJ Delany",
              "bowler": "Zeeshan Maqsood",
              "non_striker": "MR Adair",
              "runs": {
                "batter": 4,
                "extras": 0,
                "total": 4
              }
            },
            {
              "batter": "GJ Delany",
              "bowler": "Zeeshan Maqsood",
              "non_striker": "MR Adair",
              "runs": {
                "batter": 0,
                "extras": 0,
                "total": 0
              }
            },
            {
              "batter": "GJ Delany",
              "bowler": "Zeeshan Maqsood",
              "non_striker": "MR Adair",
              "runs": {
                "batter": 4,
                "extras": 0,
                "total": 4
              }
            },
            {
              "batter": "GJ Delany",
              "bowler": "Zeeshan Maqsood",
              "non_striker": "MR Adair",
              "runs": {
                "batter": 4,
                "extras": 0,
                "total": 4
              }
            },
            {
              "batter": "GJ Delany",
              "bowler": "Zeeshan Maqsood",
              "non_striker": "MR Adair",
              "runs": {
                "batter": 1,
                "extras": 0,
                "total": 1
              }
            }
          ]
        },
        {
          "over": 18,
          "deliveries": [
            {
              "batter": "GJ Delany",
              "bowler": "Bilal Khan",
              "non_striker": "MR Adair",
              "runs": {
                "batter": 4,
                "extras": 0,
                "total": 4
              }
            },
            {
              "batter": "GJ Delany",
              "bowler": "Bilal Khan",
              "non_striker": "MR Adair",
              "runs": {
                "batter": 2,
                "extras": 0,
                "total": 2
              }
            },
            {
              "batter": "GJ Delany",
              "bowler": "Bilal Khan",
              "non_striker": "MR Adair",
              "runs": {
                "batter": 2,
                "extras": 0,
                "total": 2
              }
            },
            {
              "batter": "GJ Delany",
              "bowler": "Bilal Khan",
              "non_striker": "MR Adair",
              "runs": {
                "batter": 4,
                "extras": 0,
                "total": 4
              }
            },
            {
              "batter": "GJ Delany",
              "bowler": "Bilal Khan",
              "non_striker": "MR Adair",
              "runs": {
                "batter": 6,
                "extras": 0,
                "total": 6
              }
            },
            {
              "batter": "GJ Delany",
              "bowler": "Bilal Khan",
              "non_striker": "MR Adair",
              "runs": {
                "batter": 2,
                "extras": 0,
                "total": 2
              }
            }
          ]
        },
        {
          "over": 19,
          "deliveries": [
            {
              "batter": "MR Adair",
              "bowler": "Fayyaz Butt",
              "non_striker": "GJ Delany",
              "runs": {
                "batter": 1,
                "extras": 0,
                "total": 1
              }
            },
            {
              "batter": "GJ Delany",
              "bowler": "Fayyaz Butt",
              "extras": {
                "byes": 1
              },
              "non_striker": "MR Adair",
              "runs": {
                "batter": 0,
                "extras": 1,
                "total": 1
              }
            },
            {
              "batter": "MR Adair",
              "bowler": "Fayyaz Butt",
              "non_striker": "GJ Delany",
              "runs": {
                "batter": 1,
                "extras": 0,
                "total": 1
              }
            },
            {
              "batter": "GJ Delany",
              "bowler": "Fayyaz Butt",
              "non_striker": "MR Adair",
              "runs": {
                "batter": 0,
                "extras": 0,
                "total": 0
              }
            },
            {
              "batter": "GJ Delany",
              "bowler": "Fayyaz Butt",
              "non_striker": "MR Adair",
              "runs": {
                "batter": 4,
                "extras": 0,
                "total": 4
              }
            },
            {
              "batter": "GJ Delany",
              "bowler": "Fayyaz Butt",
              "non_striker": "MR Adair",
              "runs": {
                "batter": 2,
                "extras": 0,
                "total": 2
              }
            }
          ]
        }
      ],
      "powerplays": [
        {
          "from": 0.1,
          "to": 5.6,
          "type": "mandatory"
        }
      ]
    },
    {
      "team": "Oman",
      "overs": [
        {
          "over": 0,
          "deliveries": [
            {
              "batter": "Jatinder Singh",
              "bowler": "MR Adair",
              "non_striker": "Khawar Ali",
              "runs": {
                "batter": 1,
                "extras": 0,
                "total": 1
              }
            },
            {
              "batter": "Khawar Ali",
              "bowler": "MR Adair",
              "non_striker": "Jatinder Singh",
              "runs": {
                "batter": 1,
                "extras": 0,
                "total": 1
              }
            },
            {
              "batter": "Jatinder Singh",
              "bowler": "MR Adair",
              "non_striker": "Khawar Ali",
              "runs": {
                "batter": 0,
                "extras": 0,
                "total": 0
              }
            },
            {
              "batter": "Jatinder Singh",
              "bowler": "MR Adair",
              "non_striker": "Khawar Ali",
              "runs": {
                "batter": 1,
                "extras": 0,
                "total": 1
              }
            },
            {
              "batter": "Khawar Ali",
              "bowler": "MR Adair",
              "non_striker": "Jatinder Singh",
              "runs": {
                "batter": 0,
                "extras": 0,
                "total": 0
              }
            },
            {
              "batter": "Khawar Ali",
              "bowler": "MR Adair",
              "non_striker": "Jatinder Singh",
              "runs": {
                "batter": 2,
                "extras": 0,
                "total": 2
              }
            }
          ]
        },
        {
          "over": 1,
          "deliveries": [
            {
              "batter": "Jatinder Singh",
              "bowler": "GJ Delany",
              "non_striker": "Khawar Ali",
              "runs": {
                "batter": 1,
                "extras": 0,
                "total": 1
              }
            },
            {
              "batter": "Khawar Ali",
              "bowler": "GJ Delany",
              "non_striker": "Jatinder Singh",
              "runs": {
                "batter": 0,
                "extras": 0,
                "total": 0
              }
            },
            {
              "batter": "Khawar Ali",
              "bowler": "GJ Delany",
              "non_striker": "Jatinder Singh",
              "runs": {
                "batter": 1,
                "extras": 0,
                "total": 1
              }
            },
            {
              "batter": "Jatinder Singh",
              "bowler": "GJ Delany",
              "extras": {
                "legbyes": 1
              },
              "non_striker": "Khawar Ali",
              "runs": {
                "batter": 0,
                "extras": 1,
                "total": 1
              }
            },
            {
              "batter": "Khawar Ali",
              "bowler": "GJ Delany",
              "non_striker": "Jatinder Singh",
              "runs": {
                "batter": 4,
                "extras": 0,
                "total": 4
              }
            },
            {
              "batter": "Khawar Ali",
              "bowler": "GJ Delany",
              "non_striker": "Jatinder Singh",
              "runs": {
                "batter": 6,
                "extras": 0,
                "total": 6
              }
            }
          ]
        },
        {
          "over": 2,
          "deliveries": [
            {
              "batter": "Jatinder Singh",
              "bowler": "MR Adair",
              "non_striker": "Khawar Ali",
              "runs": {
                "batter": 2,
                "extras": 0,
                "total": 2
              }
            },
            {
              "batter": "Jatinder Singh",
              "bowler": "MR Adair",
              "non_striker": "Khawar Ali",
              "runs": {
                "batter": 1,
                "extras": 0,
                "total": 1
              }
            },
            {
              "batter": "Khawar Ali",
              "bowler": "MR Adair",
              "non_striker": "Jatinder Singh",
              "runs": {
                "batter": 0,
                "extras": 0,
                "total": 0
              }
            },
            {
              "batter": "Khawar Ali",
              "bowler": "MR Adair",
              "non_striker": "Jatinder Singh",
              "runs": {
                "batter": 1,
                "extras": 0,
                "total": 1
              }
            },
            {
              "batter": "Jatinder Singh",
              "bowler": "MR Adair",
              "non_striker": "Khawar Ali",
              "runs": {
                "batter": 1,
                "extras": 0,
                "total": 1
              }
            },
            {
              "batter": "Khawar Ali",
              "bowler": "MR Adair",
              "non_striker": "Jatinder Singh",
              "runs": {
                "batter": 0,
                "extras": 0,
                "total": 0
              }
            }
          ]
        },
        {
          "over": 3,
          "deliveries": [
            {
              "batter": "Jatinder Singh",
              "bowler": "WB Rankin",
              "extras": {
                "wides": 1
              },
              "non_striker": "Khawar Ali",
              "runs": {
                "batter": 0,
                "extras": 1,
                "total": 1
              }
            },
            {
              "batter": "Jatinder Singh",
              "bowler": "WB Rankin",
              "non_striker": "Khawar Ali",
              "runs": {
                "batter": 1,
                "extras": 0,
                "total": 1
              }
            },
            {
              "batter": "Khawar Ali",
              "bowler": "WB Rankin",
              "non_striker": "Jatinder Singh",
              "runs": {
                "batter": 1,
                "extras": 0,
                "total": 1
              }
            },
            {
              "batter": "Jatinder Singh",
              "bowler": "WB Rankin",
              "non_striker": "Khawar Ali",
              "runs": {
                "batter": 0,
                "extras": 0,
                "total": 0
              }
            },
            {
              "batter": "Jatinder Singh",
              "bowler": "WB Rankin",
              "non_striker": "Khawar Ali",
              "runs": {
                "batter": 0,
                "extras": 0,
                "total": 0
              }
            },
            {
              "batter": "Jatinder Singh",
              "bowler": "WB Rankin",
              "non_striker": "Khawar Ali",
              "runs": {
                "batter": 1,
                "extras": 0,
                "total": 1
              }
            },
            {
              "batter": "Khawar Ali",
              "bowler": "WB Rankin",
              "non_striker": "Jatinder Singh",
              "runs": {
                "batter": 1,
                "extras": 0,
                "total": 1
              }
            }
          ]
        },
        {
          "over": 4,
          "deliveries": [
            {
              "batter": "Khawar Ali",
              "bowler": "DC Delany",
              "non_striker": "Jatinder Singh",
              "runs": {
                "batter": 1,
                "extras": 0,
                "total": 1
              }
            },
            {
              "batter": "Jatinder Singh",
              "bowler": "DC Delany",
              "non_striker": "Khawar Ali",
              "runs": {
                "batter": 1,
                "extras": 0,
                "total": 1
              }
            },
            {
              "batter": "Khawar Ali",
              "bowler": "DC Delany",
              "non_striker": "Jatinder Singh",
              "runs": {
                "batter": 1,
                "extras": 0,
                "total": 1
              }
            },
            {
              "batter": "Jatinder Singh",
              "bowler": "DC Delany",
              "non_striker": "Khawar Ali",
              "runs": {
                "batter": 0,
                "extras": 0,
                "total": 0
              },
              "wickets": [
                {
                  "kind": "caught",
                  "player_out": "Jatinder Singh",
                  "fielders": [
                    {
                      "name": "PR Stirling"
                    }
                  ]
                }
              ]
            },
            {
              "batter": "Khawar Ali",
              "bowler": "DC Delany",
              "non_striker": "Aqib Ilyas",
              "runs": {
                "batter": 4,
                "extras": 0,
                "total": 4
              }
            },
            {
              "batter": "Khawar Ali",
              "bowler": "DC Delany",
              "non_striker": "Aqib Ilyas",
              "runs": {
                "batter": 4,
                "extras": 0,
                "total": 4
              }
            }
          ]
        },
        {
          "over": 5,
          "deliveries": [
            {
              "batter": "Aqib Ilyas",
              "bowler": "GJ Delany",
              "non_striker": "Khawar Ali",
              "runs": {
                "batter": 4,
                "extras": 0,
                "total": 4
              }
            },
            {
              "batter": "Aqib Ilyas",
              "bowler": "GJ Delany",
              "non_striker": "Khawar Ali",
              "runs": {
                "batter": 4,
                "extras": 0,
                "total": 4
              }
            },
            {
              "batter": "Aqib Ilyas",
              "bowler": "GJ Delany",
              "non_striker": "Khawar Ali",
              "runs": {
                "batter": 0,
                "extras": 0,
                "total": 0
              },
              "wickets": [
                {
                  "kind": "caught",
                  "player_out": "Aqib Ilyas",
                  "fielders": [
                    {
                      "name": "MR Adair"
                    }
                  ]
                }
              ]
            },
            {
              "batter": "Zeeshan Maqsood",
              "bowler": "GJ Delany",
              "non_striker": "Khawar Ali",
              "runs": {
                "batter": 1,
                "extras": 0,
                "total": 1
              }
            },
            {
              "batter": "Khawar Ali",
              "bowler": "GJ Delany",
              "non_striker": "Zeeshan Maqsood",
              "runs": {
                "batter": 0,
                "extras": 0,
                "total": 0
              }
            },
            {
              "batter": "Khawar Ali",
              "bowler": "GJ Delany",
              "non_striker": "Zeeshan Maqsood",
              "runs": {
                "batter": 0,
                "extras": 0,
                "total": 0
              }
            }
          ]
        },
        {
          "over": 6,
          "deliveries": [
            {
              "batter": "Zeeshan Maqsood",
              "bowler": "SR Thompson",
              "non_striker": "Khawar Ali",
              "runs": {
                "batter": 1,
                "extras": 0,
                "total": 1
              }
            },
            {
              "batter": "Khawar Ali",
              "bowler": "SR Thompson",
              "non_striker": "Zeeshan Maqsood",
              "runs": {
                "batter": 1,
                "extras": 0,
                "total": 1
              }
            },
            {
              "batter": "Zeeshan Maqsood",
              "bowler": "SR Thompson",
              "non_striker": "Khawar Ali",
              "runs": {
                "batter": 0,
                "extras": 0,
                "total": 0
              }
            },
            {
              "batter": "Zeeshan Maqsood",
              "bowler": "SR Thompson",
              "non_striker": "Khawar Ali",
              "runs": {
                "batter": 1,
                "extras": 0,
                "total": 1
              }
            },
            {
              "batter": "Khawar Ali",
              "bowler": "SR Thompson",
              "non_striker": "Zeeshan Maqsood",
              "runs": {
                "batter": 2,
                "extras": 0,
                "total": 2
              }
            },
            {
              "batter": "Khawar Ali",
              "bowler": "SR Thompson",
              "non_striker": "Zeeshan Maqsood",
              "runs": {
                "batter": 1,
                "extras": 0,
                "total": 1
              }
            }
          ]
        },
        {
          "over": 7,
          "deliveries": [
            {
              "batter": "Khawar Ali",
              "bowler": "DC Delany",
              "non_striker": "Zeeshan Maqsood",
              "runs": {
                "batter": 6,
                "extras": 0,
                "total": 6
              }
            },
            {
              "batter": "Khawar Ali",
              "bowler": "DC Delany",
              "extras": {
                "wides": 1
              },
              "non_striker": "Zeeshan Maqsood",
              "runs": {
                "batter": 0,
                "extras": 1,
                "total": 1
              }
            },
            {
              "batter": "Khawar Ali",
              "bowler": "DC Delany",
              "non_striker": "Zeeshan Maqsood",
              "runs": {
                "batter": 4,
                "extras": 0,
                "total": 4
              }
            },
            {
              "batter": "Khawar Ali",
              "bowler": "DC Delany",
              "non_striker": "Zeeshan Maqsood",
              "runs": {
                "batter": 0,
                "extras": 0,
                "total": 0
              }
            },
            {
              "batter": "Khawar Ali",
              "bowler": "DC Delany",
              "non_striker": "Zeeshan Maqsood",
              "runs": {
                "batter": 0,
                "extras": 0,
                "total": 0
              }
            },
            {
              "batter": "Khawar Ali",
              "bowler": "DC Delany",
              "non_striker": "Zeeshan Maqsood",
              "runs": {
                "batter": 0,
                "extras": 0,
                "total": 0
              }
            },
            {
              "batter": "Khawar Ali",
              "bowler": "DC Delany",
              "extras": {
                "wides": 1
              },
              "non_striker": "Zeeshan Maqsood",
              "runs": {
                "batter": 0,
                "extras": 1,
                "total": 1
              }
            },
            {
              "batter": "Khawar Ali",
              "bowler": "DC Delany",
              "non_striker": "Zeeshan Maqsood",
              "runs": {
                "batter": 1,
                "extras": 0,
                "total": 1
              }
            }
          ]
        },
        {
          "over": 8,
          "deliveries": [
            {
              "batter": "Khawar Ali",
              "bowler": "WB Rankin",
              "non_striker": "Zeeshan Maqsood",
              "runs": {
                "batter": 0,
                "extras": 0,
                "total": 0
              }
            },
            {
              "batter": "Khawar Ali",
              "bowler": "WB Rankin",
              "non_striker": "Zeeshan Maqsood",
              "runs": {
                "batter": 0,
                "extras": 0,
                "total": 0
              }
            },
            {
              "batter": "Khawar Ali",
              "bowler": "WB Rankin",
              "non_striker": "Zeeshan Maqsood",
              "runs": {
                "batter": 6,
                "extras": 0,
                "total": 6
              }
            },
            {
              "batter": "Khawar Ali",
              "bowler": "WB Rankin",
              "non_striker": "Zeeshan Maqsood",
              "runs": {
                "batter": 1,
                "extras": 0,
                "total": 1
              }
            },
            {
              "batter": "Zeeshan Maqsood",
              "bowler": "WB Rankin",
              "non_striker": "Khawar Ali",
              "runs": {
                "batter": 0,
                "extras": 0,
                "total": 0
              },
              "wickets": [
                {
                  "kind": "caught",
                  "player_out": "Zeeshan Maqsood",
                  "fielders": [
                    {
                      "name": "KJ O'Brien"
                    }
                  ]
                }
              ]
            },
            {
              "batter": "Khawar Ali",
              "bowler": "WB Rankin",
              "non_striker": "Suraj Kumar",
              "runs": {
                "batter": 1,
                "extras": 0,
                "total": 1
              }
            }
          ]
        },
        {
          "over": 9,
          "deliveries": [
            {
              "batter": "Khawar Ali",
              "bowler": "GJ Delany",
              "non_striker": "Suraj Kumar",
              "runs": {
                "batter": 0,
                "extras": 0,
                "total": 0
              }
            },
            {
              "batter": "Khawar Ali",
              "bowler": "GJ Delany",
              "extras": {
                "wides": 1
              },
              "non_striker": "Suraj Kumar",
              "runs": {
                "batter": 0,
                "extras": 1,
                "total": 1
              }
            },
            {
              "batter": "Khawar Ali",
              "bowler": "GJ Delany",
              "non_striker": "Suraj Kumar",
              "runs": {
                "batter": 0,
                "extras": 0,
                "total": 0
              },
              "wickets": [
                {
                  "kind": "caught",
                  "player_out": "Khawar Ali",
                  "fielders": [
                    {
                      "name": "GH Dockrell"
                    }
                  ]
                }
              ]
            },
            {
              "batter": "Suraj Kumar",
              "bowler": "GJ Delany",
              "non_striker": "Aamir Kaleem",
              "runs": {
                "batter": 0,
                "extras": 0,
                "total": 0
              }
            },
            {
              "batter": "Suraj Kumar",
              "bowler": "GJ Delany",
              "non_striker": "Aamir Kaleem",
              "runs": {
                "batter": 1,
                "extras": 0,
                "total": 1
              }
            },
            {
              "batter": "Aamir Kaleem",
              "bowler": "GJ Delany",
              "non_striker": "Suraj Kumar",
              "runs": {
                "batter": 0,
                "extras": 0,
                "total": 0
              }
            },
            {
              "batter": "Aamir Kaleem",
              "bowler": "GJ Delany",
              "non_striker": "Suraj Kumar",
              "runs": {
                "batter": 1,
                "extras": 0,
                "total": 1
              }
            }
          ]
        },
        {
          "over": 10,
          "deliveries": [
            {
              "batter": "Aamir Kaleem",
              "bowler": "GH Dockrell",
              "non_striker": "Suraj Kumar",
              "runs": {
                "batter": 1,
                "extras": 0,
                "total": 1
              }
            },
            {
              "batter": "Suraj Kumar",
              "bowler": "GH Dockrell",
              "extras": {
                "wides": 1
              },
              "non_striker": "Aamir Kaleem",
              "runs": {
                "batter": 0,
                "extras": 1,
                "total": 1
              }
            },
            {
              "batter": "Suraj Kumar",
              "bowler": "GH Dockrell",
              "non_striker": "Aamir Kaleem",
              "runs": {
                "batter": 1,
                "extras": 0,
                "total": 1
              }
            },
            {
              "batter": "Aamir Kaleem",
              "bowler": "GH Dockrell",
              "non_striker": "Suraj Kumar",
              "runs": {
                "batter": 1,
                "extras": 0,
                "total": 1
              }
            },
            {
              "batter": "Suraj Kumar",
              "bowler": "GH Dockrell",
              "non_striker": "Aamir Kaleem",
              "runs": {
                "batter": 1,
                "extras": 0,
                "total": 1
              }
            },
            {
              "batter": "Aamir Kaleem",
              "bowler": "GH Dockrell",
              "non_striker": "Suraj Kumar",
              "runs": {
                "batter": 1,
                "extras": 0,
                "total": 1
              }
            },
            {
              "batter": "Suraj Kumar",
              "bowler": "GH Dockrell",
              "non_striker": "Aamir Kaleem",
              "runs": {
                "batter": 1,
                "extras": 0,
                "total": 1
              }
            }
          ]
        },
        {
          "over": 11,
          "deliveries": [
            {
              "batter": "Suraj Kumar",
              "bowler": "SR Thompson",
              "non_striker": "Aamir Kaleem",
              "runs": {
                "batter": 1,
                "extras": 0,
                "total": 1
              }
            },
            {
              "batter": "Aamir Kaleem",
              "bowler": "SR Thompson",
              "non_striker": "Suraj Kumar",
              "runs": {
                "batter": 1,
                "extras": 0,
                "total": 1
              }
            },
            {
              "batter": "Suraj Kumar",
              "bowler": "SR Thompson",
              "extras": {
                "noballs": 1
              },
              "non_striker": "Aamir Kaleem",
              "runs": {
                "batter": 1,
                "extras": 1,
                "total": 2
              }
            },
            {
              "batter": "Aamir Kaleem",
              "bowler": "SR Thompson",
              "extras": {
                "wides": 1
              },
              "non_striker": "Suraj Kumar",
              "runs": {
                "batter": 0,
                "extras": 1,
                "total": 1
              }
            },
            {
              "batter": "Aamir Kaleem",
              "bowler": "SR Thompson",
              "non_striker": "Suraj Kumar",
              "runs": {
                "batter": 0,
                "extras": 0,
                "total": 0
              }
            },
            {
              "batter": "Aamir Kaleem",
              "bowler": "SR Thompson",
              "non_striker": "Suraj Kumar",
              "runs": {
                "batter": 1,
                "extras": 0,
                "total": 1
              }
            },
            {
              "batter": "Suraj Kumar",
              "bowler": "SR Thompson",
              "non_striker": "Aamir Kaleem",
              "runs": {
                "batter": 4,
                "extras": 0,
                "total": 4
              }
            },
            {
              "batter": "Suraj Kumar",
              "bowler": "SR Thompson",
              "non_striker": "Aamir Kaleem",
              "runs": {
                "batter": 1,
                "extras": 0,
                "total": 1
              }
            }
          ]
        },
        {
          "over": 12,
          "deliveries": [
            {
              "batter": "Suraj Kumar",
              "bowler": "GH Dockrell",
              "non_striker": "Aamir Kaleem",
              "runs": {
                "batter": 4,
                "extras": 0,
                "total": 4
              }
            },
            {
              "batter": "Suraj Kumar",
              "bowler": "GH Dockrell",
              "extras": {
                "wides": 1
              },
              "non_striker": "Aamir Kaleem",
              "runs": {
                "batter": 0,
                "extras": 1,
                "total": 1
              }
            },
            {
              "batter": "Suraj Kumar",
              "bowler": "GH Dockrell",
              "non_striker": "Aamir Kaleem",
              "runs": {
                "batter": 1,
                "extras": 0,
                "total": 1
              }
            },
            {
              "batter": "Aamir Kaleem",
              "bowler": "GH Dockrell",
              "non_striker": "Suraj Kumar",
              "runs": {
                "batter": 6,
                "extras": 0,
                "total": 6
              }
            },
            {
              "batter": "Aamir Kaleem",
              "bowler": "GH Dockrell",
              "non_striker": "Suraj Kumar",
              "runs": {
                "batter": 0,
                "extras": 0,
                "total": 0
              },
              "wickets": [
                {
                  "kind": "run out",
                  "player_out": "Aamir Kaleem"
                }
              ]
            },
            {
              "batter": "Suraj Kumar",
              "bowler": "GH Dockrell",
              "non_striker": "Sandeep Goud",
              "runs": {
                "batter": 0,
                "extras": 0,
                "total": 0
              },
              "wickets": [
                {
                  "kind": "stumped",
                  "player_out": "Suraj Kumar",
                  "fielders": [
                    {
                      "name": "GC Wilson"
                    }
                  ]
                }
              ]
            },
            {
              "batter": "Khurram Nawaz",
              "bowler": "GH Dockrell",
              "non_striker": "Sandeep Goud",
              "runs": {
                "batter": 1,
                "extras": 0,
                "total": 1
              }
            }
          ]
        },
        {
          "over": 13,
          "deliveries": [
            {
              "batter": "Khurram Nawaz",
              "bowler": "GJ Delany",
              "non_striker": "Sandeep Goud",
              "runs": {
                "batter": 1,
                "extras": 0,
                "total": 1
              }
            },
            {
              "batter": "Sandeep Goud",
              "bowler": "GJ Delany",
              "non_striker": "Khurram Nawaz",
              "runs": {
                "batter": 0,
                "extras": 0,
                "total": 0
              }
            },
            {
              "batter": "Sandeep Goud",
              "bowler": "GJ Delany",
              "non_striker": "Khurram Nawaz",
              "runs": {
                "batter": 1,
                "extras": 0,
                "total": 1
              }
            },
            {
              "batter": "Khurram Nawaz",
              "bowler": "GJ Delany",
              "non_striker": "Sandeep Goud",
              "runs": {
                "batter": 1,
                "extras": 0,
                "total": 1
              }
            },
            {
              "batter": "Sandeep Goud",
              "bowler": "GJ Delany",
              "non_striker": "Khurram Nawaz",
              "runs": {
                "batter": 1,
                "extras": 0,
                "total": 1
              }
            },
            {
              "batter": "Khurram Nawaz",
              "bowler": "GJ Delany",
              "non_striker": "Sandeep Goud",
              "runs": {
                "batter": 1,
                "extras": 0,
                "total": 1
              }
            }
          ]
        },
        {
          "over": 14,
          "deliveries": [
            {
              "batter": "Khurram Nawaz",
              "bowler": "WB Rankin",
              "non_striker": "Sandeep Goud",
              "runs": {
                "batter": 0,
                "extras": 0,
                "total": 0
              }
            },
            {
              "batter": "Khurram Nawaz",
              "bowler": "WB Rankin",
              "non_striker": "Sandeep Goud",
              "runs": {
                "batter": 1,
                "extras": 0,
                "total": 1
              }
            },
            {
              "batter": "Sandeep Goud",
              "bowler": "WB Rankin",
              "non_striker": "Khurram Nawaz",
              "runs": {
                "batter": 1,
                "extras": 0,
                "total": 1
              }
            },
            {
              "batter": "Khurram Nawaz",
              "bowler": "WB Rankin",
              "non_striker": "Sandeep Goud",
              "runs": {
                "batter": 1,
                "extras": 0,
                "total": 1
              }
            },
            {
              "batter": "Sandeep Goud",
              "bowler": "WB Rankin",
              "extras": {
                "noballs": 1
              },
              "non_striker": "Khurram Nawaz",
              "runs": {
                "batter": 0,
                "extras": 1,
                "total": 1
              }
            },
            {
              "batter": "Sandeep Goud",
              "bowler": "WB Rankin",
              "non_striker": "Khurram Nawaz",
              "runs": {
                "batter": 1,
                "extras": 0,
                "total": 1
              }
            },
            {
              "batter": "Khurram Nawaz",
              "bowler": "WB Rankin",
              "non_striker": "Sandeep Goud",
              "runs": {
                "batter": 1,
                "extras": 0,
                "total": 1
              }
            }
          ]
        },
        {
          "over": 15,
          "deliveries": [
            {
              "batter": "Khurram Nawaz",
              "bowler": "GH Dockrell",
              "non_striker": "Sandeep Goud",
              "runs": {
                "batter": 1,
                "extras": 0,
                "total": 1
              }
            },
            {
              "batter": "Sandeep Goud",
              "bowler": "GH Dockrell",
              "extras": {
                "legbyes": 1
              },
              "non_striker": "Khurram Nawaz",
              "runs": {
                "batter": 0,
                "extras": 1,
                "total": 1
              }
            },
            {
              "batter": "Khurram Nawaz",
              "bowler": "GH Dockrell",
              "non_striker": "Sandeep Goud",
              "runs": {
                "batter": 1,
                "extras": 0,
                "total": 1
              }
            },
            {
              "batter": "Sandeep Goud",
              "bowler": "GH Dockrell",
              "non_striker": "Khurram Nawaz",
              "runs": {
                "batter": 0,
                "extras": 0,
                "total": 0
              },
              "wickets": [
                {
                  "kind": "caught",
                  "player_out": "Sandeep Goud",
                  "fielders": [
                    {
                      "name": "L Tucker"
                    }
                  ]
                }
              ]
            },
            {
              "batter": "Khurram Nawaz",
              "bowler": "GH Dockrell",
              "non_striker": "Mohammad Nadeem",
              "runs": {
                "batter": 1,
                "extras": 0,
                "total": 1
              }
            },
            {
              "batter": "Mohammad Nadeem",
              "bowler": "GH Dockrell",
              "non_striker": "Khurram Nawaz",
              "runs": {
                "batter": 1,
                "extras": 0,
                "total": 1
              }
            }
          ]
        },
        {
          "over": 16,
          "deliveries": [
            {
              "batter": "Mohammad Nadeem",
              "bowler": "MR Adair",
              "non_striker": "Khurram Nawaz",
              "runs": {
                "batter": 0,
                "extras": 0,
                "total": 0
              }
            },
            {
              "batter": "Mohammad Nadeem",
              "bowler": "MR Adair",
              "extras": {
                "wides": 1
              },
              "non_striker": "Khurram Nawaz",
              "runs": {
                "batter": 0,
                "extras": 1,
                "total": 1
              }
            },
            {
              "batter": "Mohammad Nadeem",
              "bowler": "MR Adair",
              "non_striker": "Khurram Nawaz",
              "runs": {
                "batter": 4,
                "extras": 0,
                "total": 4
              }
            },
            {
              "batter": "Mohammad Nadeem",
              "bowler": "MR Adair",
              "non_striker": "Khurram Nawaz",
              "runs": {
                "batter": 0,
                "extras": 0,
                "total": 0
              },
              "wickets": [
                {
                  "kind": "caught",
                  "player_out": "Mohammad Nadeem",
                  "fielders": [
                    {
                      "name": "KJ O'Brien"
                    }
                  ]
                }
              ]
            },
            {
              "batter": "Khurram Nawaz",
              "bowler": "MR Adair",
              "non_striker": "Fayyaz Butt",
              "runs": {
                "batter": 1,
                "extras": 0,
                "total": 1
              }
            },
            {
              "batter": "Fayyaz Butt",
              "bowler": "MR Adair",
              "non_striker": "Khurram Nawaz",
              "runs": {
                "batter": 1,
                "extras": 0,
                "total": 1
              }
            },
            {
              "batter": "Khurram Nawaz",
              "bowler": "MR Adair",
              "extras": {
                "wides": 1
              },
              "non_striker": "Fayyaz Butt",
              "runs": {
                "batter": 0,
                "extras": 1,
                "total": 1
              }
            },
            {
              "batter": "Khurram Nawaz",
              "bowler": "MR Adair",
              "non_striker": "Fayyaz Butt",
              "runs": {
                "batter": 0,
                "extras": 0,
                "total": 0
              },
              "wickets": [
                {
                  "kind": "caught",
                  "player_out": "Khurram Nawaz",
                  "fielders": [
                    {
                      "name": "SR Thompson"
                    }
                  ]
                }
              ]
            }
          ]
        },
        {
          "over": 17,
          "deliveries": [
            {
              "batter": "Bilal Khan",
              "bowler": "WB Rankin",
              "non_striker": "Fayyaz Butt",
              "runs": {
                "batter": 0,
                "extras": 0,
                "total": 0
              }
            },
            {
              "batter": "Bilal Khan",
              "bowler": "WB Rankin",
              "non_striker": "Fayyaz Butt",
              "runs": {
                "batter": 0,
                "extras": 0,
                "total": 0
              }
            },
            {
              "batter": "Bilal Khan",
              "bowler": "WB Rankin",
              "non_striker": "Fayyaz Butt",
              "runs": {
                "batter": 1,
                "extras": 0,
                "total": 1
              }
            },
            {
              "batter": "Fayyaz Butt",
              "bowler": "WB Rankin",
              "non_striker": "Bilal Khan",
              "runs": {
                "batter": 0,
                "extras": 0,
                "total": 0
              }
            },
            {
              "batter": "Fayyaz Butt",
              "bowler": "WB Rankin",
              "non_striker": "Bilal Khan",
              "runs": {
                "batter": 0,
                "extras": 0,
                "total": 0
              }
            },
            {
              "batter": "Fayyaz Butt",
              "bowler": "WB Rankin",
              "non_striker": "Bilal Khan",
              "runs": {
                "batter": 0,
                "extras": 0,
                "total": 0
              }
            }
          ]
        },
        {
          "over": 18,
          "deliveries": [
            {
              "batter": "Bilal Khan",
              "bowler": "MR Adair",
              "extras": {
                "wides": 1
              },
              "non_striker": "Fayyaz Butt",
              "runs": {
                "batter": 0,
                "extras": 1,
                "total": 1
              }
            },
            {
              "batter": "Bilal Khan",
              "bowler": "MR Adair",
              "non_striker": "Fayyaz Butt",
              "runs": {
                "batter": 1,
                "extras": 0,
                "total": 1
              }
            },
            {
              "batter": "Fayyaz Butt",
              "bowler": "MR Adair",
              "non_striker": "Bilal Khan",
              "runs": {
                "batter": 0,
                "extras": 0,
                "total": 0
              }
            },
            {
              "batter": "Fayyaz Butt",
              "bowler": "MR Adair",
              "non_striker": "Bilal Khan",
              "runs": {
                "batter": 1,
                "extras": 0,
                "total": 1
              }
            },
            {
              "batter": "Bilal Khan",
              "bowler": "MR Adair",
              "non_striker": "Fayyaz Butt",
              "runs": {
                "batter": 1,
                "extras": 0,
                "total": 1
              }
            },
            {
              "batter": "Fayyaz Butt",
              "bowler": "MR Adair",
              "non_striker": "Bilal Khan",
              "runs": {
                "batter": 0,
                "extras": 0,
                "total": 0
              }
            },
            {
              "batter": "Fayyaz Butt",
              "bowler": "MR Adair",
              "non_striker": "Bilal Khan",
              "runs": {
                "batter": 4,
                "extras": 0,
                "total": 4
              }
            }
          ]
        },
        {
          "over": 19,
          "deliveries": [
            {
              "batter": "Bilal Khan",
              "bowler": "SR Thompson",
              "non_striker": "Fayyaz Butt",
              "runs": {
                "batter": 1,
                "extras": 0,
                "total": 1
              }
            },
            {
              "batter": "Fayyaz Butt",
              "bowler": "SR Thompson",
              "non_striker": "Bilal Khan",
              "runs": {
                "batter": 1,
                "extras": 0,
                "total": 1
              }
            },
            {
              "batter": "Bilal Khan",
              "bowler": "SR Thompson",
              "non_striker": "Fayyaz Butt",
              "runs": {
                "batter": 1,
                "extras": 0,
                "total": 1
              }
            },
            {
              "batter": "Fayyaz Butt",
              "bowler": "SR Thompson",
              "non_striker": "Bilal Khan",
              "runs": {
                "batter": 1,
                "extras": 0,
                "total": 1
              }
            },
            {
              "batter": "Bilal Khan",
              "bowler": "SR Thompson",
              "non_striker": "Fayyaz Butt",
              "runs": {
                "batter": 1,
                "extras": 0,
                "total": 1
              }
            },
            {
              "batter": "Fayyaz Butt",
              "bowler": "SR Thompson",
              "non_striker": "Bilal Khan",
              "runs": {
                "batter": 1,
                "extras": 0,
                "total": 1
              }
            }
          ]
        }
      ],
      "powerplays": [
        {
          "from": 0.1,
          "to": 5.6,
          "type": "mandatory"
        }
      ],
      "target": {
        "overs": 20,
        "runs": 184
      }
    }
  ]
}