{
  "meta": {
    "data_version": "1.0.0",
    "created": "2019-10-23",
    "revision": 1
  },
  "info": {
    "balls_per_over": 6,
    "city": "Dubai",
    "dates": [
      "2019-10-20"
    ],
    "event": {
      "name": "ICC Men's T20 World Cup Qualifier",
      "match_number": 12,
      "group": "A"
    },
    "gender": "male",
    "match_type": "T20",
    "match_type_number": 947,
    "officials": {
      "match_referees": [
        "GS Lakshmi"
      ],
      "reserve_umpires": [
        "Ahsan Raza"
      ],
      "umpires": [
        "CM Brown",
        "Sharfuddoula"
      ]
    },
    "outcome": {
      "winner": "Singapore",
      "by": {
        "wickets": 5
      }
    },
    "overs": 20,
    "player_of_match": [
      "NMS Param"
    ],
    "players": {
      "Bermuda": [
        "O Bascome",
        "TS Fray",
        "DC Stovell",
        "DMW Rawlins",
        "JJ Tucker",
        "DAP Darrell",
        "OGL Bascome",
        "KS Leverock",
        "MO Jones",
        "RJ Trott",
        "GH O'Brien"
      ],
      "Singapore": [
        "R Rohan",
        "S Chandramohan",
        "TH David",
        "Aritra Dutta",
        "Manpreet Singh",
        "NMS Param",
        "Janak Prakash",
        "Amjad Mahboob",
        "Sidhant Singh",
        "S Vijayakumar",
        "V Baskaran"
      ]
    },
    "registry": {
      "people": {
        "Ahsan Raza": "e0e5b209",
        "Amjad Mahboob": "48f25627",
        "Aritra Dutta": "f3a5c378",
        "CM Brown": "448f4f1c",
        "DAP Darrell": "56f53516",
        "DC Stovell": "7f6c2dae",
        "DMW Rawlins": "f1eb3c73",
        "GH O'Brien": "7bbeac6d",
        "GS Lakshmi": "ba8d5615",
        "JJ Tucker": "bceb1b07",
        "Janak Prakash": "f092b4c7",
        "KS Leverock": "e1592949",
        "MO Jones": "0e0afd8b",
        "Manpreet Singh": "e9d6a2ce",
        "NMS Param": "270b4de6",
        "O Bascome": "3cc58287",
        "OGL Bascome": "94a1827c",
        "R Rohan": "baf0fc26",
        "RJ Trott": "52f96571",
        "S Chandramohan": "2a6ccc1c",
        "S Vijayakumar": "44c69e2b",
        "Sharfuddoula": "63896abb",
        "Sidhant Singh": "8f1e023f",
        "TH David": "f1f99156",
        "TS Fray": "c7537f8a",
        "V Baskaran": "dd5a9067"
      }
    },
    "season": "2019/20",
    "team_type": "international",
    "teams": [
      "Bermuda",
      "Singapore"
    ],
    "toss": {
      "decision": "bat",
      "winner": "Bermuda"
    },
    "venue": "ICC Academy Ground No 2"
  },
  "innings": [
    {
      "team": "Bermuda",
      "overs": [
        {
          "over": 0,
          "deliveries": [
            {
              "batter": "O Bascome",
              "bowler": "V Baskaran",
              "non_striker": "TS Fray",
              "runs": {
                "batter": 0,
                "extras": 0,
                "total": 0
              }
            },
            {
              "batter": "O Bascome",
              "bowler": "V Baskaran",
              "non_striker": "TS Fray",
              "runs": {
                "batter": 0,
                "extras": 0,
                "total": 0
              }
            },
            {
              "batter": "O Bascome",
              "bowler": "V Baskaran",
              "non_striker": "TS Fray",
              "runs": {
                "batter": 0,
                "extras": 0,
                "total": 0
              }
            },
            {
              "batter": "O Bascome",
              "bowler": "V Baskaran",
              "non_striker": "TS Fray",
              "runs": {
                "batter": 0,
                "extras": 0,
                "total": 0
              }
            },
            {
              "batter": "O Bascome",
              "bowler": "V Baskaran",
              "non_striker": "TS Fray",
              "runs": {
                "batter": 0,
                "extras": 0,
                "total": 0
              }
            },
            {
              "batter": "O Bascome",
              "bowler": "V Baskaran",
              "non_striker": "TS Fray",
              "runs": {
                "batter": 0,
                "extras": 0,
                "total": 0
              }
            }
          ]
        },
        {
          "over": 1,
          "deliveries": [
            {
              "batter": "TS Fray",
              "bowler": "Janak Prakash",
              "non_striker": "O Bascome",
              "runs": {
                "batter": 0,
                "extras": 0,
                "total": 0
              }
            },
            {
              "batter": "TS Fray",
              "bowler": "Janak Prakash",
              "extras": {
                "wides": 5
              },
              "non_striker": "O Bascome",
              "runs": {
                "batter": 0,
                "extras": 5,
                "total": 5
              }
            },
            {
              "batter": "TS Fray",
              "bowler": "Janak Prakash",
              "non_striker": "O Bascome",
              "runs": {
                "batter": 0,
                "extras": 0,
                "total": 0
              }
            },
            {
              "batter": "TS Fray",
              "bowler": "Janak Prakash",
              "non_striker": "O Bascome",
              "runs": {
                "batter": 1,
                "extras": 0,
                "total": 1
              }
            },
            {
              "batter": "O Bascome",
              "bowler": "Janak Prakash",
              "non_striker": "TS Fray",
              "runs": {
                "batter": 1,
                "extras": 0,
                "total": 1
              }
            },
            {
              "batter": "TS Fray",
              "bowler": "Janak Prakash",
              "non_striker": "O Bascome",
              "runs": {
                "batter": 0,
                "extras": 0,
                "total": 0
              }
            },
            {
              "batter": "TS Fray",
              "bowler": "Janak Prakash",
              "non_striker": "O Bascome",
              "runs": {
                "batter": 1,
                "extras": 0,
                "total": 1
              }
            }
          ]
        },
        {
          "over": 2,
          "deliveries": [
            {
              "batter": "TS Fray",
              "bowler": "V Baskaran",
              "non_striker": "O Bascome",
              "runs": {
                "batter": 0,
                "extras": 0,
                "total": 0
              }
            },
            {
              "batter": "TS Fray",
              "bowler": "V Baskaran",
              "non_striker": "O Bascome",
              "runs": {
                "batter": 0,
                "extras": 0,
                "total": 0
              }
            },
            {
              "batter": "TS Fray",
              "bowler": "V Baskaran",
              "non_striker": "O Bascome",
              "runs": {
                "batter": 1,
                "extras": 0,
                "total": 1
              }
            },
            {
              "batter": "O Bascome",
              "bowler": "V Baskaran",
              "non_striker": "TS Fray",
              "runs": {
                "batter": 0,
                "extras": 0,
                "total": 0
              }
            },
            {
              "batter": "O Bascome",
              "bowler": "V Baskaran",
              "non_striker": "TS Fray",
              "runs": {
                "batter": 1,
                "extras": 0,
                "total": 1
              }
            },
            {
              "batter": "TS Fray",
              "bowler": "V Baskaran",
              "non_striker": "O Bascome",
              "runs": {
                "batter": 1,
                "extras": 0,
                "total": 1
              }
            }
          ]
        },
        {
          "over": 3,
          "deliveries": [
            {
              "batter": "TS Fray",
              "bowler": "Janak Prakash",
              "extras": {
                "wides": 1
              },
              "non_striker": "O Bascome",
              "runs": {
                "batter": 0,
                "extras": 1,
                "total": 1
              }
            },
            {
              "batter": "TS Fray",
              "bowler": "Janak Prakash",
              "non_striker": "O Bascome",
              "runs": {
                "batter": 4,
                "extras": 0,
                "total": 4
              }
            },
            {
              "batter": "TS Fray",
              "bowler": "Janak Prakash",
              "non_striker": "O Bascome",
              "runs": {
                "batter": 4,
                "extras": 0,
                "total": 4
              }
            },
            {
              "batter": "TS Fray",
              "bowler": "Janak Prakash",
              "non_striker": "O Bascome",
              "runs": {
                "batter": 0,
                "extras": 0,
                "total": 0
              }
            },
            {
              "batter": "TS Fray",
              "bowler": "Janak Prakash",
              "non_striker": "O Bascome",
              "runs": {
                "batter": 0,
                "extras": 0,
                "total": 0
              }
            },
            {
              "batter": "TS Fray",
              "bowler": "Janak Prakash",
              "non_striker": "O Bascome",
              "runs": {
                "batter": 1,
                "extras": 0,
                "total": 1
              }
            },
            {
              "batter": "O Bascome",
              "bowler": "Janak Prakash",
              "non_striker": "TS Fray",
              "runs": {
                "batter": 1,
                "extras": 0,
                "total": 1
              }
            }
          ]
        },
        {
          "over": 4,
          "deliveries": [
            {
              "batter": "O Bascome",
              "bowler": "S Vijayakumar",
              "non_striker": "TS Fray",
              "runs": {
                "batter": 1,
                "extras": 0,
                "total": 1
              }
            },
            {
              "batter": "TS Fray",
              "bowler": "S Vijayakumar",
              "non_striker": "O Bascome",
              "runs": {
                "batter": 0,
                "extras": 0,
                "total": 0
              }
            },
            {
              "batter": "TS Fray",
              "bowler": "S Vijayakumar",
              "non_striker": "O Bascome",
              "runs": {
                "batter": 0,
                "extras": 0,
                "total": 0
              }
            },
            {
              "batter": "TS Fray",
              "bowler": "S Vijayakumar",
              "non_striker": "O Bascome",
              "runs": {
                "batter": 1,
                "extras": 0,
                "total": 1
              }
            },
            {
              "batter": "O Bascome",
              "bowler": "S Vijayakumar",
              "non_striker": "TS Fray",
              "runs": {
                "batter": 0,
                "extras": 0,
                "total": 0
              }
            },
            {
              "batter": "O Bascome",
              "bowler": "S Vijayakumar",
              "non_striker": "TS Fray",
              "runs": {
                "batter": 0,
                "extras": 0,
                "total": 0
              }
            }
          ]
        },
        {
          "over": 5,
          "deliveries": [
            {
              "batter": "TS Fray",
              "bowler": "Amjad Mahboob",
              "extras": {
                "legbyes": 1
              },
              "non_striker": "O Bascome",
              "runs": {
                "batter": 0,
                "extras": 1,
                "total": 1
              }
            },
            {
              "batter": "O Bascome",
              "bowler": "Amjad Mahboob",
              "non_striker": "TS Fray",
              "runs": {
                "batter": 0,
                "extras": 0,
                "total": 0
              },
              "wickets": [
                {
                  "kind": "caught",
                  "player_out": "O Bascome",
                  "fielders": [
                    {
                      "name": "S Chandramohan"
                    }
                  ]
                }
              ]
            },
            {
              "batter": "DC Stovell",
              "bowler": "Amjad Mahboob",
              "non_striker": "TS Fray",
              "runs": {
                "batter": 0,
                "extras": 0,
                "total": 0
              },
              "wickets": [
                {
                  "kind": "run out",
                  "player_out": "DC Stovell"
                }
              ]
            },
            {
              "batter": "DMW Rawlins",
              "bowler": "Amjad Mahboob",
              "non_striker": "TS Fray",
              "runs": {
                "batter": 0,
                "extras": 0,
                "total": 0
              }
            },
            {
              "batter": "DMW Rawlins",
              "bowler": "Amjad Mahboob",
              "non_striker": "TS Fray",
              "runs": {
                "batter": 0,
                "extras": 0,
                "total": 0
              }
            },
            {
              "batter": "DMW Rawlins",
              "bowler": "Amjad Mahboob",
              "non_striker": "TS Fray",
              "runs": {
                "batter": 0,
                "extras": 0,
                "total": 0
              }
            }
          ]
        },
        {
          "over": 6,
          "deliveries": [
            {
              "batter": "TS Fray",
              "bowler": "S Vijayakumar",
              "non_striker": "DMW Rawlins",
              "runs": {
                "batter": 1,
                "extras": 0,
                "total": 1
              }
            },
            {
              "batter": "DMW Rawlins",
              "bowler": "S Vijayakumar",
              "non_striker": "TS Fray",
              "runs": {
                "batter": 0,
                "extras": 0,
                "total": 0
              }
            },
            {
              "batter": "DMW Rawlins",
              "bowler": "S Vijayakumar",
              "non_striker": "TS Fray",
              "runs": {
                "batter": 0,
                "extras": 0,
                "total": 0
              }
            },
            {
              "batter": "DMW Rawlins",
              "bowler": "S Vijayakumar",
              "non_striker": "TS Fray",
              "runs": {
                "batter": 1,
                "extras": 0,
                "total": 1
              }
            },
            {
              "batter": "TS Fray",
              "bowler": "S Vijayakumar",
              "non_striker": "DMW Rawlins",
              "runs": {
                "batter": 1,
                "extras": 0,
                "total": 1
              }
            },
            {
              "batter": "DMW Rawlins",
              "bowler": "S Vijayakumar",
              "non_striker": "TS Fray",
              "runs": {
                "batter": 0,
                "extras": 0,
                "total": 0
              }
            }
          ]
        },
        {
          "over": 7,
          "deliveries": [
            {
              "batter": "TS Fray",
              "bowler": "Sidhant Singh",
              "non_striker": "DMW Rawlins",
              "runs": {
                "batter": 0,
                "extras": 0,
                "total": 0
              }
            },
            {
              "batter": "TS Fray",
              "bowler": "Sidhant Singh",
              "extras": {
                "legbyes": 1
              },
              "non_striker": "DMW Rawlins",
              "runs": {
                "batter": 0,
                "extras": 1,
                "total": 1
              }
            },
            {
              "batter": "DMW Rawlins",
              "bowler": "Sidhant Singh",
              "non_striker": "TS Fray",
              "runs": {
                "batter": 0,
                "extras": 0,
                "total": 0
              },
              "wickets": [
                {
                  "kind": "caught",
                  "player_out": "DMW Rawlins",
                  "fielders": [
                    {
                      "name": "S Chandramohan"
                    }
                  ]
                }
              ]
            },
            {
              "batter": "TS Fray",
              "bowler": "Sidhant Singh",
              "non_striker": "JJ Tucker",
              "runs": {
                "batter": 4,
                "extras": 0,
                "total": 4
              }
            },
            {
              "batter": "TS Fray",
              "bowler": "Sidhant Singh",
              "non_striker": "JJ Tucker",
              "runs": {
                "batter": 1,
                "extras": 0,
                "total": 1
              }
            },
            {
              "batter": "JJ Tucker",
              "bowler": "Sidhant Singh",
              "non_striker": "TS Fray",
              "runs": {
                "batter": 4,
                "extras": 0,
                "total": 4
              }
            }
          ]
        },
        {
          "over": 8,
          "deliveries": [
            {
              "batter": "TS Fray",
              "bowler": "V Baskaran",
              "non_striker": "JJ Tucker",
              "runs": {
                "batter": 4,
                "extras": 0,
                "total": 4
              }
            },
            {
              "batter": "TS Fray",
              "bowler": "V Baskaran",
              "non_striker": "JJ Tucker",
              "runs": {
                "batter": 0,
                "extras": 0,
                "total": 0
              }
            },
            {
              "batter": "TS Fray",
              "bowler": "V Baskaran",
              "non_striker": "JJ Tucker",
              "runs": {
                "batter": 1,
                "extras": 0,
                "total": 1
              }
            },
            {
              "batter": "JJ Tucker",
              "bowler": "V Baskaran",
              "non_striker": "TS Fray",
              "runs": {
                "batter": 0,
                "extras": 0,
                "total": 0
              }
            },
            {
              "batter": "JJ Tucker",
              "bowler": "V Baskaran",
              "non_striker": "TS Fray",
              "runs": {
                "batter": 0,
                "extras": 0,
                "total": 0
              }
            },
            {
              "batter": "JJ Tucker",
              "bowler": "V Baskaran",
              "non_striker": "TS Fray",
              "runs": {
                "batter": 0,
                "extras": 0,
                "total": 0
              }
            }
          ]
        },
        {
          "over": 9,
          "deliveries": [
            {
              "batter": "TS Fray",
              "bowler": "TH David",
              "non_striker": "JJ Tucker",
              "runs": {
                "batter": 1,
                "extras": 0,
                "total": 1
              }
            },
            {
              "batter": "JJ Tucker",
              "bowler": "TH David",
              "non_striker": "TS Fray",
              "runs": {
                "batter": 0,
                "extras": 0,
                "total": 0
              }
            },
            {
              "batter": "JJ Tucker",
              "bowler": "TH David",
              "non_striker": "TS Fray",
              "runs": {
                "batter": 1,
                "extras": 0,
                "total": 1
              }
            },
            {
              "batter": "TS Fray",
              "bowler": "TH David",
              "non_striker": "JJ Tucker",
              "runs": {
                "batter": 2,
                "extras": 0,
                "total": 2
              }
            },
            {
              "batter": "TS Fray",
              "bowler": "TH David",
              "extras": {
                "legbyes": 1
              },
              "non_striker": "JJ Tucker",
              "runs": {
                "batter": 0,
                "extras": 1,
                "total": 1
              }
            },
            {
              "batter": "JJ Tucker",
              "bowler": "TH David",
              "non_striker": "TS Fray",
              "runs": {
                "batter": 0,
                "extras": 0,
                "total": 0
              }
            }
          ]
        },
        {
          "over": 10,
          "deliveries": [
            {
              "batter": "TS Fray",
              "bowler": "V Baskaran",
              "non_striker": "JJ Tucker",
              "runs": {
                "batter": 0,
                "extras": 0,
                "total": 0
              },
              "wickets": [
                {
                  "kind": "bowled",
                  "player_out": "TS Fray"
                }
              ]
            },
            {
              "batter": "DAP Darrell",
              "bowler": "V Baskaran",
              "non_striker": "JJ Tucker",
              "runs": {
                "batter": 0,
                "extras": 0,
                "total": 0
              }
            },
            {
              "batter": "DAP Darrell",
              "bowler": "V Baskaran",
              "non_striker": "JJ Tucker",
              "runs": {
                "batter": 0,
                "extras": 0,
                "total": 0
              }
            },
            {
              "batter": "DAP Darrell",
              "bowler": "V Baskaran",
              "non_striker": "JJ Tucker",
              "runs": {
                "batter": 0,
                "extras": 0,
                "total": 0
              }
            },
            {
              "batter": "DAP Darrell",
              "bowler": "V Baskaran",
              "non_striker": "JJ Tucker",
              "runs": {
                "batter": 0,
                "extras": 0,
                "total": 0
              }
            },
            {
              "batter": "DAP Darrell",
              "bowler": "V Baskaran",
              "non_striker": "JJ Tucker",
              "runs": {
                "batter": 0,
                "extras": 0,
                "total": 0
              }
            }
          ]
        },
        {
          "over": 11,
          "deliveries": [
            {
              "batter": "JJ Tucker",
              "bowler": "TH David",
              "non_striker": "DAP Darrell",
              "runs": {
                "batter": 4,
                "extras": 0,
                "total": 4
              }
            },
            {
              "batter": "JJ Tucker",
              "bowler": "TH David",
              "non_striker": "DAP Darrell",
              "runs": {
                "batter": 4,
                "extras": 0,
                "total": 4
              }
            },
            {
              "batter": "JJ Tucker",
              "bowler": "TH David",
              "non_striker": "DAP Darrell",
              "runs": {
                "batter": 1,
                "extras": 0,
                "total": 1
              }
            },
            {
              "batter": "DAP Darrell",
              "bowler": "TH David",
              "non_striker": "JJ Tucker",
              "runs": {
                "batter": 0,
                "extras": 0,
                "total": 0
              }
            },
            {
              "batter": "DAP Darrell",
              "bowler": "TH David",
              "non_striker": "JJ Tucker",
              "runs": {
                "batter": 1,
                "extras": 0,
                "total": 1
              }
            },
            {
              "batter": "JJ Tucker",
              "bowler": "TH David",
              "non_striker": "DAP Darrell",
              "runs": {
                "batter": 1,
                "extras": 0,
                "total": 1
              }
            }
          ]
        },
        {
          "over": 12,
          "deliveries": [
            {
              "batter": "JJ Tucker",
              "bowler": "S Vijayakumar",
              "non_striker": "DAP Darrell",
              "runs": {
                "batter": 0,
                "extras": 0,
                "total": 0
              }
            },
            {
              "batter": "JJ Tucker",
              "bowler": "S Vijayakumar",
              "non_striker": "DAP Darrell",
              "runs": {
                "batter": 4,
                "extras": 0,
                "total": 4
              }
            },
            {
              "batter": "JJ Tucker",
              "bowler": "S Vijayakumar",
              "non_striker": "DAP Darrell",
              "runs": {
                "batter": 0,
                "extras": 0,
                "total": 0
              }
            },
            {
              "batter": "JJ Tucker",
              "bowler": "S Vijayakumar",
              "non_striker": "DAP Darrell",
              "runs": {
                "batter": 1,
                "extras": 0,
                "total": 1
              }
            },
            {
              "batter": "DAP Darrell",
              "bowler": "S Vijayakumar",
              "non_striker": "JJ Tucker",
              "runs": {
                "batter": 1,
                "extras": 0,
                "total": 1
              }
            },
            {
              "batter": "JJ Tucker",
              "bowler": "S Vijayakumar",
              "non_striker": "DAP Darrell",
              "runs": {
                "batter": 1,
                "extras": 0,
                "total": 1
              }
            }
          ]
        },
        {
          "over": 13,
          "deliveries": [
            {
              "batter": "JJ Tucker",
              "bowler": "Amjad Mahboob",
              "extras": {
                "legbyes": 1
              },
              "non_striker": "DAP Darrell",
              "runs": {
                "batter": 0,
                "extras": 1,
                "total": 1
              }
            },
            {
              "batter": "DAP Darrell",
              "bowler": "Amjad Mahboob",
              "non_striker": "JJ Tucker",
              "runs": {
                "batter": 2,
                "extras": 0,
                "total": 2
              }
            },
            {
              "batter": "DAP Darrell",
              "bowler": "Amjad Mahboob",
              "non_striker": "JJ Tucker",
              "runs": {
                "batter": 1,
                "extras": 0,
                "total": 1
              }
            },
            {
              "batter": "JJ Tucker",
              "bowler": "Amjad Mahboob",
              "non_striker": "DAP Darrell",
              "runs": {
                "batter": 1,
                "extras": 0,
                "total": 1
              }
            },
            {
              "batter": "DAP Darrell",
              "bowler": "Amjad Mahboob",
              "non_striker": "JJ Tucker",
              "runs": {
                "batter": 1,
                "extras": 0,
                "total": 1
              }
            },
            {
              "batter": "JJ Tucker",
              "bowler": "Amjad Mahboob",
              "non_striker": "DAP Darrell",
              "runs": {
                "batter": 2,
                "extras": 0,
                "total": 2
              }
            }
          ]
        },
        {
          "over": 14,
          "deliveries": [
            {
              "batter": "DAP Darrell",
              "bowler": "S Vijayakumar",
              "non_striker": "JJ Tucker",
              "runs": {
                "batter": 1,
                "extras": 0,
                "total": 1
              }
            },
            {
              "batter": "JJ Tucker",
              "bowler": "S Vijayakumar",
              "non_striker": "DAP Darrell",
              "runs": {
                "batter": 1,
                "extras": 0,
                "total": 1
              }
            },
            {
              "batter": "DAP Darrell",
              "bowler": "S Vijayakumar",
              "extras": {
                "legbyes": 1
              },
              "non_striker": "JJ Tucker",
              "runs": {
                "batter": 0,
                "extras": 1,
                "total": 1
              }
            },
            {
              "batter": "JJ Tucker",
              "bowler": "S Vijayakumar",
              "non_striker": "DAP Darrell",
              "runs": {
                "batter": 6,
                "extras": 0,
                "total": 6
              }
            },
            {
              "batter": "JJ Tucker",
              "bowler": "S Vijayakumar",
              "non_striker": "DAP Darrell",
              "runs": {
                "batter": 4,
                "extras": 0,
                "total": 4
              }
            },
            {
              "batter": "JJ Tucker",
              "bowler": "S Vijayakumar",
              "non_striker": "DAP Darrell",
              "runs": {
                "batter": 1,
                "extras": 0,
                "total": 1
              }
            }
          ]
        },
        {
          "over": 15,
          "deliveries": [
            {
              "batter": "JJ Tucker",
              "bowler": "Amjad Mahboob",
              "non_striker": "DAP Darrell",
              "runs": {
                "batter": 2,
                "extras": 0,
                "total": 2
              }
            },
            {
              "batter": "JJ Tucker",
              "bowler": "Amjad Mahboob",
              "non_striker": "DAP Darrell",
              "runs": {
                "batter": 1,
                "extras": 0,
                "total": 1
              }
            },
            {
              "batter": "DAP Darrell",
              "bowler": "Amjad Mahboob",
              "non_striker": "JJ Tucker",
              "runs": {
                "batter": 4,
                "extras": 0,
                "total": 4
              }
            },
            {
              "batter": "DAP Darrell",
              "bowler": "Amjad Mahboob",
              "non_striker": "JJ Tucker",
              "runs": {
                "batter": 0,
                "extras": 0,
                "total": 0
              }
            },
            {
              "batter": "DAP Darrell",
              "bowler": "Amjad Mahboob",
              "non_striker": "JJ Tucker",
              "runs": {
                "batter": 6,
                "extras": 0,
                "total": 6
              }
            },
            {
              "batter": "DAP Darrell",
              "bowler": "Amjad Mahboob",
              "non_striker": "JJ Tucker",
              "runs": {
                "batter": 1,
                "extras": 0,
                "total": 1
              }
            }
          ]
        },
        {
          "over": 16,
          "deliveries": [
            {
              "batter": "DAP Darrell",
              "bowler": "Janak Prakash",
              "extras": {
                "wides": 1
              },
              "non_striker": "JJ Tucker",
              "runs": {
                "batter": 0,
                "extras": 1,
                "total": 1
              }
            },
            {
              "batter": "DAP Darrell",
              "bowler": "Janak Prakash",
              "non_striker": "JJ Tucker",
              "runs": {
                "batter": 0,
                "extras": 0,
                "total": 0
              },
              "wickets": [
                {
                  "kind": "bowled",
                  "player_out": "DAP Darrell"
                }
              ]
            },
            {
              "batter": "OGL Bascome",
              "bowler": "Janak Prakash",
              "non_striker": "JJ Tucker",
              "runs": {
                "batter": 1,
                "extras": 0,
                "total": 1
              }
            },
            {
              "batter": "JJ Tucker",
              "bowler": "Janak Prakash",
              "non_striker": "OGL Bascome",
              "runs": {
                "batter": 1,
                "extras": 0,
                "total": 1
              }
            },
            {
              "batter": "OGL Bascome",
              "bowler": "Janak Prakash",
              "non_striker": "JJ Tucker",
              "runs": {
                "batter": 4,
                "extras": 0,
                "total": 4
              }
            },
            {
              "batter": "OGL Bascome",
              "bowler": "Janak Prakash",
              "non_striker": "JJ Tucker",
              "runs": {
                "batter": 0,
                "extras": 0,
                "total": 0
              }
            },
            {
              "batter": "OGL Bascome",
              "bowler": "Janak Prakash",
              "non_striker": "JJ Tucker",
              "runs": {
                "batter": 0,
                "extras": 0,
                "total": 0
              },
              "wickets": [
                {
                  "kind": "caught",
                  "player_out": "OGL Bascome",
                  "fielders": [
                    {
                      "name": "S Chandramohan"
                    }
                  ]
                }
              ]
            }
          ]
        },
        {
          "over": 17,
          "deliveries": [
            {
              "batter": "KS Leverock",
              "bowler": "Sidhant Singh",
              "non_striker": "JJ Tucker",
              "runs": {
                "batter": 1,
                "extras": 0,
                "total": 1
              }
            },
            {
              "batter": "JJ Tucker",
              "bowler": "Sidhant Singh",
              "extras": {
                "wides": 1
              },
              "non_striker": "KS Leverock",
              "runs": {
                "batter": 0,
                "extras": 1,
                "total": 1
              }
            },
            {
              "batter": "JJ Tucker",
              "bowler": "Sidhant Singh",
              "non_striker": "KS Leverock",
              "runs": {
                "batter": 0,
                "extras": 0,
                "total": 0
              }
            },
            {
              "batter": "JJ Tucker",
              "bowler": "Sidhant Singh",
              "extras": {
                "wides": 1
              },
              "non_striker": "KS Leverock",
              "runs": {
                "batter": 0,
                "extras": 1,
                "total": 1
              }
            },
            {
              "batter": "JJ Tucker",
              "bowler": "Sidhant Singh",
              "extras": {
                "wides": 1
              },
              "non_striker": "KS Leverock",
              "runs": {
                "batter": 0,
                "extras": 1,
                "total": 1
              }
            },
            {
              "batter": "JJ Tucker",
              "bowler": "Sidhant Singh",
              "non_striker": "KS Leverock",
              "runs": {
                "batter": 2,
                "extras": 0,
                "total": 2
              }
            },
            {
              "batter": "JJ Tucker",
              "bowler": "Sidhant Singh",
              "non_striker": "KS Leverock",
              "runs": {
                "batter": 2,
                "extras": 0,
                "total": 2
              }
            },
            {
              "batter": "JJ Tucker",
              "bowler": "Sidhant Singh",
              "non_striker": "KS Leverock",
              "runs": {
                "batter": 0,
                "extras": 0,
                "total": 0
              }
            },
            {
              "batter": "JJ Tucker",
              "bowler": "Sidhant Singh",
              "non_striker": "KS Leverock",
              "runs": {
                "batter": 0,
                "extras": 0,
                "total": 0
              }
            }
          ]
        },
        {
          "over": 18,
          "deliveries": [
            {
              "batter": "KS Leverock",
              "bowler": "Janak Prakash",
              "non_striker": "JJ Tucker",
              "runs": {
                "batter": 1,
                "extras": 0,
                "total": 1
              }
            },
            {
              "batter": "JJ Tucker",
              "bowler": "Janak Prakash",
              "non_striker": "KS Leverock",
              "runs": {
                "batter": 1,
                "extras": 0,
                "total": 1
              }
            },
            {
              "batter": "KS Leverock",
              "bowler": "Janak Prakash",
              "non_striker": "JJ Tucker",
              "runs": {
                "batter": 6,
                "extras": 0,
                "total": 6
              }
            },
            {
              "batter": "KS Leverock",
              "bowler": "Janak Prakash",
              "non_striker": "JJ Tucker",
              "runs": {
                "batter": 6,
                "extras": 0,
                "total": 6
              }
            },
            {
              "batter": "KS Leverock",
              "bowler": "Janak Prakash",
              "non_striker": "JJ Tucker",
              "runs": {
                "batter": 4,
                "extras": 0,
                "total": 4
              }
            },
            {
              "batter": "KS Leverock",
              "bowler": "Janak Prakash",
              "non_striker": "JJ Tucker",
              "runs": {
                "batter": 0,
                "extras": 0,
                "total": 0
              },
              "wickets": [
                {
                  "kind": "caught",
                  "player_out": "KS Leverock",
                  "fielders": [
                    {
                      "name": "Sidhant Singh"
                    }
                  ]
                }
              ]
            }
          ]
        },
        {
          "over": 19,
          "deliveries": [
            {
              "batter": "MO Jones",
              "bowler": "Amjad Mahboob",
              "non_striker": "JJ Tucker",
              "runs": {
                "batter": 1,
                "extras": 0,
                "total": 1
              }
            },
            {
              "batter": "JJ Tucker",
              "bowler": "Amjad Mahboob",
              "non_striker": "MO Jones",
              "runs": {
                "batter": 4,
                "extras": 0,
                "total": 4
              }
            },
            {
              "batter": "JJ Tucker",
              "bowler": "Amjad Mahboob",
              "non_striker": "MO Jones",
              "runs": {
                "batter": 1,
                "extras": 0,
                "total": 1
              }
            },
            {
              "batter": "MO Jones",
              "bowler": "Amjad Mahboob",
              "non_striker": "JJ Tucker",
              "runs": {
                "batter": 4,
                "extras": 0,
                "total": 4
              }
            },
            {
              "batter": "MO Jones",
              "bowler": "Amjad Mahboob",
              "non_striker": "JJ Tucker",
              "runs": {
                "batter": 2,
                "extras": 0,
                "total": 2
              }
            },
            {
              "batter": "MO Jones",
              "bowler": "Amjad Mahboob",
              "non_striker": "JJ Tucker",
              "runs": {
                "batter": 2,
                "extras": 0,
                "total": 2
              }
            }
          ]
        }
      ],
      "powerplays": [
        {
          "from": 0.1,
          "to": 5.6,
          "type": "mandatory"
        }
      ]
    },
    {
      "team": "Singapore",
      "overs": [
        {
          "over": 0,
          "deliveries": [
            {
              "batter": "R Rohan",
              "bowler": "GH O'Brien",
              "non_striker": "S Chandramohan",
              "runs": {
                "batter": 0,
                "extras": 0,
                "total": 0
              }
            },
            {
              "batter": "R Rohan",
              "bowler": "GH O'Brien",
              "non_striker": "S Chandramohan",
              "runs": {
                "batter": 1,
                "extras": 0,
                "total": 1
              }
            },
            {
              "batter": "S Chandramohan",
              "bowler": "GH O'Brien",
              "non_striker": "R Rohan",
              "runs": {
                "batter": 0,
                "extras": 0,
                "total": 0
              },
              "wickets": [
                {
                  "kind": "lbw",
                  "player_out": "S Chandramohan"
                }
              ]
            },
            {
              "batter": "TH David",
              "bowler": "GH O'Brien",
              "non_striker": "R Rohan",
              "runs": {
                "batter": 1,
                "extras": 0,
                "total": 1
              }
            },
            {
              "batter": "R Rohan",
              "bowler": "GH O'Brien",
              "non_striker": "TH David",
              "runs": {
                "batter": 0,
                "extras": 0,
                "total": 0
              }
            },
            {
              "batter": "R Rohan",
              "bowler": "GH O'Brien",
              "extras": {
                "legbyes": 1
              },
              "non_striker": "TH David",
              "runs": {
                "batter": 0,
                "extras": 1,
                "total": 1
              }
            }
          ]
        },
        {
          "over": 1,
          "deliveries": [
            {
              "batter": "R Rohan",
              "bowler": "DMW Rawlins",
              "non_striker": "TH David",
              "runs": {
                "batter": 0,
                "extras": 0,
                "total": 0
              }
            },
            {
              "batter": "R Rohan",
              "bowler": "DMW Rawlins",
              "non_striker": "TH David",
              "runs": {
                "batter": 0,
                "extras": 0,
                "total": 0
              }
            },
            {
              "batter": "R Rohan",
              "bowler": "DMW Rawlins",
              "non_striker": "TH David",
              "runs": {
                "batter": 1,
                "extras": 0,
                "total": 1
              }
            },
            {
              "batter": "TH David",
              "bowler": "DMW Rawlins",
              "extras": {
                "legbyes": 1
              },
              "non_striker": "R Rohan",
              "runs": {
                "batter": 0,
                "extras": 1,
                "total": 1
              }
            },
            {
              "batter": "R Rohan",
              "bowler": "DMW Rawlins",
              "non_striker": "TH David",
              "runs": {
                "batter": 1,
                "extras": 0,
                "total": 1
              }
            },
            {
              "batter": "TH David",
              "bowler": "DMW Rawlins",
              "non_striker": "R Rohan",
              "runs": {
                "batter": 1,
                "extras": 0,
                "total": 1
              }
            }
          ]
        },
        {
          "over": 2,
          "deliveries": [
            {
              "batter": "TH David",
              "bowler": "GH O'Brien",
              "non_striker": "R Rohan",
              "runs": {
                "batter": 1,
                "extras": 0,
                "total": 1
              }
            },
            {
              "batter": "R Rohan",
              "bowler": "GH O'Brien",
              "non_striker": "TH David",
              "runs": {
                "batter": 0,
                "extras": 0,
                "total": 0
              }
            },
            {
              "batter": "R Rohan",
              "bowler": "GH O'Brien",
              "non_striker": "TH David",
              "runs": {
                "batter": 0,
                "extras": 0,
                "total": 0
              }
            },
            {
              "batter": "R Rohan",
              "bowler": "GH O'Brien",
              "non_striker": "TH David",
              "runs": {
                "batter": 1,
                "extras": 0,
                "total": 1
              }
            },
            {
              "batter": "TH David",
              "bowler": "GH O'Brien",
              "non_striker": "R Rohan",
              "runs": {
                "batter": 4,
                "extras": 0,
                "total": 4
              }
            },
            {
              "batter": "TH David",
              "bowler": "GH O'Brien",
              "non_striker": "R Rohan",
              "runs": {
                "batter": 0,
                "extras": 0,
                "total": 0
              }
            }
          ]
        },
        {
          "over": 3,
          "deliveries": [
            {
              "batter": "R Rohan",
              "bowler": "MO Jones",
              "non_striker": "TH David",
              "runs": {
                "batter": 4,
                "extras": 0,
                "total": 4
              }
            },
            {
              "batter": "R Rohan",
              "bowler": "MO Jones",
              "non_striker": "TH David",
              "runs": {
                "batter": 0,
                "extras": 0,
                "total": 0
              }
            },
            {
              "batter": "R Rohan",
              "bowler": "MO Jones",
              "non_striker": "TH David",
              "runs": {
                "batter": 0,
                "extras": 0,
                "total": 0
              }
            },
            {
              "batter": "R Rohan",
              "bowler": "MO Jones",
              "non_striker": "TH David",
              "runs": {
                "batter": 0,
                "extras": 0,
                "total": 0
              }
            },
            {
              "batter": "R Rohan",
              "bowler": "MO Jones",
              "non_striker": "TH David",
              "runs": {
                "batter": 4,
                "extras": 0,
                "total": 4
              }
            },
            {
              "batter": "R Rohan",
              "bowler": "MO Jones",
              "non_striker": "TH David",
              "runs": {
                "batter": 0,
                "extras": 0,
                "total": 0
              },
              "wickets": [
                {
                  "kind": "bowled",
                  "player_out": "R Rohan"
                }
              ]
            }
          ]
        },
        {
          "over": 4,
          "deliveries": [
            {
              "batter": "TH David",
              "bowler": "DMW Rawlins",
              "non_striker": "Aritra Dutta",
              "runs": {
                "batter": 2,
                "extras": 0,
                "total": 2
              }
            },
            {
              "batter": "TH David",
              "bowler": "DMW Rawlins",
              "non_striker": "Aritra Dutta",
              "runs": {
                "batter": 0,
                "extras": 0,
                "total": 0
              }
            },
            {
              "batter": "TH David",
              "bowler": "DMW Rawlins",
              "non_striker": "Aritra Dutta",
              "runs": {
                "batter": 1,
                "extras": 0,
                "total": 1
              }
            },
            {
              "batter": "Aritra Dutta",
              "bowler": "DMW Rawlins",
              "non_striker": "TH David",
              "runs": {
                "batter": 0,
                "extras": 0,
                "total": 0
              }
            },
            {
              "batter": "Aritra Dutta",
              "bowler": "DMW Rawlins",
              "non_striker": "TH David",
              "runs": {
                "batter": 0,
                "extras": 0,
                "total": 0
              }
            },
            {
              "batter": "Aritra Dutta",
              "bowler": "DMW Rawlins",
              "non_striker": "TH David",
              "runs": {
                "batter": 4,
                "extras": 0,
                "total": 4
              }
            }
          ]
        },
        {
          "over": 5,
          "deliveries": [
            {
              "batter": "TH David",
              "bowler": "MO Jones",
              "non_striker": "Aritra Dutta",
              "runs": {
                "batter": 0,
                "extras": 0,
                "total": 0
              }
            },
            {
              "batter": "TH David",
              "bowler": "MO Jones",
              "non_striker": "Aritra Dutta",
              "runs": {
                "batter": 1,
                "extras": 0,
                "total": 1
              }
            },
            {
              "batter": "Aritra Dutta",
              "bowler": "MO Jones",
              "non_striker": "TH David",
              "runs": {
                "batter": 0,
                "extras": 0,
                "total": 0
              }
            },
            {
              "batter": "Aritra Dutta",
              "bowler": "MO Jones",
              "non_striker": "TH David",
              "runs": {
                "batter": 0,
                "extras": 0,
                "total": 0
              }
            },
            {
              "batter": "Aritra Dutta",
              "bowler": "MO Jones",
              "non_striker": "TH David",
              "runs": {
                "batter": 0,
                "extras": 0,
                "total": 0
              }
            },
            {
              "batter": "Aritra Dutta",
              "bowler": "MO Jones",
              "non_striker": "TH David",
              "runs": {
                "batter": 0,
                "extras": 0,
                "total": 0
              }
            }
          ]
        },
        {
          "over": 6,
          "deliveries": [
            {
              "batter": "TH David",
              "bowler": "GH O'Brien",
              "non_striker": "Aritra Dutta",
              "runs": {
                "batter": 1,
                "extras": 0,
                "total": 1
              }
            },
            {
              "batter": "Aritra Dutta",
              "bowler": "GH O'Brien",
              "non_striker": "TH David",
              "runs": {
                "batter": 4,
                "extras": 0,
                "total": 4
              }
            },
            {
              "batter": "Aritra Dutta",
              "bowler": "GH O'Brien",
              "non_striker": "TH David",
              "runs": {
                "batter": 1,
                "extras": 0,
                "total": 1
              }
            },
            {
              "batter": "TH David",
              "bowler": "GH O'Brien",
              "non_striker": "Aritra Dutta",
              "runs": {
                "batter": 0,
                "extras": 0,
                "total": 0
              }
            },
            {
              "batter": "TH David",
              "bowler": "GH O'Brien",
              "non_striker": "Aritra Dutta",
              "runs": {
                "batter": 1,
                "extras": 0,
                "total": 1
              }
            },
            {
              "batter": "Aritra Dutta",
              "bowler": "GH O'Brien",
              "non_striker": "TH David",
              "runs": {
                "batter": 0,
                "extras": 0,
                "total": 0
              }
            }
          ]
        },
        {
          "over": 7,
          "deliveries": [
            {
              "batter": "TH David",
              "bowler": "RJ Trott",
              "non_striker": "Aritra Dutta",
              "runs": {
                "batter": 1,
                "extras": 0,
                "total": 1
              }
            },
            {
              "batter": "Aritra Dutta",
              "bowler": "RJ Trott",
              "non_striker": "TH David",
              "runs": {
                "batter": 0,
                "extras": 0,
                "total": 0
              },
              "wickets": [
                {
                  "kind": "caught",
                  "player_out": "Aritra Dutta",
                  "fielders": [
                    {
                      "name": "KS Leverock"
                    }
                  ]
                }
              ]
            },
            {
              "batter": "Manpreet Singh",
              "bowler": "RJ Trott",
              "non_striker": "TH David",
              "runs": {
                "batter": 1,
                "extras": 0,
                "total": 1
              }
            },
            {
              "batter": "TH David",
              "bowler": "RJ Trott",
              "non_striker": "Manpreet Singh",
              "runs": {
                "batter": 0,
                "extras": 0,
                "total": 0
              }
            },
            {
              "batter": "TH David",
              "bowler": "RJ Trott",
              "non_striker": "Manpreet Singh",
              "runs": {
                "batter": 1,
                "extras": 0,
                "total": 1
              }
            },
            {
              "batter": "Manpreet Singh",
              "bowler": "RJ Trott",
              "non_striker": "TH David",
              "runs": {
                "batter": 1,
                "extras": 0,
                "total": 1
              }
            }
          ]
        },
        {
          "over": 8,
          "deliveries": [
            {
              "batter": "Manpreet Singh",
              "bowler": "JJ Tucker",
              "non_striker": "TH David",
              "runs": {
                "batter": 1,
                "extras": 0,
                "total": 1
              }
            },
            {
              "batter": "TH David",
              "bowler": "JJ Tucker",
              "non_striker": "Manpreet Singh",
              "runs": {
                "batter": 0,
                "extras": 0,
                "total": 0
              }
            },
            {
              "batter": "TH David",
              "bowler": "JJ Tucker",
              "non_striker": "Manpreet Singh",
              "runs": {
                "batter": 0,
                "extras": 0,
                "total": 0
              }
            },
            {
              "batter": "TH David",
              "bowler": "JJ Tucker",
              "non_striker": "Manpreet Singh",
              "runs": {
                "batter": 0,
                "extras": 0,
                "total": 0
              },
              "wickets": [
                {
                  "kind": "caught and bowled",
                  "player_out": "TH David"
                }
              ]
            },
            {
              "batter": "NMS Param",
              "bowler": "JJ Tucker",
              "non_striker": "Manpreet Singh",
              "runs": {
                "batter": 0,
                "extras": 0,
                "total": 0
              }
            },
            {
              "batter": "NMS Param",
              "bowler": "JJ Tucker",
              "non_striker": "Manpreet Singh",
              "runs": {
                "batter": 1,
                "extras": 0,
                "total": 1
              }
            }
          ]
        },
        {
          "over": 9,
          "deliveries": [
            {
              "batter": "NMS Param",
              "bowler": "RJ Trott",
              "non_striker": "Manpreet Singh",
              "runs": {
                "batter": 1,
                "extras": 0,
                "total": 1
              }
            },
            {
              "batter": "Manpreet Singh",
              "bowler": "RJ Trott",
              "non_striker": "NMS Param",
              "runs": {
                "batter": 1,
                "extras": 0,
                "total": 1
              }
            },
            {
              "batter": "NMS Param",
              "bowler": "RJ Trott",
              "non_striker": "Manpreet Singh",
              "runs": {
                "batter": 1,
                "extras": 0,
                "total": 1
              }
            },
            {
              "batter": "Manpreet Singh",
              "bowler": "RJ Trott",
              "non_striker": "NMS Param",
              "runs": {
                "batter": 1,
                "extras": 0,
                "total": 1
              }
            },
            {
              "batter": "NMS Param",
              "bowler": "RJ Trott",
              "non_striker": "Manpreet Singh",
              "runs": {
                "batter": 1,
                "extras": 0,
                "total": 1
              }
            },
            {
              "batter": "Manpreet Singh",
              "bowler": "RJ Trott",
              "non_striker": "NMS Param",
              "runs": {
                "batter": 1,
                "extras": 0,
                "total": 1
              }
            }
          ]
        },
        {
          "over": 10,
          "deliveries": [
            {
              "batter": "Manpreet Singh",
              "bowler": "JJ Tucker",
              "non_striker": "NMS Param",
              "runs": {
                "batter": 1,
                "extras": 0,
                "total": 1
              }
            },
            {
              "batter": "NMS Param",
              "bowler": "JJ Tucker",
              "non_striker": "Manpreet Singh",
              "runs": {
                "batter": 1,
                "extras": 0,
                "total": 1
              }
            },
            {
              "batter": "Manpreet Singh",
              "bowler": "JJ Tucker",
              "non_striker": "NMS Param",
              "runs": {
                "batter": 1,
                "extras": 0,
                "total": 1
              }
            },
            {
              "batter": "NMS Param",
              "bowler": "JJ Tucker",
              "extras": {
                "wides": 5
              },
              "non_striker": "Manpreet Singh",
              "runs": {
                "batter": 0,
                "extras": 5,
                "total": 5
              }
            },
            {
              "batter": "NMS Param",
              "bowler": "JJ Tucker",
              "non_striker": "Manpreet Singh",
              "runs": {
                "batter": 1,
                "extras": 0,
                "total": 1
              }
            },
            {
              "batter": "Manpreet Singh",
              "bowler": "JJ Tucker",
              "non_striker": "NMS Param",
              "runs": {
                "batter": 4,
                "extras": 0,
                "total": 4
              }
            },
            {
              "batter": "Manpreet Singh",
              "bowler": "JJ Tucker",
              "non_striker": "NMS Param",
              "runs": {
                "batter": 1,
                "extras": 0,
                "total": 1
              }
            }
          ]
        },
        {
          "over": 11,
          "deliveries": [
            {
              "batter": "Manpreet Singh",
              "bowler": "DMW Rawlins",
              "non_striker": "NMS Param",
              "runs": {
                "batter": 0,
                "extras": 0,
                "total": 0
              }
            },
            {
              "batter": "Manpreet Singh",
              "bowler": "DMW Rawlins",
              "non_striker": "NMS Param",
              "runs": {
                "batter": 4,
                "extras": 0,
                "total": 4
              }
            },
            {
              "batter": "Manpreet Singh",
              "bowler": "DMW Rawlins",
              "non_striker": "NMS Param",
              "runs": {
                "batter": 1,
                "extras": 0,
                "total": 1
              }
            },
            {
              "batter": "NMS Param",
              "bowler": "DMW Rawlins",
              "extras": {
                "wides": 1
              },
              "non_striker": "Manpreet Singh",
              "runs": {
                "batter": 0,
                "extras": 1,
                "total": 1
              }
            },
            {
              "batter": "NMS Param",
              "bowler": "DMW Rawlins",
              "non_striker": "Manpreet Singh",
              "runs": {
                "batter": 4,
                "extras": 0,
                "total": 4
              }
            },
            {
              "batter": "NMS Param",
              "bowler": "DMW Rawlins",
              "non_striker": "Manpreet Singh",
              "runs": {
                "batter": 0,
                "extras": 0,
                "total": 0
              }
            },
            {
              "batter": "NMS Param",
              "bowler": "DMW Rawlins",
              "non_striker": "Manpreet Singh",
              "runs": {
                "batter": 1,
                "extras": 0,
                "total": 1
              }
            }
          ]
        },
        {
          "over": 12,
          "deliveries": [
            {
              "batter": "NMS Param",
              "bowler": "MO Jones",
              "non_striker": "Manpreet Singh",
              "runs": {
                "batter": 0,
                "extras": 0,
                "total": 0
              }
            },
            {
              "batter": "NMS Param",
              "bowler": "MO Jones",
              "non_striker": "Manpreet Singh",
              "runs": {
                "batter": 4,
                "extras": 0,
                "total": 4
              }
            },
            {
              "batter": "NMS Param",
              "bowler": "MO Jones",
              "non_striker": "Manpreet Singh",
              "runs": {
                "batter": 6,
                "extras": 0,
                "total": 6
              }
            },
            {
              "batter": "NMS Param",
              "bowler": "MO Jones",
              "extras": {
                "wides": 1
              },
              "non_striker": "Manpreet Singh",
              "runs": {
                "batter": 0,
                "extras": 1,
                "total": 1
              }
            },
            {
              "batter": "NMS Param",
              "bowler": "MO Jones",
              "non_striker": "Manpreet Singh",
              "runs": {
                "batter": 2,
                "extras": 0,
                "total": 2
              }
            },
            {
              "batter": "NMS Param",
              "bowler": "MO Jones",
              "non_striker": "Manpreet Singh",
              "runs": {
                "batter": 1,
                "extras": 0,
                "total": 1
              }
            },
            {
              "batter": "Manpreet Singh",
              "bowler": "MO Jones",
              "non_striker": "NMS Param",
              "runs": {
                "batter": 1,
                "extras": 0,
                "total": 1
              }
            }
          ]
        },
        {
          "over": 13,
          "deliveries": [
            {
              "batter": "Manpreet Singh",
              "bowler": "RJ Trott",
              "non_striker": "NMS Param",
              "runs": {
                "batter": 0,
                "extras": 0,
                "total": 0
              }
            },
            {
              "batter": "Manpreet Singh",
              "bowler": "RJ Trott",
              "non_striker": "NMS Param",
              "runs": {
                "batter": 1,
                "extras": 0,
                "total": 1
              }
            },
            {
              "batter": "NMS Param",
              "bowler": "RJ Trott",
              "non_striker": "Manpreet Singh",
              "runs": {
                "batter": 4,
                "extras": 0,
                "total": 4
              }
            },
            {
              "batter": "NMS Param",
              "bowler": "RJ Trott",
              "non_striker": "Manpreet Singh",
              "runs": {
                "batter": 4,
                "extras": 0,
                "total": 4
              }
            },
            {
              "batter": "NMS Param",
              "bowler": "RJ Trott",
              "non_striker": "Manpreet Singh",
              "runs": {
                "batter": 1,
                "extras": 0,
                "total": 1
              }
            },
            {
              "batter": "Manpreet Singh",
              "bowler": "RJ Trott",
              "non_striker": "NMS Param",
              "runs": {
                "batter": 0,
                "extras": 0,
                "total": 0
              }
            }
          ]
        },
        {
          "over": 14,
          "deliveries": [
            {
              "batter": "NMS Param",
              "bowler": "KS Leverock",
              "non_striker": "Manpreet Singh",
              "runs": {
                "batter": 0,
                "extras": 0,
                "total": 0
              }
            },
            {
              "batter": "NMS Param",
              "bowler": "KS Leverock",
              "non_striker": "Manpreet Singh",
              "runs": {
                "batter": 1,
                "extras": 0,
                "total": 1
              }
            },
            {
              "batter": "Manpreet Singh",
              "bowler": "KS Leverock",
              "non_striker": "NMS Param",
              "runs": {
                "batter": 0,
                "extras": 0,
                "total": 0
              }
            },
            {
              "batter": "Manpreet Singh",
              "bowler": "KS Leverock",
              "non_striker": "NMS Param",
              "runs": {
                "batter": 1,
                "extras": 0,
                "total": 1
              }
            },
            {
              "batter": "NMS Param",
              "bowler": "KS Leverock",
              "non_striker": "Manpreet Singh",
              "runs": {
                "batter": 0,
                "extras": 0,
                "total": 0
              }
            },
            {
              "batter": "NMS Param",
              "bowler": "KS Leverock",
              "non_striker": "Manpreet Singh",
              "runs": {
                "batter": 6,
                "extras": 0,
                "total": 6
              }
            }
          ]
        },
        {
          "over": 15,
          "deliveries": [
            {
              "batter": "Manpreet Singh",
              "bowler": "DC Stovell",
              "extras": {
                "legbyes": 1
              },
              "non_striker": "NMS Param",
              "runs": {
                "batter": 0,
                "extras": 1,
                "total": 1
              }
            },
            {
              "batter": "NMS Param",
              "bowler": "DC Stovell",
              "non_striker": "Manpreet Singh",
              "runs": {
                "batter": 4,
                "extras": 0,
                "total": 4
              }
            },
            {
              "batter": "NMS Param",
              "bowler": "DC Stovell",
              "non_striker": "Manpreet Singh",
              "runs": {
                "batter": 0,
                "extras": 0,
                "total": 0
              }
            },
            {
              "batter": "NMS Param",
              "bowler": "DC Stovell",
              "non_striker": "Manpreet Singh",
              "runs": {
                "batter": 1,
                "extras": 0,
                "total": 1
              }
            },
            {
              "batter": "Manpreet Singh",
              "bowler": "DC Stovell",
              "non_striker": "NMS Param",
              "runs": {
                "batter": 1,
                "extras": 0,
                "total": 1
              }
            },
            {
              "batter": "NMS Param",
              "bowler": "DC Stovell",
              "non_striker": "Manpreet Singh",
              "runs": {
                "batter": 0,
                "extras": 0,
                "total": 0
              }
            }
          ]
        },
        {
          "over": 16,
          "deliveries": [
            {
              "batter": "Manpreet Singh",
              "bowler": "KS Leverock",
              "non_striker": "NMS Param",
              "runs": {
                "batter": 1,
                "extras": 0,
                "total": 1
              }
            },
            {
              "batter": "NMS Param",
              "bowler": "KS Leverock",
              "non_striker": "Manpreet Singh",
              "runs": {
                "batter": 2,
                "extras": 0,
                "total": 2
              }
            },
            {
              "batter": "NMS Param",
              "bowler": "KS Leverock",
              "non_striker": "Manpreet Singh",
              "runs": {
                "batter": 1,
                "extras": 0,
                "total": 1
              }
            },
            {
              "batter": "Manpreet Singh",
              "bowler": "KS Leverock",
              "non_striker": "NMS Param",
              "runs": {
                "batter": 0,
                "extras": 0,
                "total": 0
              }
            },
            {
              "batter": "Manpreet Singh",
              "bowler": "KS Leverock",
              "non_striker": "NMS Param",
              "runs": {
                "batter": 2,
                "extras": 0,
                "total": 2
              }
            },
            {
              "batter": "Manpreet Singh",
              "bowler": "KS Leverock",
              "non_striker": "NMS Param",
              "runs": {
                "batter": 1,
                "extras": 0,
                "total": 1
              }
            }
          ]
        },
        {
          "over": 17,
          "deliveries": [
            {
              "batter": "Manpreet Singh",
              "bowler": "DC Stovell",
              "non_striker": "NMS Param",
              "runs": {
                "batter": 0,
                "extras": 0,
                "total": 0
              },
              "wickets": [
                {
                  "kind": "stumped",
                  "player_out": "Manpreet Singh",
                  "fielders": [
                    {
                      "name": "OGL Bascome"
                    }
                  ]
                }
              ]
            },
            {
              "batter": "Janak Prakash",
              "bowler": "DC Stovell",
              "non_striker": "NMS Param",
              "runs": {
                "batter": 1,
                "extras": 0,
                "total": 1
              }
            },
            {
              "batter": "NMS Param",
              "bowler": "DC Stovell",
              "non_striker": "Janak Prakash",
              "runs": {
                "batter": 4,
                "extras": 0,
                "total": 4
              }
            },
            {
              "batter": "NMS Param",
              "bowler": "DC Stovell",
              "extras": {
                "noballs": 1
              },
              "non_striker": "Janak Prakash",
              "runs": {
                "batter": 0,
                "extras": 1,
                "total": 1
              }
            },
            {
              "batter": "NMS Param",
              "bowler": "DC Stovell",
              "non_striker": "Janak Prakash",
              "runs": {
                "batter": 4,
                "extras": 0,
                "total": 4
              }
            },
            {
              "batter": "NMS Param",
              "bowler": "DC Stovell",
              "non_striker": "Janak Prakash",
              "runs": {
                "batter": 0,
                "extras": 0,
                "total": 0
              }
            },
            {
              "batter": "NMS Param",
              "bowler": "DC Stovell",
              "non_striker": "Janak Prakash",
              "runs": {
                "batter": 1,
                "extras": 0,
                "total": 1
              }
            }
          ]
        },
        {
          "over": 18,
          "deliveries": [
            {
              "batter": "NMS Param",
              "bowler": "KS Leverock",
              "non_striker": "Janak Prakash",
              "runs": {
                "batter": 1,
                "extras": 0,
                "total": 1
              }
            },
            {
              "batter": "Janak Prakash",
              "bowler": "KS Leverock",
              "non_striker": "NMS Param",
              "runs": {
                "batter": 1,
                "extras": 0,
                "total": 1
              }
            },
            {
              "batter": "NMS Param",
              "bowler": "KS Leverock",
              "non_striker": "Janak Prakash",
              "runs": {
                "batter": 6,
                "extras": 0,
                "total": 6
              }
            },
            {
              "batter": "NMS Param",
              "bowler": "KS Leverock",
              "non_striker": "Janak Prakash",
              "runs": {
                "batter": 0,
                "extras": 0,
                "total": 0
              }
            },
            {
              "batter": "NMS Param",
              "bowler": "KS Leverock",
              "extras": {
                "noballs": 1
              },
              "non_striker": "Janak Prakash",
              "runs": {
                "batter": 0,
                "extras": 1,
                "total": 1
              }
            },
            {
              "batter": "NMS Param",
              "bowler": "KS Leverock",
              "non_striker": "Janak Prakash",
              "runs": {
                "batter": 0,
                "extras": 0,
                "total": 0
              }
            },
            {
              "batter": "NMS Param",
              "bowler": "KS Leverock",
              "non_striker": "Janak Prakash",
              "runs": {
                "batter": 1,
                "extras": 0,
                "total": 1
              }
            }
          ]
        },
        {
          "over": 19,
          "deliveries": [
            {
              "batter": "NMS Param",
              "bowler": "GH O'Brien",
              "non_striker": "Janak Prakash",
              "runs": {
                "batter": 6,
                "extras": 0,
                "total": 6
              }
            },
            {
              "batter": "NMS Param",
              "bowler": "GH O'Brien",
              "non_striker": "Janak Prakash",
              "runs": {
                "batter": 1,
                "extras": 0,
                "total": 1
              }
            },
            {
              "batter": "Janak Prakash",
              "bowler": "GH O'Brien",
              "non_striker": "NMS Param",
              "runs": {
                "batter": 4,
                "extras": 0,
                "total": 4
              }
            }
          ]
        }
      ],
      "powerplays": [
        {
          "from": 0.1,
          "to": 5.6,
          "type": "mandatory"
        }
      ],
      "target": {
        "overs": 20,
        "runs": 150
      }
    }
  ]
}