{
  "meta": {
    "data_version": "1.0.0",
    "created": "2019-10-22",
    "revision": 1
  },
  "info": {
    "balls_per_over": 6,
    "city": "Abu Dhabi",
    "dates": [
      "2019-10-19"
    ],
    "event": {
      "name": "ICC Men's T20 World Cup Qualifier",
      "match_number": 9,
      "group": "B"
    },
    "gender": "male",
    "match_type": "T20",
    "match_type_number": 943,
    "officials": {
      "match_referees": [
        "JJ Crowe"
      ],
      "reserve_umpires": [
        "A Paleker"
      ],
      "umpires": [
        "SJ Nogajski",
        "Rashid Riaz"
      ]
    },
    "outcome": {
      "winner": "United Arab Emirates",
      "by": {
        "wickets": 5
      }
    },
    "overs": 20,
    "player_of_match": [
      "Rohan Mustafa"
    ],
    "players": {
      "Ireland": [
        "PR Stirling",
        "KJ O'Brien",
        "A Balbirnie",
        "HT Tector",
        "GC Wilson",
        "MR Adair",
        "GJ Delany",
        "SC Getkate",
        "GH Dockrell",
        "DC Delany",
        "WB Rankin"
      ],
      "United Arab Emirates": [
        "Ashfaq Ahmed",
        "Rohan Mustafa",
        "DDP D'Silva",
        "Muhammad Usman",
        "Rameez Shahzad",
        "Waheed Ahmed",
        "Mohammad Boota",
        "Ahmed Raza",
        "Sultan Ahmed",
        "Junaid Siddique",
        "Zahoor Khan"
      ]
    },
    "registry": {
      "people": {
        "A Balbirnie": "6ef13460",
        "A Paleker": "634b11ac",
        "Ahmed Raza": "79b4839e",
        "Ashfaq Ahmed": "9d1f42c6",
        "DC Delany": "0f9c9d1d",
        "DDP D'Silva": "07b6f54c",
        "GC Wilson": "05de1a5a",
        "GH Dockrell": "99cddc5e",
        "GJ Delany": "33b3d2df",
        "HT Tector": "59ea70a4",
        "JJ Crowe": "2e760301",
        "Junaid Siddique": "84dc72db",
        "KJ O'Brien": "243431b5",
        "MR Adair": "fc55ec67",
        "Mohammad Boota": "39713d08",
        "Muhammad Usman": "45642393",
        "PR Stirling": "cf494ffe",
        "Rameez Shahzad": "e045c165",
        "Rashid Riaz": "fb82725e",
        "Rohan Mustafa": "d1988788",
        "SC Getkate": "c8065f31",
        "SJ Nogajski": "9b3f9323",
        "Sultan Ahmed": "07687c15",
        "WB Rankin": "29b89ae8",
        "Waheed Ahmed": "3df3f50b",
        "Zahoor Khan": "f0e293b0"
      }
    },
    "season": "2019/20",
    "team_type": "international",
    "teams": [
      "United Arab Emirates",
      "Ireland"
    ],
    "toss": {
      "decision": "field",
      "winner": "United Arab Emirates"
    },
    "venue": "Sheikh Zayed Stadium"
  },
  "innings": [
    {
      "team": "Ireland",
      "overs": [
        {
          "over": 0,
          "deliveries": [
            {
              "batter": "PR Stirling",
              "bowler": "Sultan Ahmed",
              "non_striker": "KJ O'Brien",
              "runs": {
                "batter": 0,
                "extras": 0,
                "total": 0
              }
            },
            {
              "batter": "PR Stirling",
              "bowler": "Sultan Ahmed",
              "non_striker": "KJ O'Brien",
              "runs": {
                "batter": 1,
                "extras": 0,
                "total": 1
              }
            },
            {
              "batter": "KJ O'Brien",
              "bowler": "Sultan Ahmed",
              "non_striker": "PR Stirling",
              "runs": {
                "batter": 0,
                "extras": 0,
                "total": 0
              }
            },
            {
              "batter": "KJ O'Brien",
              "bowler": "Sultan Ahmed",
              "non_striker": "PR Stirling",
              "runs": {
                "batter": 0,
                "extras": 0,
                "total": 0
              }
            },
            {
              "batter": "KJ O'Brien",
              "bowler": "Sultan Ahmed",
              "non_striker": "PR Stirling",
              "runs": {
                "batter": 0,
                "extras": 0,
                "total": 0
              }
            },
            {
              "batter": "KJ O'Brien",
              "bowler": "Sultan Ahmed",
              "non_striker": "PR Stirling",
              "runs": {
                "batter": 4,
                "extras": 0,
                "total": 4
              }
            }
          ]
        },
        {
          "over": 1,
          "deliveries": [
            {
              "batter": "PR Stirling",
              "bowler": "Ahmed Raza",
              "non_striker": "KJ O'Brien",
              "runs": {
                "batter": 4,
                "extras": 0,
                "total": 4
              }
            },
            {
              "batter": "PR Stirling",
              "bowler": "Ahmed Raza",
              "non_striker": "KJ O'Brien",
              "runs": {
                "batter": 1,
                "extras": 0,
                "total": 1
              }
            },
            {
              "batter": "KJ O'Brien",
              "bowler": "Ahmed Raza",
              "non_striker": "PR Stirling",
              "runs": {
                "batter": 0,
                "extras": 0,
                "total": 0
              }
            },
            {
              "batter": "KJ O'Brien",
              "bowler": "Ahmed Raza",
              "non_striker": "PR Stirling",
              "runs": {
                "batter": 1,
                "extras": 0,
                "total": 1
              }
            },
            {
              "batter": "PR Stirling",
              "bowler": "Ahmed Raza",
              "non_striker": "KJ O'Brien",
              "runs": {
                "batter": 0,
                "extras": 0,
                "total": 0
              }
            },
            {
              "batter": "PR Stirling",
              "bowler": "Ahmed Raza",
              "non_striker": "KJ O'Brien",
              "runs": {
                "batter": 0,
                "extras": 0,
                "total": 0
              }
            }
          ]
        },
        {
          "over": 2,
          "deliveries": [
            {
              "batter": "KJ O'Brien",
              "bowler": "Sultan Ahmed",
              "non_striker": "PR Stirling",
              "runs": {
                "batter": 2,
                "extras": 0,
                "total": 2
              }
            },
            {
              "batter": "KJ O'Brien",
              "bowler": "Sultan Ahmed",
              "non_striker": "PR Stirling",
              "runs": {
                "batter": 0,
                "extras": 0,
                "total": 0
              }
            },
            {
              "batter": "KJ O'Brien",
              "bowler": "Sultan Ahmed",
              "non_striker": "PR Stirling",
              "runs": {
                "batter": 4,
                "extras": 0,
                "total": 4
              }
            },
            {
              "batter": "KJ O'Brien",
              "bowler": "Sultan Ahmed",
              "non_striker": "PR Stirling",
              "runs": {
                "batter": 0,
                "extras": 0,
                "total": 0
              }
            },
            {
              "batter": "KJ O'Brien",
              "bowler": "Sultan Ahmed",
              "non_striker": "PR Stirling",
              "runs": {
                "batter": 3,
                "extras": 0,
                "total": 3
              }
            },
            {
              "batter": "PR Stirling",
              "bowler": "Sultan Ahmed",
              "non_striker": "KJ O'Brien",
              "runs": {
                "batter": 0,
                "extras": 0,
                "total": 0
              }
            }
          ]
        },
        {
          "over": 3,
          "deliveries": [
            {
              "batter": "KJ O'Brien",
              "bowler": "Junaid Siddique",
              "non_striker": "PR Stirling",
              "runs": {
                "batter": 0,
                "extras": 0,
                "total": 0
              },
              "wickets": [
                {
                  "kind": "caught",
                  "player_out": "KJ O'Brien",
                  "fielders": [
                    {
                      "name": "Ashfaq Ahmed"
                    }
                  ]
                }
              ]
            },
            {
              "batter": "A Balbirnie",
              "bowler": "Junaid Siddique",
              "non_striker": "PR Stirling",
              "runs": {
                "batter": 2,
                "extras": 0,
                "total": 2
              }
            },
            {
              "batter": "A Balbirnie",
              "bowler": "Junaid Siddique",
              "non_striker": "PR Stirling",
              "runs": {
                "batter": 1,
                "extras": 0,
                "total": 1
              }
            },
            {
              "batter": "PR Stirling",
              "bowler": "Junaid Siddique",
              "non_striker": "A Balbirnie",
              "runs": {
                "batter": 0,
                "extras": 0,
                "total": 0
              }
            },
            {
              "batter": "PR Stirling",
              "bowler": "Junaid Siddique",
              "non_striker": "A Balbirnie",
              "runs": {
                "batter": 0,
                "extras": 0,
                "total": 0
              }
            },
            {
              "batter": "PR Stirling",
              "bowler": "Junaid Siddique",
              "non_striker": "A Balbirnie",
              "runs": {
                "batter": 0,
                "extras": 0,
                "total": 0
              }
            }
          ]
        },
        {
          "over": 4,
          "deliveries": [
            {
              "batter": "A Balbirnie",
              "bowler": "Sultan Ahmed",
              "non_striker": "PR Stirling",
              "runs": {
                "batter": 1,
                "extras": 0,
                "total": 1
              }
            },
            {
              "batter": "PR Stirling",
              "bowler": "Sultan Ahmed",
              "non_striker": "A Balbirnie",
              "runs": {
                "batter": 4,
                "extras": 0,
                "total": 4
              }
            },
            {
              "batter": "PR Stirling",
              "bowler": "Sultan Ahmed",
              "non_striker": "A Balbirnie",
              "runs": {
                "batter": 2,
                "extras": 0,
                "total": 2
              }
            },
            {
              "batter": "PR Stirling",
              "bowler": "Sultan Ahmed",
              "non_striker": "A Balbirnie",
              "runs": {
                "batter": 4,
                "extras": 0,
                "total": 4
              }
            },
            {
              "batter": "PR Stirling",
              "bowler": "Sultan Ahmed",
              "non_striker": "A Balbirnie",
              "runs": {
                "batter": 1,
                "extras": 0,
                "total": 1
              }
            },
            {
              "batter": "A Balbirnie",
              "bowler": "Sultan Ahmed",
              "non_striker": "PR Stirling",
              "runs": {
                "batter": 0,
                "extras": 0,
                "total": 0
              }
            }
          ]
        },
        {
          "over": 5,
          "deliveries": [
            {
              "batter": "PR Stirling",
              "bowler": "Junaid Siddique",
              "non_striker": "A Balbirnie",
              "runs": {
                "batter": 0,
                "extras": 0,
                "total": 0
              }
            },
            {
              "batter": "PR Stirling",
              "bowler": "Junaid Siddique",
              "non_striker": "A Balbirnie",
              "runs": {
                "batter": 1,
                "extras": 0,
                "total": 1
              }
            },
            {
              "batter": "A Balbirnie",
              "bowler": "Junaid Siddique",
              "non_striker": "PR Stirling",
              "runs": {
                "batter": 1,
                "extras": 0,
                "total": 1
              }
            },
            {
              "batter": "PR Stirling",
              "bowler": "Junaid Siddique",
              "non_striker": "A Balbirnie",
              "runs": {
                "batter": 1,
                "extras": 0,
                "total": 1
              }
            },
            {
              "batter": "A Balbirnie",
              "bowler": "Junaid Siddique",
              "non_striker": "PR Stirling",
              "runs": {
                "batter": 0,
                "extras": 0,
                "total": 0
              }
            },
            {
              "batter": "A Balbirnie",
              "bowler": "Junaid Siddique",
              "non_striker": "PR Stirling",
              "runs": {
                "batter": 3,
                "extras": 0,
                "total": 3
              }
            }
          ]
        },
        {
          "over": 6,
          "deliveries": [
            {
              "batter": "A Balbirnie",
              "bowler": "Ahmed Raza",
              "non_striker": "PR Stirling",
              "runs": {
                "batter": 0,
                "extras": 0,
                "total": 0
              }
            },
            {
              "batter": "A Balbirnie",
              "bowler": "Ahmed Raza",
              "non_striker": "PR Stirling",
              "runs": {
                "batter": 0,
                "extras": 0,
                "total": 0
              }
            },
            {
              "batter": "A Balbirnie",
              "bowler": "Ahmed Raza",
              "non_striker": "PR Stirling",
              "runs": {
                "batter": 1,
                "extras": 0,
                "total": 1
              }
            },
            {
              "batter": "PR Stirling",
              "bowler": "Ahmed Raza",
              "non_striker": "A Balbirnie",
              "runs": {
                "batter": 2,
                "extras": 0,
                "total": 2
              }
            },
            {
              "batter": "PR Stirling",
              "bowler": "Ahmed Raza",
              "non_striker": "A Balbirnie",
              "runs": {
                "batter": 0,
                "extras": 0,
                "total": 0
              }
            },
            {
              "batter": "PR Stirling",
              "bowler": "Ahmed Raza",
              "non_striker": "A Balbirnie",
              "runs": {
                "batter": 1,
                "extras": 0,
                "total": 1
              }
            }
          ]
        },
        {
          "over": 7,
          "deliveries": [
            {
              "batter": "PR Stirling",
              "bowler": "Rohan Mustafa",
              "non_striker": "A Balbirnie",
              "runs": {
                "batter": 0,
                "extras": 0,
                "total": 0
              }
            },
            {
              "batter": "PR Stirling",
              "bowler": "Rohan Mustafa",
              "non_striker": "A Balbirnie",
              "runs": {
                "batter": 1,
                "extras": 0,
                "total": 1
              }
            },
            {
              "batter": "A Balbirnie",
              "bowler": "Rohan Mustafa",
              "non_striker": "PR Stirling",
              "runs": {
                "batter": 1,
                "extras": 0,
                "total": 1
              }
            },
            {
              "batter": "PR Stirling",
              "bowler": "Rohan Mustafa",
              "non_striker": "A Balbirnie",
              "runs": {
                "batter": 0,
                "extras": 0,
                "total": 0
              }
            },
            {
              "batter": "PR Stirling",
              "bowler": "Rohan Mustafa",
              "non_striker": "A Balbirnie",
              "runs": {
                "batter": 1,
                "extras": 0,
                "total": 1
              }
            },
            {
              "batter": "A Balbirnie",
              "bowler": "Rohan Mustafa",
              "non_striker": "PR Stirling",
              "runs": {
                "batter": 1,
                "extras": 0,
                "total": 1
              }
            }
          ]
        },
        {
          "over": 8,
          "deliveries": [
            {
              "batter": "A Balbirnie",
              "bowler": "Ahmed Raza",
              "non_striker": "PR Stirling",
              "runs": {
                "batter": 0,
                "extras": 0,
                "total": 0
              },
              "wickets": [
                {
                  "kind": "caught",
                  "player_out": "A Balbirnie",
                  "fielders": [
                    {
                      "name": "Rohan Mustafa"
                    }
                  ]
                }
              ]
            },
            {
              "batter": "HT Tector",
              "bowler": "Ahmed Raza",
              "non_striker": "PR Stirling",
              "runs": {
                "batter": 1,
                "extras": 0,
                "total": 1
              }
            },
            {
              "batter": "PR Stirling",
              "bowler": "Ahmed Raza",
              "non_striker": "HT Tector",
              "runs": {
                "batter": 0,
                "extras": 0,
                "total": 0
              }
            },
            {
              "batter": "PR Stirling",
              "bowler": "Ahmed Raza",
              "non_striker": "HT Tector",
              "runs": {
                "batter": 1,
                "extras": 0,
                "total": 1
              }
            },
            {
              "batter": "HT Tector",
              "bowler": "Ahmed Raza",
              "non_striker": "PR Stirling",
              "runs": {
                "batter": 0,
                "extras": 0,
                "total": 0
              }
            },
            {
              "batter": "HT Tector",
              "bowler": "Ahmed Raza",
              "non_striker": "PR Stirling",
              "runs": {
                "batter": 0,
                "extras": 0,
                "total": 0
              }
            }
          ]
        },
        {
          "over": 9,
          "deliveries": [
            {
              "batter": "PR Stirling",
              "bowler": "Rohan Mustafa",
              "non_striker": "HT Tector",
              "runs": {
                "batter": 1,
                "extras": 0,
                "total": 1
              }
            },
            {
              "batter": "HT Tector",
              "bowler": "Rohan Mustafa",
              "non_striker": "PR Stirling",
              "runs": {
                "batter": 0,
                "extras": 0,
                "total": 0
              }
            },
            {
              "batter": "HT Tector",
              "bowler": "Rohan Mustafa",
              "non_striker": "PR Stirling",
              "runs": {
                "batter": 1,
                "extras": 0,
                "total": 1
              }
            },
            {
              "batter": "PR Stirling",
              "bowler": "Rohan Mustafa",
              "non_striker": "HT Tector",
              "runs": {
                "batter": 1,
                "extras": 0,
                "total": 1
              }
            },
            {
              "batter": "HT Tector",
              "bowler": "Rohan Mustafa",
              "non_striker": "PR Stirling",
              "runs": {
                "batter": 0,
                "extras": 0,
                "total": 0
              },
              "wickets": [
                {
                  "kind": "bowled",
                  "player_out": "HT Tector"
                }
              ]
            },
            {
              "batter": "GC Wilson",
              "bowler": "Rohan Mustafa",
              "non_striker": "PR Stirling",
              "runs": {
                "batter": 1,
                "extras": 0,
                "total": 1
              }
            }
          ]
        },
        {
          "over": 10,
          "deliveries": [
            {
              "batter": "GC Wilson",
              "bowler": "Ahmed Raza",
              "non_striker": "PR Stirling",
              "runs": {
                "batter": 0,
                "extras": 0,
                "total": 0
              }
            },
            {
              "batter": "GC Wilson",
              "bowler": "Ahmed Raza",
              "non_striker": "PR Stirling",
              "runs": {
                "batter": 1,
                "extras": 0,
                "total": 1
              }
            },
            {
              "batter": "PR Stirling",
              "bowler": "Ahmed Raza",
              "non_striker": "GC Wilson",
              "runs": {
                "batter": 1,
                "extras": 0,
                "total": 1
              }
            },
            {
              "batter": "GC Wilson",
              "bowler": "Ahmed Raza",
              "non_striker": "PR Stirling",
              "runs": {
                "batter": 1,
                "extras": 0,
                "total": 1
              }
            },
            {
              "batter": "PR Stirling",
              "bowler": "Ahmed Raza",
              "non_striker": "GC Wilson",
              "runs": {
                "batter": 1,
                "extras": 0,
                "total": 1
              }
            },
            {
              "batter": "GC Wilson",
              "bowler": "Ahmed Raza",
              "non_striker": "PR Stirling",
              "runs": {
                "batter": 1,
                "extras": 0,
                "total": 1
              }
            }
          ]
        },
        {
          "over": 11,
          "deliveries": [
            {
              "batter": "GC Wilson",
              "bowler": "Rohan Mustafa",
              "extras": {
                "byes": 1
              },
              "non_striker": "PR Stirling",
              "runs": {
                "batter": 0,
                "extras": 1,
                "total": 1
              }
            },
            {
              "batter": "PR Stirling",
              "bowler": "Rohan Mustafa",
              "non_striker": "GC Wilson",
              "runs": {
                "batter": 4,
                "extras": 0,
                "total": 4
              }
            },
            {
              "batter": "PR Stirling",
              "bowler": "Rohan Mustafa",
              "non_striker": "GC Wilson",
              "runs": {
                "batter": 2,
                "extras": 0,
                "total": 2
              }
            },
            {
              "batter": "PR Stirling",
              "bowler": "Rohan Mustafa",
              "non_striker": "GC Wilson",
              "runs": {
                "batter": 0,
                "extras": 0,
                "total": 0
              }
            },
            {
              "batter": "PR Stirling",
              "bowler": "Rohan Mustafa",
              "non_striker": "GC Wilson",
              "runs": {
                "batter": 1,
                "extras": 0,
                "total": 1
              }
            },
            {
              "batter": "GC Wilson",
              "bowler": "Rohan Mustafa",
              "non_striker": "PR Stirling",
              "runs": {
                "batter": 0,
                "extras": 0,
                "total": 0
              },
              "wickets": [
                {
                  "kind": "caught",
                  "player_out": "GC Wilson",
                  "fielders": [
                    {
                      "name": "DDP D'Silva"
                    }
                  ]
                }
              ]
            }
          ]
        },
        {
          "over": 12,
          "deliveries": [
            {
              "batter": "PR Stirling",
              "bowler": "Sultan Ahmed",
              "non_striker": "MR Adair",
              "runs": {
                "batter": 0,
                "extras": 0,
                "total": 0
              }
            },
            {
              "batter": "PR Stirling",
              "bowler": "Sultan Ahmed",
              "non_striker": "MR Adair",
              "runs": {
                "batter": 1,
                "extras": 0,
                "total": 1
              }
            },
            {
              "batter": "MR Adair",
              "bowler": "Sultan Ahmed",
              "non_striker": "PR Stirling",
              "runs": {
                "batter": 0,
                "extras": 0,
                "total": 0
              }
            },
            {
              "batter": "MR Adair",
              "bowler": "Sultan Ahmed",
              "non_striker": "PR Stirling",
              "runs": {
                "batter": 0,
                "extras": 0,
                "total": 0
              }
            },
            {
              "batter": "MR Adair",
              "bowler": "Sultan Ahmed",
              "non_striker": "PR Stirling",
              "runs": {
                "batter": 0,
                "extras": 0,
                "total": 0
              }
            },
            {
              "batter": "MR Adair",
              "bowler": "Sultan Ahmed",
              "non_striker": "PR Stirling",
              "runs": {
                "batter": 4,
                "extras": 0,
                "total": 4
              }
            }
          ]
        },
        {
          "over": 13,
          "deliveries": [
            {
              "batter": "PR Stirling",
              "bowler": "Waheed Ahmed",
              "non_striker": "MR Adair",
              "runs": {
                "batter": 1,
                "extras": 0,
                "total": 1
              }
            },
            {
              "batter": "MR Adair",
              "bowler": "Waheed Ahmed",
              "non_striker": "PR Stirling",
              "runs": {
                "batter": 0,
                "extras": 0,
                "total": 0
              }
            },
            {
              "batter": "MR Adair",
              "bowler": "Waheed Ahmed",
              "non_striker": "PR Stirling",
              "runs": {
                "batter": 1,
                "extras": 0,
                "total": 1
              }
            },
            {
              "batter": "PR Stirling",
              "bowler": "Waheed Ahmed",
              "non_striker": "MR Adair",
              "runs": {
                "batter": 4,
                "extras": 0,
                "total": 4
              }
            },
            {
              "batter": "PR Stirling",
              "bowler": "Waheed Ahmed",
              "non_striker": "MR Adair",
              "runs": {
                "batter": 2,
                "extras": 0,
                "total": 2
              }
            },
            {
              "batter": "PR Stirling",
              "bowler": "Waheed Ahmed",
              "non_striker": "MR Adair",
              "runs": {
                "batter": 0,
                "extras": 0,
                "total": 0
              }
            }
          ]
        },
        {
          "over": 14,
          "deliveries": [
            {
              "batter": "MR Adair",
              "bowler": "Zahoor Khan",
              "non_striker": "PR Stirling",
              "runs": {
                "batter": 1,
                "extras": 0,
                "total": 1
              }
            },
            {
              "batter": "PR Stirling",
              "bowler": "Zahoor Khan",
              "non_striker": "MR Adair",
              "runs": {
                "batter": 1,
                "extras": 0,
                "total": 1
              }
            },
            {
              "batter": "MR Adair",
              "bowler": "Zahoor Khan",
              "extras": {
                "wides": 1
              },
              "non_striker": "PR Stirling",
              "runs": {
                "batter": 0,
                "extras": 1,
                "total": 1
              }
            },
            {
              "batter": "MR Adair",
              "bowler": "Zahoor Khan",
              "non_striker": "PR Stirling",
              "runs": {
                "batter": 1,
                "extras": 0,
                "total": 1
              }
            },
            {
              "batter": "PR Stirling",
              "bowler": "Zahoor Khan",
              "non_striker": "MR Adair",
              "runs": {
                "batter": 1,
                "extras": 0,
                "total": 1
              }
            },
            {
              "batter": "MR Adair",
              "bowler": "Zahoor Khan",
              "non_striker": "PR Stirling",
              "runs": {
                "batter": 1,
                "extras": 0,
                "total": 1
              }
            },
            {
              "batter": "PR Stirling",
              "bowler": "Zahoor Khan",
              "non_striker": "MR Adair",
              "runs": {
                "batter": 0,
                "extras": 0,
                "total": 0
              }
            }
          ]
        },
        {
          "over": 15,
          "deliveries": [
            {
              "batter": "MR Adair",
              "bowler": "Junaid Siddique",
              "non_striker": "PR Stirling",
              "runs": {
                "batter": 1,
                "extras": 0,
                "total": 1
              }
            },
            {
              "batter": "PR Stirling",
              "bowler": "Junaid Siddique",
              "non_striker": "MR Adair",
              "runs": {
                "batter": 0,
                "extras": 0,
                "total": 0
              }
            },
            {
              "batter": "PR Stirling",
              "bowler": "Junaid Siddique",
              "non_striker": "MR Adair",
              "runs": {
                "batter": 2,
                "extras": 0,
                "total": 2
              }
            },
            {
              "batter": "PR Stirling",
              "bowler": "Junaid Siddique",
              "non_striker": "MR Adair",
              "runs": {
                "batter": 1,
                "extras": 0,
                "total": 1
              }
            },
            {
              "batter": "MR Adair",
              "bowler": "Junaid Siddique",
              "non_striker": "PR Stirling",
              "runs": {
                "batter": 1,
                "extras": 0,
                "total": 1
              }
            },
            {
              "batter": "PR Stirling",
              "bowler": "Junaid Siddique",
              "non_striker": "MR Adair",
              "runs": {
                "batter": 1,
                "extras": 0,
                "total": 1
              }
            }
          ]
        },
        {
          "over": 16,
          "deliveries": [
            {
              "batter": "PR Stirling",
              "bowler": "Zahoor Khan",
              "non_striker": "MR Adair",
              "runs": {
                "batter": 4,
                "extras": 0,
                "total": 4
              }
            },
            {
              "batter": "PR Stirling",
              "bowler": "Zahoor Khan",
              "non_striker": "MR Adair",
              "runs": {
                "batter": 0,
                "extras": 0,
                "total": 0
              }
            },
            {
              "batter": "PR Stirling",
              "bowler": "Zahoor Khan",
              "non_striker": "MR Adair",
              "runs": {
                "batter": 4,
                "extras": 0,
                "total": 4
              }
            },
            {
              "batter": "PR Stirling",
              "bowler": "Zahoor Khan",
              "non_striker": "MR Adair",
              "runs": {
                "batter": 1,
                "extras": 0,
                "total": 1
              }
            },
            {
              "batter": "MR Adair",
              "bowler": "Zahoor Khan",
              "non_striker": "PR Stirling",
              "runs": {
                "batter": 0,
                "extras": 0,
                "total": 0
              }
            },
            {
              "batter": "MR Adair",
              "bowler": "Zahoor Khan",
              "extras": {
                "wides": 1
              },
              "non_striker": "PR Stirling",
              "runs": {
                "batter": 0,
                "extras": 1,
                "total": 1
              }
            },
            {
              "batter": "MR Adair",
              "bowler": "Zahoor Khan",
              "non_striker": "PR Stirling",
              "runs": {
                "batter": 0,
                "extras": 0,
                "total": 0
              }
            }
          ]
        },
        {
          "over": 17,
          "deliveries": [
            {
              "batter": "PR Stirling",
              "bowler": "Junaid Siddique",
              "non_striker": "MR Adair",
              "runs": {
                "batter": 1,
                "extras": 0,
                "total": 1
              }
            },
            {
              "batter": "MR Adair",
              "bowler": "Junaid Siddique",
              "non_striker": "PR Stirling",
              "runs": {
                "batter": 1,
                "extras": 0,
                "total": 1
              }
            },
            {
              "batter": "PR Stirling",
              "bowler": "Junaid Siddique",
              "non_striker": "MR Adair",
              "runs": {
                "batter": 2,
                "extras": 0,
                "total": 2
              }
            },
            {
              "batter": "PR Stirling",
              "bowler": "Junaid Siddique",
              "non_striker": "MR Adair",
              "runs": {
                "batter": 4,
                "extras": 0,
                "total": 4
              }
            },
            {
              "batter": "PR Stirling",
              "bowler": "Junaid Siddique",
              "non_striker": "MR Adair",
              "runs": {
                "batter": 1,
                "extras": 0,
                "total": 1
              }
            },
            {
              "batter": "MR Adair",
              "bowler": "Junaid Siddique",
              "non_striker": "PR Stirling",
              "runs": {
                "batter": 1,
                "extras": 0,
                "total": 1
              }
            }
          ]
        },
        {
          "over": 18,
          "deliveries": [
            {
              "batter": "MR Adair",
              "bowler": "Zahoor Khan",
              "non_striker": "PR Stirling",
              "runs": {
                "batter": 1,
                "extras": 0,
                "total": 1
              }
            },
            {
              "batter": "PR Stirling",
              "bowler": "Zahoor Khan",
              "extras": {
                "wides": 1
              },
              "non_striker": "MR Adair",
              "runs": {
                "batter": 0,
                "extras": 1,
                "total": 1
              }
            },
            {
              "batter": "PR Stirling",
              "bowler": "Zahoor Khan",
              "non_striker": "MR Adair",
              "runs": {
                "batter": 4,
                "extras": 0,
                "total": 4
              }
            },
            {
              "batter": "PR Stirling",
              "bowler": "Zahoor Khan",
              "non_striker": "MR Adair",
              "runs": {
                "batter": 0,
                "extras": 0,
                "total": 0
              }
            },
            {
              "batter": "PR Stirling",
              "bowler": "Zahoor Khan",
              "non_striker": "MR Adair",
              "runs": {
                "batter": 1,
                "extras": 0,
                "total": 1
              },
              "wickets": [
                {
                  "kind": "run out",
                  "player_out": "PR Stirling"
                }
              ]
            },
            {
              "batter": "GJ Delany",
              "bowler": "Zahoor Khan",
              "non_striker": "MR Adair",
              "runs": {
                "batter": 2,
                "extras": 0,
                "total": 2
              }
            },
            {
              "batter": "GJ Delany",
              "bowler": "Zahoor Khan",
              "non_striker": "MR Adair",
              "runs": {
                "batter": 0,
                "extras": 0,
                "total": 0
              },
              "wickets": [
                {
                  "kind": "bowled",
                  "player_out": "GJ Delany"
                }
              ]
            }
          ]
        },
        {
          "over": 19,
          "deliveries": [
            {
              "batter": "MR Adair",
              "bowler": "Rohan Mustafa",
              "non_striker": "SC Getkate",
              "runs": {
                "batter": 0,
                "extras": 0,
                "total": 0
              },
              "wickets": [
                {
                  "kind": "bowled",
                  "player_out": "MR Adair"
                }
              ]
            },
            {
              "batter": "GH Dockrell",
              "bowler": "Rohan Mustafa",
              "non_striker": "SC Getkate",
              "runs": {
                "batter": 1,
                "extras": 0,
                "total": 1
              }
            },
            {
              "batter": "SC Getkate",
              "bowler": "Rohan Mustafa",
              "non_striker": "GH Dockrell",
              "runs": {
                "batter": 0,
                "extras": 0,
                "total": 0
              },
              "wickets": [
                {
                  "kind": "run out",
                  "player_out": "GH Dockrell"
                }
              ]
            },
            {
              "batter": "DC Delany",
              "bowler": "Rohan Mustafa",
              "non_striker": "SC Getkate",
              "runs": {
                "batter": 0,
                "extras": 0,
                "total": 0
              },
              "wickets": [
                {
                  "kind": "lbw",
                  "player_out": "DC Delany"
                }
              ]
            },
            {
              "batter": "WB Rankin",
              "bowler": "Rohan Mustafa",
              "non_striker": "SC Getkate",
              "runs": {
                "batter": 1,
                "extras": 0,
                "total": 1
              }
            },
            {
              "batter": "SC Getkate",
              "bowler": "Rohan Mustafa",
              "non_striker": "WB Rankin",
              "runs": {
                "batter": 1,
                "extras": 0,
                "total": 1
              },
              "wickets": [
                {
                  "kind": "run out",
                  "player_out": "WB Rankin"
                }
              ]
            }
          ]
        }
      ],
      "powerplays": [
        {
          "from": 0.1,
          "to": 5.6,
          "type": "mandatory"
        }
      ]
    },
    {
      "team": "United Arab Emirates",
      "overs": [
        {
          "over": 0,
          "deliveries": [
            {
              "batter": "Ashfaq Ahmed",
              "bowler": "GH Dockrell",
              "non_striker": "Rohan Mustafa",
              "runs": {
                "batter": 1,
                "extras": 0,
                "total": 1
              }
            },
            {
              "batter": "Rohan Mustafa",
              "bowler": "GH Dockrell",
              "non_striker": "Ashfaq Ahmed",
              "runs": {
                "batter": 4,
                "extras": 0,
                "total": 4
              }
            },
            {
              "batter": "Rohan Mustafa",
              "bowler": "GH Dockrell",
              "non_striker": "Ashfaq Ahmed",
              "runs": {
                "batter": 0,
                "extras": 0,
                "total": 0
              }
            },
            {
              "batter": "Rohan Mustafa",
              "bowler": "GH Dockrell",
              "non_striker": "Ashfaq Ahmed",
              "runs": {
                "batter": 4,
                "extras": 0,
                "total": 4
              }
            },
            {
              "batter": "Rohan Mustafa",
              "bowler": "GH Dockrell",
              "non_striker": "Ashfaq Ahmed",
              "runs": {
                "batter": 4,
                "extras": 0,
                "total": 4
              }
            },
            {
              "batter": "Rohan Mustafa",
              "bowler": "GH Dockrell",
              "non_striker": "Ashfaq Ahmed",
              "runs": {
                "batter": 4,
                "extras": 0,
                "total": 4
              }
            }
          ]
        },
        {
          "over": 1,
          "deliveries": [
            {
              "batter": "Ashfaq Ahmed",
              "bowler": "PR Stirling",
              "non_striker": "Rohan Mustafa",
              "runs": {
                "batter": 1,
                "extras": 0,
                "total": 1
              }
            },
            {
              "batter": "Rohan Mustafa",
              "bowler": "PR Stirling",
              "non_striker": "Ashfaq Ahmed",
              "runs": {
                "batter": 1,
                "extras": 0,
                "total": 1
              }
            },
            {
              "batter": "Ashfaq Ahmed",
              "bowler": "PR Stirling",
              "non_striker": "Rohan Mustafa",
              "runs": {
                "batter": 1,
                "extras": 0,
                "total": 1
              }
            },
            {
              "batter": "Rohan Mustafa",
              "bowler": "PR Stirling",
              "non_striker": "Ashfaq Ahmed",
              "runs": {
                "batter": 4,
                "extras": 0,
                "total": 4
              }
            },
            {
              "batter": "Rohan Mustafa",
              "bowler": "PR Stirling",
              "non_striker": "Ashfaq Ahmed",
              "runs": {
                "batter": 4,
                "extras": 0,
                "total": 4
              }
            },
            {
              "batter": "Rohan Mustafa",
              "bowler": "PR Stirling",
              "non_striker": "Ashfaq Ahmed",
              "runs": {
                "batter": 4,
                "extras": 0,
                "total": 4
              }
            }
          ]
        },
        {
          "over": 2,
          "deliveries": [
            {
              "batter": "Ashfaq Ahmed",
              "bowler": "MR Adair",
              "non_striker": "Rohan Mustafa",
              "runs": {
                "batter": 0,
                "extras": 0,
                "total": 0
              }
            },
            {
              "batter": "Ashfaq Ahmed",
              "bowler": "MR Adair",
              "non_striker": "Rohan Mustafa",
              "runs": {
                "batter": 0,
                "extras": 0,
                "total": 0
              },
              "wickets": [
                {
                  "kind": "bowled",
                  "player_out": "Ashfaq Ahmed"
                }
              ]
            },
            {
              "batter": "DDP D'Silva",
              "bowler": "MR Adair",
              "non_striker": "Rohan Mustafa",
              "runs": {
                "batter": 0,
                "extras": 0,
                "total": 0
              }
            },
            {
              "batter": "DDP D'Silva",
              "bowler": "MR Adair",
              "non_striker": "Rohan Mustafa",
              "runs": {
                "batter": 2,
                "extras": 0,
                "total": 2
              }
            },
            {
              "batter": "DDP D'Silva",
              "bowler": "MR Adair",
              "non_striker": "Rohan Mustafa",
              "runs": {
                "batter": 0,
                "extras": 0,
                "total": 0
              }
            },
            {
              "batter": "DDP D'Silva",
              "bowler": "MR Adair",
              "non_striker": "Rohan Mustafa",
              "runs": {
                "batter": 1,
                "extras": 0,
                "total": 1
              }
            }
          ]
        },
        {
          "over": 3,
          "deliveries": [
            {
              "batter": "DDP D'Silva",
              "bowler": "WB Rankin",
              "extras": {
                "wides": 1
              },
              "non_striker": "Rohan Mustafa",
              "runs": {
                "batter": 0,
                "extras": 1,
                "total": 1
              }
            },
            {
              "batter": "DDP D'Silva",
              "bowler": "WB Rankin",
              "extras": {
                "wides": 1
              },
              "non_striker": "Rohan Mustafa",
              "runs": {
                "batter": 0,
                "extras": 1,
                "total": 1
              }
            },
            {
              "batter": "DDP D'Silva",
              "bowler": "WB Rankin",
              "non_striker": "Rohan Mustafa",
              "runs": {
                "batter": 0,
                "extras": 0,
                "total": 0
              }
            },
            {
              "batter": "DDP D'Silva",
              "bowler": "WB Rankin",
              "non_striker": "Rohan Mustafa",
              "runs": {
                "batter": 0,
                "extras": 0,
                "total": 0
              }
            },
            {
              "batter": "DDP D'Silva",
              "bowler": "WB Rankin",
              "non_striker": "Rohan Mustafa",
              "runs": {
                "batter": 0,
                "extras": 0,
                "total": 0
              }
            },
            {
              "batter": "DDP D'Silva",
              "bowler": "WB Rankin",
              "non_striker": "Rohan Mustafa",
              "runs": {
                "batter": 2,
                "extras": 0,
                "total": 2
              }
            },
            {
              "batter": "DDP D'Silva",
              "bowler": "WB Rankin",
              "non_striker": "Rohan Mustafa",
              "runs": {
                "batter": 1,
                "extras": 0,
                "total": 1
              }
            },
            {
              "batter": "Rohan Mustafa",
              "bowler": "WB Rankin",
              "non_striker": "DDP D'Silva",
              "runs": {
                "batter": 4,
                "extras": 0,
                "total": 4
              }
            }
          ]
        },
        {
          "over": 4,
          "deliveries": [
            {
              "batter": "DDP D'Silva",
              "bowler": "MR Adair",
              "non_striker": "Rohan Mustafa",
              "runs": {
                "batter": 0,
                "extras": 0,
                "total": 0
              }
            },
            {
              "batter": "DDP D'Silva",
              "bowler": "MR Adair",
              "non_striker": "Rohan Mustafa",
              "runs": {
                "batter": 0,
                "extras": 0,
                "total": 0
              }
            },
            {
              "batter": "DDP D'Silva",
              "bowler": "MR Adair",
              "non_striker": "Rohan Mustafa",
              "runs": {
                "batter": 1,
                "extras": 0,
                "total": 1
              }
            },
            {
              "batter": "Rohan Mustafa",
              "bowler": "MR Adair",
              "non_striker": "DDP D'Silva",
              "runs": {
                "batter": 1,
                "extras": 0,
                "total": 1
              }
            },
            {
              "batter": "DDP D'Silva",
              "bowler": "MR Adair",
              "non_striker": "Rohan Mustafa",
              "runs": {
                "batter": 0,
                "extras": 0,
                "total": 0
              }
            },
            {
              "batter": "DDP D'Silva",
              "bowler": "MR Adair",
              "non_striker": "Rohan Mustafa",
              "runs": {
                "batter": 0,
                "extras": 0,
                "total": 0
              }
            }
          ]
        },
        {
          "over": 5,
          "deliveries": [
            {
              "batter": "Rohan Mustafa",
              "bowler": "WB Rankin",
              "non_striker": "DDP D'Silva",
              "runs": {
                "batter": 1,
                "extras": 0,
                "total": 1
              }
            },
            {
              "batter": "DDP D'Silva",
              "bowler": "WB Rankin",
              "non_striker": "Rohan Mustafa",
              "runs": {
                "batter": 0,
                "extras": 0,
                "total": 0
              }
            },
            {
              "batter": "DDP D'Silva",
              "bowler": "WB Rankin",
              "non_striker": "Rohan Mustafa",
              "runs": {
                "batter": 1,
                "extras": 0,
                "total": 1
              }
            },
            {
              "batter": "Rohan Mustafa",
              "bowler": "WB Rankin",
              "extras": {
                "wides": 2
              },
              "non_striker": "DDP D'Silva",
              "runs": {
                "batter": 0,
                "extras": 2,
                "total": 2
              }
            },
            {
              "batter": "DDP D'Silva",
              "bowler": "WB Rankin",
              "non_striker": "Rohan Mustafa",
              "runs": {
                "batter": 2,
                "extras": 0,
                "total": 2
              }
            },
            {
              "batter": "DDP D'Silva",
              "bowler": "WB Rankin",
              "non_striker": "Rohan Mustafa",
              "runs": {
                "batter": 1,
                "extras": 0,
                "total": 1
              }
            },
            {
              "batter": "Rohan Mustafa",
              "bowler": "WB Rankin",
              "non_striker": "DDP D'Silva",
              "runs": {
                "batter": 0,
                "extras": 0,
                "total": 0
              }
            }
          ]
        },
        {
          "over": 6,
          "deliveries": [
            {
              "batter": "DDP D'Silva",
              "bowler": "SC Getkate",
              "non_striker": "Rohan Mustafa",
              "runs": {
                "batter": 1,
                "extras": 0,
                "total": 1
              }
            },
            {
              "batter": "Rohan Mustafa",
              "bowler": "SC Getkate",
              "non_striker": "DDP D'Silva",
              "runs": {
                "batter": 1,
                "extras": 0,
                "total": 1
              }
            },
            {
              "batter": "DDP D'Silva",
              "bowler": "SC Getkate",
              "non_striker": "Rohan Mustafa",
              "runs": {
                "batter": 0,
                "extras": 0,
                "total": 0
              }
            },
            {
              "batter": "DDP D'Silva",
              "bowler": "SC Getkate",
              "non_striker": "Rohan Mustafa",
              "runs": {
                "batter": 1,
                "extras": 0,
                "total": 1
              }
            },
            {
              "batter": "Rohan Mustafa",
              "bowler": "SC Getkate",
              "non_striker": "DDP D'Silva",
              "runs": {
                "batter": 3,
                "extras": 0,
                "total": 3
              }
            },
            {
              "batter": "DDP D'Silva",
              "bowler": "SC Getkate",
              "non_striker": "Rohan Mustafa",
              "runs": {
                "batter": 1,
                "extras": 0,
                "total": 1
              }
            }
          ]
        },
        {
          "over": 7,
          "deliveries": [
            {
              "batter": "DDP D'Silva",
              "bowler": "DC Delany",
              "non_striker": "Rohan Mustafa",
              "runs": {
                "batter": 1,
                "extras": 0,
                "total": 1
              }
            },
            {
              "batter": "Rohan Mustafa",
              "bowler": "DC Delany",
              "non_striker": "DDP D'Silva",
              "runs": {
                "batter": 0,
                "extras": 0,
                "total": 0
              },
              "wickets": [
                {
                  "kind": "bowled",
                  "player_out": "Rohan Mustafa"
                }
              ]
            },
            {
              "batter": "Muhammad Usman",
              "bowler": "DC Delany",
              "non_striker": "DDP D'Silva",
              "runs": {
                "batter": 0,
                "extras": 0,
                "total": 0
              }
            },
            {
              "batter": "Muhammad Usman",
              "bowler": "DC Delany",
              "extras": {
                "wides": 1
              },
              "non_striker": "DDP D'Silva",
              "runs": {
                "batter": 0,
                "extras": 1,
                "total": 1
              }
            },
            {
              "batter": "Muhammad Usman",
              "bowler": "DC Delany",
              "non_striker": "DDP D'Silva",
              "runs": {
                "batter": 0,
                "extras": 0,
                "total": 0
              }
            },
            {
              "batter": "Muhammad Usman",
              "bowler": "DC Delany",
              "extras": {
                "wides": 1
              },
              "non_striker": "DDP D'Silva",
              "runs": {
                "batter": 0,
                "extras": 1,
                "total": 1
              }
            },
            {
              "batter": "Muhammad Usman",
              "bowler": "DC Delany",
              "non_striker": "DDP D'Silva",
              "runs": {
                "batter": 1,
                "extras": 0,
                "total": 1
              }
            },
            {
              "batter": "DDP D'Silva",
              "bowler": "DC Delany",
              "non_striker": "Muhammad Usman",
              "runs": {
                "batter": 0,
                "extras": 0,
                "total": 0
              }
            }
          ]
        },
        {
          "over": 8,
          "deliveries": [
            {
              "batter": "Muhammad Usman",
              "bowler": "GJ Delany",
              "non_striker": "DDP D'Silva",
              "runs": {
                "batter": 0,
                "extras": 0,
                "total": 0
              }
            },
            {
              "batter": "Muhammad Usman",
              "bowler": "GJ Delany",
              "non_striker": "DDP D'Silva",
              "runs": {
                "batter": 4,
                "extras": 0,
                "total": 4
              }
            },
            {
              "batter": "Muhammad Usman",
              "bowler": "GJ Delany",
              "non_striker": "DDP D'Silva",
              "runs": {
                "batter": 1,
                "extras": 0,
                "total": 1
              }
            },
            {
              "batter": "DDP D'Silva",
              "bowler": "GJ Delany",
              "non_striker": "Muhammad Usman",
              "runs": {
                "batter": 1,
                "extras": 0,
                "total": 1
              }
            },
            {
              "batter": "Muhammad Usman",
              "bowler": "GJ Delany",
              "non_striker": "DDP D'Silva",
              "runs": {
                "batter": 1,
                "extras": 0,
                "total": 1
              }
            },
            {
              "batter": "DDP D'Silva",
              "bowler": "GJ Delany",
              "non_striker": "Muhammad Usman",
              "runs": {
                "batter": 0,
                "extras": 0,
                "total": 0
              }
            }
          ]
        },
        {
          "over": 9,
          "deliveries": [
            {
              "batter": "Muhammad Usman",
              "bowler": "DC Delany",
              "non_striker": "DDP D'Silva",
              "runs": {
                "batter": 0,
                "extras": 0,
                "total": 0
              }
            },
            {
              "batter": "Muhammad Usman",
              "bowler": "DC Delany",
              "extras": {
                "wides": 1
              },
              "non_striker": "DDP D'Silva",
              "runs": {
                "batter": 0,
                "extras": 1,
                "total": 1
              }
            },
            {
              "batter": "Muhammad Usman",
              "bowler": "DC Delany",
              "non_striker": "DDP D'Silva",
              "runs": {
                "batter": 2,
                "extras": 0,
                "total": 2
              }
            },
            {
              "batter": "Muhammad Usman",
              "bowler": "DC Delany",
              "non_striker": "DDP D'Silva",
              "runs": {
                "batter": 4,
                "extras": 0,
                "total": 4
              }
            },
            {
              "batter": "Muhammad Usman",
              "bowler": "DC Delany",
              "non_striker": "DDP D'Silva",
              "runs": {
                "batter": 0,
                "extras": 0,
                "total": 0
              }
            },
            {
              "batter": "Muhammad Usman",
              "bowler": "DC Delany",
              "non_striker": "DDP D'Silva",
              "runs": {
                "batter": 4,
                "extras": 0,
                "total": 4
              }
            },
            {
              "batter": "Muhammad Usman",
              "bowler": "DC Delany",
              "non_striker": "DDP D'Silva",
              "runs": {
                "batter": 0,
                "extras": 0,
                "total": 0
              }
            }
          ]
        },
        {
          "over": 10,
          "deliveries": [
            {
              "batter": "DDP D'Silva",
              "bowler": "MR Adair",
              "non_striker": "Muhammad Usman",
              "runs": {
                "batter": 1,
                "extras": 0,
                "total": 1
              }
            },
            {
              "batter": "Muhammad Usman",
              "bowler": "MR Adair",
              "non_striker": "DDP D'Silva",
              "runs": {
                "batter": 2,
                "extras": 0,
                "total": 2
              }
            },
            {
              "batter": "Muhammad Usman",
              "bowler": "MR Adair",
              "non_striker": "DDP D'Silva",
              "runs": {
                "batter": 4,
                "extras": 0,
                "total": 4
              }
            },
            {
              "batter": "Muhammad Usman",
              "bowler": "MR Adair",
              "non_striker": "DDP D'Silva",
              "runs": {
                "batter": 0,
                "extras": 0,
                "total": 0
              }
            },
            {
              "batter": "Muhammad Usman",
              "bowler": "MR Adair",
              "extras": {
                "wides": 1
              },
              "non_striker": "DDP D'Silva",
              "runs": {
                "batter": 0,
                "extras": 1,
                "total": 1
              }
            },
            {
              "batter": "Muhammad Usman",
              "bowler": "MR Adair",
              "non_striker": "DDP D'Silva",
              "runs": {
                "batter": 1,
                "extras": 0,
                "total": 1
              }
            },
            {
              "batter": "DDP D'Silva",
              "bowler": "MR Adair",
              "non_striker": "Muhammad Usman",
              "runs": {
                "batter": 0,
                "extras": 0,
                "total": 0
              }
            }
          ]
        },
        {
          "over": 11,
          "deliveries": [
            {
              "batter": "Muhammad Usman",
              "bowler": "WB Rankin",
              "non_striker": "DDP D'Silva",
              "runs": {
                "batter": 0,
                "extras": 0,
                "total": 0
              }
            },
            {
              "batter": "Muhammad Usman",
              "bowler": "WB Rankin",
              "non_striker": "DDP D'Silva",
              "runs": {
                "batter": 4,
                "extras": 0,
                "total": 4
              }
            },
            {
              "batter": "Muhammad Usman",
              "bowler": "WB Rankin",
              "non_striker": "DDP D'Silva",
              "runs": {
                "batter": 1,
                "extras": 0,
                "total": 1
              }
            },
            {
              "batter": "DDP D'Silva",
              "bowler": "WB Rankin",
              "non_striker": "Muhammad Usman",
              "runs": {
                "batter": 0,
                "extras": 0,
                "total": 0
              }
            },
            {
              "batter": "DDP D'Silva",
              "bowler": "WB Rankin",
              "non_striker": "Muhammad Usman",
              "runs": {
                "batter": 1,
                "extras": 0,
                "total": 1
              }
            },
            {
              "batter": "Muhammad Usman",
              "bowler": "WB Rankin",
              "non_striker": "DDP D'Silva",
              "runs": {
                "batter": 0,
                "extras": 0,
                "total": 0
              },
              "wickets": [
                {
                  "kind": "caught",
                  "player_out": "Muhammad Usman",
                  "fielders": [
                    {
                      "name": "GC Wilson"
                    }
                  ]
                }
              ]
            }
          ]
        },
        {
          "over": 12,
          "deliveries": [
            {
              "batter": "DDP D'Silva",
              "bowler": "DC Delany",
              "non_striker": "Rameez Shahzad",
              "runs": {
                "batter": 1,
                "extras": 0,
                "total": 1
              }
            },
            {
              "batter": "Rameez Shahzad",
              "bowler": "DC Delany",
              "extras": {
                "wides": 1
              },
              "non_striker": "DDP D'Silva",
              "runs": {
                "batter": 0,
                "extras": 1,
                "total": 1
              }
            },
            {
              "batter": "Rameez Shahzad",
              "bowler": "DC Delany",
              "non_striker": "DDP D'Silva",
              "runs": {
                "batter": 1,
                "extras": 0,
                "total": 1
              }
            },
            {
              "batter": "DDP D'Silva",
              "bowler": "DC Delany",
              "non_striker": "Rameez Shahzad",
              "runs": {
                "batter": 4,
                "extras": 0,
                "total": 4
              }
            },
            {
              "batter": "DDP D'Silva",
              "bowler": "DC Delany",
              "non_striker": "Rameez Shahzad",
              "runs": {
                "batter": 0,
                "extras": 0,
                "total": 0
              }
            },
            {
              "batter": "DDP D'Silva",
              "bowler": "DC Delany",
              "non_striker": "Rameez Shahzad",
              "runs": {
                "batter": 1,
                "extras": 0,
                "total": 1
              }
            },
            {
              "batter": "Rameez Shahzad",
              "bowler": "DC Delany",
              "non_striker": "DDP D'Silva",
              "runs": {
                "batter": 0,
                "extras": 0,
                "total": 0
              }
            }
          ]
        },
        {
          "over": 13,
          "deliveries": [
            {
              "batter": "DDP D'Silva",
              "bowler": "WB Rankin",
              "non_striker": "Rameez Shahzad",
              "runs": {
                "batter": 0,
                "extras": 0,
                "total": 0
              }
            },
            {
              "batter": "DDP D'Silva",
              "bowler": "WB Rankin",
              "non_striker": "Rameez Shahzad",
              "runs": {
                "batter": 2,
                "extras": 0,
                "total": 2
              }
            },
            {
              "batter": "DDP D'Silva",
              "bowler": "WB Rankin",
              "non_striker": "Rameez Shahzad",
              "runs": {
                "batter": 1,
                "extras": 0,
                "total": 1
              }
            },
            {
              "batter": "Rameez Shahzad",
              "bowler": "WB Rankin",
              "non_striker": "DDP D'Silva",
              "runs": {
                "batter": 0,
                "extras": 0,
                "total": 0
              }
            },
            {
              "batter": "Rameez Shahzad",
              "bowler": "WB Rankin",
              "non_striker": "DDP D'Silva",
              "runs": {
                "batter": 0,
                "extras": 0,
                "total": 0
              }
            },
            {
              "batter": "Rameez Shahzad",
              "bowler": "WB Rankin",
              "non_striker": "DDP D'Silva",
              "runs": {
                "batter": 1,
                "extras": 0,
                "total": 1
              }
            }
          ]
        },
        {
          "over": 14,
          "deliveries": [
            {
              "batter": "Rameez Shahzad",
              "bowler": "DC Delany",
              "non_striker": "DDP D'Silva",
              "runs": {
                "batter": 1,
                "extras": 0,
                "total": 1
              }
            },
            {
              "batter": "DDP D'Silva",
              "bowler": "DC Delany",
              "non_striker": "Rameez Shahzad",
              "runs": {
                "batter": 0,
                "extras": 0,
                "total": 0
              },
              "wickets": [
                {
                  "kind": "run out",
                  "player_out": "Rameez Shahzad"
                }
              ]
            },
            {
              "batter": "DDP D'Silva",
              "bowler": "DC Delany",
              "non_striker": "Waheed Ahmed",
              "runs": {
                "batter": 1,
                "extras": 0,
                "total": 1
              }
            },
            {
              "batter": "Waheed Ahmed",
              "bowler": "DC Delany",
              "non_striker": "DDP D'Silva",
              "runs": {
                "batter": 0,
                "extras": 0,
                "total": 0
              }
            },
            {
              "batter": "Waheed Ahmed",
              "bowler": "DC Delany",
              "non_striker": "DDP D'Silva",
              "runs": {
                "batter": 0,
                "extras": 0,
                "total": 0
              }
            },
            {
              "batter": "Waheed Ahmed",
              "bowler": "DC Delany",
              "non_striker": "DDP D'Silva",
              "runs": {
                "batter": 4,
                "extras": 0,
                "total": 4
              }
            }
          ]
        },
        {
          "over": 15,
          "deliveries": [
            {
              "batter": "DDP D'Silva",
              "bowler": "SC Getkate",
              "non_striker": "Waheed Ahmed",
              "runs": {
                "batter": 0,
                "extras": 0,
                "total": 0
              }
            },
            {
              "batter": "DDP D'Silva",
              "bowler": "SC Getkate",
              "non_striker": "Waheed Ahmed",
              "runs": {
                "batter": 1,
                "extras": 0,
                "total": 1
              }
            },
            {
              "batter": "Waheed Ahmed",
              "bowler": "SC Getkate",
              "non_striker": "DDP D'Silva",
              "runs": {
                "batter": 0,
                "extras": 0,
                "total": 0
              },
              "wickets": [
                {
                  "kind": "run out",
                  "player_out": "DDP D'Silva"
                }
              ]
            },
            {
              "batter": "Waheed Ahmed",
              "bowler": "SC Getkate",
              "non_striker": "Mohammad Boota",
              "runs": {
                "batter": 6,
                "extras": 0,
                "total": 6
              }
            },
            {
              "batter": "Waheed Ahmed",
              "bowler": "SC Getkate",
              "non_striker": "Mohammad Boota",
              "runs": {
                "batter": 0,
                "extras": 0,
                "total": 0
              }
            },
            {
              "batter": "Waheed Ahmed",
              "bowler": "SC Getkate",
              "non_striker": "Mohammad Boota",
              "runs": {
                "batter": 0,
                "extras": 0,
                "total": 0
              }
            }
          ]
        },
        {
          "over": 16,
          "deliveries": [
            {
              "batter": "Mohammad Boota",
              "bowler": "MR Adair",
              "non_striker": "Waheed Ahmed",
              "runs": {
                "batter": 1,
                "extras": 0,
                "total": 1
              }
            },
            {
              "batter": "Waheed Ahmed",
              "bowler": "MR Adair",
              "non_striker": "Mohammad Boota",
              "runs": {
                "batter": 1,
                "extras": 0,
                "total": 1
              }
            },
            {
              "batter": "Mohammad Boota",
              "bowler": "MR Adair",
              "non_striker": "Waheed Ahmed",
              "runs": {
                "batter": 0,
                "extras": 0,
                "total": 0
              }
            },
            {
              "batter": "Mohammad Boota",
              "bowler": "MR Adair",
              "non_striker": "Waheed Ahmed",
              "runs": {
                "batter": 0,
                "extras": 0,
                "total": 0
              }
            },
            {
              "batter": "Mohammad Boota",
              "bowler": "MR Adair",
              "non_striker": "Waheed Ahmed",
              "runs": {
                "batter": 1,
                "extras": 0,
                "total": 1
              }
            },
            {
              "batter": "Waheed Ahmed",
              "bowler": "MR Adair",
              "non_striker": "Mohammad Boota",
              "runs": {
                "batter": 4,
                "extras": 0,
                "total": 4
              }
            }
          ]
        }
      ],
      "powerplays": [
        {
          "from": 0.1,
          "to": 5.7,
          "type": "mandatory"
        }
      ],
      "target": {
        "overs": 20,
        "runs": 126
      }
    }
  ]
}