{
  "meta": {
    "data_version": "1.0.0",
    "created": "2019-10-13",
    "revision": 1
  },
  "info": {
    "balls_per_over": 6,
    "city": "Singapore",
    "dates": [
      "2019-10-01"
    ],
    "event": {
      "name": "Singapore Twenty20 Tri-Series",
      "match_number": 4
    },
    "gender": "male",
    "match_type": "T20",
    "match_type_number": 899,
    "officials": {
      "match_referees": [
        "V Narayan Kutty"
      ],
      "reserve_umpires": [
        "A Natarajan"
      ],
      "umpires": [
        "Akbar Ali",
        "T Senthil Kumar"
      ]
    },
    "outcome": {
      "winner": "Zimbabwe",
      "by": {
        "runs": 40
      }
    },
    "overs": 20,
    "player_of_match": [
      "SC Williams"
    ],
    "players": {
      "Zimbabwe": [
        "BB Chari",
        "RW Chakabva",
        "PJ Moor",
        "SC Williams",
        "CT Mutombodzi",
        "RP Burl",
        "R Mutumbami",
        "T Munyonga",
        "WT Mashinge",
        "D Jakiel",
        "TL Chatara"
      ],
      "Nepal": [
        "P Khadka",
        "P Sarraf",
        "DS Airee",
        "Aarif Sheikh",
        "B Bhandari",
        "Kushal Malla",
        "Sompal Kami",
        "Karan KC",
        "S Lamichhane",
        "S Bhari",
        "A Bohara"
      ]
    },
    "registry": {
      "people": {
        "A Bohara": "64fb6b15",
        "A Natarajan": "a2b73ae0",
        "Aarif Sheikh": "cd4d7695",
        "Akbar Ali": "e753931d",
        "B Bhandari": "82342b13",
        "BB Chari": "41fc1ece",
        "CT Mutombodzi": "26f12506",
        "D Jakiel": "8b7ce771",
        "DS Airee": "1747ea18",
        "Karan KC": "f53b3e1d",
        "Kushal Malla": "7e9f1cde",
        "P Khadka": "12c3ba4d",
        "P Sarraf": "82294960",
        "PJ Moor": "a1d3540a",
        "R Mutumbami": "5fef85ee",
        "RP Burl": "b08252b8",
        "RW Chakabva": "2f0d7e4a",
        "S Bhari": "28c7d721",
        "S Lamichhane": "b410bd3d",
        "SC Williams": "afe57f7a",
        "Sompal Kami": "1adb8ee8",
        "T Munyonga": "fbcfa528",
        "T Senthil Kumar": "961ddfac",
        "TL Chatara": "5bbabe59",
        "V Narayan Kutty": "4bacee3d",
        "WT Mashinge": "ade3660b"
      }
    },
    "season": "2019/20",
    "team_type": "international",
    "teams": [
      "Nepal",
      "Zimbabwe"
    ],
    "toss": {
      "decision": "field",
      "winner": "Nepal"
    },
    "venue": "Indian Association Ground"
  },
  "innings": [
    {
      "team": "Zimbabwe",
      "overs": [
        {
          "over": 0,
          "deliveries": [
            {
              "batter": "BB Chari",
              "bowler": "S Lamichhane",
              "non_striker": "RW Chakabva",
              "runs": {
                "batter": 0,
                "extras": 0,
                "total": 0
              }
            },
            {
              "batter": "BB Chari",
              "bowler": "S Lamichhane",
              "non_striker": "RW Chakabva",
              "runs": {
                "batter": 0,
                "extras": 0,
                "total": 0
              }
            },
            {
              "batter": "BB Chari",
              "bowler": "S Lamichhane",
              "non_striker": "RW Chakabva",
              "runs": {
                "batter": 0,
                "extras": 0,
                "total": 0
              }
            },
            {
              "batter": "BB Chari",
              "bowler": "S Lamichhane",
              "non_striker": "RW Chakabva",
              "runs": {
                "batter": 0,
                "extras": 0,
                "total": 0
              },
              "wickets": [
                {
                  "kind": "lbw",
                  "player_out": "BB Chari"
                }
              ]
            },
            {
              "batter": "PJ Moor",
              "bowler": "S Lamichhane",
              "non_striker": "RW Chakabva",
              "runs": {
                "batter": 1,
                "extras": 0,
                "total": 1
              }
            },
            {
              "batter": "RW Chakabva",
              "bowler": "S Lamichhane",
              "non_striker": "PJ Moor",
              "runs": {
                "batter": 0,
                "extras": 0,
                "total": 0
              }
            }
          ]
        },
        {
          "over": 1,
          "deliveries": [
            {
              "batter": "PJ Moor",
              "bowler": "S Bhari",
              "non_striker": "RW Chakabva",
              "runs": {
                "batter": 6,
                "extras": 0,
                "total": 6
              }
            },
            {
              "batter": "PJ Moor",
              "bowler": "S Bhari",
              "non_striker": "RW Chakabva",
              "runs": {
                "batter": 0,
                "extras": 0,
                "total": 0
              }
            },
            {
              "batter": "PJ Moor",
              "bowler": "S Bhari",
              "non_striker": "RW Chakabva",
              "runs": {
                "batter": 1,
                "extras": 0,
                "total": 1
              }
            },
            {
              "batter": "RW Chakabva",
              "bowler": "S Bhari",
              "extras": {
                "noballs": 1
              },
              "non_striker": "PJ Moor",
              "runs": {
                "batter": 1,
                "extras": 1,
                "total": 2
              }
            },
            {
              "batter": "PJ Moor",
              "bowler": "S Bhari",
              "non_striker": "RW Chakabva",
              "runs": {
                "batter": 4,
                "extras": 0,
                "total": 4
              }
            },
            {
              "batter": "PJ Moor",
              "bowler": "S Bhari",
              "non_striker": "RW Chakabva",
              "runs": {
                "batter": 1,
                "extras": 0,
                "total": 1
              }
            },
            {
              "batter": "RW Chakabva",
              "bowler": "S Bhari",
              "non_striker": "PJ Moor",
              "runs": {
                "batter": 1,
                "extras": 0,
                "total": 1
              }
            }
          ]
        },
        {
          "over": 2,
          "deliveries": [
            {
              "batter": "RW Chakabva",
              "bowler": "Karan KC",
              "extras": {
                "legbyes": 4
              },
              "non_striker": "PJ Moor",
              "runs": {
                "batter": 0,
                "extras": 4,
                "total": 4
              }
            },
            {
              "batter": "RW Chakabva",
              "bowler": "Karan KC",
              "non_striker": "PJ Moor",
              "runs": {
                "batter": 0,
                "extras": 0,
                "total": 0
              }
            },
            {
              "batter": "RW Chakabva",
              "bowler": "Karan KC",
              "non_striker": "PJ Moor",
              "runs": {
                "batter": 0,
                "extras": 0,
                "total": 0
              }
            },
            {
              "batter": "RW Chakabva",
              "bowler": "Karan KC",
              "extras": {
                "wides": 5
              },
              "non_striker": "PJ Moor",
              "runs": {
                "batter": 0,
                "extras": 5,
                "total": 5
              }
            },
            {
              "batter": "RW Chakabva",
              "bowler": "Karan KC",
              "non_striker": "PJ Moor",
              "runs": {
                "batter": 0,
                "extras": 0,
                "total": 0
              }
            },
            {
              "batter": "RW Chakabva",
              "bowler": "Karan KC",
              "non_striker": "PJ Moor",
              "runs": {
                "batter": 0,
                "extras": 0,
                "total": 0
              }
            },
            {
              "batter": "RW Chakabva",
              "bowler": "Karan KC",
              "non_striker": "PJ Moor",
              "runs": {
                "batter": 4,
                "extras": 0,
                "total": 4
              }
            }
          ]
        },
        {
          "over": 3,
          "deliveries": [
            {
              "batter": "PJ Moor",
              "bowler": "Sompal Kami",
              "non_striker": "RW Chakabva",
              "runs": {
                "batter": 0,
                "extras": 0,
                "total": 0
              }
            },
            {
              "batter": "PJ Moor",
              "bowler": "Sompal Kami",
              "non_striker": "RW Chakabva",
              "runs": {
                "batter": 1,
                "extras": 0,
                "total": 1
              }
            },
            {
              "batter": "RW Chakabva",
              "bowler": "Sompal Kami",
              "non_striker": "PJ Moor",
              "runs": {
                "batter": 0,
                "extras": 0,
                "total": 0
              }
            },
            {
              "batter": "RW Chakabva",
              "bowler": "Sompal Kami",
              "non_striker": "PJ Moor",
              "runs": {
                "batter": 0,
                "extras": 0,
                "total": 0
              },
              "wickets": [
                {
                  "kind": "bowled",
                  "player_out": "RW Chakabva"
                }
              ]
            },
            {
              "batter": "SC Williams",
              "bowler": "Sompal Kami",
              "non_striker": "PJ Moor",
              "runs": {
                "batter": 0,
                "extras": 0,
                "total": 0
              }
            },
            {
              "batter": "SC Williams",
              "bowler": "Sompal Kami",
              "non_striker": "PJ Moor",
              "runs": {
                "batter": 0,
                "extras": 0,
                "total": 0
              }
            }
          ]
        },
        {
          "over": 4,
          "deliveries": [
            {
              "batter": "PJ Moor",
              "bowler": "S Lamichhane",
              "non_striker": "SC Williams",
              "runs": {
                "batter": 0,
                "extras": 0,
                "total": 0
              }
            },
            {
              "batter": "PJ Moor",
              "bowler": "S Lamichhane",
              "non_striker": "SC Williams",
              "runs": {
                "batter": 6,
                "extras": 0,
                "total": 6
              }
            },
            {
              "batter": "PJ Moor",
              "bowler": "S Lamichhane",
              "non_striker": "SC Williams",
              "runs": {
                "batter": 1,
                "extras": 0,
                "total": 1
              }
            },
            {
              "batter": "SC Williams",
              "bowler": "S Lamichhane",
              "non_striker": "PJ Moor",
              "runs": {
                "batter": 0,
                "extras": 0,
                "total": 0
              }
            },
            {
              "batter": "SC Williams",
              "bowler": "S Lamichhane",
              "non_striker": "PJ Moor",
              "runs": {
                "batter": 1,
                "extras": 0,
                "total": 1
              }
            },
            {
              "batter": "PJ Moor",
              "bowler": "S Lamichhane",
              "non_striker": "SC Williams",
              "runs": {
                "batter": 0,
                "extras": 0,
                "total": 0
              },
              "wickets": [
                {
                  "kind": "bowled",
                  "player_out": "PJ Moor"
                }
              ]
            }
          ]
        },
        {
          "over": 5,
          "deliveries": [
            {
              "batter": "SC Williams",
              "bowler": "Sompal Kami",
              "non_striker": "CT Mutombodzi",
              "runs": {
                "batter": 4,
                "extras": 0,
                "total": 4
              }
            },
            {
              "batter": "SC Williams",
              "bowler": "Sompal Kami",
              "non_striker": "CT Mutombodzi",
              "runs": {
                "batter": 0,
                "extras": 0,
                "total": 0
              }
            },
            {
              "batter": "SC Williams",
              "bowler": "Sompal Kami",
              "non_striker": "CT Mutombodzi",
              "runs": {
                "batter": 0,
                "extras": 0,
                "total": 0
              }
            },
            {
              "batter": "SC Williams",
              "bowler": "Sompal Kami",
              "non_striker": "CT Mutombodzi",
              "runs": {
                "batter": 0,
                "extras": 0,
                "total": 0
              }
            },
            {
              "batter": "SC Williams",
              "bowler": "Sompal Kami",
              "non_striker": "CT Mutombodzi",
              "runs": {
                "batter": 0,
                "extras": 0,
                "total": 0
              }
            },
            {
              "batter": "SC Williams",
              "bowler": "Sompal Kami",
              "non_striker": "CT Mutombodzi",
              "runs": {
                "batter": 1,
                "extras": 0,
                "total": 1
              }
            }
          ]
        },
        {
          "over": 6,
          "deliveries": [
            {
              "batter": "SC Williams",
              "bowler": "A Bohara",
              "non_striker": "CT Mutombodzi",
              "runs": {
                "batter": 0,
                "extras": 0,
                "total": 0
              }
            },
            {
              "batter": "SC Williams",
              "bowler": "A Bohara",
              "non_striker": "CT Mutombodzi",
              "runs": {
                "batter": 1,
                "extras": 0,
                "total": 1
              }
            },
            {
              "batter": "CT Mutombodzi",
              "bowler": "A Bohara",
              "non_striker": "SC Williams",
              "runs": {
                "batter": 1,
                "extras": 0,
                "total": 1
              }
            },
            {
              "batter": "SC Williams",
              "bowler": "A Bohara",
              "non_striker": "CT Mutombodzi",
              "runs": {
                "batter": 1,
                "extras": 0,
                "total": 1
              }
            },
            {
              "batter": "CT Mutombodzi",
              "bowler": "A Bohara",
              "non_striker": "SC Williams",
              "runs": {
                "batter": 0,
                "extras": 0,
                "total": 0
              }
            },
            {
              "batter": "CT Mutombodzi",
              "bowler": "A Bohara",
              "non_striker": "SC Williams",
              "runs": {
                "batter": 1,
                "extras": 0,
                "total": 1
              }
            }
          ]
        },
        {
          "over": 7,
          "deliveries": [
            {
              "batter": "CT Mutombodzi",
              "bowler": "Sompal Kami",
              "non_striker": "SC Williams",
              "runs": {
                "batter": 0,
                "extras": 0,
                "total": 0
              }
            },
            {
              "batter": "CT Mutombodzi",
              "bowler": "Sompal Kami",
              "extras": {
                "legbyes": 1
              },
              "non_striker": "SC Williams",
              "runs": {
                "batter": 0,
                "extras": 1,
                "total": 1
              }
            },
            {
              "batter": "SC Williams",
              "bowler": "Sompal Kami",
              "non_striker": "CT Mutombodzi",
              "runs": {
                "batter": 0,
                "extras": 0,
                "total": 0
              }
            },
            {
              "batter": "SC Williams",
              "bowler": "Sompal Kami",
              "non_striker": "CT Mutombodzi",
              "runs": {
                "batter": 1,
                "extras": 0,
                "total": 1
              }
            },
            {
              "batter": "CT Mutombodzi",
              "bowler": "Sompal Kami",
              "non_striker": "SC Williams",
              "runs": {
                "batter": 0,
                "extras": 0,
                "total": 0
              }
            },
            {
              "batter": "CT Mutombodzi",
              "bowler": "Sompal Kami",
              "non_striker": "SC Williams",
              "runs": {
                "batter": 1,
                "extras": 0,
                "total": 1
              }
            }
          ]
        },
        {
          "over": 8,
          "deliveries": [
            {
              "batter": "CT Mutombodzi",
              "bowler": "Karan KC",
              "non_striker": "SC Williams",
              "runs": {
                "batter": 1,
                "extras": 0,
                "total": 1
              }
            },
            {
              "batter": "SC Williams",
              "bowler": "Karan KC",
              "non_striker": "CT Mutombodzi",
              "runs": {
                "batter": 2,
                "extras": 0,
                "total": 2
              }
            },
            {
              "batter": "SC Williams",
              "bowler": "Karan KC",
              "non_striker": "CT Mutombodzi",
              "runs": {
                "batter": 1,
                "extras": 0,
                "total": 1
              }
            },
            {
              "batter": "CT Mutombodzi",
              "bowler": "Karan KC",
              "non_striker": "SC Williams",
              "runs": {
                "batter": 4,
                "extras": 0,
                "total": 4
              }
            },
            {
              "batter": "CT Mutombodzi",
              "bowler": "Karan KC",
              "non_striker": "SC Williams",
              "runs": {
                "batter": 4,
                "extras": 0,
                "total": 4
              }
            },
            {
              "batter": "CT Mutombodzi",
              "bowler": "Karan KC",
              "non_striker": "SC Williams",
              "runs": {
                "batter": 0,
                "extras": 0,
                "total": 0
              }
            }
          ]
        },
        {
          "over": 9,
          "deliveries": [
            {
              "batter": "SC Williams",
              "bowler": "P Sarraf",
              "non_striker": "CT Mutombodzi",
              "runs": {
                "batter": 2,
                "extras": 0,
                "total": 2
              }
            },
            {
              "batter": "SC Williams",
              "bowler": "P Sarraf",
              "non_striker": "CT Mutombodzi",
              "runs": {
                "batter": 6,
                "extras": 0,
                "total": 6
              }
            },
            {
              "batter": "SC Williams",
              "bowler": "P Sarraf",
              "non_striker": "CT Mutombodzi",
              "runs": {
                "batter": 0,
                "extras": 0,
                "total": 0
              }
            },
            {
              "batter": "SC Williams",
              "bowler": "P Sarraf",
              "non_striker": "CT Mutombodzi",
              "runs": {
                "batter": 1,
                "extras": 0,
                "total": 1
              }
            },
            {
              "batter": "CT Mutombodzi",
              "bowler": "P Sarraf",
              "non_striker": "SC Williams",
              "runs": {
                "batter": 0,
                "extras": 0,
                "total": 0
              }
            },
            {
              "batter": "CT Mutombodzi",
              "bowler": "P Sarraf",
              "non_striker": "SC Williams",
              "runs": {
                "batter": 1,
                "extras": 0,
                "total": 1
              }
            }
          ]
        },
        {
          "over": 10,
          "deliveries": [
            {
              "batter": "CT Mutombodzi",
              "bowler": "S Lamichhane",
              "non_striker": "SC Williams",
              "runs": {
                "batter": 1,
                "extras": 0,
                "total": 1
              }
            },
            {
              "batter": "SC Williams",
              "bowler": "S Lamichhane",
              "non_striker": "CT Mutombodzi",
              "runs": {
                "batter": 4,
                "extras": 0,
                "total": 4
              }
            },
            {
              "batter": "SC Williams",
              "bowler": "S Lamichhane",
              "non_striker": "CT Mutombodzi",
              "runs": {
                "batter": 1,
                "extras": 0,
                "total": 1
              }
            },
            {
              "batter": "CT Mutombodzi",
              "bowler": "S Lamichhane",
              "non_striker": "SC Williams",
              "runs": {
                "batter": 1,
                "extras": 0,
                "total": 1
              }
            },
            {
              "batter": "SC Williams",
              "bowler": "S Lamichhane",
              "non_striker": "CT Mutombodzi",
              "runs": {
                "batter": 6,
                "extras": 0,
                "total": 6
              }
            },
            {
              "batter": "SC Williams",
              "bowler": "S Lamichhane",
              "non_striker": "CT Mutombodzi",
              "runs": {
                "batter": 0,
                "extras": 0,
                "total": 0
              }
            }
          ]
        },
        {
          "over": 11,
          "deliveries": [
            {
              "batter": "CT Mutombodzi",
              "bowler": "Karan KC",
              "non_striker": "SC Williams",
              "runs": {
                "batter": 0,
                "extras": 0,
                "total": 0
              }
            },
            {
              "batter": "CT Mutombodzi",
              "bowler": "Karan KC",
              "non_striker": "SC Williams",
              "runs": {
                "batter": 1,
                "extras": 0,
                "total": 1
              }
            },
            {
              "batter": "SC Williams",
              "bowler": "Karan KC",
              "non_striker": "CT Mutombodzi",
              "runs": {
                "batter": 1,
                "extras": 0,
                "total": 1
              }
            },
            {
              "batter": "CT Mutombodzi",
              "bowler": "Karan KC",
              "non_striker": "SC Williams",
              "runs": {
                "batter": 2,
                "extras": 0,
                "total": 2
              }
            },
            {
              "batter": "CT Mutombodzi",
              "bowler": "Karan KC",
              "non_striker": "SC Williams",
              "runs": {
                "batter": 1,
                "extras": 0,
                "total": 1
              }
            },
            {
              "batter": "SC Williams",
              "bowler": "Karan KC",
              "non_striker": "CT Mutombodzi",
              "runs": {
                "batter": 1,
                "extras": 0,
                "total": 1
              }
            }
          ]
        },
        {
          "over": 12,
          "deliveries": [
            {
              "batter": "SC Williams",
              "bowler": "Sompal Kami",
              "non_striker": "CT Mutombodzi",
              "runs": {
                "batter": 4,
                "extras": 0,
                "total": 4
              }
            },
            {
              "batter": "SC Williams",
              "bowler": "Sompal Kami",
              "non_striker": "CT Mutombodzi",
              "runs": {
                "batter": 1,
                "extras": 0,
                "total": 1
              }
            },
            {
              "batter": "CT Mutombodzi",
              "bowler": "Sompal Kami",
              "non_striker": "SC Williams",
              "runs": {
                "batter": 1,
                "extras": 0,
                "total": 1
              }
            },
            {
              "batter": "SC Williams",
              "bowler": "Sompal Kami",
              "non_striker": "CT Mutombodzi",
              "runs": {
                "batter": 1,
                "extras": 0,
                "total": 1
              }
            },
            {
              "batter": "CT Mutombodzi",
              "bowler": "Sompal Kami",
              "non_striker": "SC Williams",
              "runs": {
                "batter": 0,
                "extras": 0,
                "total": 0
              }
            },
            {
              "batter": "CT Mutombodzi",
              "bowler": "Sompal Kami",
              "non_striker": "SC Williams",
              "runs": {
                "batter": 0,
                "extras": 0,
                "total": 0
              },
              "wickets": [
                {
                  "kind": "lbw",
                  "player_out": "CT Mutombodzi"
                }
              ]
            }
          ]
        },
        {
          "over": 13,
          "deliveries": [
            {
              "batter": "SC Williams",
              "bowler": "P Khadka",
              "non_striker": "RP Burl",
              "runs": {
                "batter": 1,
                "extras": 0,
                "total": 1
              }
            },
            {
              "batter": "RP Burl",
              "bowler": "P Khadka",
              "non_striker": "SC Williams",
              "runs": {
                "batter": 1,
                "extras": 0,
                "total": 1
              }
            },
            {
              "batter": "SC Williams",
              "bowler": "P Khadka",
              "non_striker": "RP Burl",
              "runs": {
                "batter": 4,
                "extras": 0,
                "total": 4
              }
            },
            {
              "batter": "SC Williams",
              "bowler": "P Khadka",
              "non_striker": "RP Burl",
              "runs": {
                "batter": 2,
                "extras": 0,
                "total": 2
              }
            },
            {
              "batter": "SC Williams",
              "bowler": "P Khadka",
              "non_striker": "RP Burl",
              "runs": {
                "batter": 6,
                "extras": 0,
                "total": 6
              }
            },
            {
              "batter": "SC Williams",
              "bowler": "P Khadka",
              "non_striker": "RP Burl",
              "runs": {
                "batter": 0,
                "extras": 0,
                "total": 0
              },
              "wickets": [
                {
                  "kind": "bowled",
                  "player_out": "SC Williams"
                }
              ]
            }
          ]
        },
        {
          "over": 14,
          "deliveries": [
            {
              "batter": "RP Burl",
              "bowler": "A Bohara",
              "non_striker": "R Mutumbami",
              "runs": {
                "batter": 1,
                "extras": 0,
                "total": 1
              }
            },
            {
              "batter": "R Mutumbami",
              "bowler": "A Bohara",
              "non_striker": "RP Burl",
              "runs": {
                "batter": 0,
                "extras": 0,
                "total": 0
              }
            },
            {
              "batter": "R Mutumbami",
              "bowler": "A Bohara",
              "non_striker": "RP Burl",
              "runs": {
                "batter": 1,
                "extras": 0,
                "total": 1
              }
            },
            {
              "batter": "RP Burl",
              "bowler": "A Bohara",
              "extras": {
                "wides": 1
              },
              "non_striker": "R Mutumbami",
              "runs": {
                "batter": 0,
                "extras": 1,
                "total": 1
              }
            },
            {
              "batter": "RP Burl",
              "bowler": "A Bohara",
              "non_striker": "R Mutumbami",
              "runs": {
                "batter": 1,
                "extras": 0,
                "total": 1
              }
            },
            {
              "batter": "R Mutumbami",
              "bowler": "A Bohara",
              "non_striker": "RP Burl",
              "runs": {
                "batter": 1,
                "extras": 0,
                "total": 1
              }
            },
            {
              "batter": "RP Burl",
              "bowler": "A Bohara",
              "non_striker": "R Mutumbami",
              "runs": {
                "batter": 1,
                "extras": 0,
                "total": 1
              }
            }
          ]
        },
        {
          "over": 15,
          "deliveries": [
            {
              "batter": "RP Burl",
              "bowler": "P Khadka",
              "non_striker": "R Mutumbami",
              "runs": {
                "batter": 1,
                "extras": 0,
                "total": 1
              }
            },
            {
              "batter": "R Mutumbami",
              "bowler": "P Khadka",
              "non_striker": "RP Burl",
              "runs": {
                "batter": 1,
                "extras": 0,
                "total": 1
              }
            },
            {
              "batter": "RP Burl",
              "bowler": "P Khadka",
              "non_striker": "R Mutumbami",
              "runs": {
                "batter": 6,
                "extras": 0,
                "total": 6
              }
            },
            {
              "batter": "RP Burl",
              "bowler": "P Khadka",
              "extras": {
                "wides": 1
              },
              "non_striker": "R Mutumbami",
              "runs": {
                "batter": 0,
                "extras": 1,
                "total": 1
              }
            },
            {
              "batter": "RP Burl",
              "bowler": "P Khadka",
              "non_striker": "R Mutumbami",
              "runs": {
                "batter": 1,
                "extras": 0,
                "total": 1
              }
            },
            {
              "batter": "R Mutumbami",
              "bowler": "P Khadka",
              "non_striker": "RP Burl",
              "runs": {
                "batter": 1,
                "extras": 0,
                "total": 1
              }
            },
            {
              "batter": "RP Burl",
              "bowler": "P Khadka",
              "non_striker": "R Mutumbami",
              "runs": {
                "batter": 1,
                "extras": 0,
                "total": 1
              }
            }
          ]
        },
        {
          "over": 16,
          "deliveries": [
            {
              "batter": "RP Burl",
              "bowler": "S Lamichhane",
              "non_striker": "R Mutumbami",
              "runs": {
                "batter": 1,
                "extras": 0,
                "total": 1
              }
            },
            {
              "batter": "R Mutumbami",
              "bowler": "S Lamichhane",
              "non_striker": "RP Burl",
              "runs": {
                "batter": 0,
                "extras": 0,
                "total": 0
              }
            },
            {
              "batter": "R Mutumbami",
              "bowler": "S Lamichhane",
              "non_striker": "RP Burl",
              "runs": {
                "batter": 1,
                "extras": 0,
                "total": 1
              }
            },
            {
              "batter": "RP Burl",
              "bowler": "S Lamichhane",
              "non_striker": "R Mutumbami",
              "runs": {
                "batter": 1,
                "extras": 0,
                "total": 1
              }
            },
            {
              "batter": "R Mutumbami",
              "bowler": "S Lamichhane",
              "non_striker": "RP Burl",
              "runs": {
                "batter": 1,
                "extras": 0,
                "total": 1
              }
            },
            {
              "batter": "RP Burl",
              "bowler": "S Lamichhane",
              "non_striker": "R Mutumbami",
              "runs": {
                "batter": 1,
                "extras": 0,
                "total": 1
              }
            }
          ]
        },
        {
          "over": 17,
          "deliveries": [
            {
              "batter": "RP Burl",
              "bowler": "A Bohara",
              "non_striker": "R Mutumbami",
              "runs": {
                "batter": 1,
                "extras": 0,
                "total": 1
              }
            },
            {
              "batter": "R Mutumbami",
              "bowler": "A Bohara",
              "non_striker": "RP Burl",
              "runs": {
                "batter": 1,
                "extras": 0,
                "total": 1
              }
            },
            {
              "batter": "RP Burl",
              "bowler": "A Bohara",
              "non_striker": "R Mutumbami",
              "runs": {
                "batter": 1,
                "extras": 0,
                "total": 1
              }
            },
            {
              "batter": "R Mutumbami",
              "bowler": "A Bohara",
              "non_striker": "RP Burl",
              "runs": {
                "batter": 2,
                "extras": 0,
                "total": 2
              }
            },
            {
              "batter": "R Mutumbami",
              "bowler": "A Bohara",
              "non_striker": "RP Burl",
              "runs": {
                "batter": 1,
                "extras": 0,
                "total": 1
              }
            },
            {
              "batter": "RP Burl",
              "bowler": "A Bohara",
              "extras": {
                "legbyes": 1
              },
              "non_striker": "R Mutumbami",
              "runs": {
                "batter": 0,
                "extras": 1,
                "total": 1
              }
            }
          ]
        },
        {
          "over": 18,
          "deliveries": [
            {
              "batter": "RP Burl",
              "bowler": "Karan KC",
              "non_striker": "R Mutumbami",
              "runs": {
                "batter": 0,
                "extras": 0,
                "total": 0
              }
            },
            {
              "batter": "RP Burl",
              "bowler": "Karan KC",
              "non_striker": "R Mutumbami",
              "runs": {
                "batter": 4,
                "extras": 0,
                "total": 4
              }
            },
            {
              "batter": "RP Burl",
              "bowler": "Karan KC",
              "non_striker": "R Mutumbami",
              "runs": {
                "batter": 1,
                "extras": 0,
                "total": 1
              }
            },
            {
              "batter": "R Mutumbami",
              "bowler": "Karan KC",
              "non_striker": "RP Burl",
              "runs": {
                "batter": 1,
                "extras": 0,
                "total": 1
              }
            },
            {
              "batter": "RP Burl",
              "bowler": "Karan KC",
              "non_striker": "R Mutumbami",
              "runs": {
                "batter": 1,
                "extras": 0,
                "total": 1
              }
            },
            {
              "batter": "R Mutumbami",
              "bowler": "Karan KC",
              "non_striker": "RP Burl",
              "runs": {
                "batter": 1,
                "extras": 0,
                "total": 1
              }
            }
          ]
        },
        {
          "over": 19,
          "deliveries": [
            {
              "batter": "R Mutumbami",
              "bowler": "A Bohara",
              "non_striker": "RP Burl",
              "runs": {
                "batter": 1,
                "extras": 0,
                "total": 1
              }
            },
            {
              "batter": "RP Burl",
              "bowler": "A Bohara",
              "non_striker": "R Mutumbami",
              "runs": {
                "batter": 1,
                "extras": 0,
                "total": 1
              }
            },
            {
              "batter": "R Mutumbami",
              "bowler": "A Bohara",
              "non_striker": "RP Burl",
              "runs": {
                "batter": 4,
                "extras": 0,
                "total": 4
              }
            },
            {
              "batter": "R Mutumbami",
              "bowler": "A Bohara",
              "non_striker": "RP Burl",
              "runs": {
                "batter": 0,
                "extras": 0,
                "total": 0
              },
              "wickets": [
                {
                  "kind": "caught",
                  "player_out": "R Mutumbami",
                  "fielders": [
                    {
                      "name": "Sompal Kami"
                    }
                  ]
                }
              ]
            },
            {
              "batter": "RP Burl",
              "bowler": "A Bohara",
              "non_striker": "T Munyonga",
              "runs": {
                "batter": 2,
                "extras": 0,
                "total": 2
              }
            },
            {
              "batter": "RP Burl",
              "bowler": "A Bohara",
              "extras": {
                "wides": 1
              },
              "non_striker": "T Munyonga",
              "runs": {
                "batter": 0,
                "extras": 1,
                "total": 1
              }
            },
            {
              "batter": "RP Burl",
              "bowler": "A Bohara",
              "non_striker": "T Munyonga",
              "runs": {
                "batter": 1,
                "extras": 0,
                "total": 1
              }
            }
          ]
        }
      ],
      "powerplays": [
        {
          "from": 0.1,
          "to": 5.6,
          "type": "mandatory"
        }
      ]
    },
    {
      "team": "Nepal",
      "overs": [
        {
          "over": 0,
          "deliveries": [
            {
              "batter": "P Khadka",
              "bowler": "SC Williams",
              "non_striker": "P Sarraf",
              "runs": {
                "batter": 0,
                "extras": 0,
                "total": 0
              }
            },
            {
              "batter": "P Khadka",
              "bowler": "SC Williams",
              "non_striker": "P Sarraf",
              "runs": {
                "batter": 1,
                "extras": 0,
                "total": 1
              }
            },
            {
              "batter": "P Sarraf",
              "bowler": "SC Williams",
              "non_striker": "P Khadka",
              "runs": {
                "batter": 0,
                "extras": 0,
                "total": 0
              }
            },
            {
              "batter": "P Sarraf",
              "bowler": "SC Williams",
              "non_striker": "P Khadka",
              "runs": {
                "batter": 0,
                "extras": 0,
                "total": 0
              }
            },
            {
              "batter": "P Sarraf",
              "bowler": "SC Williams",
              "non_striker": "P Khadka",
              "runs": {
                "batter": 0,
                "extras": 0,
                "total": 0
              }
            },
            {
              "batter": "P Sarraf",
              "bowler": "SC Williams",
              "non_striker": "P Khadka",
              "runs": {
                "batter": 0,
                "extras": 0,
                "total": 0
              },
              "wickets": [
                {
                  "kind": "caught",
                  "player_out": "P Sarraf",
                  "fielders": [
                    {
                      "name": "WT Mashinge"
                    }
                  ]
                }
              ]
            }
          ]
        },
        {
          "over": 1,
          "deliveries": [
            {
              "batter": "DS Airee",
              "bowler": "TL Chatara",
              "non_striker": "P Khadka",
              "runs": {
                "batter": 0,
                "extras": 0,
                "total": 0
              }
            },
            {
              "batter": "DS Airee",
              "bowler": "TL Chatara",
              "non_striker": "P Khadka",
              "runs": {
                "batter": 0,
                "extras": 0,
                "total": 0
              }
            },
            {
              "batter": "DS Airee",
              "bowler": "TL Chatara",
              "non_striker": "P Khadka",
              "runs": {
                "batter": 4,
                "extras": 0,
                "total": 4
              }
            },
            {
              "batter": "DS Airee",
              "bowler": "TL Chatara",
              "non_striker": "P Khadka",
              "runs": {
                "batter": 0,
                "extras": 0,
                "total": 0
              },
              "wickets": [
                {
                  "kind": "caught",
                  "player_out": "DS Airee",
                  "fielders": [
                    {
                      "name": "BB Chari"
                    }
                  ]
                }
              ]
            },
            {
              "batter": "Aarif Sheikh",
              "bowler": "TL Chatara",
              "non_striker": "P Khadka",
              "runs": {
                "batter": 0,
                "extras": 0,
                "total": 0
              }
            },
            {
              "batter": "Aarif Sheikh",
              "bowler": "TL Chatara",
              "non_striker": "P Khadka",
              "runs": {
                "batter": 0,
                "extras": 0,
                "total": 0
              }
            }
          ]
        },
        {
          "over": 2,
          "deliveries": [
            {
              "batter": "P Khadka",
              "bowler": "D Jakiel",
              "non_striker": "Aarif Sheikh",
              "runs": {
                "batter": 4,
                "extras": 0,
                "total": 4
              }
            },
            {
              "batter": "P Khadka",
              "bowler": "D Jakiel",
              "non_striker": "Aarif Sheikh",
              "runs": {
                "batter": 0,
                "extras": 0,
                "total": 0
              }
            },
            {
              "batter": "P Khadka",
              "bowler": "D Jakiel",
              "non_striker": "Aarif Sheikh",
              "runs": {
                "batter": 0,
                "extras": 0,
                "total": 0
              }
            },
            {
              "batter": "P Khadka",
              "bowler": "D Jakiel",
              "non_striker": "Aarif Sheikh",
              "runs": {
                "batter": 1,
                "extras": 0,
                "total": 1
              }
            },
            {
              "batter": "Aarif Sheikh",
              "bowler": "D Jakiel",
              "non_striker": "P Khadka",
              "runs": {
                "batter": 0,
                "extras": 0,
                "total": 0
              }
            },
            {
              "batter": "Aarif Sheikh",
              "bowler": "D Jakiel",
              "non_striker": "P Khadka",
              "runs": {
                "batter": 0,
                "extras": 0,
                "total": 0
              }
            }
          ]
        },
        {
          "over": 3,
          "deliveries": [
            {
              "batter": "P Khadka",
              "bowler": "WT Mashinge",
              "non_striker": "Aarif Sheikh",
              "runs": {
                "batter": 0,
                "extras": 0,
                "total": 0
              }
            },
            {
              "batter": "P Khadka",
              "bowler": "WT Mashinge",
              "non_striker": "Aarif Sheikh",
              "runs": {
                "batter": 1,
                "extras": 0,
                "total": 1
              }
            },
            {
              "batter": "Aarif Sheikh",
              "bowler": "WT Mashinge",
              "non_striker": "P Khadka",
              "runs": {
                "batter": 4,
                "extras": 0,
                "total": 4
              }
            },
            {
              "batter": "Aarif Sheikh",
              "bowler": "WT Mashinge",
              "non_striker": "P Khadka",
              "runs": {
                "batter": 0,
                "extras": 0,
                "total": 0
              }
            },
            {
              "batter": "Aarif Sheikh",
              "bowler": "WT Mashinge",
              "non_striker": "P Khadka",
              "runs": {
                "batter": 4,
                "extras": 0,
                "total": 4
              }
            },
            {
              "batter": "Aarif Sheikh",
              "bowler": "WT Mashinge",
              "non_striker": "P Khadka",
              "runs": {
                "batter": 6,
                "extras": 0,
                "total": 6
              }
            }
          ]
        },
        {
          "over": 4,
          "deliveries": [
            {
              "batter": "P Khadka",
              "bowler": "TL Chatara",
              "extras": {
                "wides": 1
              },
              "non_striker": "Aarif Sheikh",
              "runs": {
                "batter": 0,
                "extras": 1,
                "total": 1
              }
            },
            {
              "batter": "P Khadka",
              "bowler": "TL Chatara",
              "non_striker": "Aarif Sheikh",
              "runs": {
                "batter": 4,
                "extras": 0,
                "total": 4
              }
            },
            {
              "batter": "P Khadka",
              "bowler": "TL Chatara",
              "non_striker": "Aarif Sheikh",
              "runs": {
                "batter": 0,
                "extras": 0,
                "total": 0
              }
            },
            {
              "batter": "P Khadka",
              "bowler": "TL Chatara",
              "non_striker": "Aarif Sheikh",
              "runs": {
                "batter": 1,
                "extras": 0,
                "total": 1
              }
            },
            {
              "batter": "Aarif Sheikh",
              "bowler": "TL Chatara",
              "non_striker": "P Khadka",
              "runs": {
                "batter": 1,
                "extras": 0,
                "total": 1
              }
            },
            {
              "batter": "P Khadka",
              "bowler": "TL Chatara",
              "non_striker": "Aarif Sheikh",
              "runs": {
                "batter": 0,
                "extras": 0,
                "total": 0
              }
            },
            {
              "batter": "P Khadka",
              "bowler": "TL Chatara",
              "non_striker": "Aarif Sheikh",
              "runs": {
                "batter": 0,
                "extras": 0,
                "total": 0
              }
            }
          ]
        },
        {
          "over": 5,
          "deliveries": [
            {
              "batter": "Aarif Sheikh",
              "bowler": "SC Williams",
              "non_striker": "P Khadka",
              "runs": {
                "batter": 1,
                "extras": 0,
                "total": 1
              }
            },
            {
              "batter": "P Khadka",
              "bowler": "SC Williams",
              "non_striker": "Aarif Sheikh",
              "runs": {
                "batter": 0,
                "extras": 0,
                "total": 0
              }
            },
            {
              "batter": "P Khadka",
              "bowler": "SC Williams",
              "non_striker": "Aarif Sheikh",
              "runs": {
                "batter": 0,
                "extras": 0,
                "total": 0
              },
              "wickets": [
                {
                  "kind": "caught",
                  "player_out": "P Khadka",
                  "fielders": [
                    {
                      "name": "T Munyonga"
                    }
                  ]
                }
              ]
            },
            {
              "batter": "B Bhandari",
              "bowler": "SC Williams",
              "non_striker": "Aarif Sheikh",
              "runs": {
                "batter": 1,
                "extras": 0,
                "total": 1
              }
            },
            {
              "batter": "Aarif Sheikh",
              "bowler": "SC Williams",
              "non_striker": "B Bhandari",
              "runs": {
                "batter": 1,
                "extras": 0,
                "total": 1
              }
            },
            {
              "batter": "B Bhandari",
              "bowler": "SC Williams",
              "non_striker": "Aarif Sheikh",
              "runs": {
                "batter": 4,
                "extras": 0,
                "total": 4
              }
            }
          ]
        },
        {
          "over": 6,
          "deliveries": [
            {
              "batter": "Aarif Sheikh",
              "bowler": "CT Mutombodzi",
              "non_striker": "B Bhandari",
              "runs": {
                "batter": 0,
                "extras": 0,
                "total": 0
              }
            },
            {
              "batter": "Aarif Sheikh",
              "bowler": "CT Mutombodzi",
              "non_striker": "B Bhandari",
              "runs": {
                "batter": 1,
                "extras": 0,
                "total": 1
              }
            },
            {
              "batter": "B Bhandari",
              "bowler": "CT Mutombodzi",
              "non_striker": "Aarif Sheikh",
              "runs": {
                "batter": 0,
                "extras": 0,
                "total": 0
              }
            },
            {
              "batter": "B Bhandari",
              "bowler": "CT Mutombodzi",
              "non_striker": "Aarif Sheikh",
              "runs": {
                "batter": 1,
                "extras": 0,
                "total": 1
              }
            },
            {
              "batter": "Aarif Sheikh",
              "bowler": "CT Mutombodzi",
              "non_striker": "B Bhandari",
              "runs": {
                "batter": 0,
                "extras": 0,
                "total": 0
              }
            },
            {
              "batter": "Aarif Sheikh",
              "bowler": "CT Mutombodzi",
              "non_striker": "B Bhandari",
              "runs": {
                "batter": 0,
                "extras": 0,
                "total": 0
              }
            }
          ]
        },
        {
          "over": 7,
          "deliveries": [
            {
              "batter": "B Bhandari",
              "bowler": "RP Burl",
              "non_striker": "Aarif Sheikh",
              "runs": {
                "batter": 0,
                "extras": 0,
                "total": 0
              }
            },
            {
              "batter": "B Bhandari",
              "bowler": "RP Burl",
              "non_striker": "Aarif Sheikh",
              "runs": {
                "batter": 0,
                "extras": 0,
                "total": 0
              }
            },
            {
              "batter": "B Bhandari",
              "bowler": "RP Burl",
              "non_striker": "Aarif Sheikh",
              "runs": {
                "batter": 0,
                "extras": 0,
                "total": 0
              }
            },
            {
              "batter": "B Bhandari",
              "bowler": "RP Burl",
              "non_striker": "Aarif Sheikh",
              "runs": {
                "batter": 0,
                "extras": 0,
                "total": 0
              }
            },
            {
              "batter": "B Bhandari",
              "bowler": "RP Burl",
              "non_striker": "Aarif Sheikh",
              "runs": {
                "batter": 0,
                "extras": 0,
                "total": 0
              }
            },
            {
              "batter": "B Bhandari",
              "bowler": "RP Burl",
              "non_striker": "Aarif Sheikh",
              "runs": {
                "batter": 1,
                "extras": 0,
                "total": 1
              }
            }
          ]
        },
        {
          "over": 8,
          "deliveries": [
            {
              "batter": "B Bhandari",
              "bowler": "WT Mashinge",
              "non_striker": "Aarif Sheikh",
              "runs": {
                "batter": 1,
                "extras": 0,
                "total": 1
              }
            },
            {
              "batter": "Aarif Sheikh",
              "bowler": "WT Mashinge",
              "extras": {
                "wides": 1
              },
              "non_striker": "B Bhandari",
              "runs": {
                "batter": 0,
                "extras": 1,
                "total": 1
              }
            },
            {
              "batter": "Aarif Sheikh",
              "bowler": "WT Mashinge",
              "non_striker": "B Bhandari",
              "runs": {
                "batter": 0,
                "extras": 0,
                "total": 0
              }
            },
            {
              "batter": "Aarif Sheikh",
              "bowler": "WT Mashinge",
              "non_striker": "B Bhandari",
              "runs": {
                "batter": 4,
                "extras": 0,
                "total": 4
              }
            },
            {
              "batter": "Aarif Sheikh",
              "bowler": "WT Mashinge",
              "non_striker": "B Bhandari",
              "runs": {
                "batter": 2,
                "extras": 0,
                "total": 2
              }
            },
            {
              "batter": "Aarif Sheikh",
              "bowler": "WT Mashinge",
              "non_striker": "B Bhandari",
              "runs": {
                "batter": 1,
                "extras": 0,
                "total": 1
              }
            },
            {
              "batter": "B Bhandari",
              "bowler": "WT Mashinge",
              "non_striker": "Aarif Sheikh",
              "runs": {
                "batter": 1,
                "extras": 0,
                "total": 1
              }
            }
          ]
        },
        {
          "over": 9,
          "deliveries": [
            {
              "batter": "B Bhandari",
              "bowler": "CT Mutombodzi",
              "non_striker": "Aarif Sheikh",
              "runs": {
                "batter": 0,
                "extras": 0,
                "total": 0
              }
            },
            {
              "batter": "B Bhandari",
              "bowler": "CT Mutombodzi",
              "non_striker": "Aarif Sheikh",
              "runs": {
                "batter": 1,
                "extras": 0,
                "total": 1
              }
            },
            {
              "batter": "Aarif Sheikh",
              "bowler": "CT Mutombodzi",
              "non_striker": "B Bhandari",
              "runs": {
                "batter": 0,
                "extras": 0,
                "total": 0
              },
              "wickets": [
                {
                  "kind": "caught",
                  "player_out": "Aarif Sheikh",
                  "fielders": [
                    {
                      "name": "RW Chakabva"
                    }
                  ]
                }
              ]
            },
            {
              "batter": "Kushal Malla",
              "bowler": "CT Mutombodzi",
              "non_striker": "B Bhandari",
              "runs": {
                "batter": 0,
                "extras": 0,
                "total": 0
              }
            },
            {
              "batter": "Kushal Malla",
              "bowler": "CT Mutombodzi",
              "non_striker": "B Bhandari",
              "runs": {
                "batter": 0,
                "extras": 0,
                "total": 0
              }
            },
            {
              "batter": "Kushal Malla",
              "bowler": "CT Mutombodzi",
              "non_striker": "B Bhandari",
              "runs": {
                "batter": 0,
                "extras": 0,
                "total": 0
              }
            }
          ]
        },
        {
          "over": 10,
          "deliveries": [
            {
              "batter": "B Bhandari",
              "bowler": "T Munyonga",
              "non_striker": "Kushal Malla",
              "runs": {
                "batter": 1,
                "extras": 0,
                "total": 1
              }
            },
            {
              "batter": "Kushal Malla",
              "bowler": "T Munyonga",
              "non_striker": "B Bhandari",
              "runs": {
                "batter": 0,
                "extras": 0,
                "total": 0
              }
            },
            {
              "batter": "Kushal Malla",
              "bowler": "T Munyonga",
              "non_striker": "B Bhandari",
              "runs": {
                "batter": 0,
                "extras": 0,
                "total": 0
              }
            },
            {
              "batter": "Kushal Malla",
              "bowler": "T Munyonga",
              "non_striker": "B Bhandari",
              "runs": {
                "batter": 1,
                "extras": 0,
                "total": 1
              }
            },
            {
              "batter": "B Bhandari",
              "bowler": "T Munyonga",
              "non_striker": "Kushal Malla",
              "runs": {
                "batter": 1,
                "extras": 0,
                "total": 1
              }
            },
            {
              "batter": "Kushal Malla",
              "bowler": "T Munyonga",
              "non_striker": "B Bhandari",
              "runs": {
                "batter": 0,
                "extras": 0,
                "total": 0
              }
            }
          ]
        },
        {
          "over": 11,
          "deliveries": [
            {
              "batter": "B Bhandari",
              "bowler": "RP Burl",
              "non_striker": "Kushal Malla",
              "runs": {
                "batter": 1,
                "extras": 0,
                "total": 1
              }
            },
            {
              "batter": "Kushal Malla",
              "bowler": "RP Burl",
              "extras": {
                "wides": 1
              },
              "non_striker": "B Bhandari",
              "runs": {
                "batter": 0,
                "extras": 1,
                "total": 1
              }
            },
            {
              "batter": "Kushal Malla",
              "bowler": "RP Burl",
              "non_striker": "B Bhandari",
              "runs": {
                "batter": 4,
                "extras": 0,
                "total": 4
              }
            },
            {
              "batter": "Kushal Malla",
              "bowler": "RP Burl",
              "non_striker": "B Bhandari",
              "runs": {
                "batter": 0,
                "extras": 0,
                "total": 0
              },
              "wickets": [
                {
                  "kind": "caught",
                  "player_out": "Kushal Malla",
                  "fielders": [
                    {
                      "name": "WT Mashinge"
                    }
                  ]
                }
              ]
            },
            {
              "batter": "Sompal Kami",
              "bowler": "RP Burl",
              "non_striker": "B Bhandari",
              "runs": {
                "batter": 1,
                "extras": 0,
                "total": 1
              }
            },
            {
              "batter": "B Bhandari",
              "bowler": "RP Burl",
              "non_striker": "Sompal Kami",
              "runs": {
                "batter": 0,
                "extras": 0,
                "total": 0
              }
            },
            {
              "batter": "B Bhandari",
              "bowler": "RP Burl",
              "non_striker": "Sompal Kami",
              "runs": {
                "batter": 0,
                "extras": 0,
                "total": 0
              }
            }
          ]
        },
        {
          "over": 12,
          "deliveries": [
            {
              "batter": "Sompal Kami",
              "bowler": "D Jakiel",
              "extras": {
                "wides": 1
              },
              "non_striker": "B Bhandari",
              "runs": {
                "batter": 0,
                "extras": 1,
                "total": 1
              }
            },
            {
              "batter": "Sompal Kami",
              "bowler": "D Jakiel",
              "non_striker": "B Bhandari",
              "runs": {
                "batter": 2,
                "extras": 0,
                "total": 2
              }
            },
            {
              "batter": "Sompal Kami",
              "bowler": "D Jakiel",
              "non_striker": "B Bhandari",
              "runs": {
                "batter": 0,
                "extras": 0,
                "total": 0
              }
            },
            {
              "batter": "Sompal Kami",
              "bowler": "D Jakiel",
              "extras": {
                "wides": 1
              },
              "non_striker": "B Bhandari",
              "runs": {
                "batter": 0,
                "extras": 1,
                "total": 1
              }
            },
            {
              "batter": "Sompal Kami",
              "bowler": "D Jakiel",
              "non_striker": "B Bhandari",
              "runs": {
                "batter": 0,
                "extras": 0,
                "total": 0
              }
            },
            {
              "batter": "Sompal Kami",
              "bowler": "D Jakiel",
              "non_striker": "B Bhandari",
              "runs": {
                "batter": 2,
                "extras": 0,
                "total": 2
              }
            },
            {
              "batter": "Sompal Kami",
              "bowler": "D Jakiel",
              "non_striker": "B Bhandari",
              "runs": {
                "batter": 1,
                "extras": 0,
                "total": 1
              }
            },
            {
              "batter": "B Bhandari",
              "bowler": "D Jakiel",
              "non_striker": "Sompal Kami",
              "runs": {
                "batter": 0,
                "extras": 0,
                "total": 0
              }
            }
          ]
        },
        {
          "over": 13,
          "deliveries": [
            {
              "batter": "Sompal Kami",
              "bowler": "CT Mutombodzi",
              "non_striker": "B Bhandari",
              "runs": {
                "batter": 1,
                "extras": 0,
                "total": 1
              }
            },
            {
              "batter": "B Bhandari",
              "bowler": "CT Mutombodzi",
              "non_striker": "Sompal Kami",
              "runs": {
                "batter": 1,
                "extras": 0,
                "total": 1
              }
            },
            {
              "batter": "Sompal Kami",
              "bowler": "CT Mutombodzi",
              "non_striker": "B Bhandari",
              "runs": {
                "batter": 0,
                "extras": 0,
                "total": 0
              },
              "wickets": [
                {
                  "kind": "bowled",
                  "player_out": "Sompal Kami"
                }
              ]
            },
            {
              "batter": "Karan KC",
              "bowler": "CT Mutombodzi",
              "non_striker": "B Bhandari",
              "runs": {
                "batter": 1,
                "extras": 0,
                "total": 1
              }
            },
            {
              "batter": "B Bhandari",
              "bowler": "CT Mutombodzi",
              "non_striker": "Karan KC",
              "runs": {
                "batter": 2,
                "extras": 0,
                "total": 2
              }
            },
            {
              "batter": "B Bhandari",
              "bowler": "CT Mutombodzi",
              "non_striker": "Karan KC",
              "runs": {
                "batter": 4,
                "extras": 0,
                "total": 4
              }
            }
          ]
        },
        {
          "over": 14,
          "deliveries": [
            {
              "batter": "Karan KC",
              "bowler": "TL Chatara",
              "non_striker": "B Bhandari",
              "runs": {
                "batter": 1,
                "extras": 0,
                "total": 1
              }
            },
            {
              "batter": "B Bhandari",
              "bowler": "TL Chatara",
              "non_striker": "Karan KC",
              "runs": {
                "batter": 1,
                "extras": 0,
                "total": 1
              }
            },
            {
              "batter": "Karan KC",
              "bowler": "TL Chatara",
              "non_striker": "B Bhandari",
              "runs": {
                "batter": 1,
                "extras": 0,
                "total": 1
              }
            },
            {
              "batter": "B Bhandari",
              "bowler": "TL Chatara",
              "non_striker": "Karan KC",
              "runs": {
                "batter": 0,
                "extras": 0,
                "total": 0
              }
            },
            {
              "batter": "B Bhandari",
              "bowler": "TL Chatara",
              "non_striker": "Karan KC",
              "runs": {
                "batter": 1,
                "extras": 0,
                "total": 1
              }
            },
            {
              "batter": "Karan KC",
              "bowler": "TL Chatara",
              "non_striker": "B Bhandari",
              "runs": {
                "batter": 3,
                "extras": 0,
                "total": 3
              }
            }
          ]
        },
        {
          "over": 15,
          "deliveries": [
            {
              "batter": "Karan KC",
              "bowler": "SC Williams",
              "non_striker": "B Bhandari",
              "runs": {
                "batter": 1,
                "extras": 0,
                "total": 1
              }
            },
            {
              "batter": "B Bhandari",
              "bowler": "SC Williams",
              "non_striker": "Karan KC",
              "runs": {
                "batter": 1,
                "extras": 0,
                "total": 1
              }
            },
            {
              "batter": "Karan KC",
              "bowler": "SC Williams",
              "non_striker": "B Bhandari",
              "runs": {
                "batter": 1,
                "extras": 0,
                "total": 1
              }
            },
            {
              "batter": "B Bhandari",
              "bowler": "SC Williams",
              "non_striker": "Karan KC",
              "runs": {
                "batter": 4,
                "extras": 0,
                "total": 4
              }
            },
            {
              "batter": "B Bhandari",
              "bowler": "SC Williams",
              "non_striker": "Karan KC",
              "runs": {
                "batter": 1,
                "extras": 0,
                "total": 1
              }
            },
            {
              "batter": "Karan KC",
              "bowler": "SC Williams",
              "non_striker": "B Bhandari",
              "runs": {
                "batter": 0,
                "extras": 0,
                "total": 0
              }
            }
          ]
        },
        {
          "over": 16,
          "deliveries": [
            {
              "batter": "B Bhandari",
              "bowler": "WT Mashinge",
              "non_striker": "Karan KC",
              "runs": {
                "batter": 0,
                "extras": 0,
                "total": 0
              }
            },
            {
              "batter": "B Bhandari",
              "bowler": "WT Mashinge",
              "non_striker": "Karan KC",
              "runs": {
                "batter": 0,
                "extras": 0,
                "total": 0
              }
            },
            {
              "batter": "B Bhandari",
              "bowler": "WT Mashinge",
              "non_striker": "Karan KC",
              "runs": {
                "batter": 1,
                "extras": 0,
                "total": 1
              }
            },
            {
              "batter": "Karan KC",
              "bowler": "WT Mashinge",
              "extras": {
                "wides": 1
              },
              "non_striker": "B Bhandari",
              "runs": {
                "batter": 0,
                "extras": 1,
                "total": 1
              }
            },
            {
              "batter": "Karan KC",
              "bowler": "WT Mashinge",
              "non_striker": "B Bhandari",
              "runs": {
                "batter": 6,
                "extras": 0,
                "total": 6
              }
            },
            {
              "batter": "Karan KC",
              "bowler": "WT Mashinge",
              "non_striker": "B Bhandari",
              "runs": {
                "batter": 4,
                "extras": 0,
                "total": 4
              }
            },
            {
              "batter": "Karan KC",
              "bowler": "WT Mashinge",
              "non_striker": "B Bhandari",
              "runs": {
                "batter": 0,
                "extras": 0,
                "total": 0
              },
              "wickets": [
                {
                  "kind": "caught",
                  "player_out": "Karan KC",
                  "fielders": [
                    {
                      "name": "PJ Moor"
                    }
                  ]
                }
              ]
            }
          ]
        },
        {
          "over": 17,
          "deliveries": [
            {
              "batter": "S Lamichhane",
              "bowler": "SC Williams",
              "non_striker": "B Bhandari",
              "runs": {
                "batter": 0,
                "extras": 0,
                "total": 0
              }
            },
            {
              "batter": "S Lamichhane",
              "bowler": "SC Williams",
              "non_striker": "B Bhandari",
              "runs": {
                "batter": 0,
                "extras": 0,
                "total": 0
              }
            },
            {
              "batter": "S Lamichhane",
              "bowler": "SC Williams",
              "non_striker": "B Bhandari",
              "runs": {
                "batter": 1,
                "extras": 0,
                "total": 1
              }
            },
            {
              "batter": "B Bhandari",
              "bowler": "SC Williams",
              "non_striker": "S Lamichhane",
              "runs": {
                "batter": 4,
                "extras": 0,
                "total": 4
              }
            },
            {
              "batter": "B Bhandari",
              "bowler": "SC Williams",
              "non_striker": "S Lamichhane",
              "runs": {
                "batter": 0,
                "extras": 0,
                "total": 0
              }
            },
            {
              "batter": "B Bhandari",
              "bowler": "SC Williams",
              "non_striker": "S Lamichhane",
              "runs": {
                "batter": 0,
                "extras": 0,
                "total": 0
              },
              "wickets": [
                {
                  "kind": "stumped",
                  "player_out": "B Bhandari",
                  "fielders": [
                    {
                      "name": "R Mutumbami"
                    }
                  ]
                }
              ]
            }
          ]
        },
        {
          "over": 18,
          "deliveries": [
            {
              "batter": "S Lamichhane",
              "bowler": "D Jakiel",
              "non_striker": "S Bhari",
              "runs": {
                "batter": 0,
                "extras": 0,
                "total": 0
              }
            },
            {
              "batter": "S Lamichhane",
              "bowler": "D Jakiel",
              "non_striker": "S Bhari",
              "runs": {
                "batter": 2,
                "extras": 0,
                "total": 2
              }
            },
            {
              "batter": "S Lamichhane",
              "bowler": "D Jakiel",
              "non_striker": "S Bhari",
              "runs": {
                "batter": 1,
                "extras": 0,
                "total": 1
              }
            },
            {
              "batter": "S Bhari",
              "bowler": "D Jakiel",
              "non_striker": "S Lamichhane",
              "runs": {
                "batter": 0,
                "extras": 0,
                "total": 0
              }
            },
            {
              "batter": "S Bhari",
              "bowler": "D Jakiel",
              "extras": {
                "wides": 1
              },
              "non_striker": "S Lamichhane",
              "runs": {
                "batter": 0,
                "extras": 1,
                "total": 1
              }
            },
            {
              "batter": "S Bhari",
              "bowler": "D Jakiel",
              "non_striker": "S Lamichhane",
              "runs": {
                "batter": 0,
                "extras": 0,
                "total": 0
              },
              "wickets": [
                {
                  "kind": "caught",
                  "player_out": "S Bhari",
                  "fielders": [
                    {
                      "name": "R Mutumbami"
                    }
                  ]
                }
              ]
            },
            {
              "batter": "A Bohara",
              "bowler": "D Jakiel",
              "non_striker": "S Lamichhane",
              "runs": {
                "batter": 1,
                "extras": 0,
                "total": 1
              }
            }
          ]
        },
        {
          "over": 19,
          "deliveries": [
            {
              "batter": "A Bohara",
              "bowler": "TL Chatara",
              "non_striker": "S Lamichhane",
              "runs": {
                "batter": 0,
                "extras": 0,
                "total": 0
              }
            },
            {
              "batter": "A Bohara",
              "bowler": "TL Chatara",
              "non_striker": "S Lamichhane",
              "runs": {
                "batter": 1,
                "extras": 0,
                "total": 1
              }
            },
            {
              "batter": "S Lamichhane",
              "bowler": "TL Chatara",
              "non_striker": "A Bohara",
              "runs": {
                "batter": 0,
                "extras": 0,
                "total": 0
              }
            },
            {
              "batter": "S Lamichhane",
              "bowler": "TL Chatara",
              "non_striker": "A Bohara",
              "runs": {
                "batter": 1,
                "extras": 0,
                "total": 1
              }
            },
            {
              "batter": "A Bohara",
              "bowler": "TL Chatara",
              "extras": {
                "wides": 1
              },
              "non_striker": "S Lamichhane",
              "runs": {
                "batter": 0,
                "extras": 1,
                "total": 1
              }
            },
            {
              "batter": "A Bohara",
              "bowler": "TL Chatara",
              "non_striker": "S Lamichhane",
              "runs": {
                "batter": 1,
                "extras": 0,
                "total": 1
              }
            },
            {
              "batter": "S Lamichhane",
              "bowler": "TL Chatara",
              "non_striker": "A Bohara",
              "runs": {
                "batter": 0,
                "extras": 0,
                "total": 0
              }
            }
          ]
        }
      ],
      "powerplays": [
        {
          "from": 0.1,
          "to": 5.6,
          "type": "mandatory"
        }
      ],
      "target": {
        "overs": 20,
        "runs": 161
      }
    }
  ]
}