{
  "meta": {
    "data_version": "1.0.0",
    "created": "2019-10-09",
    "revision": 1
  },
  "info": {
    "balls_per_over": 6,
    "city": "Singapore",
    "dates": [
      "2019-09-28"
    ],
    "event": {
      "name": "Singapore Twenty20 Tri-Series",
      "match_number": 2
    },
    "gender": "male",
    "match_type": "T20",
    "match_type_number": 895,
    "officials": {
      "match_referees": [
        "V Narayan Kutty"
      ],
      "reserve_umpires": [
        "T Senthil Kumar"
      ],
      "umpires": [
        "Akbar Ali",
        "Hardeep Jadeja"
      ]
    },
    "outcome": {
      "winner": "Nepal",
      "by": {
        "wickets": 9
      }
    },
    "overs": 20,
    "player_of_match": [
      "P Khadka"
    ],
    "players": {
      "Singapore": [
        "R Rohan",
        "S Chandramohan",
        "TH David",
        "Manpreet Singh",
        "Janak Prakash",
        "V Baskaran",
        "NMS Param",
        "A Krishna",
        "S Vijayakumar",
        "U Aryaman Sunil",
        "Sidhant Singh"
      ],
      "Nepal": [
        "I Pandey",
        "P Khadka",
        "Aarif Sheikh",
        "B Bhandari",
        "Karan KC",
        "S Lamichhane",
        "Sompal Kami",
        "A Bohara",
        "S Bhari",
        "Kushal Malla",
        "DS Airee"
      ]
    },
    "registry": {
      "people": {
        "A Bohara": "64fb6b15",
        "A Krishna": "13598ebc",
        "Aarif Sheikh": "cd4d7695",
        "Akbar Ali": "e753931d",
        "B Bhandari": "82342b13",
        "DS Airee": "1747ea18",
        "Hardeep Jadeja": "552cf5a2",
        "I Pandey": "ed547c49",
        "Janak Prakash": "f092b4c7",
        "Karan KC": "f53b3e1d",
        "Kushal Malla": "7e9f1cde",
        "Manpreet Singh": "e9d6a2ce",
        "NMS Param": "270b4de6",
        "P Khadka": "12c3ba4d",
        "R Rohan": "baf0fc26",
        "S Bhari": "28c7d721",
        "S Chandramohan": "2a6ccc1c",
        "S Lamichhane": "b410bd3d",
        "S Vijayakumar": "44c69e2b",
        "Sidhant Singh": "8f1e023f",
        "Sompal Kami": "1adb8ee8",
        "T Senthil Kumar": "961ddfac",
        "TH David": "f1f99156",
        "U Aryaman Sunil": "13bc54a8",
        "V Baskaran": "dd5a9067",
        "V Narayan Kutty": "4bacee3d"
      }
    },
    "season": "2019/20",
    "team_type": "international",
    "teams": [
      "Singapore",
      "Nepal"
    ],
    "toss": {
      "decision": "bat",
      "winner": "Singapore"
    },
    "venue": "Indian Association Ground"
  },
  "innings": [
    {
      "team": "Singapore",
      "overs": [
        {
          "over": 0,
          "deliveries": [
            {
              "batter": "R Rohan",
              "bowler": "Sompal Kami",
              "non_striker": "S Chandramohan",
              "runs": {
                "batter": 0,
                "extras": 0,
                "total": 0
              }
            },
            {
              "batter": "R Rohan",
              "bowler": "Sompal Kami",
              "extras": {
                "wides": 1
              },
              "non_striker": "S Chandramohan",
              "runs": {
                "batter": 0,
                "extras": 1,
                "total": 1
              }
            },
            {
              "batter": "R Rohan",
              "bowler": "Sompal Kami",
              "non_striker": "S Chandramohan",
              "runs": {
                "batter": 1,
                "extras": 0,
                "total": 1
              }
            },
            {
              "batter": "S Chandramohan",
              "bowler": "Sompal Kami",
              "non_striker": "R Rohan",
              "runs": {
                "batter": 0,
                "extras": 0,
                "total": 0
              }
            },
            {
              "batter": "S Chandramohan",
              "bowler": "Sompal Kami",
              "non_striker": "R Rohan",
              "runs": {
                "batter": 0,
                "extras": 0,
                "total": 0
              }
            },
            {
              "batter": "S Chandramohan",
              "bowler": "Sompal Kami",
              "non_striker": "R Rohan",
              "runs": {
                "batter": 1,
                "extras": 0,
                "total": 1
              }
            },
            {
              "batter": "R Rohan",
              "bowler": "Sompal Kami",
              "non_striker": "S Chandramohan",
              "runs": {
                "batter": 1,
                "extras": 0,
                "total": 1
              }
            }
          ]
        },
        {
          "over": 1,
          "deliveries": [
            {
              "batter": "R Rohan",
              "bowler": "Karan KC",
              "extras": {
                "legbyes": 1
              },
              "non_striker": "S Chandramohan",
              "runs": {
                "batter": 0,
                "extras": 1,
                "total": 1
              }
            },
            {
              "batter": "S Chandramohan",
              "bowler": "Karan KC",
              "non_striker": "R Rohan",
              "runs": {
                "batter": 4,
                "extras": 0,
                "total": 4
              }
            },
            {
              "batter": "S Chandramohan",
              "bowler": "Karan KC",
              "non_striker": "R Rohan",
              "runs": {
                "batter": 1,
                "extras": 0,
                "total": 1
              }
            },
            {
              "batter": "R Rohan",
              "bowler": "Karan KC",
              "non_striker": "S Chandramohan",
              "runs": {
                "batter": 0,
                "extras": 0,
                "total": 0
              }
            },
            {
              "batter": "R Rohan",
              "bowler": "Karan KC",
              "non_striker": "S Chandramohan",
              "runs": {
                "batter": 0,
                "extras": 0,
                "total": 0
              }
            },
            {
              "batter": "R Rohan",
              "bowler": "Karan KC",
              "non_striker": "S Chandramohan",
              "runs": {
                "batter": 2,
                "extras": 0,
                "total": 2
              }
            }
          ]
        },
        {
          "over": 2,
          "deliveries": [
            {
              "batter": "S Chandramohan",
              "bowler": "Sompal Kami",
              "non_striker": "R Rohan",
              "runs": {
                "batter": 2,
                "extras": 0,
                "total": 2
              }
            },
            {
              "batter": "S Chandramohan",
              "bowler": "Sompal Kami",
              "non_striker": "R Rohan",
              "runs": {
                "batter": 1,
                "extras": 0,
                "total": 1
              }
            },
            {
              "batter": "R Rohan",
              "bowler": "Sompal Kami",
              "non_striker": "S Chandramohan",
              "runs": {
                "batter": 1,
                "extras": 0,
                "total": 1
              }
            },
            {
              "batter": "S Chandramohan",
              "bowler": "Sompal Kami",
              "non_striker": "R Rohan",
              "runs": {
                "batter": 1,
                "extras": 0,
                "total": 1
              }
            },
            {
              "batter": "R Rohan",
              "bowler": "Sompal Kami",
              "non_striker": "S Chandramohan",
              "runs": {
                "batter": 1,
                "extras": 0,
                "total": 1
              }
            },
            {
              "batter": "S Chandramohan",
              "bowler": "Sompal Kami",
              "non_striker": "R Rohan",
              "runs": {
                "batter": 4,
                "extras": 0,
                "total": 4
              }
            }
          ]
        },
        {
          "over": 3,
          "deliveries": [
            {
              "batter": "R Rohan",
              "bowler": "Karan KC",
              "non_striker": "S Chandramohan",
              "runs": {
                "batter": 0,
                "extras": 0,
                "total": 0
              },
              "wickets": [
                {
                  "kind": "caught",
                  "player_out": "R Rohan",
                  "fielders": [
                    {
                      "name": "B Bhandari"
                    }
                  ]
                }
              ]
            },
            {
              "batter": "TH David",
              "bowler": "Karan KC",
              "extras": {
                "wides": 1
              },
              "non_striker": "S Chandramohan",
              "runs": {
                "batter": 0,
                "extras": 1,
                "total": 1
              }
            },
            {
              "batter": "TH David",
              "bowler": "Karan KC",
              "non_striker": "S Chandramohan",
              "runs": {
                "batter": 1,
                "extras": 0,
                "total": 1
              }
            },
            {
              "batter": "S Chandramohan",
              "bowler": "Karan KC",
              "non_striker": "TH David",
              "runs": {
                "batter": 0,
                "extras": 0,
                "total": 0
              }
            },
            {
              "batter": "S Chandramohan",
              "bowler": "Karan KC",
              "non_striker": "TH David",
              "runs": {
                "batter": 4,
                "extras": 0,
                "total": 4
              }
            },
            {
              "batter": "S Chandramohan",
              "bowler": "Karan KC",
              "non_striker": "TH David",
              "runs": {
                "batter": 2,
                "extras": 0,
                "total": 2
              }
            },
            {
              "batter": "S Chandramohan",
              "bowler": "Karan KC",
              "non_striker": "TH David",
              "runs": {
                "batter": 0,
                "extras": 0,
                "total": 0
              }
            }
          ]
        },
        {
          "over": 4,
          "deliveries": [
            {
              "batter": "TH David",
              "bowler": "Sompal Kami",
              "non_striker": "S Chandramohan",
              "runs": {
                "batter": 0,
                "extras": 0,
                "total": 0
              }
            },
            {
              "batter": "TH David",
              "bowler": "Sompal Kami",
              "non_striker": "S Chandramohan",
              "runs": {
                "batter": 0,
                "extras": 0,
                "total": 0
              }
            },
            {
              "batter": "TH David",
              "bowler": "Sompal Kami",
              "non_striker": "S Chandramohan",
              "runs": {
                "batter": 4,
                "extras": 0,
                "total": 4
              }
            },
            {
              "batter": "TH David",
              "bowler": "Sompal Kami",
              "non_striker": "S Chandramohan",
              "runs": {
                "batter": 1,
                "extras": 0,
                "total": 1
              }
            },
            {
              "batter": "S Chandramohan",
              "bowler": "Sompal Kami",
              "non_striker": "TH David",
              "runs": {
                "batter": 4,
                "extras": 0,
                "total": 4
              }
            },
            {
              "batter": "S Chandramohan",
              "bowler": "Sompal Kami",
              "non_striker": "TH David",
              "runs": {
                "batter": 6,
                "extras": 0,
                "total": 6
              }
            }
          ]
        },
        {
          "over": 5,
          "deliveries": [
            {
              "batter": "TH David",
              "bowler": "S Lamichhane",
              "non_striker": "S Chandramohan",
              "runs": {
                "batter": 0,
                "extras": 0,
                "total": 0
              }
            },
            {
              "batter": "TH David",
              "bowler": "S Lamichhane",
              "non_striker": "S Chandramohan",
              "runs": {
                "batter": 4,
                "extras": 0,
                "total": 4
              }
            },
            {
              "batter": "TH David",
              "bowler": "S Lamichhane",
              "non_striker": "S Chandramohan",
              "runs": {
                "batter": 0,
                "extras": 0,
                "total": 0
              }
            },
            {
              "batter": "TH David",
              "bowler": "S Lamichhane",
              "non_striker": "S Chandramohan",
              "runs": {
                "batter": 0,
                "extras": 0,
                "total": 0
              }
            },
            {
              "batter": "TH David",
              "bowler": "S Lamichhane",
              "non_striker": "S Chandramohan",
              "runs": {
                "batter": 1,
                "extras": 0,
                "total": 1
              }
            },
            {
              "batter": "S Chandramohan",
              "bowler": "S Lamichhane",
              "non_striker": "TH David",
              "runs": {
                "batter": 0,
                "extras": 0,
                "total": 0
              }
            }
          ]
        },
        {
          "over": 6,
          "deliveries": [
            {
              "batter": "TH David",
              "bowler": "S Bhari",
              "non_striker": "S Chandramohan",
              "runs": {
                "batter": 0,
                "extras": 0,
                "total": 0
              }
            },
            {
              "batter": "TH David",
              "bowler": "S Bhari",
              "non_striker": "S Chandramohan",
              "runs": {
                "batter": 1,
                "extras": 0,
                "total": 1
              }
            },
            {
              "batter": "S Chandramohan",
              "bowler": "S Bhari",
              "non_striker": "TH David",
              "runs": {
                "batter": 0,
                "extras": 0,
                "total": 0
              }
            },
            {
              "batter": "S Chandramohan",
              "bowler": "S Bhari",
              "non_striker": "TH David",
              "runs": {
                "batter": 0,
                "extras": 0,
                "total": 0
              }
            },
            {
              "batter": "S Chandramohan",
              "bowler": "S Bhari",
              "non_striker": "TH David",
              "runs": {
                "batter": 0,
                "extras": 0,
                "total": 0
              }
            },
            {
              "batter": "S Chandramohan",
              "bowler": "S Bhari",
              "non_striker": "TH David",
              "runs": {
                "batter": 4,
                "extras": 0,
                "total": 4
              }
            }
          ]
        },
        {
          "over": 7,
          "deliveries": [
            {
              "batter": "TH David",
              "bowler": "S Lamichhane",
              "non_striker": "S Chandramohan",
              "runs": {
                "batter": 1,
                "extras": 0,
                "total": 1
              }
            },
            {
              "batter": "S Chandramohan",
              "bowler": "S Lamichhane",
              "non_striker": "TH David",
              "runs": {
                "batter": 0,
                "extras": 0,
                "total": 0
              }
            },
            {
              "batter": "S Chandramohan",
              "bowler": "S Lamichhane",
              "non_striker": "TH David",
              "runs": {
                "batter": 0,
                "extras": 0,
                "total": 0
              }
            },
            {
              "batter": "S Chandramohan",
              "bowler": "S Lamichhane",
              "non_striker": "TH David",
              "runs": {
                "batter": 0,
                "extras": 0,
                "total": 0
              }
            },
            {
              "batter": "S Chandramohan",
              "bowler": "S Lamichhane",
              "non_striker": "TH David",
              "runs": {
                "batter": 0,
                "extras": 0,
                "total": 0
              }
            },
            {
              "batter": "S Chandramohan",
              "bowler": "S Lamichhane",
              "non_striker": "TH David",
              "runs": {
                "batter": 1,
                "extras": 0,
                "total": 1
              }
            }
          ]
        },
        {
          "over": 8,
          "deliveries": [
            {
              "batter": "S Chandramohan",
              "bowler": "S Bhari",
              "non_striker": "TH David",
              "runs": {
                "batter": 0,
                "extras": 0,
                "total": 0
              },
              "wickets": [
                {
                  "kind": "bowled",
                  "player_out": "S Chandramohan"
                }
              ]
            },
            {
              "batter": "Manpreet Singh",
              "bowler": "S Bhari",
              "non_striker": "TH David",
              "runs": {
                "batter": 0,
                "extras": 0,
                "total": 0
              }
            },
            {
              "batter": "Manpreet Singh",
              "bowler": "S Bhari",
              "non_striker": "TH David",
              "runs": {
                "batter": 0,
                "extras": 0,
                "total": 0
              }
            },
            {
              "batter": "Manpreet Singh",
              "bowler": "S Bhari",
              "non_striker": "TH David",
              "runs": {
                "batter": 1,
                "extras": 0,
                "total": 1
              }
            },
            {
              "batter": "TH David",
              "bowler": "S Bhari",
              "non_striker": "Manpreet Singh",
              "runs": {
                "batter": 0,
                "extras": 0,
                "total": 0
              }
            },
            {
              "batter": "TH David",
              "bowler": "S Bhari",
              "non_striker": "Manpreet Singh",
              "runs": {
                "batter": 6,
                "extras": 0,
                "total": 6
              }
            }
          ]
        },
        {
          "over": 9,
          "deliveries": [
            {
              "batter": "Manpreet Singh",
              "bowler": "Kushal Malla",
              "non_striker": "TH David",
              "runs": {
                "batter": 0,
                "extras": 0,
                "total": 0
              }
            },
            {
              "batter": "Manpreet Singh",
              "bowler": "Kushal Malla",
              "non_striker": "TH David",
              "runs": {
                "batter": 1,
                "extras": 0,
                "total": 1
              }
            },
            {
              "batter": "TH David",
              "bowler": "Kushal Malla",
              "non_striker": "Manpreet Singh",
              "runs": {
                "batter": 6,
                "extras": 0,
                "total": 6
              }
            },
            {
              "batter": "TH David",
              "bowler": "Kushal Malla",
              "non_striker": "Manpreet Singh",
              "runs": {
                "batter": 1,
                "extras": 0,
                "total": 1
              }
            },
            {
              "batter": "Manpreet Singh",
              "bowler": "Kushal Malla",
              "non_striker": "TH David",
              "runs": {
                "batter": 1,
                "extras": 0,
                "total": 1
              }
            },
            {
              "batter": "TH David",
              "bowler": "Kushal Malla",
              "non_striker": "Manpreet Singh",
              "runs": {
                "batter": 1,
                "extras": 0,
                "total": 1
              }
            }
          ]
        },
        {
          "over": 10,
          "deliveries": [
            {
              "batter": "TH David",
              "bowler": "A Bohara",
              "non_striker": "Manpreet Singh",
              "runs": {
                "batter": 0,
                "extras": 0,
                "total": 0
              }
            },
            {
              "batter": "TH David",
              "bowler": "A Bohara",
              "non_striker": "Manpreet Singh",
              "runs": {
                "batter": 0,
                "extras": 0,
                "total": 0
              }
            },
            {
              "batter": "TH David",
              "bowler": "A Bohara",
              "non_striker": "Manpreet Singh",
              "runs": {
                "batter": 1,
                "extras": 0,
                "total": 1
              }
            },
            {
              "batter": "Manpreet Singh",
              "bowler": "A Bohara",
              "non_striker": "TH David",
              "runs": {
                "batter": 1,
                "extras": 0,
                "total": 1
              }
            },
            {
              "batter": "TH David",
              "bowler": "A Bohara",
              "non_striker": "Manpreet Singh",
              "runs": {
                "batter": 1,
                "extras": 0,
                "total": 1
              }
            },
            {
              "batter": "Manpreet Singh",
              "bowler": "A Bohara",
              "non_striker": "TH David",
              "runs": {
                "batter": 1,
                "extras": 0,
                "total": 1
              }
            }
          ]
        },
        {
          "over": 11,
          "deliveries": [
            {
              "batter": "Manpreet Singh",
              "bowler": "S Lamichhane",
              "non_striker": "TH David",
              "runs": {
                "batter": 0,
                "extras": 0,
                "total": 0
              }
            },
            {
              "batter": "Manpreet Singh",
              "bowler": "S Lamichhane",
              "non_striker": "TH David",
              "runs": {
                "batter": 0,
                "extras": 0,
                "total": 0
              }
            },
            {
              "batter": "Manpreet Singh",
              "bowler": "S Lamichhane",
              "non_striker": "TH David",
              "runs": {
                "batter": 1,
                "extras": 0,
                "total": 1
              }
            },
            {
              "batter": "TH David",
              "bowler": "S Lamichhane",
              "non_striker": "Manpreet Singh",
              "runs": {
                "batter": 1,
                "extras": 0,
                "total": 1
              }
            },
            {
              "batter": "Manpreet Singh",
              "bowler": "S Lamichhane",
              "non_striker": "TH David",
              "runs": {
                "batter": 2,
                "extras": 0,
                "total": 2
              }
            },
            {
              "batter": "Manpreet Singh",
              "bowler": "S Lamichhane",
              "extras": {
                "byes": 1
              },
              "non_striker": "TH David",
              "runs": {
                "batter": 0,
                "extras": 1,
                "total": 1
              }
            }
          ]
        },
        {
          "over": 12,
          "deliveries": [
            {
              "batter": "Manpreet Singh",
              "bowler": "A Bohara",
              "non_striker": "TH David",
              "runs": {
                "batter": 1,
                "extras": 0,
                "total": 1
              }
            },
            {
              "batter": "TH David",
              "bowler": "A Bohara",
              "non_striker": "Manpreet Singh",
              "runs": {
                "batter": 1,
                "extras": 0,
                "total": 1
              }
            },
            {
              "batter": "Manpreet Singh",
              "bowler": "A Bohara",
              "non_striker": "TH David",
              "runs": {
                "batter": 1,
                "extras": 0,
                "total": 1
              }
            },
            {
              "batter": "TH David",
              "bowler": "A Bohara",
              "non_striker": "Manpreet Singh",
              "runs": {
                "batter": 6,
                "extras": 0,
                "total": 6
              }
            },
            {
              "batter": "TH David",
              "bowler": "A Bohara",
              "non_striker": "Manpreet Singh",
              "runs": {
                "batter": 1,
                "extras": 0,
                "total": 1
              }
            },
            {
              "batter": "Manpreet Singh",
              "bowler": "A Bohara",
              "non_striker": "TH David",
              "runs": {
                "batter": 0,
                "extras": 0,
                "total": 0
              }
            }
          ]
        },
        {
          "over": 13,
          "deliveries": [
            {
              "batter": "TH David",
              "bowler": "S Bhari",
              "non_striker": "Manpreet Singh",
              "runs": {
                "batter": 1,
                "extras": 0,
                "total": 1
              }
            },
            {
              "batter": "Manpreet Singh",
              "bowler": "S Bhari",
              "non_striker": "TH David",
              "runs": {
                "batter": 0,
                "extras": 0,
                "total": 0
              }
            },
            {
              "batter": "Manpreet Singh",
              "bowler": "S Bhari",
              "non_striker": "TH David",
              "runs": {
                "batter": 1,
                "extras": 0,
                "total": 1
              }
            },
            {
              "batter": "TH David",
              "bowler": "S Bhari",
              "non_striker": "Manpreet Singh",
              "runs": {
                "batter": 1,
                "extras": 0,
                "total": 1
              }
            },
            {
              "batter": "Manpreet Singh",
              "bowler": "S Bhari",
              "non_striker": "TH David",
              "runs": {
                "batter": 2,
                "extras": 0,
                "total": 2
              }
            },
            {
              "batter": "Manpreet Singh",
              "bowler": "S Bhari",
              "non_striker": "TH David",
              "runs": {
                "batter": 1,
                "extras": 0,
                "total": 1
              }
            }
          ]
        },
        {
          "over": 14,
          "deliveries": [
            {
              "batter": "Manpreet Singh",
              "bowler": "Karan KC",
              "non_striker": "TH David",
              "runs": {
                "batter": 1,
                "extras": 0,
                "total": 1
              }
            },
            {
              "batter": "TH David",
              "bowler": "Karan KC",
              "non_striker": "Manpreet Singh",
              "runs": {
                "batter": 1,
                "extras": 0,
                "total": 1
              }
            },
            {
              "batter": "Manpreet Singh",
              "bowler": "Karan KC",
              "extras": {
                "wides": 1
              },
              "non_striker": "TH David",
              "runs": {
                "batter": 0,
                "extras": 1,
                "total": 1
              }
            },
            {
              "batter": "Manpreet Singh",
              "bowler": "Karan KC",
              "non_striker": "TH David",
              "runs": {
                "batter": 0,
                "extras": 0,
                "total": 0
              },
              "wickets": [
                {
                  "kind": "lbw",
                  "player_out": "Manpreet Singh"
                }
              ]
            },
            {
              "batter": "Janak Prakash",
              "bowler": "Karan KC",
              "non_striker": "TH David",
              "runs": {
                "batter": 1,
                "extras": 0,
                "total": 1
              }
            },
            {
              "batter": "TH David",
              "bowler": "Karan KC",
              "non_striker": "Janak Prakash",
              "runs": {
                "batter": 0,
                "extras": 0,
                "total": 0
              }
            },
            {
              "batter": "TH David",
              "bowler": "Karan KC",
              "non_striker": "Janak Prakash",
              "runs": {
                "batter": 1,
                "extras": 0,
                "total": 1
              }
            }
          ]
        },
        {
          "over": 15,
          "deliveries": [
            {
              "batter": "TH David",
              "bowler": "S Bhari",
              "non_striker": "Janak Prakash",
              "runs": {
                "batter": 1,
                "extras": 0,
                "total": 1
              }
            },
            {
              "batter": "Janak Prakash",
              "bowler": "S Bhari",
              "non_striker": "TH David",
              "runs": {
                "batter": 4,
                "extras": 0,
                "total": 4
              }
            },
            {
              "batter": "Janak Prakash",
              "bowler": "S Bhari",
              "non_striker": "TH David",
              "runs": {
                "batter": 0,
                "extras": 0,
                "total": 0
              }
            },
            {
              "batter": "Janak Prakash",
              "bowler": "S Bhari",
              "non_striker": "TH David",
              "runs": {
                "batter": 1,
                "extras": 0,
                "total": 1
              }
            },
            {
              "batter": "TH David",
              "bowler": "S Bhari",
              "non_striker": "Janak Prakash",
              "runs": {
                "batter": 2,
                "extras": 0,
                "total": 2
              }
            },
            {
              "batter": "TH David",
              "bowler": "S Bhari",
              "non_striker": "Janak Prakash",
              "runs": {
                "batter": 1,
                "extras": 0,
                "total": 1
              }
            }
          ]
        },
        {
          "over": 16,
          "deliveries": [
            {
              "batter": "TH David",
              "bowler": "Karan KC",
              "non_striker": "Janak Prakash",
              "runs": {
                "batter": 1,
                "extras": 0,
                "total": 1
              }
            },
            {
              "batter": "Janak Prakash",
              "bowler": "Karan KC",
              "non_striker": "TH David",
              "runs": {
                "batter": 4,
                "extras": 0,
                "total": 4
              }
            },
            {
              "batter": "Janak Prakash",
              "bowler": "Karan KC",
              "non_striker": "TH David",
              "runs": {
                "batter": 6,
                "extras": 0,
                "total": 6
              }
            },
            {
              "batter": "Janak Prakash",
              "bowler": "Karan KC",
              "non_striker": "TH David",
              "runs": {
                "batter": 1,
                "extras": 0,
                "total": 1
              }
            },
            {
              "batter": "TH David",
              "bowler": "Karan KC",
              "non_striker": "Janak Prakash",
              "runs": {
                "batter": 2,
                "extras": 0,
                "total": 2
              }
            },
            {
              "batter": "TH David",
              "bowler": "Karan KC",
              "non_striker": "Janak Prakash",
              "runs": {
                "batter": 0,
                "extras": 0,
                "total": 0
              }
            }
          ]
        },
        {
          "over": 17,
          "deliveries": [
            {
              "batter": "Janak Prakash",
              "bowler": "S Lamichhane",
              "non_striker": "TH David",
              "runs": {
                "batter": 0,
                "extras": 0,
                "total": 0
              }
            },
            {
              "batter": "Janak Prakash",
              "bowler": "S Lamichhane",
              "non_striker": "TH David",
              "runs": {
                "batter": 0,
                "extras": 0,
                "total": 0
              }
            },
            {
              "batter": "Janak Prakash",
              "bowler": "S Lamichhane",
              "non_striker": "TH David",
              "runs": {
                "batter": 1,
                "extras": 0,
                "total": 1
              }
            },
            {
              "batter": "TH David",
              "bowler": "S Lamichhane",
              "non_striker": "Janak Prakash",
              "runs": {
                "batter": 1,
                "extras": 0,
                "total": 1
              }
            },
            {
              "batter": "Janak Prakash",
              "bowler": "S Lamichhane",
              "non_striker": "TH David",
              "runs": {
                "batter": 4,
                "extras": 0,
                "total": 4
              }
            },
            {
              "batter": "Janak Prakash",
              "bowler": "S Lamichhane",
              "non_striker": "TH David",
              "runs": {
                "batter": 1,
                "extras": 0,
                "total": 1
              }
            }
          ]
        },
        {
          "over": 18,
          "deliveries": [
            {
              "batter": "Janak Prakash",
              "bowler": "A Bohara",
              "non_striker": "TH David",
              "runs": {
                "batter": 0,
                "extras": 0,
                "total": 0
              }
            },
            {
              "batter": "Janak Prakash",
              "bowler": "A Bohara",
              "non_striker": "TH David",
              "runs": {
                "batter": 0,
                "extras": 0,
                "total": 0
              }
            },
            {
              "batter": "Janak Prakash",
              "bowler": "A Bohara",
              "non_striker": "TH David",
              "runs": {
                "batter": 0,
                "extras": 0,
                "total": 0
              }
            },
            {
              "batter": "Janak Prakash",
              "bowler": "A Bohara",
              "non_striker": "TH David",
              "runs": {
                "batter": 0,
                "extras": 0,
                "total": 0
              }
            },
            {
              "batter": "Janak Prakash",
              "bowler": "A Bohara",
              "non_striker": "TH David",
              "runs": {
                "batter": 1,
                "extras": 0,
                "total": 1
              }
            },
            {
              "batter": "TH David",
              "bowler": "A Bohara",
              "non_striker": "Janak Prakash",
              "runs": {
                "batter": 1,
                "extras": 0,
                "total": 1
              }
            }
          ]
        },
        {
          "over": 19,
          "deliveries": [
            {
              "batter": "TH David",
              "bowler": "Sompal Kami",
              "non_striker": "Janak Prakash",
              "runs": {
                "batter": 1,
                "extras": 0,
                "total": 1
              }
            },
            {
              "batter": "Janak Prakash",
              "bowler": "Sompal Kami",
              "non_striker": "TH David",
              "runs": {
                "batter": 1,
                "extras": 0,
                "total": 1
              }
            },
            {
              "batter": "TH David",
              "bowler": "Sompal Kami",
              "non_striker": "Janak Prakash",
              "runs": {
                "batter": 4,
                "extras": 0,
                "total": 4
              }
            },
            {
              "batter": "TH David",
              "bowler": "Sompal Kami",
              "non_striker": "Janak Prakash",
              "runs": {
                "batter": 2,
                "extras": 0,
                "total": 2
              }
            },
            {
              "batter": "TH David",
              "bowler": "Sompal Kami",
              "extras": {
                "wides": 1
              },
              "non_striker": "Janak Prakash",
              "runs": {
                "batter": 0,
                "extras": 1,
                "total": 1
              }
            },
            {
              "batter": "TH David",
              "bowler": "Sompal Kami",
              "non_striker": "Janak Prakash",
              "runs": {
                "batter": 0,
                "extras": 0,
                "total": 0
              }
            },
            {
              "batter": "TH David",
              "bowler": "Sompal Kami",
              "non_striker": "Janak Prakash",
              "runs": {
                "batter": 6,
                "extras": 0,
                "total": 6
              }
            }
          ]
        }
      ],
      "powerplays": [
        {
          "from": 0.1,
          "to": 5.6,
          "type": "mandatory"
        }
      ]
    },
    {
      "team": "Nepal",
      "overs": [
        {
          "over": 0,
          "deliveries": [
            {
              "batter": "I Pandey",
              "bowler": "V Baskaran",
              "non_striker": "P Khadka",
              "runs": {
                "batter": 1,
                "extras": 0,
                "total": 1
              }
            },
            {
              "batter": "P Khadka",
              "bowler": "V Baskaran",
              "extras": {
                "wides": 1
              },
              "non_striker": "I Pandey",
              "runs": {
                "batter": 0,
                "extras": 1,
                "total": 1
              }
            },
            {
              "batter": "P Khadka",
              "bowler": "V Baskaran",
              "non_striker": "I Pandey",
              "runs": {
                "batter": 1,
                "extras": 0,
                "total": 1
              }
            },
            {
              "batter": "I Pandey",
              "bowler": "V Baskaran",
              "non_striker": "P Khadka",
              "runs": {
                "batter": 0,
                "extras": 0,
                "total": 0
              }
            },
            {
              "batter": "I Pandey",
              "bowler": "V Baskaran",
              "non_striker": "P Khadka",
              "runs": {
                "batter": 0,
                "extras": 0,
                "total": 0
              }
            },
            {
              "batter": "I Pandey",
              "bowler": "V Baskaran",
              "non_striker": "P Khadka",
              "runs": {
                "batter": 4,
                "extras": 0,
                "total": 4
              }
            },
            {
              "batter": "I Pandey",
              "bowler": "V Baskaran",
              "non_striker": "P Khadka",
              "runs": {
                "batter": 0,
                "extras": 0,
                "total": 0
              }
            }
          ]
        },
        {
          "over": 1,
          "deliveries": [
            {
              "batter": "P Khadka",
              "bowler": "Janak Prakash",
              "extras": {
                "wides": 1
              },
              "non_striker": "I Pandey",
              "runs": {
                "batter": 0,
                "extras": 1,
                "total": 1
              }
            },
            {
              "batter": "P Khadka",
              "bowler": "Janak Prakash",
              "non_striker": "I Pandey",
              "runs": {
                "batter": 0,
                "extras": 0,
                "total": 0
              }
            },
            {
              "batter": "P Khadka",
              "bowler": "Janak Prakash",
              "non_striker": "I Pandey",
              "runs": {
                "batter": 1,
                "extras": 0,
                "total": 1
              }
            },
            {
              "batter": "I Pandey",
              "bowler": "Janak Prakash",
              "non_striker": "P Khadka",
              "runs": {
                "batter": 0,
                "extras": 0,
                "total": 0
              },
              "wickets": [
                {
                  "kind": "lbw",
                  "player_out": "I Pandey"
                }
              ]
            },
            {
              "batter": "Aarif Sheikh",
              "bowler": "Janak Prakash",
              "non_striker": "P Khadka",
              "runs": {
                "batter": 0,
                "extras": 0,
                "total": 0
              }
            },
            {
              "batter": "Aarif Sheikh",
              "bowler": "Janak Prakash",
              "non_striker": "P Khadka",
              "runs": {
                "batter": 0,
                "extras": 0,
                "total": 0
              }
            },
            {
              "batter": "Aarif Sheikh",
              "bowler": "Janak Prakash",
              "non_striker": "P Khadka",
              "runs": {
                "batter": 0,
                "extras": 0,
                "total": 0
              }
            }
          ]
        },
        {
          "over": 2,
          "deliveries": [
            {
              "batter": "P Khadka",
              "bowler": "V Baskaran",
              "non_striker": "Aarif Sheikh",
              "runs": {
                "batter": 0,
                "extras": 0,
                "total": 0
              }
            },
            {
              "batter": "P Khadka",
              "bowler": "V Baskaran",
              "non_striker": "Aarif Sheikh",
              "runs": {
                "batter": 4,
                "extras": 0,
                "total": 4
              }
            },
            {
              "batter": "P Khadka",
              "bowler": "V Baskaran",
              "non_striker": "Aarif Sheikh",
              "runs": {
                "batter": 0,
                "extras": 0,
                "total": 0
              }
            },
            {
              "batter": "P Khadka",
              "bowler": "V Baskaran",
              "non_striker": "Aarif Sheikh",
              "runs": {
                "batter": 0,
                "extras": 0,
                "total": 0
              }
            },
            {
              "batter": "P Khadka",
              "bowler": "V Baskaran",
              "non_striker": "Aarif Sheikh",
              "runs": {
                "batter": 6,
                "extras": 0,
                "total": 6
              }
            },
            {
              "batter": "P Khadka",
              "bowler": "V Baskaran",
              "extras": {
                "wides": 1
              },
              "non_striker": "Aarif Sheikh",
              "runs": {
                "batter": 0,
                "extras": 1,
                "total": 1
              }
            },
            {
              "batter": "P Khadka",
              "bowler": "V Baskaran",
              "non_striker": "Aarif Sheikh",
              "runs": {
                "batter": 4,
                "extras": 0,
                "total": 4
              }
            }
          ]
        },
        {
          "over": 3,
          "deliveries": [
            {
              "batter": "Aarif Sheikh",
              "bowler": "Janak Prakash",
              "non_striker": "P Khadka",
              "runs": {
                "batter": 0,
                "extras": 0,
                "total": 0
              }
            },
            {
              "batter": "Aarif Sheikh",
              "bowler": "Janak Prakash",
              "non_striker": "P Khadka",
              "runs": {
                "batter": 0,
                "extras": 0,
                "total": 0
              }
            },
            {
              "batter": "Aarif Sheikh",
              "bowler": "Janak Prakash",
              "extras": {
                "wides": 1
              },
              "non_striker": "P Khadka",
              "runs": {
                "batter": 0,
                "extras": 1,
                "total": 1
              }
            },
            {
              "batter": "Aarif Sheikh",
              "bowler": "Janak Prakash",
              "non_striker": "P Khadka",
              "runs": {
                "batter": 0,
                "extras": 0,
                "total": 0
              }
            },
            {
              "batter": "Aarif Sheikh",
              "bowler": "Janak Prakash",
              "non_striker": "P Khadka",
              "runs": {
                "batter": 2,
                "extras": 0,
                "total": 2
              }
            },
            {
              "batter": "Aarif Sheikh",
              "bowler": "Janak Prakash",
              "non_striker": "P Khadka",
              "runs": {
                "batter": 0,
                "extras": 0,
                "total": 0
              }
            },
            {
              "batter": "Aarif Sheikh",
              "bowler": "Janak Prakash",
              "non_striker": "P Khadka",
              "runs": {
                "batter": 0,
                "extras": 0,
                "total": 0
              }
            }
          ]
        },
        {
          "over": 4,
          "deliveries": [
            {
              "batter": "P Khadka",
              "bowler": "TH David",
              "non_striker": "Aarif Sheikh",
              "runs": {
                "batter": 0,
                "extras": 0,
                "total": 0
              }
            },
            {
              "batter": "P Khadka",
              "bowler": "TH David",
              "non_striker": "Aarif Sheikh",
              "runs": {
                "batter": 1,
                "extras": 0,
                "total": 1
              }
            },
            {
              "batter": "Aarif Sheikh",
              "bowler": "TH David",
              "non_striker": "P Khadka",
              "runs": {
                "batter": 0,
                "extras": 0,
                "total": 0
              }
            },
            {
              "batter": "Aarif Sheikh",
              "bowler": "TH David",
              "non_striker": "P Khadka",
              "runs": {
                "batter": 0,
                "extras": 0,
                "total": 0
              }
            },
            {
              "batter": "Aarif Sheikh",
              "bowler": "TH David",
              "non_striker": "P Khadka",
              "runs": {
                "batter": 2,
                "extras": 0,
                "total": 2
              }
            },
            {
              "batter": "Aarif Sheikh",
              "bowler": "TH David",
              "non_striker": "P Khadka",
              "runs": {
                "batter": 0,
                "extras": 0,
                "total": 0
              }
            }
          ]
        },
        {
          "over": 5,
          "deliveries": [
            {
              "batter": "P Khadka",
              "bowler": "Sidhant Singh",
              "non_striker": "Aarif Sheikh",
              "runs": {
                "batter": 2,
                "extras": 0,
                "total": 2
              }
            },
            {
              "batter": "P Khadka",
              "bowler": "Sidhant Singh",
              "non_striker": "Aarif Sheikh",
              "runs": {
                "batter": 0,
                "extras": 0,
                "total": 0
              }
            },
            {
              "batter": "P Khadka",
              "bowler": "Sidhant Singh",
              "non_striker": "Aarif Sheikh",
              "runs": {
                "batter": 4,
                "extras": 0,
                "total": 4
              }
            },
            {
              "batter": "P Khadka",
              "bowler": "Sidhant Singh",
              "non_striker": "Aarif Sheikh",
              "runs": {
                "batter": 0,
                "extras": 0,
                "total": 0
              }
            },
            {
              "batter": "P Khadka",
              "bowler": "Sidhant Singh",
              "non_striker": "Aarif Sheikh",
              "runs": {
                "batter": 0,
                "extras": 0,
                "total": 0
              }
            },
            {
              "batter": "P Khadka",
              "bowler": "Sidhant Singh",
              "non_striker": "Aarif Sheikh",
              "runs": {
                "batter": 1,
                "extras": 0,
                "total": 1
              }
            }
          ]
        },
        {
          "over": 6,
          "deliveries": [
            {
              "batter": "P Khadka",
              "bowler": "S Vijayakumar",
              "non_striker": "Aarif Sheikh",
              "runs": {
                "batter": 0,
                "extras": 0,
                "total": 0
              }
            },
            {
              "batter": "P Khadka",
              "bowler": "S Vijayakumar",
              "non_striker": "Aarif Sheikh",
              "runs": {
                "batter": 6,
                "extras": 0,
                "total": 6
              }
            },
            {
              "batter": "P Khadka",
              "bowler": "S Vijayakumar",
              "non_striker": "Aarif Sheikh",
              "runs": {
                "batter": 1,
                "extras": 0,
                "total": 1
              }
            },
            {
              "batter": "Aarif Sheikh",
              "bowler": "S Vijayakumar",
              "non_striker": "P Khadka",
              "runs": {
                "batter": 1,
                "extras": 0,
                "total": 1
              }
            },
            {
              "batter": "P Khadka",
              "bowler": "S Vijayakumar",
              "non_striker": "Aarif Sheikh",
              "runs": {
                "batter": 1,
                "extras": 0,
                "total": 1
              }
            },
            {
              "batter": "Aarif Sheikh",
              "bowler": "S Vijayakumar",
              "non_striker": "P Khadka",
              "runs": {
                "batter": 4,
                "extras": 0,
                "total": 4
              }
            }
          ]
        },
        {
          "over": 7,
          "deliveries": [
            {
              "batter": "P Khadka",
              "bowler": "A Krishna",
              "non_striker": "Aarif Sheikh",
              "runs": {
                "batter": 2,
                "extras": 0,
                "total": 2
              }
            },
            {
              "batter": "P Khadka",
              "bowler": "A Krishna",
              "non_striker": "Aarif Sheikh",
              "runs": {
                "batter": 0,
                "extras": 0,
                "total": 0
              }
            },
            {
              "batter": "P Khadka",
              "bowler": "A Krishna",
              "non_striker": "Aarif Sheikh",
              "runs": {
                "batter": 2,
                "extras": 0,
                "total": 2
              }
            },
            {
              "batter": "P Khadka",
              "bowler": "A Krishna",
              "non_striker": "Aarif Sheikh",
              "runs": {
                "batter": 6,
                "extras": 0,
                "total": 6
              }
            },
            {
              "batter": "P Khadka",
              "bowler": "A Krishna",
              "non_striker": "Aarif Sheikh",
              "runs": {
                "batter": 6,
                "extras": 0,
                "total": 6
              }
            },
            {
              "batter": "P Khadka",
              "bowler": "A Krishna",
              "non_striker": "Aarif Sheikh",
              "runs": {
                "batter": 0,
                "extras": 0,
                "total": 0
              }
            }
          ]
        },
        {
          "over": 8,
          "deliveries": [
            {
              "batter": "Aarif Sheikh",
              "bowler": "S Vijayakumar",
              "non_striker": "P Khadka",
              "runs": {
                "batter": 1,
                "extras": 0,
                "total": 1
              }
            },
            {
              "batter": "P Khadka",
              "bowler": "S Vijayakumar",
              "non_striker": "Aarif Sheikh",
              "runs": {
                "batter": 1,
                "extras": 0,
                "total": 1
              }
            },
            {
              "batter": "Aarif Sheikh",
              "bowler": "S Vijayakumar",
              "non_striker": "P Khadka",
              "runs": {
                "batter": 1,
                "extras": 0,
                "total": 1
              }
            },
            {
              "batter": "P Khadka",
              "bowler": "S Vijayakumar",
              "non_striker": "Aarif Sheikh",
              "runs": {
                "batter": 1,
                "extras": 0,
                "total": 1
              }
            },
            {
              "batter": "Aarif Sheikh",
              "bowler": "S Vijayakumar",
              "non_striker": "P Khadka",
              "runs": {
                "batter": 1,
                "extras": 0,
                "total": 1
              }
            },
            {
              "batter": "P Khadka",
              "bowler": "S Vijayakumar",
              "non_striker": "Aarif Sheikh",
              "runs": {
                "batter": 4,
                "extras": 0,
                "total": 4
              }
            }
          ]
        },
        {
          "over": 9,
          "deliveries": [
            {
              "batter": "Aarif Sheikh",
              "bowler": "A Krishna",
              "non_striker": "P Khadka",
              "runs": {
                "batter": 4,
                "extras": 0,
                "total": 4
              }
            },
            {
              "batter": "Aarif Sheikh",
              "bowler": "A Krishna",
              "non_striker": "P Khadka",
              "runs": {
                "batter": 1,
                "extras": 0,
                "total": 1
              }
            },
            {
              "batter": "P Khadka",
              "bowler": "A Krishna",
              "non_striker": "Aarif Sheikh",
              "runs": {
                "batter": 6,
                "extras": 0,
                "total": 6
              }
            },
            {
              "batter": "P Khadka",
              "bowler": "A Krishna",
              "non_striker": "Aarif Sheikh",
              "runs": {
                "batter": 6,
                "extras": 0,
                "total": 6
              }
            },
            {
              "batter": "P Khadka",
              "bowler": "A Krishna",
              "non_striker": "Aarif Sheikh",
              "runs": {
                "batter": 1,
                "extras": 0,
                "total": 1
              }
            },
            {
              "batter": "Aarif Sheikh",
              "bowler": "A Krishna",
              "non_striker": "P Khadka",
              "runs": {
                "batter": 1,
                "extras": 0,
                "total": 1
              }
            }
          ]
        },
        {
          "over": 10,
          "deliveries": [
            {
              "batter": "Aarif Sheikh",
              "bowler": "Sidhant Singh",
              "non_striker": "P Khadka",
              "runs": {
                "batter": 0,
                "extras": 0,
                "total": 0
              }
            },
            {
              "batter": "Aarif Sheikh",
              "bowler": "Sidhant Singh",
              "non_striker": "P Khadka",
              "runs": {
                "batter": 1,
                "extras": 0,
                "total": 1
              }
            },
            {
              "batter": "P Khadka",
              "bowler": "Sidhant Singh",
              "non_striker": "Aarif Sheikh",
              "runs": {
                "batter": 0,
                "extras": 0,
                "total": 0
              }
            },
            {
              "batter": "P Khadka",
              "bowler": "Sidhant Singh",
              "non_striker": "Aarif Sheikh",
              "runs": {
                "batter": 1,
                "extras": 0,
                "total": 1
              }
            },
            {
              "batter": "Aarif Sheikh",
              "bowler": "Sidhant Singh",
              "non_striker": "P Khadka",
              "runs": {
                "batter": 4,
                "extras": 0,
                "total": 4
              }
            },
            {
              "batter": "Aarif Sheikh",
              "bowler": "Sidhant Singh",
              "non_striker": "P Khadka",
              "runs": {
                "batter": 1,
                "extras": 0,
                "total": 1
              }
            }
          ]
        },
        {
          "over": 11,
          "deliveries": [
            {
              "batter": "Aarif Sheikh",
              "bowler": "Janak Prakash",
              "non_striker": "P Khadka",
              "runs": {
                "batter": 0,
                "extras": 0,
                "total": 0
              }
            },
            {
              "batter": "Aarif Sheikh",
              "bowler": "Janak Prakash",
              "non_striker": "P Khadka",
              "runs": {
                "batter": 1,
                "extras": 0,
                "total": 1
              }
            },
            {
              "batter": "P Khadka",
              "bowler": "Janak Prakash",
              "non_striker": "Aarif Sheikh",
              "runs": {
                "batter": 2,
                "extras": 0,
                "total": 2
              }
            },
            {
              "batter": "P Khadka",
              "bowler": "Janak Prakash",
              "non_striker": "Aarif Sheikh",
              "runs": {
                "batter": 1,
                "extras": 0,
                "total": 1
              }
            },
            {
              "batter": "Aarif Sheikh",
              "bowler": "Janak Prakash",
              "non_striker": "P Khadka",
              "runs": {
                "batter": 1,
                "extras": 0,
                "total": 1
              }
            },
            {
              "batter": "P Khadka",
              "bowler": "Janak Prakash",
              "non_striker": "Aarif Sheikh",
              "runs": {
                "batter": 0,
                "extras": 0,
                "total": 0
              }
            }
          ]
        },
        {
          "over": 12,
          "deliveries": [
            {
              "batter": "Aarif Sheikh",
              "bowler": "Sidhant Singh",
              "non_striker": "P Khadka",
              "runs": {
                "batter": 4,
                "extras": 0,
                "total": 4
              }
            },
            {
              "batter": "Aarif Sheikh",
              "bowler": "Sidhant Singh",
              "non_striker": "P Khadka",
              "runs": {
                "batter": 1,
                "extras": 0,
                "total": 1
              }
            },
            {
              "batter": "P Khadka",
              "bowler": "Sidhant Singh",
              "non_striker": "Aarif Sheikh",
              "runs": {
                "batter": 4,
                "extras": 0,
                "total": 4
              }
            },
            {
              "batter": "P Khadka",
              "bowler": "Sidhant Singh",
              "non_striker": "Aarif Sheikh",
              "runs": {
                "batter": 4,
                "extras": 0,
                "total": 4
              }
            },
            {
              "batter": "P Khadka",
              "bowler": "Sidhant Singh",
              "non_striker": "Aarif Sheikh",
              "runs": {
                "batter": 6,
                "extras": 0,
                "total": 6
              }
            },
            {
              "batter": "P Khadka",
              "bowler": "Sidhant Singh",
              "non_striker": "Aarif Sheikh",
              "runs": {
                "batter": 1,
                "extras": 0,
                "total": 1
              }
            }
          ]
        },
        {
          "over": 13,
          "deliveries": [
            {
              "batter": "P Khadka",
              "bowler": "U Aryaman Sunil",
              "non_striker": "Aarif Sheikh",
              "runs": {
                "batter": 0,
                "extras": 0,
                "total": 0
              }
            },
            {
              "batter": "P Khadka",
              "bowler": "U Aryaman Sunil",
              "non_striker": "Aarif Sheikh",
              "runs": {
                "batter": 1,
                "extras": 0,
                "total": 1
              }
            },
            {
              "batter": "Aarif Sheikh",
              "bowler": "U Aryaman Sunil",
              "non_striker": "P Khadka",
              "runs": {
                "batter": 1,
                "extras": 0,
                "total": 1
              }
            },
            {
              "batter": "P Khadka",
              "bowler": "U Aryaman Sunil",
              "non_striker": "Aarif Sheikh",
              "runs": {
                "batter": 6,
                "extras": 0,
                "total": 6
              }
            },
            {
              "batter": "P Khadka",
              "bowler": "U Aryaman Sunil",
              "non_striker": "Aarif Sheikh",
              "runs": {
                "batter": 0,
                "extras": 0,
                "total": 0
              }
            },
            {
              "batter": "P Khadka",
              "bowler": "U Aryaman Sunil",
              "non_striker": "Aarif Sheikh",
              "runs": {
                "batter": 1,
                "extras": 0,
                "total": 1
              }
            }
          ]
        },
        {
          "over": 14,
          "deliveries": [
            {
              "batter": "P Khadka",
              "bowler": "TH David",
              "non_striker": "Aarif Sheikh",
              "runs": {
                "batter": 1,
                "extras": 0,
                "total": 1
              }
            },
            {
              "batter": "Aarif Sheikh",
              "bowler": "TH David",
              "non_striker": "P Khadka",
              "runs": {
                "batter": 4,
                "extras": 0,
                "total": 4
              }
            },
            {
              "batter": "Aarif Sheikh",
              "bowler": "TH David",
              "non_striker": "P Khadka",
              "runs": {
                "batter": 0,
                "extras": 0,
                "total": 0
              }
            },
            {
              "batter": "Aarif Sheikh",
              "bowler": "TH David",
              "non_striker": "P Khadka",
              "runs": {
                "batter": 0,
                "extras": 0,
                "total": 0
              }
            },
            {
              "batter": "Aarif Sheikh",
              "bowler": "TH David",
              "non_striker": "P Khadka",
              "runs": {
                "batter": 1,
                "extras": 0,
                "total": 1
              }
            },
            {
              "batter": "P Khadka",
              "bowler": "TH David",
              "non_striker": "Aarif Sheikh",
              "runs": {
                "batter": 6,
                "extras": 0,
                "total": 6
              }
            }
          ]
        },
        {
          "over": 15,
          "deliveries": [
            {
              "batter": "Aarif Sheikh",
              "bowler": "U Aryaman Sunil",
              "non_striker": "P Khadka",
              "runs": {
                "batter": 0,
                "extras": 0,
                "total": 0
              }
            },
            {
              "batter": "Aarif Sheikh",
              "bowler": "U Aryaman Sunil",
              "non_striker": "P Khadka",
              "runs": {
                "batter": 1,
                "extras": 0,
                "total": 1
              }
            },
            {
              "batter": "P Khadka",
              "bowler": "U Aryaman Sunil",
              "non_striker": "Aarif Sheikh",
              "runs": {
                "batter": 0,
                "extras": 0,
                "total": 0
              }
            },
            {
              "batter": "P Khadka",
              "bowler": "U Aryaman Sunil",
              "non_striker": "Aarif Sheikh",
              "runs": {
                "batter": 1,
                "extras": 0,
                "total": 1
              }
            },
            {
              "batter": "Aarif Sheikh",
              "bowler": "U Aryaman Sunil",
              "non_striker": "P Khadka",
              "runs": {
                "batter": 1,
                "extras": 0,
                "total": 1
              }
            },
            {
              "batter": "P Khadka",
              "bowler": "U Aryaman Sunil",
              "non_striker": "Aarif Sheikh",
              "runs": {
                "batter": 4,
                "extras": 0,
                "total": 4
              }
            }
          ]
        }
      ],
      "powerplays": [
        {
          "from": 0.1,
          "to": 5.6,
          "type": "mandatory"
        }
      ],
      "target": {
        "overs": 20,
        "runs": 152
      }
    }
  ]
}