{
  "meta": {
    "data_version": "1.0.0",
    "created": "2020-01-10",
    "revision": 1
  },
  "info": {
    "balls_per_over": 6,
    "city": "Pune",
    "dates": [
      "2020-01-10"
    ],
    "event": {
      "name": "Sri Lanka tour of India",
      "match_number": 3
    },
    "gender": "male",
    "match_type": "T20",
    "match_type_number": 1027,
    "officials": {
      "match_referees": [
        "DC Boon"
      ],
      "reserve_umpires": [
        "K Srinivasan"
      ],
      "tv_umpires": [
        "C Shamshuddin"
      ],
      "umpires": [
        "Nitin Menon",
        "VK Sharma"
      ]
    },
    "outcome": {
      "winner": "India",
      "by": {
        "runs": 78
      }
    },
    "overs": 20,
    "player_of_match": [
      "SN Thakur"
    ],
    "players": {
      "India": [
        "KL Rahul",
        "S Dhawan",
        "SV Samson",
        "MK Pandey",
        "SS Iyer",
        "V Kohli",
        "Washington Sundar",
        "SN Thakur",
        "YS Chahal",
        "JJ Bumrah",
        "Navdeep Saini"
      ],
      "Sri Lanka": [
        "MD Gunathilaka",
        "WIA Fernando",
        "MDKJ Perera",
        "BOP Fernando",
        "AD Mathews",
        "DM de Silva",
        "MD Shanaka",
        "PWH de Silva",
        "PADLR Sandakan",
        "SL Malinga",
        "CBRLS Kumara"
      ]
    },
    "registry": {
      "people": {
        "AD Mathews": "896d78ad",
        "BOP Fernando": "1d048deb",
        "C Shamshuddin": "0f9d921b",
        "CBRLS Kumara": "4751caa3",
        "DC Boon": "e79a1fe3",
        "DM de Silva": "7d608e12",
        "JJ Bumrah": "462411b3",
        "K Srinivasan": "042a8b69",
        "KL Rahul": "b17e2f24",
        "MD Gunathilaka": "509a7ca1",
        "MD Shanaka": "3ff033bb",
        "MDKJ Perera": "f21043a5",
        "MK Pandey": "93b4fc78",
        "Navdeep Saini": "21d4e29b",
        "Nitin Menon": "e1d41d9e",
        "PADLR Sandakan": "79aad751",
        "PWH de Silva": "a97c8ec2",
        "S Dhawan": "0a476045",
        "SL Malinga": "a12e1d51",
        "SN Thakur": "1abb78f8",
        "SS Iyer": "85ec8e33",
        "SV Samson": "a4cc73aa",
        "V Kohli": "ba607b88",
        "VK Sharma": "a7a49df4",
        "WIA Fernando": "9550470d",
        "Washington Sundar": "f19ccfad",
        "YS Chahal": "57ee1fde"
      }
    },
    "season": "2019/20",
    "team_type": "international",
    "teams": [
      "India",
      "Sri Lanka"
    ],
    "toss": {
      "decision": "field",
      "winner": "Sri Lanka"
    },
    "venue": "Maharashtra Cricket Association Stadium"
  },
  "innings": [
    {
      "team": "India",
      "overs": [
        {
          "over": 0,
          "deliveries": [
            {
              "batter": "KL Rahul",
              "bowler": "SL Malinga",
              "non_striker": "S Dhawan",
              "runs": {
                "batter": 0,
                "extras": 0,
                "total": 0
              }
            },
            {
              "batter": "KL Rahul",
              "bowler": "SL Malinga",
              "non_striker": "S Dhawan",
              "runs": {
                "batter": 1,
                "extras": 0,
                "total": 1
              }
            },
            {
              "batter": "S Dhawan",
              "bowler": "SL Malinga",
              "extras": {
                "wides": 2
              },
              "non_striker": "KL Rahul",
              "runs": {
                "batter": 0,
                "extras": 2,
                "total": 2
              }
            },
            {
              "batter": "KL Rahul",
              "bowler": "SL Malinga",
              "non_striker": "S Dhawan",
              "runs": {
                "batter": 0,
                "extras": 0,
                "total": 0
              }
            },
            {
              "batter": "KL Rahul",
              "bowler": "SL Malinga",
              "non_striker": "S Dhawan",
              "runs": {
                "batter": 1,
                "extras": 0,
                "total": 1
              }
            },
            {
              "batter": "S Dhawan",
              "bowler": "SL Malinga",
              "non_striker": "KL Rahul",
              "runs": {
                "batter": 1,
                "extras": 0,
                "total": 1
              }
            },
            {
              "batter": "KL Rahul",
              "bowler": "SL Malinga",
              "non_striker": "S Dhawan",
              "runs": {
                "batter": 4,
                "extras": 0,
                "total": 4
              }
            }
          ]
        },
        {
          "over": 1,
          "deliveries": [
            {
              "batter": "S Dhawan",
              "bowler": "AD Mathews",
              "non_striker": "KL Rahul",
              "runs": {
                "batter": 0,
                "extras": 0,
                "total": 0
              }
            },
            {
              "batter": "S Dhawan",
              "bowler": "AD Mathews",
              "non_striker": "KL Rahul",
              "runs": {
                "batter": 0,
                "extras": 0,
                "total": 0
              }
            },
            {
              "batter": "S Dhawan",
              "bowler": "AD Mathews",
              "non_striker": "KL Rahul",
              "runs": {
                "batter": 4,
                "extras": 0,
                "total": 4
              }
            },
            {
              "batter": "S Dhawan",
              "bowler": "AD Mathews",
              "non_striker": "KL Rahul",
              "runs": {
                "batter": 1,
                "extras": 0,
                "total": 1
              }
            },
            {
              "batter": "KL Rahul",
              "bowler": "AD Mathews",
              "non_striker": "S Dhawan",
              "runs": {
                "batter": 4,
                "extras": 0,
                "total": 4
              }
            },
            {
              "batter": "KL Rahul",
              "bowler": "AD Mathews",
              "non_striker": "S Dhawan",
              "runs": {
                "batter": 4,
                "extras": 0,
                "total": 4
              }
            }
          ]
        },
        {
          "over": 2,
          "deliveries": [
            {
              "batter": "S Dhawan",
              "bowler": "SL Malinga",
              "non_striker": "KL Rahul",
              "runs": {
                "batter": 0,
                "extras": 0,
                "total": 0
              }
            },
            {
              "batter": "S Dhawan",
              "bowler": "SL Malinga",
              "non_striker": "KL Rahul",
              "runs": {
                "batter": 1,
                "extras": 0,
                "total": 1
              }
            },
            {
              "batter": "KL Rahul",
              "bowler": "SL Malinga",
              "non_striker": "S Dhawan",
              "runs": {
                "batter": 1,
                "extras": 0,
                "total": 1
              }
            },
            {
              "batter": "S Dhawan",
              "bowler": "SL Malinga",
              "non_striker": "KL Rahul",
              "runs": {
                "batter": 0,
                "extras": 0,
                "total": 0
              }
            },
            {
              "batter": "S Dhawan",
              "bowler": "SL Malinga",
              "extras": {
                "legbyes": 1
              },
              "non_striker": "KL Rahul",
              "runs": {
                "batter": 0,
                "extras": 1,
                "total": 1
              }
            },
            {
              "batter": "KL Rahul",
              "bowler": "SL Malinga",
              "non_striker": "S Dhawan",
              "runs": {
                "batter": 1,
                "extras": 0,
                "total": 1
              }
            }
          ]
        },
        {
          "over": 3,
          "deliveries": [
            {
              "batter": "KL Rahul",
              "bowler": "DM de Silva",
              "non_striker": "S Dhawan",
              "runs": {
                "batter": 1,
                "extras": 0,
                "total": 1
              }
            },
            {
              "batter": "S Dhawan",
              "bowler": "DM de Silva",
              "non_striker": "KL Rahul",
              "runs": {
                "batter": 4,
                "extras": 0,
                "total": 4
              }
            },
            {
              "batter": "S Dhawan",
              "bowler": "DM de Silva",
              "non_striker": "KL Rahul",
              "runs": {
                "batter": 1,
                "extras": 0,
                "total": 1
              }
            },
            {
              "batter": "KL Rahul",
              "bowler": "DM de Silva",
              "non_striker": "S Dhawan",
              "runs": {
                "batter": 0,
                "extras": 0,
                "total": 0
              }
            },
            {
              "batter": "KL Rahul",
              "bowler": "DM de Silva",
              "non_striker": "S Dhawan",
              "runs": {
                "batter": 6,
                "extras": 0,
                "total": 6
              }
            },
            {
              "batter": "KL Rahul",
              "bowler": "DM de Silva",
              "non_striker": "S Dhawan",
              "runs": {
                "batter": 1,
                "extras": 0,
                "total": 1
              }
            }
          ]
        },
        {
          "over": 4,
          "deliveries": [
            {
              "batter": "KL Rahul",
              "bowler": "SL Malinga",
              "non_striker": "S Dhawan",
              "runs": {
                "batter": 2,
                "extras": 0,
                "total": 2
              }
            },
            {
              "batter": "KL Rahul",
              "bowler": "SL Malinga",
              "non_striker": "S Dhawan",
              "runs": {
                "batter": 1,
                "extras": 0,
                "total": 1
              }
            },
            {
              "batter": "S Dhawan",
              "bowler": "SL Malinga",
              "non_striker": "KL Rahul",
              "runs": {
                "batter": 4,
                "extras": 0,
                "total": 4
              }
            },
            {
              "batter": "S Dhawan",
              "bowler": "SL Malinga",
              "non_striker": "KL Rahul",
              "runs": {
                "batter": 1,
                "extras": 0,
                "total": 1
              }
            },
            {
              "batter": "KL Rahul",
              "bowler": "SL Malinga",
              "non_striker": "S Dhawan",
              "runs": {
                "batter": 1,
                "extras": 0,
                "total": 1
              }
            },
            {
              "batter": "S Dhawan",
              "bowler": "SL Malinga",
              "non_striker": "KL Rahul",
              "runs": {
                "batter": 4,
                "extras": 0,
                "total": 4
              }
            }
          ]
        },
        {
          "over": 5,
          "deliveries": [
            {
              "batter": "KL Rahul",
              "bowler": "CBRLS Kumara",
              "non_striker": "S Dhawan",
              "runs": {
                "batter": 1,
                "extras": 0,
                "total": 1
              }
            },
            {
              "batter": "S Dhawan",
              "bowler": "CBRLS Kumara",
              "non_striker": "KL Rahul",
              "runs": {
                "batter": 4,
                "extras": 0,
                "total": 4
              }
            },
            {
              "batter": "S Dhawan",
              "bowler": "CBRLS Kumara",
              "non_striker": "KL Rahul",
              "runs": {
                "batter": 4,
                "extras": 0,
                "total": 4
              }
            },
            {
              "batter": "S Dhawan",
              "bowler": "CBRLS Kumara",
              "non_striker": "KL Rahul",
              "runs": {
                "batter": 1,
                "extras": 0,
                "total": 1
              }
            },
            {
              "batter": "KL Rahul",
              "bowler": "CBRLS Kumara",
              "non_striker": "S Dhawan",
              "runs": {
                "batter": 0,
                "extras": 0,
                "total": 0
              }
            },
            {
              "batter": "KL Rahul",
              "bowler": "CBRLS Kumara",
              "non_striker": "S Dhawan",
              "runs": {
                "batter": 1,
                "extras": 0,
                "total": 1
              }
            }
          ]
        },
        {
          "over": 6,
          "deliveries": [
            {
              "batter": "KL Rahul",
              "bowler": "AD Mathews",
              "non_striker": "S Dhawan",
              "runs": {
                "batter": 1,
                "extras": 0,
                "total": 1
              }
            },
            {
              "batter": "S Dhawan",
              "bowler": "AD Mathews",
              "non_striker": "KL Rahul",
              "runs": {
                "batter": 2,
                "extras": 0,
                "total": 2
              }
            },
            {
              "batter": "S Dhawan",
              "bowler": "AD Mathews",
              "extras": {
                "wides": 1
              },
              "non_striker": "KL Rahul",
              "runs": {
                "batter": 0,
                "extras": 1,
                "total": 1
              }
            },
            {
              "batter": "S Dhawan",
              "bowler": "AD Mathews",
              "non_striker": "KL Rahul",
              "runs": {
                "batter": 4,
                "extras": 0,
                "total": 4
              }
            },
            {
              "batter": "S Dhawan",
              "bowler": "AD Mathews",
              "non_striker": "KL Rahul",
              "runs": {
                "batter": 0,
                "extras": 0,
                "total": 0
              }
            },
            {
              "batter": "S Dhawan",
              "bowler": "AD Mathews",
              "non_striker": "KL Rahul",
              "runs": {
                "batter": 0,
                "extras": 0,
                "total": 0
              }
            },
            {
              "batter": "S Dhawan",
              "bowler": "AD Mathews",
              "non_striker": "KL Rahul",
              "runs": {
                "batter": 1,
                "extras": 0,
                "total": 1
              }
            }
          ]
        },
        {
          "over": 7,
          "deliveries": [
            {
              "batter": "S Dhawan",
              "bowler": "PWH de Silva",
              "non_striker": "KL Rahul",
              "runs": {
                "batter": 0,
                "extras": 0,
                "total": 0
              }
            },
            {
              "batter": "S Dhawan",
              "bowler": "PWH de Silva",
              "non_striker": "KL Rahul",
              "runs": {
                "batter": 1,
                "extras": 0,
                "total": 1
              }
            },
            {
              "batter": "KL Rahul",
              "bowler": "PWH de Silva",
              "non_striker": "S Dhawan",
              "runs": {
                "batter": 1,
                "extras": 0,
                "total": 1
              }
            },
            {
              "batter": "S Dhawan",
              "bowler": "PWH de Silva",
              "non_striker": "KL Rahul",
              "runs": {
                "batter": 0,
                "extras": 0,
                "total": 0
              }
            },
            {
              "batter": "S Dhawan",
              "bowler": "PWH de Silva",
              "non_striker": "KL Rahul",
              "runs": {
                "batter": 1,
                "extras": 0,
                "total": 1
              }
            },
            {
              "batter": "KL Rahul",
              "bowler": "PWH de Silva",
              "non_striker": "S Dhawan",
              "runs": {
                "batter": 1,
                "extras": 0,
                "total": 1
              }
            }
          ]
        },
        {
          "over": 8,
          "deliveries": [
            {
              "batter": "KL Rahul",
              "bowler": "PADLR Sandakan",
              "non_striker": "S Dhawan",
              "runs": {
                "batter": 1,
                "extras": 0,
                "total": 1
              }
            },
            {
              "batter": "S Dhawan",
              "bowler": "PADLR Sandakan",
              "non_striker": "KL Rahul",
              "runs": {
                "batter": 1,
                "extras": 0,
                "total": 1
              }
            },
            {
              "batter": "KL Rahul",
              "bowler": "PADLR Sandakan",
              "non_striker": "S Dhawan",
              "runs": {
                "batter": 1,
                "extras": 0,
                "total": 1
              }
            },
            {
              "batter": "S Dhawan",
              "bowler": "PADLR Sandakan",
              "extras": {
                "legbyes": 1
              },
              "non_striker": "KL Rahul",
              "runs": {
                "batter": 0,
                "extras": 1,
                "total": 1
              }
            },
            {
              "batter": "KL Rahul",
              "bowler": "PADLR Sandakan",
              "non_striker": "S Dhawan",
              "runs": {
                "batter": 1,
                "extras": 0,
                "total": 1
              }
            },
            {
              "batter": "S Dhawan",
              "bowler": "PADLR Sandakan",
              "non_striker": "KL Rahul",
              "runs": {
                "batter": 1,
                "extras": 0,
                "total": 1
              }
            }
          ]
        },
        {
          "over": 9,
          "deliveries": [
            {
              "batter": "S Dhawan",
              "bowler": "PWH de Silva",
              "non_striker": "KL Rahul",
              "runs": {
                "batter": 6,
                "extras": 0,
                "total": 6
              }
            },
            {
              "batter": "S Dhawan",
              "bowler": "PWH de Silva",
              "non_striker": "KL Rahul",
              "runs": {
                "batter": 1,
                "extras": 0,
                "total": 1
              }
            },
            {
              "batter": "KL Rahul",
              "bowler": "PWH de Silva",
              "non_striker": "S Dhawan",
              "runs": {
                "batter": 1,
                "extras": 0,
                "total": 1
              }
            },
            {
              "batter": "S Dhawan",
              "bowler": "PWH de Silva",
              "non_striker": "KL Rahul",
              "runs": {
                "batter": 0,
                "extras": 0,
                "total": 0
              }
            },
            {
              "batter": "S Dhawan",
              "bowler": "PWH de Silva",
              "non_striker": "KL Rahul",
              "runs": {
                "batter": 1,
                "extras": 0,
                "total": 1
              }
            },
            {
              "batter": "KL Rahul",
              "bowler": "PWH de Silva",
              "non_striker": "S Dhawan",
              "runs": {
                "batter": 1,
                "extras": 0,
                "total": 1
              }
            }
          ]
        },
        {
          "over": 10,
          "deliveries": [
            {
              "batter": "KL Rahul",
              "bowler": "PADLR Sandakan",
              "non_striker": "S Dhawan",
              "runs": {
                "batter": 1,
                "extras": 0,
                "total": 1
              }
            },
            {
              "batter": "S Dhawan",
              "bowler": "PADLR Sandakan",
              "non_striker": "KL Rahul",
              "runs": {
                "batter": 1,
                "extras": 0,
                "total": 1
              }
            },
            {
              "batter": "KL Rahul",
              "bowler": "PADLR Sandakan",
              "non_striker": "S Dhawan",
              "runs": {
                "batter": 1,
                "extras": 0,
                "total": 1
              }
            },
            {
              "batter": "S Dhawan",
              "bowler": "PADLR Sandakan",
              "non_striker": "KL Rahul",
              "runs": {
                "batter": 2,
                "extras": 0,
                "total": 2
              }
            },
            {
              "batter": "S Dhawan",
              "bowler": "PADLR Sandakan",
              "non_striker": "KL Rahul",
              "runs": {
                "batter": 0,
                "extras": 0,
                "total": 0
              },
              "wickets": [
                {
                  "kind": "caught",
                  "player_out": "S Dhawan",
                  "fielders": [
                    {
                      "name": "MD Gunathilaka"
                    }
                  ]
                }
              ]
            },
            {
              "batter": "SV Samson",
              "bowler": "PADLR Sandakan",
              "non_striker": "KL Rahul",
              "runs": {
                "batter": 6,
                "extras": 0,
                "total": 6
              }
            }
          ]
        },
        {
          "over": 11,
          "deliveries": [
            {
              "batter": "KL Rahul",
              "bowler": "PWH de Silva",
              "non_striker": "SV Samson",
              "runs": {
                "batter": 2,
                "extras": 0,
                "total": 2
              }
            },
            {
              "batter": "KL Rahul",
              "bowler": "PWH de Silva",
              "non_striker": "SV Samson",
              "runs": {
                "batter": 1,
                "extras": 0,
                "total": 1
              }
            },
            {
              "batter": "SV Samson",
              "bowler": "PWH de Silva",
              "non_striker": "KL Rahul",
              "runs": {
                "batter": 0,
                "extras": 0,
                "total": 0
              },
              "wickets": [
                {
                  "kind": "lbw",
                  "player_out": "SV Samson"
                }
              ]
            },
            {
              "batter": "MK Pandey",
              "bowler": "PWH de Silva",
              "non_striker": "KL Rahul",
              "runs": {
                "batter": 1,
                "extras": 0,
                "total": 1
              }
            },
            {
              "batter": "KL Rahul",
              "bowler": "PWH de Silva",
              "non_striker": "MK Pandey",
              "runs": {
                "batter": 4,
                "extras": 0,
                "total": 4
              }
            },
            {
              "batter": "KL Rahul",
              "bowler": "PWH de Silva",
              "non_striker": "MK Pandey",
              "runs": {
                "batter": 1,
                "extras": 0,
                "total": 1
              }
            }
          ]
        },
        {
          "over": 12,
          "deliveries": [
            {
              "batter": "KL Rahul",
              "bowler": "PADLR Sandakan",
              "non_striker": "MK Pandey",
              "runs": {
                "batter": 2,
                "extras": 0,
                "total": 2
              }
            },
            {
              "batter": "KL Rahul",
              "bowler": "PADLR Sandakan",
              "non_striker": "MK Pandey",
              "runs": {
                "batter": 4,
                "extras": 0,
                "total": 4
              }
            },
            {
              "batter": "KL Rahul",
              "bowler": "PADLR Sandakan",
              "non_striker": "MK Pandey",
              "runs": {
                "batter": 0,
                "extras": 0,
                "total": 0
              },
              "wickets": [
                {
                  "kind": "stumped",
                  "player_out": "KL Rahul",
                  "fielders": [
                    {
                      "name": "MDKJ Perera"
                    }
                  ]
                }
              ]
            },
            {
              "batter": "SS Iyer",
              "bowler": "PADLR Sandakan",
              "non_striker": "MK Pandey",
              "runs": {
                "batter": 4,
                "extras": 0,
                "total": 4
              }
            },
            {
              "batter": "SS Iyer",
              "bowler": "PADLR Sandakan",
              "non_striker": "MK Pandey",
              "runs": {
                "batter": 0,
                "extras": 0,
                "total": 0
              },
              "wickets": [
                {
                  "kind": "caught and bowled",
                  "player_out": "SS Iyer"
                }
              ]
            },
            {
              "batter": "V Kohli",
              "bowler": "PADLR Sandakan",
              "non_striker": "MK Pandey",
              "runs": {
                "batter": 1,
                "extras": 0,
                "total": 1
              }
            }
          ]
        },
        {
          "over": 13,
          "deliveries": [
            {
              "batter": "V Kohli",
              "bowler": "CBRLS Kumara",
              "non_striker": "MK Pandey",
              "runs": {
                "batter": 0,
                "extras": 0,
                "total": 0
              }
            },
            {
              "batter": "V Kohli",
              "bowler": "CBRLS Kumara",
              "non_striker": "MK Pandey",
              "runs": {
                "batter": 1,
                "extras": 0,
                "total": 1
              }
            },
            {
              "batter": "MK Pandey",
              "bowler": "CBRLS Kumara",
              "non_striker": "V Kohli",
              "runs": {
                "batter": 1,
                "extras": 0,
                "total": 1
              }
            },
            {
              "batter": "V Kohli",
              "bowler": "CBRLS Kumara",
              "non_striker": "MK Pandey",
              "runs": {
                "batter": 0,
                "extras": 0,
                "total": 0
              }
            },
            {
              "batter": "V Kohli",
              "bowler": "CBRLS Kumara",
              "non_striker": "MK Pandey",
              "runs": {
                "batter": 1,
                "extras": 0,
                "total": 1
              }
            },
            {
              "batter": "MK Pandey",
              "bowler": "CBRLS Kumara",
              "non_striker": "V Kohli",
              "runs": {
                "batter": 4,
                "extras": 0,
                "total": 4
              }
            }
          ]
        },
        {
          "over": 14,
          "deliveries": [
            {
              "batter": "V Kohli",
              "bowler": "PADLR Sandakan",
              "non_striker": "MK Pandey",
              "runs": {
                "batter": 0,
                "extras": 0,
                "total": 0
              }
            },
            {
              "batter": "V Kohli",
              "bowler": "PADLR Sandakan",
              "non_striker": "MK Pandey",
              "runs": {
                "batter": 4,
                "extras": 0,
                "total": 4
              }
            },
            {
              "batter": "V Kohli",
              "bowler": "PADLR Sandakan",
              "non_striker": "MK Pandey",
              "runs": {
                "batter": 1,
                "extras": 0,
                "total": 1
              }
            },
            {
              "batter": "MK Pandey",
              "bowler": "PADLR Sandakan",
              "non_striker": "V Kohli",
              "runs": {
                "batter": 1,
                "extras": 0,
                "total": 1
              }
            },
            {
              "batter": "V Kohli",
              "bowler": "PADLR Sandakan",
              "non_striker": "MK Pandey",
              "runs": {
                "batter": 1,
                "extras": 0,
                "total": 1
              }
            },
            {
              "batter": "MK Pandey",
              "bowler": "PADLR Sandakan",
              "non_striker": "V Kohli",
              "runs": {
                "batter": 1,
                "extras": 0,
                "total": 1
              }
            }
          ]
        },
        {
          "over": 15,
          "deliveries": [
            {
              "batter": "MK Pandey",
              "bowler": "PWH de Silva",
              "non_striker": "V Kohli",
              "runs": {
                "batter": 0,
                "extras": 0,
                "total": 0
              }
            },
            {
              "batter": "MK Pandey",
              "bowler": "PWH de Silva",
              "non_striker": "V Kohli",
              "runs": {
                "batter": 1,
                "extras": 0,
                "total": 1
              }
            },
            {
              "batter": "V Kohli",
              "bowler": "PWH de Silva",
              "non_striker": "MK Pandey",
              "runs": {
                "batter": 0,
                "extras": 0,
                "total": 0
              }
            },
            {
              "batter": "V Kohli",
              "bowler": "PWH de Silva",
              "non_striker": "MK Pandey",
              "runs": {
                "batter": 1,
                "extras": 0,
                "total": 1
              }
            },
            {
              "batter": "MK Pandey",
              "bowler": "PWH de Silva",
              "non_striker": "V Kohli",
              "runs": {
                "batter": 2,
                "extras": 0,
                "total": 2
              }
            },
            {
              "batter": "MK Pandey",
              "bowler": "PWH de Silva",
              "non_striker": "V Kohli",
              "runs": {
                "batter": 0,
                "extras": 0,
                "total": 0
              }
            }
          ]
        },
        {
          "over": 16,
          "deliveries": [
            {
              "batter": "V Kohli",
              "bowler": "AD Mathews",
              "non_striker": "MK Pandey",
              "runs": {
                "batter": 2,
                "extras": 0,
                "total": 2
              }
            },
            {
              "batter": "V Kohli",
              "bowler": "AD Mathews",
              "non_striker": "MK Pandey",
              "runs": {
                "batter": 6,
                "extras": 0,
                "total": 6
              }
            },
            {
              "batter": "V Kohli",
              "bowler": "AD Mathews",
              "non_striker": "MK Pandey",
              "runs": {
                "batter": 1,
                "extras": 0,
                "total": 1
              }
            },
            {
              "batter": "MK Pandey",
              "bowler": "AD Mathews",
              "non_striker": "V Kohli",
              "runs": {
                "batter": 1,
                "extras": 0,
                "total": 1
              }
            },
            {
              "batter": "V Kohli",
              "bowler": "AD Mathews",
              "non_striker": "MK Pandey",
              "runs": {
                "batter": 4,
                "extras": 0,
                "total": 4
              }
            },
            {
              "batter": "V Kohli",
              "bowler": "AD Mathews",
              "non_striker": "MK Pandey",
              "runs": {
                "batter": 2,
                "extras": 0,
                "total": 2
              }
            }
          ]
        },
        {
          "over": 17,
          "deliveries": [
            {
              "batter": "MK Pandey",
              "bowler": "CBRLS Kumara",
              "non_striker": "V Kohli",
              "runs": {
                "batter": 4,
                "extras": 0,
                "total": 4
              }
            },
            {
              "batter": "MK Pandey",
              "bowler": "CBRLS Kumara",
              "non_striker": "V Kohli",
              "runs": {
                "batter": 1,
                "extras": 0,
                "total": 1
              }
            },
            {
              "batter": "V Kohli",
              "bowler": "CBRLS Kumara",
              "non_striker": "MK Pandey",
              "runs": {
                "batter": 1,
                "extras": 0,
                "total": 1
              },
              "wickets": [
                {
                  "kind": "run out",
                  "player_out": "V Kohli"
                }
              ]
            },
            {
              "batter": "Washington Sundar",
              "bowler": "CBRLS Kumara",
              "non_striker": "MK Pandey",
              "runs": {
                "batter": 0,
                "extras": 0,
                "total": 0
              },
              "wickets": [
                {
                  "kind": "caught",
                  "player_out": "Washington Sundar",
                  "fielders": [
                    {
                      "name": "PADLR Sandakan"
                    }
                  ]
                }
              ]
            },
            {
              "batter": "MK Pandey",
              "bowler": "CBRLS Kumara",
              "non_striker": "SN Thakur",
              "runs": {
                "batter": 1,
                "extras": 0,
                "total": 1
              }
            },
            {
              "batter": "SN Thakur",
              "bowler": "CBRLS Kumara",
              "extras": {
                "wides": 1
              },
              "non_striker": "MK Pandey",
              "runs": {
                "batter": 0,
                "extras": 1,
                "total": 1
              }
            },
            {
              "batter": "SN Thakur",
              "bowler": "CBRLS Kumara",
              "non_striker": "MK Pandey",
              "runs": {
                "batter": 1,
                "extras": 0,
                "total": 1
              }
            }
          ]
        },
        {
          "over": 18,
          "deliveries": [
            {
              "batter": "SN Thakur",
              "bowler": "SL Malinga",
              "non_striker": "MK Pandey",
              "runs": {
                "batter": 6,
                "extras": 0,
                "total": 6
              }
            },
            {
              "batter": "SN Thakur",
              "bowler": "SL Malinga",
              "non_striker": "MK Pandey",
              "runs": {
                "batter": 1,
                "extras": 0,
                "total": 1
              }
            },
            {
              "batter": "MK Pandey",
              "bowler": "SL Malinga",
              "non_striker": "SN Thakur",
              "runs": {
                "batter": 2,
                "extras": 0,
                "total": 2
              }
            },
            {
              "batter": "MK Pandey",
              "bowler": "SL Malinga",
              "non_striker": "SN Thakur",
              "runs": {
                "batter": 4,
                "extras": 0,
                "total": 4
              }
            },
            {
              "batter": "MK Pandey",
              "bowler": "SL Malinga",
              "non_striker": "SN Thakur",
              "runs": {
                "batter": 1,
                "extras": 0,
                "total": 1
              }
            },
            {
              "batter": "SN Thakur",
              "bowler": "SL Malinga",
              "non_striker": "MK Pandey",
              "runs": {
                "batter": 1,
                "extras": 0,
                "total": 1
              }
            }
          ]
        },
        {
          "over": 19,
          "deliveries": [
            {
              "batter": "SN Thakur",
              "bowler": "CBRLS Kumara",
              "non_striker": "MK Pandey",
              "runs": {
                "batter": 2,
                "extras": 0,
                "total": 2
              }
            },
            {
              "batter": "SN Thakur",
              "bowler": "CBRLS Kumara",
              "non_striker": "MK Pandey",
              "runs": {
                "batter": 6,
                "extras": 0,
                "total": 6
              }
            },
            {
              "batter": "SN Thakur",
              "bowler": "CBRLS Kumara",
              "non_striker": "MK Pandey",
              "runs": {
                "batter": 4,
                "extras": 0,
                "total": 4
              }
            },
            {
              "batter": "SN Thakur",
              "bowler": "CBRLS Kumara",
              "non_striker": "MK Pandey",
              "runs": {
                "batter": 1,
                "extras": 0,
                "total": 1
              }
            },
            {
              "batter": "MK Pandey",
              "bowler": "CBRLS Kumara",
              "non_striker": "SN Thakur",
              "runs": {
                "batter": 4,
                "extras": 0,
                "total": 4
              }
            },
            {
              "batter": "MK Pandey",
              "bowler": "CBRLS Kumara",
              "non_striker": "SN Thakur",
              "runs": {
                "batter": 2,
                "extras": 0,
                "total": 2
              }
            }
          ]
        }
      ],
      "powerplays": [
        {
          "from": 0.1,
          "to": 5.6,
          "type": "mandatory"
        }
      ]
    },
    {
      "team": "Sri Lanka",
      "overs": [
        {
          "over": 0,
          "deliveries": [
            {
              "batter": "MD Gunathilaka",
              "bowler": "JJ Bumrah",
              "non_striker": "WIA Fernando",
              "runs": {
                "batter": 1,
                "extras": 0,
                "total": 1
              }
            },
            {
              "batter": "WIA Fernando",
              "bowler": "JJ Bumrah",
              "non_striker": "MD Gunathilaka",
              "runs": {
                "batter": 0,
                "extras": 0,
                "total": 0
              }
            },
            {
              "batter": "WIA Fernando",
              "bowler": "JJ Bumrah",
              "non_striker": "MD Gunathilaka",
              "runs": {
                "batter": 0,
                "extras": 0,
                "total": 0
              }
            },
            {
              "batter": "WIA Fernando",
              "bowler": "JJ Bumrah",
              "non_striker": "MD Gunathilaka",
              "runs": {
                "batter": 2,
                "extras": 0,
                "total": 2
              }
            },
            {
              "batter": "WIA Fernando",
              "bowler": "JJ Bumrah",
              "non_striker": "MD Gunathilaka",
              "runs": {
                "batter": 1,
                "extras": 0,
                "total": 1
              }
            },
            {
              "batter": "MD Gunathilaka",
              "bowler": "JJ Bumrah",
              "extras": {
                "wides": 1
              },
              "non_striker": "WIA Fernando",
              "runs": {
                "batter": 0,
                "extras": 1,
                "total": 1
              }
            },
            {
              "batter": "MD Gunathilaka",
              "bowler": "JJ Bumrah",
              "non_striker": "WIA Fernando",
              "runs": {
                "batter": 0,
                "extras": 0,
                "total": 0
              },
              "wickets": [
                {
                  "kind": "caught",
                  "player_out": "MD Gunathilaka",
                  "fielders": [
                    {
                      "name": "Washington Sundar"
                    }
                  ]
                }
              ]
            }
          ]
        },
        {
          "over": 1,
          "deliveries": [
            {
              "batter": "WIA Fernando",
              "bowler": "SN Thakur",
              "non_striker": "MDKJ Perera",
              "runs": {
                "batter": 0,
                "extras": 0,
                "total": 0
              }
            },
            {
              "batter": "WIA Fernando",
              "bowler": "SN Thakur",
              "non_striker": "MDKJ Perera",
              "runs": {
                "batter": 6,
                "extras": 0,
                "total": 6
              }
            },
            {
              "batter": "WIA Fernando",
              "bowler": "SN Thakur",
              "non_striker": "MDKJ Perera",
              "runs": {
                "batter": 0,
                "extras": 0,
                "total": 0
              },
              "wickets": [
                {
                  "kind": "caught",
                  "player_out": "WIA Fernando",
                  "fielders": [
                    {
                      "name": "SS Iyer"
                    }
                  ]
                }
              ]
            },
            {
              "batter": "BOP Fernando",
              "bowler": "SN Thakur",
              "non_striker": "MDKJ Perera",
              "runs": {
                "batter": 0,
                "extras": 0,
                "total": 0
              }
            },
            {
              "batter": "BOP Fernando",
              "bowler": "SN Thakur",
              "non_striker": "MDKJ Perera",
              "runs": {
                "batter": 0,
                "extras": 0,
                "total": 0
              }
            },
            {
              "batter": "BOP Fernando",
              "bowler": "SN Thakur",
              "non_striker": "MDKJ Perera",
              "runs": {
                "batter": 0,
                "extras": 0,
                "total": 0
              }
            }
          ]
        },
        {
          "over": 2,
          "deliveries": [
            {
              "batter": "MDKJ Perera",
              "bowler": "Navdeep Saini",
              "extras": {
                "wides": 1
              },
              "non_striker": "BOP Fernando",
              "runs": {
                "batter": 0,
                "extras": 1,
                "total": 1
              }
            },
            {
              "batter": "MDKJ Perera",
              "bowler": "Navdeep Saini",
              "non_striker": "BOP Fernando",
              "runs": {
                "batter": 0,
                "extras": 0,
                "total": 0
              }
            },
            {
              "batter": "MDKJ Perera",
              "bowler": "Navdeep Saini",
              "non_striker": "BOP Fernando",
              "runs": {
                "batter": 0,
                "extras": 0,
                "total": 0
              }
            },
            {
              "batter": "MDKJ Perera",
              "bowler": "Navdeep Saini",
              "non_striker": "BOP Fernando",
              "runs": {
                "batter": 0,
                "extras": 0,
                "total": 0
              }
            },
            {
              "batter": "MDKJ Perera",
              "bowler": "Navdeep Saini",
              "non_striker": "BOP Fernando",
              "runs": {
                "batter": 1,
                "extras": 0,
                "total": 1
              }
            },
            {
              "batter": "BOP Fernando",
              "bowler": "Navdeep Saini",
              "non_striker": "MDKJ Perera",
              "runs": {
                "batter": 2,
                "extras": 0,
                "total": 2
              }
            },
            {
              "batter": "BOP Fernando",
              "bowler": "Navdeep Saini",
              "non_striker": "MDKJ Perera",
              "runs": {
                "batter": 0,
                "extras": 0,
                "total": 0
              }
            }
          ]
        },
        {
          "over": 3,
          "deliveries": [
            {
              "batter": "MDKJ Perera",
              "bowler": "JJ Bumrah",
              "non_striker": "BOP Fernando",
              "runs": {
                "batter": 0,
                "extras": 0,
                "total": 0
              },
              "wickets": [
                {
                  "kind": "run out",
                  "player_out": "BOP Fernando"
                }
              ]
            },
            {
              "batter": "AD Mathews",
              "bowler": "JJ Bumrah",
              "non_striker": "MDKJ Perera",
              "runs": {
                "batter": 0,
                "extras": 0,
                "total": 0
              }
            },
            {
              "batter": "AD Mathews",
              "bowler": "JJ Bumrah",
              "non_striker": "MDKJ Perera",
              "runs": {
                "batter": 0,
                "extras": 0,
                "total": 0
              }
            },
            {
              "batter": "AD Mathews",
              "bowler": "JJ Bumrah",
              "non_striker": "MDKJ Perera",
              "runs": {
                "batter": 0,
                "extras": 0,
                "total": 0
              }
            },
            {
              "batter": "AD Mathews",
              "bowler": "JJ Bumrah",
              "non_striker": "MDKJ Perera",
              "runs": {
                "batter": 0,
                "extras": 0,
                "total": 0
              }
            },
            {
              "batter": "AD Mathews",
              "bowler": "JJ Bumrah",
              "non_striker": "MDKJ Perera",
              "runs": {
                "batter": 0,
                "extras": 0,
                "total": 0
              }
            }
          ]
        },
        {
          "over": 4,
          "deliveries": [
            {
              "batter": "MDKJ Perera",
              "bowler": "SN Thakur",
              "non_striker": "AD Mathews",
              "runs": {
                "batter": 1,
                "extras": 0,
                "total": 1
              }
            },
            {
              "batter": "AD Mathews",
              "bowler": "SN Thakur",
              "non_striker": "MDKJ Perera",
              "runs": {
                "batter": 1,
                "extras": 0,
                "total": 1
              }
            },
            {
              "batter": "MDKJ Perera",
              "bowler": "SN Thakur",
              "non_striker": "AD Mathews",
              "runs": {
                "batter": 4,
                "extras": 0,
                "total": 4
              }
            },
            {
              "batter": "MDKJ Perera",
              "bowler": "SN Thakur",
              "non_striker": "AD Mathews",
              "runs": {
                "batter": 0,
                "extras": 0,
                "total": 0
              }
            },
            {
              "batter": "MDKJ Perera",
              "bowler": "SN Thakur",
              "non_striker": "AD Mathews",
              "runs": {
                "batter": 1,
                "extras": 0,
                "total": 1
              }
            },
            {
              "batter": "AD Mathews",
              "bowler": "SN Thakur",
              "non_striker": "MDKJ Perera",
              "runs": {
                "batter": 4,
                "extras": 0,
                "total": 4
              }
            }
          ]
        },
        {
          "over": 5,
          "deliveries": [
            {
              "batter": "MDKJ Perera",
              "bowler": "Navdeep Saini",
              "non_striker": "AD Mathews",
              "runs": {
                "batter": 0,
                "extras": 0,
                "total": 0
              },
              "wickets": [
                {
                  "kind": "bowled",
                  "player_out": "MDKJ Perera"
                }
              ]
            },
            {
              "batter": "DM de Silva",
              "bowler": "Navdeep Saini",
              "extras": {
                "wides": 1
              },
              "non_striker": "AD Mathews",
              "runs": {
                "batter": 0,
                "extras": 1,
                "total": 1
              }
            },
            {
              "batter": "DM de Silva",
              "bowler": "Navdeep Saini",
              "non_striker": "AD Mathews",
              "runs": {
                "batter": 4,
                "extras": 0,
                "total": 4
              }
            },
            {
              "batter": "DM de Silva",
              "bowler": "Navdeep Saini",
              "non_striker": "AD Mathews",
              "runs": {
                "batter": 0,
                "extras": 0,
                "total": 0
              }
            },
            {
              "batter": "DM de Silva",
              "bowler": "Navdeep Saini",
              "non_striker": "AD Mathews",
              "runs": {
                "batter": 0,
                "extras": 0,
                "total": 0
              }
            },
            {
              "batter": "DM de Silva",
              "bowler": "Navdeep Saini",
              "non_striker": "AD Mathews",
              "runs": {
                "batter": 0,
                "extras": 0,
                "total": 0
              }
            },
            {
              "batter": "DM de Silva",
              "bowler": "Navdeep Saini",
              "non_striker": "AD Mathews",
              "runs": {
                "batter": 4,
                "extras": 0,
                "total": 4
              }
            }
          ]
        },
        {
          "over": 6,
          "deliveries": [
            {
              "batter": "AD Mathews",
              "bowler": "Washington Sundar",
              "non_striker": "DM de Silva",
              "runs": {
                "batter": 1,
                "extras": 0,
                "total": 1
              }
            },
            {
              "batter": "DM de Silva",
              "bowler": "Washington Sundar",
              "non_striker": "AD Mathews",
              "runs": {
                "batter": 0,
                "extras": 0,
                "total": 0
              }
            },
            {
              "batter": "DM de Silva",
              "bowler": "Washington Sundar",
              "non_striker": "AD Mathews",
              "runs": {
                "batter": 1,
                "extras": 0,
                "total": 1
              }
            },
            {
              "batter": "AD Mathews",
              "bowler": "Washington Sundar",
              "non_striker": "DM de Silva",
              "runs": {
                "batter": 0,
                "extras": 0,
                "total": 0
              }
            },
            {
              "batter": "AD Mathews",
              "bowler": "Washington Sundar",
              "non_striker": "DM de Silva",
              "runs": {
                "batter": 0,
                "extras": 0,
                "total": 0
              }
            },
            {
              "batter": "AD Mathews",
              "bowler": "Washington Sundar",
              "non_striker": "DM de Silva",
              "runs": {
                "batter": 2,
                "extras": 0,
                "total": 2
              }
            }
          ]
        },
        {
          "over": 7,
          "deliveries": [
            {
              "batter": "DM de Silva",
              "bowler": "YS Chahal",
              "non_striker": "AD Mathews",
              "runs": {
                "batter": 4,
                "extras": 0,
                "total": 4
              }
            },
            {
              "batter": "DM de Silva",
              "bowler": "YS Chahal",
              "non_striker": "AD Mathews",
              "runs": {
                "batter": 1,
                "extras": 0,
                "total": 1
              }
            },
            {
              "batter": "AD Mathews",
              "bowler": "YS Chahal",
              "non_striker": "DM de Silva",
              "runs": {
                "batter": 1,
                "extras": 0,
                "total": 1
              }
            },
            {
              "batter": "DM de Silva",
              "bowler": "YS Chahal",
              "non_striker": "AD Mathews",
              "runs": {
                "batter": 1,
                "extras": 0,
                "total": 1
              }
            },
            {
              "batter": "AD Mathews",
              "bowler": "YS Chahal",
              "non_striker": "DM de Silva",
              "runs": {
                "batter": 1,
                "extras": 0,
                "total": 1
              }
            },
            {
              "batter": "DM de Silva",
              "bowler": "YS Chahal",
              "non_striker": "AD Mathews",
              "runs": {
                "batter": 1,
                "extras": 0,
                "total": 1
              }
            }
          ]
        },
        {
          "over": 8,
          "deliveries": [
            {
              "batter": "DM de Silva",
              "bowler": "Washington Sundar",
              "extras": {
                "byes": 1
              },
              "non_striker": "AD Mathews",
              "runs": {
                "batter": 0,
                "extras": 1,
                "total": 1
              }
            },
            {
              "batter": "AD Mathews",
              "bowler": "Washington Sundar",
              "non_striker": "DM de Silva",
              "runs": {
                "batter": 6,
                "extras": 0,
                "total": 6
              }
            },
            {
              "batter": "AD Mathews",
              "bowler": "Washington Sundar",
              "non_striker": "DM de Silva",
              "runs": {
                "batter": 1,
                "extras": 0,
                "total": 1
              }
            },
            {
              "batter": "DM de Silva",
              "bowler": "Washington Sundar",
              "non_striker": "AD Mathews",
              "runs": {
                "batter": 4,
                "extras": 0,
                "total": 4
              }
            },
            {
              "batter": "DM de Silva",
              "bowler": "Washington Sundar",
              "non_striker": "AD Mathews",
              "runs": {
                "batter": 1,
                "extras": 0,
                "total": 1
              }
            },
            {
              "batter": "AD Mathews",
              "bowler": "Washington Sundar",
              "non_striker": "DM de Silva",
              "runs": {
                "batter": 6,
                "extras": 0,
                "total": 6
              }
            }
          ]
        },
        {
          "over": 9,
          "deliveries": [
            {
              "batter": "DM de Silva",
              "bowler": "YS Chahal",
              "non_striker": "AD Mathews",
              "runs": {
                "batter": 6,
                "extras": 0,
                "total": 6
              }
            },
            {
              "batter": "DM de Silva",
              "bowler": "YS Chahal",
              "non_striker": "AD Mathews",
              "runs": {
                "batter": 0,
                "extras": 0,
                "total": 0
              }
            },
            {
              "batter": "DM de Silva",
              "bowler": "YS Chahal",
              "non_striker": "AD Mathews",
              "runs": {
                "batter": 1,
                "extras": 0,
                "total": 1
              }
            },
            {
              "batter": "AD Mathews",
              "bowler": "YS Chahal",
              "non_striker": "DM de Silva",
              "runs": {
                "batter": 1,
                "extras": 0,
                "total": 1
              }
            },
            {
              "batter": "DM de Silva",
              "bowler": "YS Chahal",
              "non_striker": "AD Mathews",
              "runs": {
                "batter": 2,
                "extras": 0,
                "total": 2
              }
            },
            {
              "batter": "DM de Silva",
              "bowler": "YS Chahal",
              "non_striker": "AD Mathews",
              "runs": {
                "batter": 1,
                "extras": 0,
                "total": 1
              }
            }
          ]
        },
        {
          "over": 10,
          "deliveries": [
            {
              "batter": "DM de Silva",
              "bowler": "Navdeep Saini",
              "non_striker": "AD Mathews",
              "runs": {
                "batter": 4,
                "extras": 0,
                "total": 4
              }
            },
            {
              "batter": "DM de Silva",
              "bowler": "Navdeep Saini",
              "non_striker": "AD Mathews",
              "runs": {
                "batter": 0,
                "extras": 0,
                "total": 0
              }
            },
            {
              "batter": "DM de Silva",
              "bowler": "Navdeep Saini",
              "non_striker": "AD Mathews",
              "runs": {
                "batter": 1,
                "extras": 0,
                "total": 1
              }
            },
            {
              "batter": "AD Mathews",
              "bowler": "Navdeep Saini",
              "non_striker": "DM de Silva",
              "runs": {
                "batter": 1,
                "extras": 0,
                "total": 1
              }
            },
            {
              "batter": "DM de Silva",
              "bowler": "Navdeep Saini",
              "non_striker": "AD Mathews",
              "runs": {
                "batter": 4,
                "extras": 0,
                "total": 4
              }
            },
            {
              "batter": "DM de Silva",
              "bowler": "Navdeep Saini",
              "non_striker": "AD Mathews",
              "runs": {
                "batter": 0,
                "extras": 0,
                "total": 0
              }
            }
          ]
        },
        {
          "over": 11,
          "deliveries": [
            {
              "batter": "AD Mathews",
              "bowler": "Washington Sundar",
              "non_striker": "DM de Silva",
              "runs": {
                "batter": 6,
                "extras": 0,
                "total": 6
              }
            },
            {
              "batter": "AD Mathews",
              "bowler": "Washington Sundar",
              "non_striker": "DM de Silva",
              "runs": {
                "batter": 0,
                "extras": 0,
                "total": 0
              },
              "wickets": [
                {
                  "kind": "caught",
                  "player_out": "AD Mathews",
                  "fielders": [
                    {
                      "name": "MK Pandey"
                    }
                  ]
                }
              ]
            },
            {
              "batter": "DM de Silva",
              "bowler": "Washington Sundar",
              "non_striker": "MD Shanaka",
              "runs": {
                "batter": 0,
                "extras": 0,
                "total": 0
              }
            },
            {
              "batter": "DM de Silva",
              "bowler": "Washington Sundar",
              "non_striker": "MD Shanaka",
              "runs": {
                "batter": 1,
                "extras": 0,
                "total": 1
              }
            },
            {
              "batter": "MD Shanaka",
              "bowler": "Washington Sundar",
              "non_striker": "DM de Silva",
              "runs": {
                "batter": 0,
                "extras": 0,
                "total": 0
              }
            },
            {
              "batter": "MD Shanaka",
              "bowler": "Washington Sundar",
              "non_striker": "DM de Silva",
              "runs": {
                "batter": 1,
                "extras": 0,
                "total": 1
              }
            }
          ]
        },
        {
          "over": 12,
          "deliveries": [
            {
              "batter": "MD Shanaka",
              "bowler": "YS Chahal",
              "non_striker": "DM de Silva",
              "runs": {
                "batter": 1,
                "extras": 0,
                "total": 1
              }
            },
            {
              "batter": "DM de Silva",
              "bowler": "YS Chahal",
              "non_striker": "MD Shanaka",
              "runs": {
                "batter": 4,
                "extras": 0,
                "total": 4
              }
            },
            {
              "batter": "DM de Silva",
              "bowler": "YS Chahal",
              "non_striker": "MD Shanaka",
              "runs": {
                "batter": 1,
                "extras": 0,
                "total": 1
              }
            },
            {
              "batter": "MD Shanaka",
              "bowler": "YS Chahal",
              "non_striker": "DM de Silva",
              "runs": {
                "batter": 0,
                "extras": 0,
                "total": 0
              }
            },
            {
              "batter": "MD Shanaka",
              "bowler": "YS Chahal",
              "non_striker": "DM de Silva",
              "runs": {
                "batter": 6,
                "extras": 0,
                "total": 6
              }
            },
            {
              "batter": "MD Shanaka",
              "bowler": "YS Chahal",
              "non_striker": "DM de Silva",
              "runs": {
                "batter": 1,
                "extras": 0,
                "total": 1
              }
            }
          ]
        },
        {
          "over": 13,
          "deliveries": [
            {
              "batter": "MD Shanaka",
              "bowler": "SN Thakur",
              "non_striker": "DM de Silva",
              "runs": {
                "batter": 0,
                "extras": 0,
                "total": 0
              }
            },
            {
              "batter": "MD Shanaka",
              "bowler": "SN Thakur",
              "non_striker": "DM de Silva",
              "runs": {
                "batter": 0,
                "extras": 0,
                "total": 0
              }
            },
            {
              "batter": "MD Shanaka",
              "bowler": "SN Thakur",
              "extras": {
                "wides": 1
              },
              "non_striker": "DM de Silva",
              "runs": {
                "batter": 0,
                "extras": 1,
                "total": 1
              }
            },
            {
              "batter": "MD Shanaka",
              "bowler": "SN Thakur",
              "non_striker": "DM de Silva",
              "runs": {
                "batter": 0,
                "extras": 0,
                "total": 0
              },
              "wickets": [
                {
                  "kind": "caught and bowled",
                  "player_out": "MD Shanaka"
                }
              ]
            },
            {
              "batter": "PWH de Silva",
              "bowler": "SN Thakur",
              "non_striker": "DM de Silva",
              "runs": {
                "batter": 0,
                "extras": 0,
                "total": 0
              }
            },
            {
              "batter": "PWH de Silva",
              "bowler": "SN Thakur",
              "non_striker": "DM de Silva",
              "runs": {
                "batter": 0,
                "extras": 0,
                "total": 0
              },
              "wickets": [
                {
                  "kind": "run out",
                  "player_out": "PWH de Silva"
                }
              ]
            },
            {
              "batter": "DM de Silva",
              "bowler": "SN Thakur",
              "non_striker": "PADLR Sandakan",
              "runs": {
                "batter": 1,
                "extras": 0,
                "total": 1
              }
            }
          ]
        },
        {
          "over": 14,
          "deliveries": [
            {
              "batter": "DM de Silva",
              "bowler": "Washington Sundar",
              "non_striker": "PADLR Sandakan",
              "runs": {
                "batter": 1,
                "extras": 0,
                "total": 1
              }
            },
            {
              "batter": "PADLR Sandakan",
              "bowler": "Washington Sundar",
              "non_striker": "DM de Silva",
              "runs": {
                "batter": 1,
                "extras": 0,
                "total": 1
              }
            },
            {
              "batter": "DM de Silva",
              "bowler": "Washington Sundar",
              "non_striker": "PADLR Sandakan",
              "runs": {
                "batter": 2,
                "extras": 0,
                "total": 2
              }
            },
            {
              "batter": "DM de Silva",
              "bowler": "Washington Sundar",
              "non_striker": "PADLR Sandakan",
              "runs": {
                "batter": 2,
                "extras": 0,
                "total": 2
              }
            },
            {
              "batter": "DM de Silva",
              "bowler": "Washington Sundar",
              "non_striker": "PADLR Sandakan",
              "runs": {
                "batter": 1,
                "extras": 0,
                "total": 1
              }
            },
            {
              "batter": "PADLR Sandakan",
              "bowler": "Washington Sundar",
              "non_striker": "DM de Silva",
              "runs": {
                "batter": 0,
                "extras": 0,
                "total": 0
              },
              "wickets": [
                {
                  "kind": "stumped",
                  "player_out": "PADLR Sandakan",
                  "fielders": [
                    {
                      "name": "SV Samson"
                    }
                  ]
                }
              ]
            }
          ]
        },
        {
          "over": 15,
          "deliveries": [
            {
              "batter": "DM de Silva",
              "bowler": "Navdeep Saini",
              "non_striker": "SL Malinga",
              "runs": {
                "batter": 0,
                "extras": 0,
                "total": 0
              }
            },
            {
              "batter": "DM de Silva",
              "bowler": "Navdeep Saini",
              "non_striker": "SL Malinga",
              "runs": {
                "batter": 4,
                "extras": 0,
                "total": 4
              }
            },
            {
              "batter": "DM de Silva",
              "bowler": "Navdeep Saini",
              "non_striker": "SL Malinga",
              "runs": {
                "batter": 0,
                "extras": 0,
                "total": 0
              },
              "wickets": [
                {
                  "kind": "caught",
                  "player_out": "DM de Silva",
                  "fielders": [
                    {
                      "name": "JJ Bumrah"
                    }
                  ]
                }
              ]
            },
            {
              "batter": "CBRLS Kumara",
              "bowler": "Navdeep Saini",
              "non_striker": "SL Malinga",
              "runs": {
                "batter": 1,
                "extras": 0,
                "total": 1
              }
            },
            {
              "batter": "SL Malinga",
              "bowler": "Navdeep Saini",
              "non_striker": "CBRLS Kumara",
              "runs": {
                "batter": 0,
                "extras": 0,
                "total": 0
              },
              "wickets": [
                {
                  "kind": "caught",
                  "player_out": "SL Malinga",
                  "fielders": [
                    {
                      "name": "V Kohli"
                    }
                  ]
                }
              ]
            }
          ]
        }
      ],
      "powerplays": [
        {
          "from": 0.1,
          "to": 5.7,
          "type": "mandatory"
        }
      ],
      "target": {
        "overs": 20,
        "runs": 202
      }
    }
  ]
}