{
  "meta": {
    "data_version": "1.0.0",
    "created": "2019-10-13",
    "revision": 1
  },
  "info": {
    "balls_per_over": 6,
    "city": "Kuala Lumpur",
    "dates": [
      "2019-10-01",
      "2019-10-02"
    ],
    "event": {
      "name": "Vanuatu tour of Malaysia",
      "match_number": 2
    },
    "gender": "male",
    "match_type": "T20",
    "match_type_number": 898,
    "officials": {
      "match_referees": [
        "Tan Kim Hing"
      ],
      "umpires": [
        "Rudy Ismandy",
        "V Kalidas"
      ]
    },
    "outcome": {
      "winner": "Vanuatu",
      "by": {
        "runs": 51
      }
    },
    "overs": 20,
    "player_of_match": [
      "PK Matautaava"
    ],
    "players": {
      "Vanuatu": [
        "J Rasu",
        "A Mansale",
        "PK Matautaava",
        "N Nipiko",
        "C Tommy",
        "R Tari",
        "J Vira",
        "W Viraliliu",
        "JW Chilia",
        "W Nalisa",
        "SH Obed"
      ],
      "Malaysia": [
        "Virandeep Singh",
        "Anwar Arudin",
        "Ainool Hafizs",
        "Mohamed Arief",
        "S Muniandy",
        "Zubaidi Zulkifle",
        "Nazril Rahman",
        "Fitri Sham",
        "Syazrul Idrus",
        "Ainool Haqqiem",
        "Pavandeep Singh"
      ]
    },
    "registry": {
      "people": {
        "A Mansale": "a22b4f3f",
        "Ainool Hafizs": "1bada9da",
        "Ainool Haqqiem": "349cf113",
        "Anwar Arudin": "6d24561a",
        "C Tommy": "c6d4cff0",
        "Fitri Sham": "d2ec068c",
        "J Rasu": "1021b6e5",
        "J Vira": "2090e94d",
        "JW Chilia": "479da8f9",
        "Mohamed Arief": "1087dd78",
        "N Nipiko": "c498c510",
        "Nazril Rahman": "6d5bdc43",
        "PK Matautaava": "af19aa66",
        "Pavandeep Singh": "78fcc740",
        "R Tari": "c4d19735",
        "Rudy Ismandy": "84682045",
        "S Muniandy": "57fcfd3b",
        "SH Obed": "f49c401e",
        "Syazrul Idrus": "6dba59e0",
        "Tan Kim Hing": "515296bd",
        "V Kalidas": "42d76418",
        "Virandeep Singh": "415d30b6",
        "W Nalisa": "673be48f",
        "W Viraliliu": "a89730a9",
        "Zubaidi Zulkifle": "dca8273d"
      }
    },
    "season": "2019/20",
    "team_type": "international",
    "teams": [
      "Malaysia",
      "Vanuatu"
    ],
    "toss": {
      "decision": "bat",
      "winner": "Vanuatu"
    },
    "venue": "Kinrara Academy Oval"
  },
  "innings": [
    {
      "team": "Vanuatu",
      "overs": [
        {
          "over": 0,
          "deliveries": [
            {
              "batter": "J Rasu",
              "bowler": "Syazrul Idrus",
              "non_striker": "A Mansale",
              "runs": {
                "batter": 0,
                "extras": 0,
                "total": 0
              }
            },
            {
              "batter": "J Rasu",
              "bowler": "Syazrul Idrus",
              "non_striker": "A Mansale",
              "runs": {
                "batter": 1,
                "extras": 0,
                "total": 1
              }
            },
            {
              "batter": "A Mansale",
              "bowler": "Syazrul Idrus",
              "non_striker": "J Rasu",
              "runs": {
                "batter": 0,
                "extras": 0,
                "total": 0
              }
            },
            {
              "batter": "A Mansale",
              "bowler": "Syazrul Idrus",
              "non_striker": "J Rasu",
              "runs": {
                "batter": 0,
                "extras": 0,
                "total": 0
              }
            },
            {
              "batter": "A Mansale",
              "bowler": "Syazrul Idrus",
              "non_striker": "J Rasu",
              "runs": {
                "batter": 0,
                "extras": 0,
                "total": 0
              }
            },
            {
              "batter": "A Mansale",
              "bowler": "Syazrul Idrus",
              "non_striker": "J Rasu",
              "runs": {
                "batter": 0,
                "extras": 0,
                "total": 0
              },
              "wickets": [
                {
                  "kind": "caught",
                  "player_out": "A Mansale",
                  "fielders": [
                    {
                      "name": "Virandeep Singh"
                    }
                  ]
                }
              ]
            }
          ]
        },
        {
          "over": 1,
          "deliveries": [
            {
              "batter": "J Rasu",
              "bowler": "Fitri Sham",
              "non_striker": "PK Matautaava",
              "runs": {
                "batter": 0,
                "extras": 0,
                "total": 0
              }
            },
            {
              "batter": "J Rasu",
              "bowler": "Fitri Sham",
              "non_striker": "PK Matautaava",
              "runs": {
                "batter": 1,
                "extras": 0,
                "total": 1
              }
            },
            {
              "batter": "PK Matautaava",
              "bowler": "Fitri Sham",
              "non_striker": "J Rasu",
              "runs": {
                "batter": 4,
                "extras": 0,
                "total": 4
              }
            },
            {
              "batter": "PK Matautaava",
              "bowler": "Fitri Sham",
              "non_striker": "J Rasu",
              "runs": {
                "batter": 0,
                "extras": 0,
                "total": 0
              }
            },
            {
              "batter": "PK Matautaava",
              "bowler": "Fitri Sham",
              "non_striker": "J Rasu",
              "runs": {
                "batter": 1,
                "extras": 0,
                "total": 1
              }
            },
            {
              "batter": "J Rasu",
              "bowler": "Fitri Sham",
              "non_striker": "PK Matautaava",
              "runs": {
                "batter": 0,
                "extras": 0,
                "total": 0
              }
            }
          ]
        },
        {
          "over": 2,
          "deliveries": [
            {
              "batter": "PK Matautaava",
              "bowler": "Syazrul Idrus",
              "non_striker": "J Rasu",
              "runs": {
                "batter": 0,
                "extras": 0,
                "total": 0
              }
            },
            {
              "batter": "PK Matautaava",
              "bowler": "Syazrul Idrus",
              "non_striker": "J Rasu",
              "runs": {
                "batter": 4,
                "extras": 0,
                "total": 4
              }
            },
            {
              "batter": "PK Matautaava",
              "bowler": "Syazrul Idrus",
              "non_striker": "J Rasu",
              "runs": {
                "batter": 0,
                "extras": 0,
                "total": 0
              }
            },
            {
              "batter": "PK Matautaava",
              "bowler": "Syazrul Idrus",
              "non_striker": "J Rasu",
              "runs": {
                "batter": 4,
                "extras": 0,
                "total": 4
              }
            },
            {
              "batter": "PK Matautaava",
              "bowler": "Syazrul Idrus",
              "non_striker": "J Rasu",
              "runs": {
                "batter": 4,
                "extras": 0,
                "total": 4
              }
            },
            {
              "batter": "PK Matautaava",
              "bowler": "Syazrul Idrus",
              "non_striker": "J Rasu",
              "runs": {
                "batter": 6,
                "extras": 0,
                "total": 6
              }
            }
          ]
        },
        {
          "over": 3,
          "deliveries": [
            {
              "batter": "J Rasu",
              "bowler": "Pavandeep Singh",
              "non_striker": "PK Matautaava",
              "runs": {
                "batter": 0,
                "extras": 0,
                "total": 0
              }
            },
            {
              "batter": "J Rasu",
              "bowler": "Pavandeep Singh",
              "non_striker": "PK Matautaava",
              "runs": {
                "batter": 0,
                "extras": 0,
                "total": 0
              }
            },
            {
              "batter": "J Rasu",
              "bowler": "Pavandeep Singh",
              "extras": {
                "legbyes": 1
              },
              "non_striker": "PK Matautaava",
              "runs": {
                "batter": 0,
                "extras": 1,
                "total": 1
              }
            },
            {
              "batter": "PK Matautaava",
              "bowler": "Pavandeep Singh",
              "non_striker": "J Rasu",
              "runs": {
                "batter": 0,
                "extras": 0,
                "total": 0
              }
            },
            {
              "batter": "PK Matautaava",
              "bowler": "Pavandeep Singh",
              "non_striker": "J Rasu",
              "runs": {
                "batter": 6,
                "extras": 0,
                "total": 6
              }
            },
            {
              "batter": "PK Matautaava",
              "bowler": "Pavandeep Singh",
              "non_striker": "J Rasu",
              "runs": {
                "batter": 4,
                "extras": 0,
                "total": 4
              }
            }
          ]
        },
        {
          "over": 4,
          "deliveries": [
            {
              "batter": "J Rasu",
              "bowler": "Nazril Rahman",
              "non_striker": "PK Matautaava",
              "runs": {
                "batter": 1,
                "extras": 0,
                "total": 1
              }
            },
            {
              "batter": "PK Matautaava",
              "bowler": "Nazril Rahman",
              "non_striker": "J Rasu",
              "runs": {
                "batter": 2,
                "extras": 0,
                "total": 2
              }
            },
            {
              "batter": "PK Matautaava",
              "bowler": "Nazril Rahman",
              "non_striker": "J Rasu",
              "runs": {
                "batter": 6,
                "extras": 0,
                "total": 6
              }
            },
            {
              "batter": "PK Matautaava",
              "bowler": "Nazril Rahman",
              "non_striker": "J Rasu",
              "runs": {
                "batter": 1,
                "extras": 0,
                "total": 1
              }
            },
            {
              "batter": "J Rasu",
              "bowler": "Nazril Rahman",
              "non_striker": "PK Matautaava",
              "runs": {
                "batter": 1,
                "extras": 0,
                "total": 1
              }
            },
            {
              "batter": "PK Matautaava",
              "bowler": "Nazril Rahman",
              "non_striker": "J Rasu",
              "runs": {
                "batter": 4,
                "extras": 0,
                "total": 4
              }
            }
          ]
        },
        {
          "over": 5,
          "deliveries": [
            {
              "batter": "J Rasu",
              "bowler": "Fitri Sham",
              "non_striker": "PK Matautaava",
              "runs": {
                "batter": 0,
                "extras": 0,
                "total": 0
              }
            },
            {
              "batter": "J Rasu",
              "bowler": "Fitri Sham",
              "non_striker": "PK Matautaava",
              "runs": {
                "batter": 4,
                "extras": 0,
                "total": 4
              }
            },
            {
              "batter": "J Rasu",
              "bowler": "Fitri Sham",
              "non_striker": "PK Matautaava",
              "runs": {
                "batter": 1,
                "extras": 0,
                "total": 1
              }
            },
            {
              "batter": "PK Matautaava",
              "bowler": "Fitri Sham",
              "non_striker": "J Rasu",
              "runs": {
                "batter": 0,
                "extras": 0,
                "total": 0
              }
            },
            {
              "batter": "PK Matautaava",
              "bowler": "Fitri Sham",
              "non_striker": "J Rasu",
              "runs": {
                "batter": 4,
                "extras": 0,
                "total": 4
              }
            },
            {
              "batter": "PK Matautaava",
              "bowler": "Fitri Sham",
              "non_striker": "J Rasu",
              "runs": {
                "batter": 0,
                "extras": 0,
                "total": 0
              }
            }
          ]
        },
        {
          "over": 6,
          "deliveries": [
            {
              "batter": "J Rasu",
              "bowler": "Mohamed Arief",
              "non_striker": "PK Matautaava",
              "runs": {
                "batter": 1,
                "extras": 0,
                "total": 1
              }
            },
            {
              "batter": "PK Matautaava",
              "bowler": "Mohamed Arief",
              "non_striker": "J Rasu",
              "runs": {
                "batter": 0,
                "extras": 0,
                "total": 0
              }
            },
            {
              "batter": "PK Matautaava",
              "bowler": "Mohamed Arief",
              "non_striker": "J Rasu",
              "runs": {
                "batter": 6,
                "extras": 0,
                "total": 6
              }
            },
            {
              "batter": "PK Matautaava",
              "bowler": "Mohamed Arief",
              "non_striker": "J Rasu",
              "runs": {
                "batter": 1,
                "extras": 0,
                "total": 1
              }
            },
            {
              "batter": "J Rasu",
              "bowler": "Mohamed Arief",
              "non_striker": "PK Matautaava",
              "runs": {
                "batter": 1,
                "extras": 0,
                "total": 1
              }
            },
            {
              "batter": "PK Matautaava",
              "bowler": "Mohamed Arief",
              "non_striker": "J Rasu",
              "runs": {
                "batter": 4,
                "extras": 0,
                "total": 4
              }
            }
          ]
        },
        {
          "over": 7,
          "deliveries": [
            {
              "batter": "J Rasu",
              "bowler": "Nazril Rahman",
              "non_striker": "PK Matautaava",
              "runs": {
                "batter": 0,
                "extras": 0,
                "total": 0
              },
              "wickets": [
                {
                  "kind": "bowled",
                  "player_out": "J Rasu"
                }
              ]
            },
            {
              "batter": "N Nipiko",
              "bowler": "Nazril Rahman",
              "non_striker": "PK Matautaava",
              "runs": {
                "batter": 0,
                "extras": 0,
                "total": 0
              }
            },
            {
              "batter": "N Nipiko",
              "bowler": "Nazril Rahman",
              "non_striker": "PK Matautaava",
              "runs": {
                "batter": 1,
                "extras": 0,
                "total": 1
              }
            },
            {
              "batter": "PK Matautaava",
              "bowler": "Nazril Rahman",
              "non_striker": "N Nipiko",
              "runs": {
                "batter": 1,
                "extras": 0,
                "total": 1
              }
            },
            {
              "batter": "N Nipiko",
              "bowler": "Nazril Rahman",
              "non_striker": "PK Matautaava",
              "runs": {
                "batter": 0,
                "extras": 0,
                "total": 0
              }
            },
            {
              "batter": "N Nipiko",
              "bowler": "Nazril Rahman",
              "non_striker": "PK Matautaava",
              "runs": {
                "batter": 1,
                "extras": 0,
                "total": 1
              }
            }
          ]
        },
        {
          "over": 8,
          "deliveries": [
            {
              "batter": "N Nipiko",
              "bowler": "Pavandeep Singh",
              "non_striker": "PK Matautaava",
              "runs": {
                "batter": 1,
                "extras": 0,
                "total": 1
              }
            },
            {
              "batter": "PK Matautaava",
              "bowler": "Pavandeep Singh",
              "non_striker": "N Nipiko",
              "runs": {
                "batter": 0,
                "extras": 0,
                "total": 0
              }
            },
            {
              "batter": "PK Matautaava",
              "bowler": "Pavandeep Singh",
              "non_striker": "N Nipiko",
              "runs": {
                "batter": 1,
                "extras": 0,
                "total": 1
              }
            },
            {
              "batter": "N Nipiko",
              "bowler": "Pavandeep Singh",
              "non_striker": "PK Matautaava",
              "runs": {
                "batter": 1,
                "extras": 0,
                "total": 1
              }
            },
            {
              "batter": "PK Matautaava",
              "bowler": "Pavandeep Singh",
              "non_striker": "N Nipiko",
              "runs": {
                "batter": 6,
                "extras": 0,
                "total": 6
              }
            },
            {
              "batter": "PK Matautaava",
              "bowler": "Pavandeep Singh",
              "non_striker": "N Nipiko",
              "runs": {
                "batter": 0,
                "extras": 0,
                "total": 0
              }
            }
          ]
        },
        {
          "over": 9,
          "deliveries": [
            {
              "batter": "N Nipiko",
              "bowler": "S Muniandy",
              "non_striker": "PK Matautaava",
              "runs": {
                "batter": 1,
                "extras": 0,
                "total": 1
              }
            },
            {
              "batter": "PK Matautaava",
              "bowler": "S Muniandy",
              "non_striker": "N Nipiko",
              "runs": {
                "batter": 0,
                "extras": 0,
                "total": 0
              }
            },
            {
              "batter": "PK Matautaava",
              "bowler": "S Muniandy",
              "non_striker": "N Nipiko",
              "runs": {
                "batter": 1,
                "extras": 0,
                "total": 1
              }
            },
            {
              "batter": "N Nipiko",
              "bowler": "S Muniandy",
              "non_striker": "PK Matautaava",
              "runs": {
                "batter": 1,
                "extras": 0,
                "total": 1
              }
            },
            {
              "batter": "PK Matautaava",
              "bowler": "S Muniandy",
              "non_striker": "N Nipiko",
              "runs": {
                "batter": 0,
                "extras": 0,
                "total": 0
              }
            },
            {
              "batter": "PK Matautaava",
              "bowler": "S Muniandy",
              "non_striker": "N Nipiko",
              "runs": {
                "batter": 0,
                "extras": 0,
                "total": 0
              }
            }
          ]
        },
        {
          "over": 10,
          "deliveries": [
            {
              "batter": "N Nipiko",
              "bowler": "Fitri Sham",
              "non_striker": "PK Matautaava",
              "runs": {
                "batter": 1,
                "extras": 0,
                "total": 1
              }
            },
            {
              "batter": "PK Matautaava",
              "bowler": "Fitri Sham",
              "non_striker": "N Nipiko",
              "runs": {
                "batter": 2,
                "extras": 0,
                "total": 2
              }
            },
            {
              "batter": "PK Matautaava",
              "bowler": "Fitri Sham",
              "non_striker": "N Nipiko",
              "runs": {
                "batter": 0,
                "extras": 0,
                "total": 0
              }
            },
            {
              "batter": "PK Matautaava",
              "bowler": "Fitri Sham",
              "non_striker": "N Nipiko",
              "runs": {
                "batter": 2,
                "extras": 0,
                "total": 2
              }
            },
            {
              "batter": "PK Matautaava",
              "bowler": "Fitri Sham",
              "non_striker": "N Nipiko",
              "runs": {
                "batter": 4,
                "extras": 0,
                "total": 4
              }
            },
            {
              "batter": "PK Matautaava",
              "bowler": "Fitri Sham",
              "non_striker": "N Nipiko",
              "runs": {
                "batter": 1,
                "extras": 0,
                "total": 1
              }
            }
          ]
        },
        {
          "over": 11,
          "deliveries": [
            {
              "batter": "PK Matautaava",
              "bowler": "S Muniandy",
              "non_striker": "N Nipiko",
              "runs": {
                "batter": 0,
                "extras": 0,
                "total": 0
              }
            },
            {
              "batter": "PK Matautaava",
              "bowler": "S Muniandy",
              "non_striker": "N Nipiko",
              "runs": {
                "batter": 1,
                "extras": 0,
                "total": 1
              }
            },
            {
              "batter": "N Nipiko",
              "bowler": "S Muniandy",
              "non_striker": "PK Matautaava",
              "runs": {
                "batter": 4,
                "extras": 0,
                "total": 4
              }
            },
            {
              "batter": "N Nipiko",
              "bowler": "S Muniandy",
              "non_striker": "PK Matautaava",
              "runs": {
                "batter": 1,
                "extras": 0,
                "total": 1
              }
            },
            {
              "batter": "PK Matautaava",
              "bowler": "S Muniandy",
              "non_striker": "N Nipiko",
              "runs": {
                "batter": 2,
                "extras": 0,
                "total": 2
              }
            },
            {
              "batter": "PK Matautaava",
              "bowler": "S Muniandy",
              "non_striker": "N Nipiko",
              "runs": {
                "batter": 1,
                "extras": 0,
                "total": 1
              }
            }
          ]
        },
        {
          "over": 12,
          "deliveries": [
            {
              "batter": "PK Matautaava",
              "bowler": "Fitri Sham",
              "non_striker": "N Nipiko",
              "runs": {
                "batter": 6,
                "extras": 0,
                "total": 6
              }
            },
            {
              "batter": "PK Matautaava",
              "bowler": "Fitri Sham",
              "non_striker": "N Nipiko",
              "runs": {
                "batter": 1,
                "extras": 0,
                "total": 1
              }
            },
            {
              "batter": "N Nipiko",
              "bowler": "Fitri Sham",
              "non_striker": "PK Matautaava",
              "runs": {
                "batter": 0,
                "extras": 0,
                "total": 0
              }
            },
            {
              "batter": "N Nipiko",
              "bowler": "Fitri Sham",
              "non_striker": "PK Matautaava",
              "runs": {
                "batter": 1,
                "extras": 0,
                "total": 1
              }
            },
            {
              "batter": "PK Matautaava",
              "bowler": "Fitri Sham",
              "non_striker": "N Nipiko",
              "runs": {
                "batter": 6,
                "extras": 0,
                "total": 6
              }
            },
            {
              "batter": "PK Matautaava",
              "bowler": "Fitri Sham",
              "non_striker": "N Nipiko",
              "runs": {
                "batter": 0,
                "extras": 0,
                "total": 0
              }
            }
          ]
        },
        {
          "over": 13,
          "deliveries": [
            {
              "batter": "N Nipiko",
              "bowler": "Nazril Rahman",
              "non_striker": "PK Matautaava",
              "runs": {
                "batter": 0,
                "extras": 0,
                "total": 0
              }
            },
            {
              "batter": "N Nipiko",
              "bowler": "Nazril Rahman",
              "non_striker": "PK Matautaava",
              "runs": {
                "batter": 0,
                "extras": 0,
                "total": 0
              }
            },
            {
              "batter": "N Nipiko",
              "bowler": "Nazril Rahman",
              "non_striker": "PK Matautaava",
              "runs": {
                "batter": 1,
                "extras": 0,
                "total": 1
              }
            },
            {
              "batter": "PK Matautaava",
              "bowler": "Nazril Rahman",
              "non_striker": "N Nipiko",
              "runs": {
                "batter": 1,
                "extras": 0,
                "total": 1
              }
            },
            {
              "batter": "N Nipiko",
              "bowler": "Nazril Rahman",
              "non_striker": "PK Matautaava",
              "runs": {
                "batter": 1,
                "extras": 0,
                "total": 1
              }
            },
            {
              "batter": "PK Matautaava",
              "bowler": "Nazril Rahman",
              "non_striker": "N Nipiko",
              "runs": {
                "batter": 1,
                "extras": 0,
                "total": 1
              }
            }
          ]
        },
        {
          "over": 14,
          "deliveries": [
            {
              "batter": "PK Matautaava",
              "bowler": "Pavandeep Singh",
              "non_striker": "N Nipiko",
              "runs": {
                "batter": 1,
                "extras": 0,
                "total": 1
              }
            },
            {
              "batter": "N Nipiko",
              "bowler": "Pavandeep Singh",
              "non_striker": "PK Matautaava",
              "runs": {
                "batter": 0,
                "extras": 0,
                "total": 0
              }
            },
            {
              "batter": "N Nipiko",
              "bowler": "Pavandeep Singh",
              "non_striker": "PK Matautaava",
              "runs": {
                "batter": 1,
                "extras": 0,
                "total": 1
              }
            },
            {
              "batter": "PK Matautaava",
              "bowler": "Pavandeep Singh",
              "non_striker": "N Nipiko",
              "runs": {
                "batter": 1,
                "extras": 0,
                "total": 1
              }
            },
            {
              "batter": "N Nipiko",
              "bowler": "Pavandeep Singh",
              "non_striker": "PK Matautaava",
              "runs": {
                "batter": 1,
                "extras": 0,
                "total": 1
              }
            },
            {
              "batter": "PK Matautaava",
              "bowler": "Pavandeep Singh",
              "non_striker": "N Nipiko",
              "runs": {
                "batter": 2,
                "extras": 0,
                "total": 2
              }
            }
          ]
        },
        {
          "over": 15,
          "deliveries": [
            {
              "batter": "N Nipiko",
              "bowler": "Nazril Rahman",
              "non_striker": "PK Matautaava",
              "runs": {
                "batter": 6,
                "extras": 0,
                "total": 6
              }
            },
            {
              "batter": "N Nipiko",
              "bowler": "Nazril Rahman",
              "non_striker": "PK Matautaava",
              "runs": {
                "batter": 6,
                "extras": 0,
                "total": 6
              }
            },
            {
              "batter": "N Nipiko",
              "bowler": "Nazril Rahman",
              "non_striker": "PK Matautaava",
              "runs": {
                "batter": 6,
                "extras": 0,
                "total": 6
              }
            },
            {
              "batter": "N Nipiko",
              "bowler": "Nazril Rahman",
              "non_striker": "PK Matautaava",
              "runs": {
                "batter": 6,
                "extras": 0,
                "total": 6
              }
            },
            {
              "batter": "N Nipiko",
              "bowler": "Nazril Rahman",
              "non_striker": "PK Matautaava",
              "runs": {
                "batter": 1,
                "extras": 0,
                "total": 1
              }
            },
            {
              "batter": "PK Matautaava",
              "bowler": "Nazril Rahman",
              "non_striker": "N Nipiko",
              "runs": {
                "batter": 1,
                "extras": 0,
                "total": 1
              }
            }
          ]
        },
        {
          "over": 16,
          "deliveries": [
            {
              "batter": "PK Matautaava",
              "bowler": "Pavandeep Singh",
              "non_striker": "N Nipiko",
              "runs": {
                "batter": 0,
                "extras": 0,
                "total": 0
              },
              "wickets": [
                {
                  "kind": "caught",
                  "player_out": "PK Matautaava",
                  "fielders": [
                    {
                      "name": "Ainool Haqqiem"
                    }
                  ]
                }
              ]
            },
            {
              "batter": "C Tommy",
              "bowler": "Pavandeep Singh",
              "non_striker": "N Nipiko",
              "runs": {
                "batter": 0,
                "extras": 0,
                "total": 0
              }
            },
            {
              "batter": "C Tommy",
              "bowler": "Pavandeep Singh",
              "non_striker": "N Nipiko",
              "runs": {
                "batter": 1,
                "extras": 0,
                "total": 1
              }
            },
            {
              "batter": "N Nipiko",
              "bowler": "Pavandeep Singh",
              "non_striker": "C Tommy",
              "runs": {
                "batter": 0,
                "extras": 0,
                "total": 0
              }
            },
            {
              "batter": "N Nipiko",
              "bowler": "Pavandeep Singh",
              "non_striker": "C Tommy",
              "runs": {
                "batter": 1,
                "extras": 0,
                "total": 1
              }
            },
            {
              "batter": "C Tommy",
              "bowler": "Pavandeep Singh",
              "non_striker": "N Nipiko",
              "runs": {
                "batter": 0,
                "extras": 0,
                "total": 0
              }
            }
          ]
        },
        {
          "over": 17,
          "deliveries": [
            {
              "batter": "N Nipiko",
              "bowler": "S Muniandy",
              "non_striker": "C Tommy",
              "runs": {
                "batter": 0,
                "extras": 0,
                "total": 0
              },
              "wickets": [
                {
                  "kind": "bowled",
                  "player_out": "N Nipiko"
                }
              ]
            },
            {
              "batter": "R Tari",
              "bowler": "S Muniandy",
              "non_striker": "C Tommy",
              "runs": {
                "batter": 0,
                "extras": 0,
                "total": 0
              }
            },
            {
              "batter": "R Tari",
              "bowler": "S Muniandy",
              "non_striker": "C Tommy",
              "runs": {
                "batter": 0,
                "extras": 0,
                "total": 0
              },
              "wickets": [
                {
                  "kind": "lbw",
                  "player_out": "R Tari"
                }
              ]
            },
            {
              "batter": "J Vira",
              "bowler": "S Muniandy",
              "non_striker": "C Tommy",
              "runs": {
                "batter": 0,
                "extras": 0,
                "total": 0
              }
            },
            {
              "batter": "J Vira",
              "bowler": "S Muniandy",
              "non_striker": "C Tommy",
              "runs": {
                "batter": 1,
                "extras": 0,
                "total": 1
              }
            },
            {
              "batter": "C Tommy",
              "bowler": "S Muniandy",
              "non_striker": "J Vira",
              "runs": {
                "batter": 1,
                "extras": 0,
                "total": 1
              }
            }
          ]
        },
        {
          "over": 18,
          "deliveries": [
            {
              "batter": "C Tommy",
              "bowler": "Syazrul Idrus",
              "non_striker": "J Vira",
              "runs": {
                "batter": 1,
                "extras": 0,
                "total": 1
              }
            },
            {
              "batter": "J Vira",
              "bowler": "Syazrul Idrus",
              "extras": {
                "legbyes": 1
              },
              "non_striker": "C Tommy",
              "runs": {
                "batter": 0,
                "extras": 1,
                "total": 1
              }
            },
            {
              "batter": "C Tommy",
              "bowler": "Syazrul Idrus",
              "non_striker": "J Vira",
              "runs": {
                "batter": 1,
                "extras": 0,
                "total": 1
              }
            },
            {
              "batter": "J Vira",
              "bowler": "Syazrul Idrus",
              "non_striker": "C Tommy",
              "runs": {
                "batter": 2,
                "extras": 0,
                "total": 2
              }
            },
            {
              "batter": "J Vira",
              "bowler": "Syazrul Idrus",
              "non_striker": "C Tommy",
              "runs": {
                "batter": 6,
                "extras": 0,
                "total": 6
              }
            },
            {
              "batter": "J Vira",
              "bowler": "Syazrul Idrus",
              "non_striker": "C Tommy",
              "runs": {
                "batter": 4,
                "extras": 0,
                "total": 4
              }
            }
          ]
        },
        {
          "over": 19,
          "deliveries": [
            {
              "batter": "C Tommy",
              "bowler": "S Muniandy",
              "non_striker": "J Vira",
              "runs": {
                "batter": 2,
                "extras": 0,
                "total": 2
              }
            },
            {
              "batter": "C Tommy",
              "bowler": "S Muniandy",
              "non_striker": "J Vira",
              "runs": {
                "batter": 1,
                "extras": 0,
                "total": 1
              }
            },
            {
              "batter": "J Vira",
              "bowler": "S Muniandy",
              "non_striker": "C Tommy",
              "runs": {
                "batter": 1,
                "extras": 0,
                "total": 1
              }
            },
            {
              "batter": "C Tommy",
              "bowler": "S Muniandy",
              "extras": {
                "wides": 1
              },
              "non_striker": "J Vira",
              "runs": {
                "batter": 0,
                "extras": 1,
                "total": 1
              },
              "wickets": [
                {
                  "kind": "run out",
                  "player_out": "C Tommy"
                }
              ]
            },
            {
              "batter": "J Vira",
              "bowler": "S Muniandy",
              "non_striker": "W Viraliliu",
              "runs": {
                "batter": 1,
                "extras": 0,
                "total": 1
              }
            },
            {
              "batter": "W Viraliliu",
              "bowler": "S Muniandy",
              "non_striker": "J Vira",
              "runs": {
                "batter": 1,
                "extras": 0,
                "total": 1
              }
            },
            {
              "batter": "J Vira",
              "bowler": "S Muniandy",
              "extras": {
                "wides": 1
              },
              "non_striker": "W Viraliliu",
              "runs": {
                "batter": 0,
                "extras": 1,
                "total": 1
              }
            },
            {
              "batter": "J Vira",
              "bowler": "S Muniandy",
              "non_striker": "W Viraliliu",
              "runs": {
                "batter": 4,
                "extras": 0,
                "total": 4
              }
            }
          ]
        }
      ],
      "powerplays": [
        {
          "from": 0.1,
          "to": 5.6,
          "type": "mandatory"
        }
      ]
    },
    {
      "team": "Malaysia",
      "overs": [
        {
          "over": 0,
          "deliveries": [
            {
              "batter": "Virandeep Singh",
              "bowler": "N Nipiko",
              "non_striker": "Anwar Arudin",
              "runs": {
                "batter": 0,
                "extras": 0,
                "total": 0
              }
            },
            {
              "batter": "Virandeep Singh",
              "bowler": "N Nipiko",
              "non_striker": "Anwar Arudin",
              "runs": {
                "batter": 1,
                "extras": 0,
                "total": 1
              }
            },
            {
              "batter": "Anwar Arudin",
              "bowler": "N Nipiko",
              "non_striker": "Virandeep Singh",
              "runs": {
                "batter": 0,
                "extras": 0,
                "total": 0
              },
              "wickets": [
                {
                  "kind": "caught",
                  "player_out": "Anwar Arudin",
                  "fielders": [
                    {
                      "name": "J Vira"
                    }
                  ]
                }
              ]
            },
            {
              "batter": "Virandeep Singh",
              "bowler": "N Nipiko",
              "non_striker": "Ainool Hafizs",
              "runs": {
                "batter": 0,
                "extras": 0,
                "total": 0
              }
            },
            {
              "batter": "Virandeep Singh",
              "bowler": "N Nipiko",
              "non_striker": "Ainool Hafizs",
              "runs": {
                "batter": 0,
                "extras": 0,
                "total": 0
              }
            },
            {
              "batter": "Virandeep Singh",
              "bowler": "N Nipiko",
              "non_striker": "Ainool Hafizs",
              "runs": {
                "batter": 2,
                "extras": 0,
                "total": 2
              }
            }
          ]
        },
        {
          "over": 1,
          "deliveries": [
            {
              "batter": "Ainool Hafizs",
              "bowler": "JW Chilia",
              "non_striker": "Virandeep Singh",
              "runs": {
                "batter": 0,
                "extras": 0,
                "total": 0
              }
            },
            {
              "batter": "Ainool Hafizs",
              "bowler": "JW Chilia",
              "non_striker": "Virandeep Singh",
              "runs": {
                "batter": 0,
                "extras": 0,
                "total": 0
              }
            },
            {
              "batter": "Ainool Hafizs",
              "bowler": "JW Chilia",
              "non_striker": "Virandeep Singh",
              "runs": {
                "batter": 0,
                "extras": 0,
                "total": 0
              }
            },
            {
              "batter": "Ainool Hafizs",
              "bowler": "JW Chilia",
              "non_striker": "Virandeep Singh",
              "runs": {
                "batter": 0,
                "extras": 0,
                "total": 0
              }
            },
            {
              "batter": "Ainool Hafizs",
              "bowler": "JW Chilia",
              "non_striker": "Virandeep Singh",
              "runs": {
                "batter": 1,
                "extras": 0,
                "total": 1
              }
            },
            {
              "batter": "Virandeep Singh",
              "bowler": "JW Chilia",
              "non_striker": "Ainool Hafizs",
              "runs": {
                "batter": 1,
                "extras": 0,
                "total": 1
              }
            }
          ]
        },
        {
          "over": 2,
          "deliveries": [
            {
              "batter": "Virandeep Singh",
              "bowler": "W Viraliliu",
              "non_striker": "Ainool Hafizs",
              "runs": {
                "batter": 0,
                "extras": 0,
                "total": 0
              }
            },
            {
              "batter": "Virandeep Singh",
              "bowler": "W Viraliliu",
              "non_striker": "Ainool Hafizs",
              "runs": {
                "batter": 0,
                "extras": 0,
                "total": 0
              }
            },
            {
              "batter": "Virandeep Singh",
              "bowler": "W Viraliliu",
              "non_striker": "Ainool Hafizs",
              "runs": {
                "batter": 0,
                "extras": 0,
                "total": 0
              }
            },
            {
              "batter": "Virandeep Singh",
              "bowler": "W Viraliliu",
              "non_striker": "Ainool Hafizs",
              "runs": {
                "batter": 4,
                "extras": 0,
                "total": 4
              }
            },
            {
              "batter": "Virandeep Singh",
              "bowler": "W Viraliliu",
              "non_striker": "Ainool Hafizs",
              "runs": {
                "batter": 0,
                "extras": 0,
                "total": 0
              }
            },
            {
              "batter": "Virandeep Singh",
              "bowler": "W Viraliliu",
              "non_striker": "Ainool Hafizs",
              "runs": {
                "batter": 0,
                "extras": 0,
                "total": 0
              }
            }
          ]
        },
        {
          "over": 3,
          "deliveries": [
            {
              "batter": "Ainool Hafizs",
              "bowler": "JW Chilia",
              "non_striker": "Virandeep Singh",
              "runs": {
                "batter": 1,
                "extras": 0,
                "total": 1
              }
            },
            {
              "batter": "Virandeep Singh",
              "bowler": "JW Chilia",
              "non_striker": "Ainool Hafizs",
              "runs": {
                "batter": 0,
                "extras": 0,
                "total": 0
              }
            },
            {
              "batter": "Virandeep Singh",
              "bowler": "JW Chilia",
              "non_striker": "Ainool Hafizs",
              "runs": {
                "batter": 4,
                "extras": 0,
                "total": 4
              }
            },
            {
              "batter": "Virandeep Singh",
              "bowler": "JW Chilia",
              "non_striker": "Ainool Hafizs",
              "runs": {
                "batter": 0,
                "extras": 0,
                "total": 0
              }
            },
            {
              "batter": "Virandeep Singh",
              "bowler": "JW Chilia",
              "non_striker": "Ainool Hafizs",
              "runs": {
                "batter": 1,
                "extras": 0,
                "total": 1
              }
            },
            {
              "batter": "Ainool Hafizs",
              "bowler": "JW Chilia",
              "non_striker": "Virandeep Singh",
              "runs": {
                "batter": 6,
                "extras": 0,
                "total": 6
              }
            }
          ]
        },
        {
          "over": 4,
          "deliveries": [
            {
              "batter": "Virandeep Singh",
              "bowler": "W Viraliliu",
              "non_striker": "Ainool Hafizs",
              "runs": {
                "batter": 4,
                "extras": 0,
                "total": 4
              }
            },
            {
              "batter": "Virandeep Singh",
              "bowler": "W Viraliliu",
              "non_striker": "Ainool Hafizs",
              "runs": {
                "batter": 0,
                "extras": 0,
                "total": 0
              }
            },
            {
              "batter": "Virandeep Singh",
              "bowler": "W Viraliliu",
              "non_striker": "Ainool Hafizs",
              "runs": {
                "batter": 4,
                "extras": 0,
                "total": 4
              }
            },
            {
              "batter": "Virandeep Singh",
              "bowler": "W Viraliliu",
              "non_striker": "Ainool Hafizs",
              "runs": {
                "batter": 0,
                "extras": 0,
                "total": 0
              }
            },
            {
              "batter": "Virandeep Singh",
              "bowler": "W Viraliliu",
              "extras": {
                "wides": 1
              },
              "non_striker": "Ainool Hafizs",
              "runs": {
                "batter": 0,
                "extras": 1,
                "total": 1
              }
            },
            {
              "batter": "Virandeep Singh",
              "bowler": "W Viraliliu",
              "non_striker": "Ainool Hafizs",
              "runs": {
                "batter": 1,
                "extras": 0,
                "total": 1
              }
            },
            {
              "batter": "Ainool Hafizs",
              "bowler": "W Viraliliu",
              "non_striker": "Virandeep Singh",
              "runs": {
                "batter": 0,
                "extras": 0,
                "total": 0
              }
            }
          ]
        },
        {
          "over": 5,
          "deliveries": [
            {
              "batter": "Virandeep Singh",
              "bowler": "N Nipiko",
              "non_striker": "Ainool Hafizs",
              "runs": {
                "batter": 4,
                "extras": 0,
                "total": 4
              }
            },
            {
              "batter": "Virandeep Singh",
              "bowler": "N Nipiko",
              "non_striker": "Ainool Hafizs",
              "runs": {
                "batter": 1,
                "extras": 0,
                "total": 1
              }
            },
            {
              "batter": "Ainool Hafizs",
              "bowler": "N Nipiko",
              "extras": {
                "wides": 1
              },
              "non_striker": "Virandeep Singh",
              "runs": {
                "batter": 0,
                "extras": 1,
                "total": 1
              }
            },
            {
              "batter": "Ainool Hafizs",
              "bowler": "N Nipiko",
              "non_striker": "Virandeep Singh",
              "runs": {
                "batter": 0,
                "extras": 0,
                "total": 0
              }
            },
            {
              "batter": "Ainool Hafizs",
              "bowler": "N Nipiko",
              "extras": {
                "wides": 1
              },
              "non_striker": "Virandeep Singh",
              "runs": {
                "batter": 0,
                "extras": 1,
                "total": 1
              }
            },
            {
              "batter": "Ainool Hafizs",
              "bowler": "N Nipiko",
              "non_striker": "Virandeep Singh",
              "runs": {
                "batter": 0,
                "extras": 0,
                "total": 0
              }
            },
            {
              "batter": "Ainool Hafizs",
              "bowler": "N Nipiko",
              "non_striker": "Virandeep Singh",
              "runs": {
                "batter": 1,
                "extras": 0,
                "total": 1
              }
            },
            {
              "batter": "Virandeep Singh",
              "bowler": "N Nipiko",
              "non_striker": "Ainool Hafizs",
              "runs": {
                "batter": 1,
                "extras": 0,
                "total": 1
              }
            }
          ]
        },
        {
          "over": 6,
          "deliveries": [
            {
              "batter": "Virandeep Singh",
              "bowler": "W Nalisa",
              "non_striker": "Ainool Hafizs",
              "runs": {
                "batter": 0,
                "extras": 0,
                "total": 0
              }
            },
            {
              "batter": "Virandeep Singh",
              "bowler": "W Nalisa",
              "non_striker": "Ainool Hafizs",
              "runs": {
                "batter": 1,
                "extras": 0,
                "total": 1
              }
            },
            {
              "batter": "Ainool Hafizs",
              "bowler": "W Nalisa",
              "non_striker": "Virandeep Singh",
              "runs": {
                "batter": 4,
                "extras": 0,
                "total": 4
              }
            },
            {
              "batter": "Ainool Hafizs",
              "bowler": "W Nalisa",
              "non_striker": "Virandeep Singh",
              "runs": {
                "batter": 0,
                "extras": 0,
                "total": 0
              }
            },
            {
              "batter": "Ainool Hafizs",
              "bowler": "W Nalisa",
              "non_striker": "Virandeep Singh",
              "runs": {
                "batter": 1,
                "extras": 0,
                "total": 1
              }
            },
            {
              "batter": "Virandeep Singh",
              "bowler": "W Nalisa",
              "non_striker": "Ainool Hafizs",
              "runs": {
                "batter": 2,
                "extras": 0,
                "total": 2
              }
            }
          ]
        },
        {
          "over": 7,
          "deliveries": [
            {
              "batter": "Ainool Hafizs",
              "bowler": "JW Chilia",
              "non_striker": "Virandeep Singh",
              "runs": {
                "batter": 1,
                "extras": 0,
                "total": 1
              }
            },
            {
              "batter": "Virandeep Singh",
              "bowler": "JW Chilia",
              "non_striker": "Ainool Hafizs",
              "runs": {
                "batter": 1,
                "extras": 0,
                "total": 1
              }
            },
            {
              "batter": "Ainool Hafizs",
              "bowler": "JW Chilia",
              "non_striker": "Virandeep Singh",
              "runs": {
                "batter": 0,
                "extras": 0,
                "total": 0
              }
            },
            {
              "batter": "Ainool Hafizs",
              "bowler": "JW Chilia",
              "non_striker": "Virandeep Singh",
              "runs": {
                "batter": 1,
                "extras": 0,
                "total": 1
              }
            },
            {
              "batter": "Virandeep Singh",
              "bowler": "JW Chilia",
              "non_striker": "Ainool Hafizs",
              "runs": {
                "batter": 0,
                "extras": 0,
                "total": 0
              }
            },
            {
              "batter": "Virandeep Singh",
              "bowler": "JW Chilia",
              "non_striker": "Ainool Hafizs",
              "runs": {
                "batter": 0,
                "extras": 0,
                "total": 0
              }
            }
          ]
        },
        {
          "over": 8,
          "deliveries": [
            {
              "batter": "Ainool Hafizs",
              "bowler": "W Nalisa",
              "non_striker": "Virandeep Singh",
              "runs": {
                "batter": 0,
                "extras": 0,
                "total": 0
              }
            },
            {
              "batter": "Ainool Hafizs",
              "bowler": "W Nalisa",
              "non_striker": "Virandeep Singh",
              "runs": {
                "batter": 1,
                "extras": 0,
                "total": 1
              }
            },
            {
              "batter": "Virandeep Singh",
              "bowler": "W Nalisa",
              "non_striker": "Ainool Hafizs",
              "runs": {
                "batter": 1,
                "extras": 0,
                "total": 1
              }
            },
            {
              "batter": "Ainool Hafizs",
              "bowler": "W Nalisa",
              "extras": {
                "wides": 1
              },
              "non_striker": "Virandeep Singh",
              "runs": {
                "batter": 0,
                "extras": 1,
                "total": 1
              }
            },
            {
              "batter": "Ainool Hafizs",
              "bowler": "W Nalisa",
              "non_striker": "Virandeep Singh",
              "runs": {
                "batter": 2,
                "extras": 0,
                "total": 2
              }
            },
            {
              "batter": "Ainool Hafizs",
              "bowler": "W Nalisa",
              "extras": {
                "wides": 2
              },
              "non_striker": "Virandeep Singh",
              "runs": {
                "batter": 0,
                "extras": 2,
                "total": 2
              }
            },
            {
              "batter": "Virandeep Singh",
              "bowler": "W Nalisa",
              "extras": {
                "wides": 1
              },
              "non_striker": "Ainool Hafizs",
              "runs": {
                "batter": 0,
                "extras": 1,
                "total": 1
              }
            },
            {
              "batter": "Virandeep Singh",
              "bowler": "W Nalisa",
              "non_striker": "Ainool Hafizs",
              "runs": {
                "batter": 0,
                "extras": 0,
                "total": 0
              }
            },
            {
              "batter": "Virandeep Singh",
              "bowler": "W Nalisa",
              "non_striker": "Ainool Hafizs",
              "runs": {
                "batter": 0,
                "extras": 0,
                "total": 0
              }
            }
          ]
        },
        {
          "over": 9,
          "deliveries": [
            {
              "batter": "Ainool Hafizs",
              "bowler": "JW Chilia",
              "non_striker": "Virandeep Singh",
              "runs": {
                "batter": 2,
                "extras": 0,
                "total": 2
              }
            },
            {
              "batter": "Ainool Hafizs",
              "bowler": "JW Chilia",
              "non_striker": "Virandeep Singh",
              "runs": {
                "batter": 0,
                "extras": 0,
                "total": 0
              },
              "wickets": [
                {
                  "kind": "bowled",
                  "player_out": "Ainool Hafizs"
                }
              ]
            },
            {
              "batter": "Mohamed Arief",
              "bowler": "JW Chilia",
              "non_striker": "Virandeep Singh",
              "runs": {
                "batter": 1,
                "extras": 0,
                "total": 1
              }
            },
            {
              "batter": "Virandeep Singh",
              "bowler": "JW Chilia",
              "non_striker": "Mohamed Arief",
              "runs": {
                "batter": 0,
                "extras": 0,
                "total": 0
              }
            },
            {
              "batter": "Virandeep Singh",
              "bowler": "JW Chilia",
              "non_striker": "Mohamed Arief",
              "runs": {
                "batter": 1,
                "extras": 0,
                "total": 1
              }
            },
            {
              "batter": "Mohamed Arief",
              "bowler": "JW Chilia",
              "non_striker": "Virandeep Singh",
              "runs": {
                "batter": 0,
                "extras": 0,
                "total": 0
              }
            }
          ]
        },
        {
          "over": 10,
          "deliveries": [
            {
              "batter": "Virandeep Singh",
              "bowler": "W Nalisa",
              "extras": {
                "wides": 1
              },
              "non_striker": "Mohamed Arief",
              "runs": {
                "batter": 0,
                "extras": 1,
                "total": 1
              }
            },
            {
              "batter": "Virandeep Singh",
              "bowler": "W Nalisa",
              "extras": {
                "wides": 1
              },
              "non_striker": "Mohamed Arief",
              "runs": {
                "batter": 0,
                "extras": 1,
                "total": 1
              }
            },
            {
              "batter": "Virandeep Singh",
              "bowler": "W Nalisa",
              "non_striker": "Mohamed Arief",
              "runs": {
                "batter": 0,
                "extras": 0,
                "total": 0
              },
              "wickets": [
                {
                  "kind": "bowled",
                  "player_out": "Virandeep Singh"
                }
              ]
            },
            {
              "batter": "S Muniandy",
              "bowler": "W Nalisa",
              "non_striker": "Mohamed Arief",
              "runs": {
                "batter": 0,
                "extras": 0,
                "total": 0
              }
            },
            {
              "batter": "S Muniandy",
              "bowler": "W Nalisa",
              "non_striker": "Mohamed Arief",
              "runs": {
                "batter": 0,
                "extras": 0,
                "total": 0
              }
            },
            {
              "batter": "S Muniandy",
              "bowler": "W Nalisa",
              "non_striker": "Mohamed Arief",
              "runs": {
                "batter": 6,
                "extras": 0,
                "total": 6
              }
            },
            {
              "batter": "S Muniandy",
              "bowler": "W Nalisa",
              "non_striker": "Mohamed Arief",
              "runs": {
                "batter": 1,
                "extras": 0,
                "total": 1
              }
            },
            {
              "batter": "Mohamed Arief",
              "bowler": "W Nalisa",
              "non_striker": "S Muniandy",
              "runs": {
                "batter": 1,
                "extras": 0,
                "total": 1
              }
            }
          ]
        },
        {
          "over": 11,
          "deliveries": [
            {
              "batter": "Mohamed Arief",
              "bowler": "SH Obed",
              "non_striker": "S Muniandy",
              "runs": {
                "batter": 1,
                "extras": 0,
                "total": 1
              }
            },
            {
              "batter": "S Muniandy",
              "bowler": "SH Obed",
              "non_striker": "Mohamed Arief",
              "runs": {
                "batter": 1,
                "extras": 0,
                "total": 1
              }
            },
            {
              "batter": "Mohamed Arief",
              "bowler": "SH Obed",
              "non_striker": "S Muniandy",
              "runs": {
                "batter": 1,
                "extras": 0,
                "total": 1
              }
            },
            {
              "batter": "S Muniandy",
              "bowler": "SH Obed",
              "non_striker": "Mohamed Arief",
              "runs": {
                "batter": 0,
                "extras": 0,
                "total": 0
              },
              "wickets": [
                {
                  "kind": "caught",
                  "player_out": "S Muniandy",
                  "fielders": [
                    {
                      "name": "JW Chilia"
                    }
                  ]
                }
              ]
            },
            {
              "batter": "Mohamed Arief",
              "bowler": "SH Obed",
              "non_striker": "Zubaidi Zulkifle",
              "runs": {
                "batter": 2,
                "extras": 0,
                "total": 2
              }
            },
            {
              "batter": "Mohamed Arief",
              "bowler": "SH Obed",
              "non_striker": "Zubaidi Zulkifle",
              "runs": {
                "batter": 1,
                "extras": 0,
                "total": 1
              }
            }
          ]
        },
        {
          "over": 12,
          "deliveries": [
            {
              "batter": "Mohamed Arief",
              "bowler": "W Nalisa",
              "extras": {
                "wides": 1
              },
              "non_striker": "Zubaidi Zulkifle",
              "runs": {
                "batter": 0,
                "extras": 1,
                "total": 1
              }
            },
            {
              "batter": "Mohamed Arief",
              "bowler": "W Nalisa",
              "non_striker": "Zubaidi Zulkifle",
              "runs": {
                "batter": 0,
                "extras": 0,
                "total": 0
              }
            },
            {
              "batter": "Mohamed Arief",
              "bowler": "W Nalisa",
              "non_striker": "Zubaidi Zulkifle",
              "runs": {
                "batter": 0,
                "extras": 0,
                "total": 0
              }
            },
            {
              "batter": "Mohamed Arief",
              "bowler": "W Nalisa",
              "non_striker": "Zubaidi Zulkifle",
              "runs": {
                "batter": 4,
                "extras": 0,
                "total": 4
              }
            },
            {
              "batter": "Mohamed Arief",
              "bowler": "W Nalisa",
              "non_striker": "Zubaidi Zulkifle",
              "runs": {
                "batter": 2,
                "extras": 0,
                "total": 2
              }
            },
            {
              "batter": "Mohamed Arief",
              "bowler": "W Nalisa",
              "non_striker": "Zubaidi Zulkifle",
              "runs": {
                "batter": 6,
                "extras": 0,
                "total": 6
              }
            },
            {
              "batter": "Mohamed Arief",
              "bowler": "W Nalisa",
              "non_striker": "Zubaidi Zulkifle",
              "runs": {
                "batter": 0,
                "extras": 0,
                "total": 0
              }
            }
          ]
        },
        {
          "over": 13,
          "deliveries": [
            {
              "batter": "Zubaidi Zulkifle",
              "bowler": "SH Obed",
              "non_striker": "Mohamed Arief",
              "runs": {
                "batter": 0,
                "extras": 0,
                "total": 0
              }
            },
            {
              "batter": "Zubaidi Zulkifle",
              "bowler": "SH Obed",
              "non_striker": "Mohamed Arief",
              "runs": {
                "batter": 0,
                "extras": 0,
                "total": 0
              },
              "wickets": [
                {
                  "kind": "caught",
                  "player_out": "Zubaidi Zulkifle",
                  "fielders": [
                    {
                      "name": "JW Chilia"
                    }
                  ]
                }
              ]
            },
            {
              "batter": "Mohamed Arief",
              "bowler": "SH Obed",
              "non_striker": "Nazril Rahman",
              "runs": {
                "batter": 1,
                "extras": 0,
                "total": 1
              }
            },
            {
              "batter": "Nazril Rahman",
              "bowler": "SH Obed",
              "non_striker": "Mohamed Arief",
              "runs": {
                "batter": 1,
                "extras": 0,
                "total": 1
              }
            },
            {
              "batter": "Mohamed Arief",
              "bowler": "SH Obed",
              "non_striker": "Nazril Rahman",
              "runs": {
                "batter": 1,
                "extras": 0,
                "total": 1
              }
            },
            {
              "batter": "Nazril Rahman",
              "bowler": "SH Obed",
              "non_striker": "Mohamed Arief",
              "runs": {
                "batter": 2,
                "extras": 0,
                "total": 2
              }
            }
          ]
        },
        {
          "over": 14,
          "deliveries": [
            {
              "batter": "Mohamed Arief",
              "bowler": "A Mansale",
              "non_striker": "Nazril Rahman",
              "runs": {
                "batter": 0,
                "extras": 0,
                "total": 0
              }
            },
            {
              "batter": "Mohamed Arief",
              "bowler": "A Mansale",
              "non_striker": "Nazril Rahman",
              "runs": {
                "batter": 1,
                "extras": 0,
                "total": 1
              }
            },
            {
              "batter": "Nazril Rahman",
              "bowler": "A Mansale",
              "non_striker": "Mohamed Arief",
              "runs": {
                "batter": 1,
                "extras": 0,
                "total": 1
              }
            },
            {
              "batter": "Mohamed Arief",
              "bowler": "A Mansale",
              "non_striker": "Nazril Rahman",
              "runs": {
                "batter": 4,
                "extras": 0,
                "total": 4
              }
            },
            {
              "batter": "Mohamed Arief",
              "bowler": "A Mansale",
              "non_striker": "Nazril Rahman",
              "runs": {
                "batter": 0,
                "extras": 0,
                "total": 0
              }
            },
            {
              "batter": "Mohamed Arief",
              "bowler": "A Mansale",
              "non_striker": "Nazril Rahman",
              "runs": {
                "batter": 1,
                "extras": 0,
                "total": 1
              }
            }
          ]
        },
        {
          "over": 15,
          "deliveries": [
            {
              "batter": "Mohamed Arief",
              "bowler": "SH Obed",
              "non_striker": "Nazril Rahman",
              "runs": {
                "batter": 1,
                "extras": 0,
                "total": 1
              }
            },
            {
              "batter": "Nazril Rahman",
              "bowler": "SH Obed",
              "non_striker": "Mohamed Arief",
              "runs": {
                "batter": 2,
                "extras": 0,
                "total": 2
              }
            },
            {
              "batter": "Nazril Rahman",
              "bowler": "SH Obed",
              "non_striker": "Mohamed Arief",
              "runs": {
                "batter": 1,
                "extras": 0,
                "total": 1
              }
            },
            {
              "batter": "Mohamed Arief",
              "bowler": "SH Obed",
              "non_striker": "Nazril Rahman",
              "runs": {
                "batter": 0,
                "extras": 0,
                "total": 0
              },
              "wickets": [
                {
                  "kind": "caught",
                  "player_out": "Mohamed Arief",
                  "fielders": [
                    {
                      "name": "J Rasu"
                    }
                  ]
                }
              ]
            },
            {
              "batter": "Nazril Rahman",
              "bowler": "SH Obed",
              "non_striker": "Fitri Sham",
              "runs": {
                "batter": 1,
                "extras": 0,
                "total": 1
              }
            },
            {
              "batter": "Fitri Sham",
              "bowler": "SH Obed",
              "non_striker": "Nazril Rahman",
              "runs": {
                "batter": 1,
                "extras": 0,
                "total": 1
              }
            }
          ]
        },
        {
          "over": 16,
          "deliveries": [
            {
              "batter": "Fitri Sham",
              "bowler": "A Mansale",
              "non_striker": "Nazril Rahman",
              "runs": {
                "batter": 1,
                "extras": 0,
                "total": 1
              }
            },
            {
              "batter": "Nazril Rahman",
              "bowler": "A Mansale",
              "non_striker": "Fitri Sham",
              "runs": {
                "batter": 1,
                "extras": 0,
                "total": 1
              }
            },
            {
              "batter": "Fitri Sham",
              "bowler": "A Mansale",
              "non_striker": "Nazril Rahman",
              "runs": {
                "batter": 0,
                "extras": 0,
                "total": 0
              },
              "wickets": [
                {
                  "kind": "caught",
                  "player_out": "Fitri Sham",
                  "fielders": [
                    {
                      "name": "C Tommy"
                    }
                  ]
                }
              ]
            },
            {
              "batter": "Syazrul Idrus",
              "bowler": "A Mansale",
              "non_striker": "Nazril Rahman",
              "runs": {
                "batter": 0,
                "extras": 0,
                "total": 0
              }
            },
            {
              "batter": "Syazrul Idrus",
              "bowler": "A Mansale",
              "non_striker": "Nazril Rahman",
              "runs": {
                "batter": 1,
                "extras": 0,
                "total": 1
              }
            },
            {
              "batter": "Nazril Rahman",
              "bowler": "A Mansale",
              "non_striker": "Syazrul Idrus",
              "runs": {
                "batter": 0,
                "extras": 0,
                "total": 0
              }
            }
          ]
        },
        {
          "over": 17,
          "deliveries": [
            {
              "batter": "Syazrul Idrus",
              "bowler": "SH Obed",
              "non_striker": "Nazril Rahman",
              "runs": {
                "batter": 1,
                "extras": 0,
                "total": 1
              }
            },
            {
              "batter": "Nazril Rahman",
              "bowler": "SH Obed",
              "non_striker": "Syazrul Idrus",
              "runs": {
                "batter": 1,
                "extras": 0,
                "total": 1
              }
            },
            {
              "batter": "Syazrul Idrus",
              "bowler": "SH Obed",
              "non_striker": "Nazril Rahman",
              "runs": {
                "batter": 0,
                "extras": 0,
                "total": 0
              }
            },
            {
              "batter": "Syazrul Idrus",
              "bowler": "SH Obed",
              "non_striker": "Nazril Rahman",
              "runs": {
                "batter": 1,
                "extras": 0,
                "total": 1
              }
            },
            {
              "batter": "Nazril Rahman",
              "bowler": "SH Obed",
              "non_striker": "Syazrul Idrus",
              "runs": {
                "batter": 2,
                "extras": 0,
                "total": 2
              }
            },
            {
              "batter": "Nazril Rahman",
              "bowler": "SH Obed",
              "non_striker": "Syazrul Idrus",
              "runs": {
                "batter": 1,
                "extras": 0,
                "total": 1
              }
            }
          ]
        },
        {
          "over": 18,
          "deliveries": [
            {
              "batter": "Nazril Rahman",
              "bowler": "A Mansale",
              "extras": {
                "wides": 1
              },
              "non_striker": "Syazrul Idrus",
              "runs": {
                "batter": 0,
                "extras": 1,
                "total": 1
              }
            },
            {
              "batter": "Nazril Rahman",
              "bowler": "A Mansale",
              "non_striker": "Syazrul Idrus",
              "runs": {
                "batter": 1,
                "extras": 0,
                "total": 1
              }
            },
            {
              "batter": "Syazrul Idrus",
              "bowler": "A Mansale",
              "non_striker": "Nazril Rahman",
              "runs": {
                "batter": 4,
                "extras": 0,
                "total": 4
              }
            },
            {
              "batter": "Syazrul Idrus",
              "bowler": "A Mansale",
              "non_striker": "Nazril Rahman",
              "runs": {
                "batter": 1,
                "extras": 0,
                "total": 1
              }
            },
            {
              "batter": "Nazril Rahman",
              "bowler": "A Mansale",
              "non_striker": "Syazrul Idrus",
              "runs": {
                "batter": 2,
                "extras": 0,
                "total": 2
              }
            },
            {
              "batter": "Nazril Rahman",
              "bowler": "A Mansale",
              "non_striker": "Syazrul Idrus",
              "runs": {
                "batter": 0,
                "extras": 0,
                "total": 0
              }
            },
            {
              "batter": "Nazril Rahman",
              "bowler": "A Mansale",
              "non_striker": "Syazrul Idrus",
              "runs": {
                "batter": 1,
                "extras": 0,
                "total": 1
              }
            }
          ]
        },
        {
          "over": 19,
          "deliveries": [
            {
              "batter": "Nazril Rahman",
              "bowler": "J Rasu",
              "non_striker": "Syazrul Idrus",
              "runs": {
                "batter": 4,
                "extras": 0,
                "total": 4
              }
            },
            {
              "batter": "Nazril Rahman",
              "bowler": "J Rasu",
              "non_striker": "Syazrul Idrus",
              "runs": {
                "batter": 0,
                "extras": 0,
                "total": 0
              }
            },
            {
              "batter": "Nazril Rahman",
              "bowler": "J Rasu",
              "non_striker": "Syazrul Idrus",
              "runs": {
                "batter": 2,
                "extras": 0,
                "total": 2
              }
            },
            {
              "batter": "Nazril Rahman",
              "bowler": "J Rasu",
              "non_striker": "Syazrul Idrus",
              "runs": {
                "batter": 1,
                "extras": 0,
                "total": 1
              }
            },
            {
              "batter": "Syazrul Idrus",
              "bowler": "J Rasu",
              "non_striker": "Nazril Rahman",
              "runs": {
                "batter": 1,
                "extras": 0,
                "total": 1
              }
            },
            {
              "batter": "Nazril Rahman",
              "bowler": "J Rasu",
              "non_striker": "Syazrul Idrus",
              "runs": {
                "batter": 0,
                "extras": 0,
                "total": 0
              }
            }
          ]
        }
      ],
      "powerplays": [
        {
          "from": 0.1,
          "to": 5.8,
          "type": "mandatory"
        }
      ],
      "target": {
        "overs": 20,
        "runs": 189
      }
    }
  ]
}