{
  "meta": {
    "data_version": "1.0.0",
    "created": "2020-03-16",
    "revision": 1
  },
  "info": {
    "balls_per_over": 6,
    "city": "Dhaka",
    "dates": [
      "2020-03-11"
    ],
    "event": {
      "name": "Zimbabwe tour of Bangladesh",
      "match_number": 2
    },
    "gender": "male",
    "match_type": "T20",
    "match_type_number": 1084,
    "officials": {
      "match_referees": [
        "JJ Crowe"
      ],
      "reserve_umpires": [
        "Sharfuddoula"
      ],
      "tv_umpires": [
        "Tanvir Ahmed"
      ],
      "umpires": [
        "Masudur Rahman",
        "Gazi Sohel"
      ]
    },
    "outcome": {
      "winner": "Bangladesh",
      "by": {
        "wickets": 9
      }
    },
    "overs": 20,
    "player_of_match": [
      "Liton Das"
    ],
    "players": {
      "Zimbabwe": [
        "TS Kamunhukamwe",
        "BRM Taylor",
        "CR Ervine",
        "SC Williams",
        "Sikandar Raza",
        "R Mutumbami",
        "CT Mutombodzi",
        "W Madhevere",
        "CT Mumba",
        "CB Mpofu",
        "CK Tshuma"
      ],
      "Bangladesh": [
        "Liton Das",
        "Mohammad Naim",
        "Soumya Sarkar",
        "Mushfiqur Rahim",
        "Mahmudullah",
        "Mahedi Hasan",
        "Afif Hossain",
        "Mohammad Saifuddin",
        "Mustafizur Rahman",
        "Al-Amin Hossain",
        "Hasan Mahmud"
      ]
    },
    "registry": {
      "people": {
        "Afif Hossain": "37138918",
        "Al-Amin Hossain": "3f5f39cd",
        "BRM Taylor": "53597be1",
        "CB Mpofu": "49691d7a",
        "CK Tshuma": "f6571355",
        "CR Ervine": "c96311d4",
        "CT Mumba": "28496266",
        "CT Mutombodzi": "26f12506",
        "Gazi Sohel": "f0df3ed7",
        "Hasan Mahmud": "80ad39ac",
        "JJ Crowe": "2e760301",
        "Liton Das": "0404d43c",
        "Mahedi Hasan": "9dad0f2e",
        "Mahmudullah": "bf1d7d3e",
        "Masudur Rahman": "9581ac6b",
        "Mohammad Naim": "7923a51d",
        "Mohammad Saifuddin": "b3a28446",
        "Mushfiqur Rahim": "a94e08ea",
        "Mustafizur Rahman": "0a8fce53",
        "R Mutumbami": "5fef85ee",
        "SC Williams": "afe57f7a",
        "Sharfuddoula": "63896abb",
        "Sikandar Raza": "26d041c4",
        "Soumya Sarkar": "4d9f9686",
        "TS Kamunhukamwe": "4e1b4323",
        "Tanvir Ahmed": "ea2df1f1",
        "W Madhevere": "a879b92c"
      }
    },
    "season": "2019/20",
    "team_type": "international",
    "teams": [
      "Bangladesh",
      "Zimbabwe"
    ],
    "toss": {
      "decision": "field",
      "winner": "Bangladesh"
    },
    "venue": "Shere Bangla National Stadium, Mirpur"
  },
  "innings": [
    {
      "team": "Zimbabwe",
      "overs": [
        {
          "over": 0,
          "deliveries": [
            {
              "batter": "TS Kamunhukamwe",
              "bowler": "Mustafizur Rahman",
              "non_striker": "BRM Taylor",
              "runs": {
                "batter": 0,
                "extras": 0,
                "total": 0
              }
            },
            {
              "batter": "TS Kamunhukamwe",
              "bowler": "Mustafizur Rahman",
              "non_striker": "BRM Taylor",
              "runs": {
                "batter": 0,
                "extras": 0,
                "total": 0
              }
            },
            {
              "batter": "TS Kamunhukamwe",
              "bowler": "Mustafizur Rahman",
              "non_striker": "BRM Taylor",
              "runs": {
                "batter": 4,
                "extras": 0,
                "total": 4
              }
            },
            {
              "batter": "TS Kamunhukamwe",
              "bowler": "Mustafizur Rahman",
              "non_striker": "BRM Taylor",
              "runs": {
                "batter": 1,
                "extras": 0,
                "total": 1
              }
            },
            {
              "batter": "BRM Taylor",
              "bowler": "Mustafizur Rahman",
              "non_striker": "TS Kamunhukamwe",
              "runs": {
                "batter": 0,
                "extras": 0,
                "total": 0
              }
            },
            {
              "batter": "BRM Taylor",
              "bowler": "Mustafizur Rahman",
              "non_striker": "TS Kamunhukamwe",
              "runs": {
                "batter": 0,
                "extras": 0,
                "total": 0
              }
            }
          ]
        },
        {
          "over": 1,
          "deliveries": [
            {
              "batter": "TS Kamunhukamwe",
              "bowler": "Mohammad Saifuddin",
              "non_striker": "BRM Taylor",
              "runs": {
                "batter": 4,
                "extras": 0,
                "total": 4
              }
            },
            {
              "batter": "TS Kamunhukamwe",
              "bowler": "Mohammad Saifuddin",
              "non_striker": "BRM Taylor",
              "runs": {
                "batter": 0,
                "extras": 0,
                "total": 0
              }
            },
            {
              "batter": "TS Kamunhukamwe",
              "bowler": "Mohammad Saifuddin",
              "non_striker": "BRM Taylor",
              "runs": {
                "batter": 0,
                "extras": 0,
                "total": 0
              }
            },
            {
              "batter": "TS Kamunhukamwe",
              "bowler": "Mohammad Saifuddin",
              "non_striker": "BRM Taylor",
              "runs": {
                "batter": 1,
                "extras": 0,
                "total": 1
              }
            },
            {
              "batter": "BRM Taylor",
              "bowler": "Mohammad Saifuddin",
              "non_striker": "TS Kamunhukamwe",
              "runs": {
                "batter": 0,
                "extras": 0,
                "total": 0
              }
            },
            {
              "batter": "BRM Taylor",
              "bowler": "Mohammad Saifuddin",
              "non_striker": "TS Kamunhukamwe",
              "runs": {
                "batter": 1,
                "extras": 0,
                "total": 1
              }
            }
          ]
        },
        {
          "over": 2,
          "deliveries": [
            {
              "batter": "BRM Taylor",
              "bowler": "Al-Amin Hossain",
              "non_striker": "TS Kamunhukamwe",
              "runs": {
                "batter": 1,
                "extras": 0,
                "total": 1
              }
            },
            {
              "batter": "TS Kamunhukamwe",
              "bowler": "Al-Amin Hossain",
              "non_striker": "BRM Taylor",
              "runs": {
                "batter": 0,
                "extras": 0,
                "total": 0
              }
            },
            {
              "batter": "TS Kamunhukamwe",
              "bowler": "Al-Amin Hossain",
              "non_striker": "BRM Taylor",
              "runs": {
                "batter": 0,
                "extras": 0,
                "total": 0
              },
              "wickets": [
                {
                  "kind": "caught",
                  "player_out": "TS Kamunhukamwe",
                  "fielders": [
                    {
                      "name": "Mushfiqur Rahim"
                    }
                  ]
                }
              ]
            },
            {
              "batter": "CR Ervine",
              "bowler": "Al-Amin Hossain",
              "non_striker": "BRM Taylor",
              "runs": {
                "batter": 1,
                "extras": 0,
                "total": 1
              }
            },
            {
              "batter": "BRM Taylor",
              "bowler": "Al-Amin Hossain",
              "non_striker": "CR Ervine",
              "runs": {
                "batter": 1,
                "extras": 0,
                "total": 1
              }
            },
            {
              "batter": "CR Ervine",
              "bowler": "Al-Amin Hossain",
              "non_striker": "BRM Taylor",
              "runs": {
                "batter": 1,
                "extras": 0,
                "total": 1
              }
            }
          ]
        },
        {
          "over": 3,
          "deliveries": [
            {
              "batter": "CR Ervine",
              "bowler": "Hasan Mahmud",
              "non_striker": "BRM Taylor",
              "runs": {
                "batter": 0,
                "extras": 0,
                "total": 0
              }
            },
            {
              "batter": "CR Ervine",
              "bowler": "Hasan Mahmud",
              "non_striker": "BRM Taylor",
              "runs": {
                "batter": 0,
                "extras": 0,
                "total": 0
              }
            },
            {
              "batter": "CR Ervine",
              "bowler": "Hasan Mahmud",
              "non_striker": "BRM Taylor",
              "runs": {
                "batter": 0,
                "extras": 0,
                "total": 0
              }
            },
            {
              "batter": "CR Ervine",
              "bowler": "Hasan Mahmud",
              "non_striker": "BRM Taylor",
              "runs": {
                "batter": 0,
                "extras": 0,
                "total": 0
              }
            },
            {
              "batter": "CR Ervine",
              "bowler": "Hasan Mahmud",
              "non_striker": "BRM Taylor",
              "runs": {
                "batter": 1,
                "extras": 0,
                "total": 1
              }
            },
            {
              "batter": "BRM Taylor",
              "bowler": "Hasan Mahmud",
              "non_striker": "CR Ervine",
              "runs": {
                "batter": 2,
                "extras": 0,
                "total": 2
              }
            }
          ]
        },
        {
          "over": 4,
          "deliveries": [
            {
              "batter": "CR Ervine",
              "bowler": "Mustafizur Rahman",
              "non_striker": "BRM Taylor",
              "runs": {
                "batter": 0,
                "extras": 0,
                "total": 0
              }
            },
            {
              "batter": "CR Ervine",
              "bowler": "Mustafizur Rahman",
              "non_striker": "BRM Taylor",
              "runs": {
                "batter": 4,
                "extras": 0,
                "total": 4
              }
            },
            {
              "batter": "CR Ervine",
              "bowler": "Mustafizur Rahman",
              "non_striker": "BRM Taylor",
              "runs": {
                "batter": 1,
                "extras": 0,
                "total": 1
              }
            },
            {
              "batter": "BRM Taylor",
              "bowler": "Mustafizur Rahman",
              "non_striker": "CR Ervine",
              "runs": {
                "batter": 1,
                "extras": 0,
                "total": 1
              }
            },
            {
              "batter": "CR Ervine",
              "bowler": "Mustafizur Rahman",
              "non_striker": "BRM Taylor",
              "runs": {
                "batter": 0,
                "extras": 0,
                "total": 0
              }
            },
            {
              "batter": "CR Ervine",
              "bowler": "Mustafizur Rahman",
              "non_striker": "BRM Taylor",
              "runs": {
                "batter": 1,
                "extras": 0,
                "total": 1
              }
            }
          ]
        },
        {
          "over": 5,
          "deliveries": [
            {
              "batter": "CR Ervine",
              "bowler": "Mohammad Saifuddin",
              "non_striker": "BRM Taylor",
              "runs": {
                "batter": 1,
                "extras": 0,
                "total": 1
              }
            },
            {
              "batter": "BRM Taylor",
              "bowler": "Mohammad Saifuddin",
              "non_striker": "CR Ervine",
              "runs": {
                "batter": 0,
                "extras": 0,
                "total": 0
              }
            },
            {
              "batter": "BRM Taylor",
              "bowler": "Mohammad Saifuddin",
              "non_striker": "CR Ervine",
              "runs": {
                "batter": 2,
                "extras": 0,
                "total": 2
              }
            },
            {
              "batter": "BRM Taylor",
              "bowler": "Mohammad Saifuddin",
              "non_striker": "CR Ervine",
              "runs": {
                "batter": 1,
                "extras": 0,
                "total": 1
              }
            },
            {
              "batter": "CR Ervine",
              "bowler": "Mohammad Saifuddin",
              "non_striker": "BRM Taylor",
              "runs": {
                "batter": 0,
                "extras": 0,
                "total": 0
              }
            },
            {
              "batter": "CR Ervine",
              "bowler": "Mohammad Saifuddin",
              "non_striker": "BRM Taylor",
              "runs": {
                "batter": 2,
                "extras": 0,
                "total": 2
              }
            }
          ]
        },
        {
          "over": 6,
          "deliveries": [
            {
              "batter": "BRM Taylor",
              "bowler": "Hasan Mahmud",
              "non_striker": "CR Ervine",
              "runs": {
                "batter": 4,
                "extras": 0,
                "total": 4
              }
            },
            {
              "batter": "BRM Taylor",
              "bowler": "Hasan Mahmud",
              "non_striker": "CR Ervine",
              "runs": {
                "batter": 0,
                "extras": 0,
                "total": 0
              }
            },
            {
              "batter": "BRM Taylor",
              "bowler": "Hasan Mahmud",
              "non_striker": "CR Ervine",
              "runs": {
                "batter": 0,
                "extras": 0,
                "total": 0
              }
            },
            {
              "batter": "BRM Taylor",
              "bowler": "Hasan Mahmud",
              "non_striker": "CR Ervine",
              "runs": {
                "batter": 1,
                "extras": 0,
                "total": 1
              }
            },
            {
              "batter": "CR Ervine",
              "bowler": "Hasan Mahmud",
              "non_striker": "BRM Taylor",
              "runs": {
                "batter": 1,
                "extras": 0,
                "total": 1
              }
            },
            {
              "batter": "BRM Taylor",
              "bowler": "Hasan Mahmud",
              "non_striker": "CR Ervine",
              "runs": {
                "batter": 6,
                "extras": 0,
                "total": 6
              }
            }
          ]
        },
        {
          "over": 7,
          "deliveries": [
            {
              "batter": "CR Ervine",
              "bowler": "Mahedi Hasan",
              "non_striker": "BRM Taylor",
              "runs": {
                "batter": 1,
                "extras": 0,
                "total": 1
              }
            },
            {
              "batter": "BRM Taylor",
              "bowler": "Mahedi Hasan",
              "non_striker": "CR Ervine",
              "runs": {
                "batter": 1,
                "extras": 0,
                "total": 1
              }
            },
            {
              "batter": "CR Ervine",
              "bowler": "Mahedi Hasan",
              "non_striker": "BRM Taylor",
              "runs": {
                "batter": 0,
                "extras": 0,
                "total": 0
              }
            },
            {
              "batter": "CR Ervine",
              "bowler": "Mahedi Hasan",
              "non_striker": "BRM Taylor",
              "runs": {
                "batter": 0,
                "extras": 0,
                "total": 0
              }
            },
            {
              "batter": "CR Ervine",
              "bowler": "Mahedi Hasan",
              "non_striker": "BRM Taylor",
              "runs": {
                "batter": 1,
                "extras": 0,
                "total": 1
              }
            },
            {
              "batter": "BRM Taylor",
              "bowler": "Mahedi Hasan",
              "non_striker": "CR Ervine",
              "runs": {
                "batter": 1,
                "extras": 0,
                "total": 1
              }
            }
          ]
        },
        {
          "over": 8,
          "deliveries": [
            {
              "batter": "BRM Taylor",
              "bowler": "Al-Amin Hossain",
              "non_striker": "CR Ervine",
              "runs": {
                "batter": 1,
                "extras": 0,
                "total": 1
              }
            },
            {
              "batter": "CR Ervine",
              "bowler": "Al-Amin Hossain",
              "non_striker": "BRM Taylor",
              "runs": {
                "batter": 1,
                "extras": 0,
                "total": 1
              }
            },
            {
              "batter": "BRM Taylor",
              "bowler": "Al-Amin Hossain",
              "non_striker": "CR Ervine",
              "runs": {
                "batter": 0,
                "extras": 0,
                "total": 0
              }
            },
            {
              "batter": "BRM Taylor",
              "bowler": "Al-Amin Hossain",
              "non_striker": "CR Ervine",
              "runs": {
                "batter": 1,
                "extras": 0,
                "total": 1
              }
            },
            {
              "batter": "CR Ervine",
              "bowler": "Al-Amin Hossain",
              "non_striker": "BRM Taylor",
              "runs": {
                "batter": 4,
                "extras": 0,
                "total": 4
              }
            },
            {
              "batter": "CR Ervine",
              "bowler": "Al-Amin Hossain",
              "non_striker": "BRM Taylor",
              "runs": {
                "batter": 1,
                "extras": 0,
                "total": 1
              }
            }
          ]
        },
        {
          "over": 9,
          "deliveries": [
            {
              "batter": "CR Ervine",
              "bowler": "Mahedi Hasan",
              "non_striker": "BRM Taylor",
              "runs": {
                "batter": 0,
                "extras": 0,
                "total": 0
              }
            },
            {
              "batter": "CR Ervine",
              "bowler": "Mahedi Hasan",
              "non_striker": "BRM Taylor",
              "runs": {
                "batter": 0,
                "extras": 0,
                "total": 0
              }
            },
            {
              "batter": "CR Ervine",
              "bowler": "Mahedi Hasan",
              "non_striker": "BRM Taylor",
              "runs": {
                "batter": 2,
                "extras": 0,
                "total": 2
              }
            },
            {
              "batter": "CR Ervine",
              "bowler": "Mahedi Hasan",
              "non_striker": "BRM Taylor",
              "review": {
                "by": "Zimbabwe",
                "umpire": "Masudur Rahman",
                "batter": "CR Ervine",
                "decision": "upheld"
              },
              "runs": {
                "batter": 0,
                "extras": 0,
                "total": 0
              }
            },
            {
              "batter": "CR Ervine",
              "bowler": "Mahedi Hasan",
              "non_striker": "BRM Taylor",
              "runs": {
                "batter": 4,
                "extras": 0,
                "total": 4
              }
            },
            {
              "batter": "CR Ervine",
              "bowler": "Mahedi Hasan",
              "non_striker": "BRM Taylor",
              "runs": {
                "batter": 1,
                "extras": 0,
                "total": 1
              }
            }
          ]
        },
        {
          "over": 10,
          "deliveries": [
            {
              "batter": "CR Ervine",
              "bowler": "Al-Amin Hossain",
              "non_striker": "BRM Taylor",
              "runs": {
                "batter": 0,
                "extras": 0,
                "total": 0
              }
            },
            {
              "batter": "CR Ervine",
              "bowler": "Al-Amin Hossain",
              "extras": {
                "legbyes": 1
              },
              "non_striker": "BRM Taylor",
              "runs": {
                "batter": 0,
                "extras": 1,
                "total": 1
              }
            },
            {
              "batter": "BRM Taylor",
              "bowler": "Al-Amin Hossain",
              "non_striker": "CR Ervine",
              "runs": {
                "batter": 1,
                "extras": 0,
                "total": 1
              }
            },
            {
              "batter": "CR Ervine",
              "bowler": "Al-Amin Hossain",
              "non_striker": "BRM Taylor",
              "runs": {
                "batter": 1,
                "extras": 0,
                "total": 1
              }
            },
            {
              "batter": "BRM Taylor",
              "bowler": "Al-Amin Hossain",
              "non_striker": "CR Ervine",
              "runs": {
                "batter": 0,
                "extras": 0,
                "total": 0
              }
            },
            {
              "batter": "BRM Taylor",
              "bowler": "Al-Amin Hossain",
              "non_striker": "CR Ervine",
              "runs": {
                "batter": 4,
                "extras": 0,
                "total": 4
              }
            }
          ]
        },
        {
          "over": 11,
          "deliveries": [
            {
              "batter": "CR Ervine",
              "bowler": "Afif Hossain",
              "non_striker": "BRM Taylor",
              "runs": {
                "batter": 0,
                "extras": 0,
                "total": 0
              },
              "wickets": [
                {
                  "kind": "caught",
                  "player_out": "CR Ervine",
                  "fielders": [
                    {
                      "name": "Soumya Sarkar"
                    }
                  ]
                }
              ]
            },
            {
              "batter": "BRM Taylor",
              "bowler": "Afif Hossain",
              "non_striker": "SC Williams",
              "runs": {
                "batter": 0,
                "extras": 0,
                "total": 0
              }
            },
            {
              "batter": "BRM Taylor",
              "bowler": "Afif Hossain",
              "non_striker": "SC Williams",
              "runs": {
                "batter": 1,
                "extras": 0,
                "total": 1
              }
            },
            {
              "batter": "SC Williams",
              "bowler": "Afif Hossain",
              "non_striker": "BRM Taylor",
              "runs": {
                "batter": 0,
                "extras": 0,
                "total": 0
              }
            },
            {
              "batter": "SC Williams",
              "bowler": "Afif Hossain",
              "non_striker": "BRM Taylor",
              "runs": {
                "batter": 0,
                "extras": 0,
                "total": 0
              }
            },
            {
              "batter": "SC Williams",
              "bowler": "Afif Hossain",
              "non_striker": "BRM Taylor",
              "runs": {
                "batter": 1,
                "extras": 0,
                "total": 1
              }
            }
          ]
        },
        {
          "over": 12,
          "deliveries": [
            {
              "batter": "SC Williams",
              "bowler": "Hasan Mahmud",
              "non_striker": "BRM Taylor",
              "runs": {
                "batter": 1,
                "extras": 0,
                "total": 1
              }
            },
            {
              "batter": "BRM Taylor",
              "bowler": "Hasan Mahmud",
              "non_striker": "SC Williams",
              "runs": {
                "batter": 1,
                "extras": 0,
                "total": 1
              }
            },
            {
              "batter": "SC Williams",
              "bowler": "Hasan Mahmud",
              "non_striker": "BRM Taylor",
              "runs": {
                "batter": 0,
                "extras": 0,
                "total": 0
              }
            },
            {
              "batter": "SC Williams",
              "bowler": "Hasan Mahmud",
              "non_striker": "BRM Taylor",
              "runs": {
                "batter": 0,
                "extras": 0,
                "total": 0
              }
            },
            {
              "batter": "SC Williams",
              "bowler": "Hasan Mahmud",
              "non_striker": "BRM Taylor",
              "runs": {
                "batter": 1,
                "extras": 0,
                "total": 1
              }
            },
            {
              "batter": "BRM Taylor",
              "bowler": "Hasan Mahmud",
              "non_striker": "SC Williams",
              "runs": {
                "batter": 1,
                "extras": 0,
                "total": 1
              }
            }
          ]
        },
        {
          "over": 13,
          "deliveries": [
            {
              "batter": "BRM Taylor",
              "bowler": "Mahedi Hasan",
              "non_striker": "SC Williams",
              "runs": {
                "batter": 1,
                "extras": 0,
                "total": 1
              }
            },
            {
              "batter": "SC Williams",
              "bowler": "Mahedi Hasan",
              "non_striker": "BRM Taylor",
              "runs": {
                "batter": 0,
                "extras": 0,
                "total": 0
              },
              "wickets": [
                {
                  "kind": "stumped",
                  "player_out": "SC Williams",
                  "fielders": [
                    {
                      "name": "Mushfiqur Rahim"
                    }
                  ]
                }
              ]
            },
            {
              "batter": "Sikandar Raza",
              "bowler": "Mahedi Hasan",
              "non_striker": "BRM Taylor",
              "runs": {
                "batter": 0,
                "extras": 0,
                "total": 0
              }
            },
            {
              "batter": "Sikandar Raza",
              "bowler": "Mahedi Hasan",
              "non_striker": "BRM Taylor",
              "runs": {
                "batter": 1,
                "extras": 0,
                "total": 1
              }
            },
            {
              "batter": "BRM Taylor",
              "bowler": "Mahedi Hasan",
              "non_striker": "Sikandar Raza",
              "runs": {
                "batter": 1,
                "extras": 0,
                "total": 1
              }
            },
            {
              "batter": "Sikandar Raza",
              "bowler": "Mahedi Hasan",
              "non_striker": "BRM Taylor",
              "runs": {
                "batter": 0,
                "extras": 0,
                "total": 0
              }
            }
          ]
        },
        {
          "over": 14,
          "deliveries": [
            {
              "batter": "BRM Taylor",
              "bowler": "Mustafizur Rahman",
              "non_striker": "Sikandar Raza",
              "runs": {
                "batter": 1,
                "extras": 0,
                "total": 1
              }
            },
            {
              "batter": "Sikandar Raza",
              "bowler": "Mustafizur Rahman",
              "non_striker": "BRM Taylor",
              "runs": {
                "batter": 0,
                "extras": 0,
                "total": 0
              }
            },
            {
              "batter": "Sikandar Raza",
              "bowler": "Mustafizur Rahman",
              "non_striker": "BRM Taylor",
              "runs": {
                "batter": 0,
                "extras": 0,
                "total": 0
              }
            },
            {
              "batter": "Sikandar Raza",
              "bowler": "Mustafizur Rahman",
              "non_striker": "BRM Taylor",
              "runs": {
                "batter": 4,
                "extras": 0,
                "total": 4
              }
            },
            {
              "batter": "Sikandar Raza",
              "bowler": "Mustafizur Rahman",
              "non_striker": "BRM Taylor",
              "runs": {
                "batter": 1,
                "extras": 0,
                "total": 1
              }
            },
            {
              "batter": "BRM Taylor",
              "bowler": "Mustafizur Rahman",
              "non_striker": "Sikandar Raza",
              "runs": {
                "batter": 1,
                "extras": 0,
                "total": 1
              }
            }
          ]
        },
        {
          "over": 15,
          "deliveries": [
            {
              "batter": "BRM Taylor",
              "bowler": "Mohammad Saifuddin",
              "non_striker": "Sikandar Raza",
              "runs": {
                "batter": 4,
                "extras": 0,
                "total": 4
              }
            },
            {
              "batter": "BRM Taylor",
              "bowler": "Mohammad Saifuddin",
              "non_striker": "Sikandar Raza",
              "runs": {
                "batter": 1,
                "extras": 0,
                "total": 1
              }
            },
            {
              "batter": "Sikandar Raza",
              "bowler": "Mohammad Saifuddin",
              "non_striker": "BRM Taylor",
              "runs": {
                "batter": 2,
                "extras": 0,
                "total": 2
              }
            },
            {
              "batter": "Sikandar Raza",
              "bowler": "Mohammad Saifuddin",
              "non_striker": "BRM Taylor",
              "runs": {
                "batter": 4,
                "extras": 0,
                "total": 4
              }
            },
            {
              "batter": "Sikandar Raza",
              "bowler": "Mohammad Saifuddin",
              "non_striker": "BRM Taylor",
              "runs": {
                "batter": 0,
                "extras": 0,
                "total": 0
              },
              "wickets": [
                {
                  "kind": "caught",
                  "player_out": "Sikandar Raza",
                  "fielders": [
                    {
                      "name": "Al-Amin Hossain"
                    }
                  ]
                }
              ]
            },
            {
              "batter": "R Mutumbami",
              "bowler": "Mohammad Saifuddin",
              "non_striker": "BRM Taylor",
              "runs": {
                "batter": 1,
                "extras": 0,
                "total": 1
              }
            }
          ]
        },
        {
          "over": 16,
          "deliveries": [
            {
              "batter": "R Mutumbami",
              "bowler": "Al-Amin Hossain",
              "non_striker": "BRM Taylor",
              "runs": {
                "batter": 0,
                "extras": 0,
                "total": 0
              },
              "wickets": [
                {
                  "kind": "caught",
                  "player_out": "R Mutumbami",
                  "fielders": [
                    {
                      "name": "Soumya Sarkar"
                    }
                  ]
                }
              ]
            },
            {
              "batter": "BRM Taylor",
              "bowler": "Al-Amin Hossain",
              "non_striker": "CT Mutombodzi",
              "runs": {
                "batter": 1,
                "extras": 0,
                "total": 1
              }
            },
            {
              "batter": "CT Mutombodzi",
              "bowler": "Al-Amin Hossain",
              "non_striker": "BRM Taylor",
              "runs": {
                "batter": 1,
                "extras": 0,
                "total": 1
              }
            },
            {
              "batter": "BRM Taylor",
              "bowler": "Al-Amin Hossain",
              "non_striker": "CT Mutombodzi",
              "runs": {
                "batter": 1,
                "extras": 0,
                "total": 1
              }
            },
            {
              "batter": "CT Mutombodzi",
              "bowler": "Al-Amin Hossain",
              "non_striker": "BRM Taylor",
              "runs": {
                "batter": 1,
                "extras": 0,
                "total": 1
              }
            },
            {
              "batter": "BRM Taylor",
              "bowler": "Al-Amin Hossain",
              "non_striker": "CT Mutombodzi",
              "runs": {
                "batter": 0,
                "extras": 0,
                "total": 0
              }
            }
          ]
        },
        {
          "over": 17,
          "deliveries": [
            {
              "batter": "CT Mutombodzi",
              "bowler": "Hasan Mahmud",
              "non_striker": "BRM Taylor",
              "runs": {
                "batter": 1,
                "extras": 0,
                "total": 1
              }
            },
            {
              "batter": "BRM Taylor",
              "bowler": "Hasan Mahmud",
              "non_striker": "CT Mutombodzi",
              "runs": {
                "batter": 0,
                "extras": 0,
                "total": 0
              }
            },
            {
              "batter": "BRM Taylor",
              "bowler": "Hasan Mahmud",
              "non_striker": "CT Mutombodzi",
              "runs": {
                "batter": 4,
                "extras": 0,
                "total": 4
              }
            },
            {
              "batter": "BRM Taylor",
              "bowler": "Hasan Mahmud",
              "non_striker": "CT Mutombodzi",
              "runs": {
                "batter": 1,
                "extras": 0,
                "total": 1
              }
            },
            {
              "batter": "CT Mutombodzi",
              "bowler": "Hasan Mahmud",
              "non_striker": "BRM Taylor",
              "runs": {
                "batter": 0,
                "extras": 0,
                "total": 0
              }
            },
            {
              "batter": "CT Mutombodzi",
              "bowler": "Hasan Mahmud",
              "non_striker": "BRM Taylor",
              "runs": {
                "batter": 0,
                "extras": 0,
                "total": 0
              }
            }
          ]
        },
        {
          "over": 18,
          "deliveries": [
            {
              "batter": "BRM Taylor",
              "bowler": "Mustafizur Rahman",
              "non_striker": "CT Mutombodzi",
              "runs": {
                "batter": 1,
                "extras": 0,
                "total": 1
              }
            },
            {
              "batter": "CT Mutombodzi",
              "bowler": "Mustafizur Rahman",
              "non_striker": "BRM Taylor",
              "runs": {
                "batter": 0,
                "extras": 0,
                "total": 0
              }
            },
            {
              "batter": "CT Mutombodzi",
              "bowler": "Mustafizur Rahman",
              "non_striker": "BRM Taylor",
              "runs": {
                "batter": 0,
                "extras": 0,
                "total": 0
              },
              "wickets": [
                {
                  "kind": "caught",
                  "player_out": "CT Mutombodzi",
                  "fielders": [
                    {
                      "name": "Mohammad Naim"
                    }
                  ]
                }
              ]
            },
            {
              "batter": "BRM Taylor",
              "bowler": "Mustafizur Rahman",
              "non_striker": "W Madhevere",
              "runs": {
                "batter": 4,
                "extras": 0,
                "total": 4
              }
            },
            {
              "batter": "BRM Taylor",
              "bowler": "Mustafizur Rahman",
              "non_striker": "W Madhevere",
              "runs": {
                "batter": 1,
                "extras": 0,
                "total": 1
              }
            },
            {
              "batter": "W Madhevere",
              "bowler": "Mustafizur Rahman",
              "non_striker": "BRM Taylor",
              "runs": {
                "batter": 0,
                "extras": 0,
                "total": 0
              },
              "wickets": [
                {
                  "kind": "caught",
                  "player_out": "W Madhevere",
                  "fielders": [
                    {
                      "name": "Mohammad Naim"
                    }
                  ]
                }
              ]
            }
          ]
        },
        {
          "over": 19,
          "deliveries": [
            {
              "batter": "CT Mumba",
              "bowler": "Mohammad Saifuddin",
              "non_striker": "BRM Taylor",
              "runs": {
                "batter": 1,
                "extras": 0,
                "total": 1
              }
            },
            {
              "batter": "BRM Taylor",
              "bowler": "Mohammad Saifuddin",
              "non_striker": "CT Mumba",
              "runs": {
                "batter": 0,
                "extras": 0,
                "total": 0
              }
            },
            {
              "batter": "BRM Taylor",
              "bowler": "Mohammad Saifuddin",
              "non_striker": "CT Mumba",
              "runs": {
                "batter": 4,
                "extras": 0,
                "total": 4
              }
            },
            {
              "batter": "BRM Taylor",
              "bowler": "Mohammad Saifuddin",
              "non_striker": "CT Mumba",
              "runs": {
                "batter": 0,
                "extras": 0,
                "total": 0
              }
            },
            {
              "batter": "BRM Taylor",
              "bowler": "Mohammad Saifuddin",
              "non_striker": "CT Mumba",
              "runs": {
                "batter": 0,
                "extras": 0,
                "total": 0
              }
            },
            {
              "batter": "BRM Taylor",
              "bowler": "Mohammad Saifuddin",
              "non_striker": "CT Mumba",
              "runs": {
                "batter": 1,
                "extras": 0,
                "total": 1
              }
            }
          ]
        }
      ],
      "powerplays": [
        {
          "from": 0.1,
          "to": 5.6,
          "type": "mandatory"
        }
      ]
    },
    {
      "team": "Bangladesh",
      "overs": [
        {
          "over": 0,
          "deliveries": [
            {
              "batter": "Liton Das",
              "bowler": "W Madhevere",
              "non_striker": "Mohammad Naim",
              "runs": {
                "batter": 1,
                "extras": 0,
                "total": 1
              }
            },
            {
              "batter": "Mohammad Naim",
              "bowler": "W Madhevere",
              "non_striker": "Liton Das",
              "runs": {
                "batter": 0,
                "extras": 0,
                "total": 0
              }
            },
            {
              "batter": "Mohammad Naim",
              "bowler": "W Madhevere",
              "non_striker": "Liton Das",
              "runs": {
                "batter": 1,
                "extras": 0,
                "total": 1
              }
            },
            {
              "batter": "Liton Das",
              "bowler": "W Madhevere",
              "non_striker": "Mohammad Naim",
              "runs": {
                "batter": 1,
                "extras": 0,
                "total": 1
              }
            },
            {
              "batter": "Mohammad Naim",
              "bowler": "W Madhevere",
              "non_striker": "Liton Das",
              "runs": {
                "batter": 0,
                "extras": 0,
                "total": 0
              }
            },
            {
              "batter": "Mohammad Naim",
              "bowler": "W Madhevere",
              "non_striker": "Liton Das",
              "runs": {
                "batter": 1,
                "extras": 0,
                "total": 1
              }
            }
          ]
        },
        {
          "over": 1,
          "deliveries": [
            {
              "batter": "Mohammad Naim",
              "bowler": "CB Mpofu",
              "non_striker": "Liton Das",
              "runs": {
                "batter": 1,
                "extras": 0,
                "total": 1
              }
            },
            {
              "batter": "Liton Das",
              "bowler": "CB Mpofu",
              "non_striker": "Mohammad Naim",
              "runs": {
                "batter": 2,
                "extras": 0,
                "total": 2
              }
            },
            {
              "batter": "Liton Das",
              "bowler": "CB Mpofu",
              "non_striker": "Mohammad Naim",
              "runs": {
                "batter": 0,
                "extras": 0,
                "total": 0
              }
            },
            {
              "batter": "Liton Das",
              "bowler": "CB Mpofu",
              "non_striker": "Mohammad Naim",
              "runs": {
                "batter": 1,
                "extras": 0,
                "total": 1
              }
            },
            {
              "batter": "Mohammad Naim",
              "bowler": "CB Mpofu",
              "non_striker": "Liton Das",
              "runs": {
                "batter": 4,
                "extras": 0,
                "total": 4
              }
            },
            {
              "batter": "Mohammad Naim",
              "bowler": "CB Mpofu",
              "non_striker": "Liton Das",
              "runs": {
                "batter": 0,
                "extras": 0,
                "total": 0
              }
            }
          ]
        },
        {
          "over": 2,
          "deliveries": [
            {
              "batter": "Liton Das",
              "bowler": "CT Mumba",
              "non_striker": "Mohammad Naim",
              "runs": {
                "batter": 0,
                "extras": 0,
                "total": 0
              }
            },
            {
              "batter": "Liton Das",
              "bowler": "CT Mumba",
              "non_striker": "Mohammad Naim",
              "runs": {
                "batter": 4,
                "extras": 0,
                "total": 4
              }
            },
            {
              "batter": "Liton Das",
              "bowler": "CT Mumba",
              "non_striker": "Mohammad Naim",
              "runs": {
                "batter": 1,
                "extras": 0,
                "total": 1
              }
            },
            {
              "batter": "Mohammad Naim",
              "bowler": "CT Mumba",
              "non_striker": "Liton Das",
              "runs": {
                "batter": 0,
                "extras": 0,
                "total": 0
              }
            },
            {
              "batter": "Mohammad Naim",
              "bowler": "CT Mumba",
              "non_striker": "Liton Das",
              "runs": {
                "batter": 1,
                "extras": 0,
                "total": 1
              }
            },
            {
              "batter": "Liton Das",
              "bowler": "CT Mumba",
              "non_striker": "Mohammad Naim",
              "runs": {
                "batter": 1,
                "extras": 0,
                "total": 1
              }
            }
          ]
        },
        {
          "over": 3,
          "deliveries": [
            {
              "batter": "Liton Das",
              "bowler": "CK Tshuma",
              "non_striker": "Mohammad Naim",
              "runs": {
                "batter": 4,
                "extras": 0,
                "total": 4
              }
            },
            {
              "batter": "Liton Das",
              "bowler": "CK Tshuma",
              "non_striker": "Mohammad Naim",
              "runs": {
                "batter": 0,
                "extras": 0,
                "total": 0
              }
            },
            {
              "batter": "Liton Das",
              "bowler": "CK Tshuma",
              "non_striker": "Mohammad Naim",
              "runs": {
                "batter": 1,
                "extras": 0,
                "total": 1
              }
            },
            {
              "batter": "Mohammad Naim",
              "bowler": "CK Tshuma",
              "non_striker": "Liton Das",
              "runs": {
                "batter": 4,
                "extras": 0,
                "total": 4
              }
            },
            {
              "batter": "Mohammad Naim",
              "bowler": "CK Tshuma",
              "extras": {
                "wides": 1
              },
              "non_striker": "Liton Das",
              "runs": {
                "batter": 0,
                "extras": 1,
                "total": 1
              }
            },
            {
              "batter": "Mohammad Naim",
              "bowler": "CK Tshuma",
              "non_striker": "Liton Das",
              "runs": {
                "batter": 0,
                "extras": 0,
                "total": 0
              }
            },
            {
              "batter": "Mohammad Naim",
              "bowler": "CK Tshuma",
              "non_striker": "Liton Das",
              "runs": {
                "batter": 0,
                "extras": 0,
                "total": 0
              }
            }
          ]
        },
        {
          "over": 4,
          "deliveries": [
            {
              "batter": "Liton Das",
              "bowler": "CB Mpofu",
              "non_striker": "Mohammad Naim",
              "runs": {
                "batter": 1,
                "extras": 0,
                "total": 1
              }
            },
            {
              "batter": "Mohammad Naim",
              "bowler": "CB Mpofu",
              "non_striker": "Liton Das",
              "runs": {
                "batter": 0,
                "extras": 0,
                "total": 0
              }
            },
            {
              "batter": "Mohammad Naim",
              "bowler": "CB Mpofu",
              "non_striker": "Liton Das",
              "runs": {
                "batter": 1,
                "extras": 0,
                "total": 1
              }
            },
            {
              "batter": "Liton Das",
              "bowler": "CB Mpofu",
              "non_striker": "Mohammad Naim",
              "runs": {
                "batter": 1,
                "extras": 0,
                "total": 1
              }
            },
            {
              "batter": "Mohammad Naim",
              "bowler": "CB Mpofu",
              "non_striker": "Liton Das",
              "runs": {
                "batter": 0,
                "extras": 0,
                "total": 0
              }
            },
            {
              "batter": "Mohammad Naim",
              "bowler": "CB Mpofu",
              "non_striker": "Liton Das",
              "runs": {
                "batter": 2,
                "extras": 0,
                "total": 2
              }
            }
          ]
        },
        {
          "over": 5,
          "deliveries": [
            {
              "batter": "Liton Das",
              "bowler": "CT Mumba",
              "non_striker": "Mohammad Naim",
              "runs": {
                "batter": 1,
                "extras": 0,
                "total": 1
              }
            },
            {
              "batter": "Mohammad Naim",
              "bowler": "CT Mumba",
              "non_striker": "Liton Das",
              "runs": {
                "batter": 4,
                "extras": 0,
                "total": 4
              }
            },
            {
              "batter": "Mohammad Naim",
              "bowler": "CT Mumba",
              "non_striker": "Liton Das",
              "runs": {
                "batter": 0,
                "extras": 0,
                "total": 0
              }
            },
            {
              "batter": "Mohammad Naim",
              "bowler": "CT Mumba",
              "non_striker": "Liton Das",
              "review": {
                "by": "Zimbabwe",
                "umpire": "Masudur Rahman",
                "batter": "Mohammad Naim",
                "decision": "struck down"
              },
              "runs": {
                "batter": 0,
                "extras": 0,
                "total": 0
              }
            },
            {
              "batter": "Mohammad Naim",
              "bowler": "CT Mumba",
              "non_striker": "Liton Das",
              "runs": {
                "batter": 1,
                "extras": 0,
                "total": 1
              }
            },
            {
              "batter": "Liton Das",
              "bowler": "CT Mumba",
              "non_striker": "Mohammad Naim",
              "runs": {
                "batter": 4,
                "extras": 0,
                "total": 4
              }
            }
          ]
        },
        {
          "over": 6,
          "deliveries": [
            {
              "batter": "Mohammad Naim",
              "bowler": "SC Williams",
              "non_striker": "Liton Das",
              "runs": {
                "batter": 0,
                "extras": 0,
                "total": 0
              }
            },
            {
              "batter": "Mohammad Naim",
              "bowler": "SC Williams",
              "non_striker": "Liton Das",
              "runs": {
                "batter": 1,
                "extras": 0,
                "total": 1
              }
            },
            {
              "batter": "Liton Das",
              "bowler": "SC Williams",
              "non_striker": "Mohammad Naim",
              "runs": {
                "batter": 0,
                "extras": 0,
                "total": 0
              }
            },
            {
              "batter": "Liton Das",
              "bowler": "SC Williams",
              "non_striker": "Mohammad Naim",
              "runs": {
                "batter": 1,
                "extras": 0,
                "total": 1
              }
            },
            {
              "batter": "Mohammad Naim",
              "bowler": "SC Williams",
              "non_striker": "Liton Das",
              "runs": {
                "batter": 1,
                "extras": 0,
                "total": 1
              }
            },
            {
              "batter": "Liton Das",
              "bowler": "SC Williams",
              "non_striker": "Mohammad Naim",
              "runs": {
                "batter": 1,
                "extras": 0,
                "total": 1
              }
            }
          ]
        },
        {
          "over": 7,
          "deliveries": [
            {
              "batter": "Liton Das",
              "bowler": "Sikandar Raza",
              "non_striker": "Mohammad Naim",
              "runs": {
                "batter": 1,
                "extras": 0,
                "total": 1
              }
            },
            {
              "batter": "Mohammad Naim",
              "bowler": "Sikandar Raza",
              "non_striker": "Liton Das",
              "runs": {
                "batter": 0,
                "extras": 0,
                "total": 0
              }
            },
            {
              "batter": "Mohammad Naim",
              "bowler": "Sikandar Raza",
              "non_striker": "Liton Das",
              "runs": {
                "batter": 4,
                "extras": 0,
                "total": 4
              }
            },
            {
              "batter": "Mohammad Naim",
              "bowler": "Sikandar Raza",
              "non_striker": "Liton Das",
              "runs": {
                "batter": 0,
                "extras": 0,
                "total": 0
              }
            },
            {
              "batter": "Mohammad Naim",
              "bowler": "Sikandar Raza",
              "non_striker": "Liton Das",
              "runs": {
                "batter": 1,
                "extras": 0,
                "total": 1
              }
            },
            {
              "batter": "Liton Das",
              "bowler": "Sikandar Raza",
              "non_striker": "Mohammad Naim",
              "runs": {
                "batter": 1,
                "extras": 0,
                "total": 1
              }
            }
          ]
        },
        {
          "over": 8,
          "deliveries": [
            {
              "batter": "Liton Das",
              "bowler": "SC Williams",
              "extras": {
                "wides": 1
              },
              "non_striker": "Mohammad Naim",
              "runs": {
                "batter": 0,
                "extras": 1,
                "total": 1
              }
            },
            {
              "batter": "Liton Das",
              "bowler": "SC Williams",
              "non_striker": "Mohammad Naim",
              "runs": {
                "batter": 4,
                "extras": 0,
                "total": 4
              }
            },
            {
              "batter": "Liton Das",
              "bowler": "SC Williams",
              "non_striker": "Mohammad Naim",
              "runs": {
                "batter": 1,
                "extras": 0,
                "total": 1
              }
            },
            {
              "batter": "Mohammad Naim",
              "bowler": "SC Williams",
              "extras": {
                "legbyes": 1
              },
              "non_striker": "Liton Das",
              "runs": {
                "batter": 0,
                "extras": 1,
                "total": 1
              }
            },
            {
              "batter": "Liton Das",
              "bowler": "SC Williams",
              "non_striker": "Mohammad Naim",
              "runs": {
                "batter": 1,
                "extras": 0,
                "total": 1
              }
            },
            {
              "batter": "Mohammad Naim",
              "bowler": "SC Williams",
              "non_striker": "Liton Das",
              "runs": {
                "batter": 1,
                "extras": 0,
                "total": 1
              }
            },
            {
              "batter": "Liton Das",
              "bowler": "SC Williams",
              "non_striker": "Mohammad Naim",
              "runs": {
                "batter": 1,
                "extras": 0,
                "total": 1
              }
            }
          ]
        },
        {
          "over": 9,
          "deliveries": [
            {
              "batter": "Liton Das",
              "bowler": "W Madhevere",
              "non_striker": "Mohammad Naim",
              "runs": {
                "batter": 0,
                "extras": 0,
                "total": 0
              }
            },
            {
              "batter": "Liton Das",
              "bowler": "W Madhevere",
              "non_striker": "Mohammad Naim",
              "runs": {
                "batter": 4,
                "extras": 0,
                "total": 4
              }
            },
            {
              "batter": "Liton Das",
              "bowler": "W Madhevere",
              "non_striker": "Mohammad Naim",
              "runs": {
                "batter": 2,
                "extras": 0,
                "total": 2
              }
            },
            {
              "batter": "Liton Das",
              "bowler": "W Madhevere",
              "non_striker": "Mohammad Naim",
              "runs": {
                "batter": 0,
                "extras": 0,
                "total": 0
              }
            },
            {
              "batter": "Liton Das",
              "bowler": "W Madhevere",
              "extras": {
                "byes": 1
              },
              "non_striker": "Mohammad Naim",
              "runs": {
                "batter": 0,
                "extras": 1,
                "total": 1
              }
            },
            {
              "batter": "Mohammad Naim",
              "bowler": "W Madhevere",
              "non_striker": "Liton Das",
              "runs": {
                "batter": 1,
                "extras": 0,
                "total": 1
              }
            }
          ]
        },
        {
          "over": 10,
          "deliveries": [
            {
              "batter": "Mohammad Naim",
              "bowler": "CB Mpofu",
              "non_striker": "Liton Das",
              "runs": {
                "batter": 0,
                "extras": 0,
                "total": 0
              }
            },
            {
              "batter": "Mohammad Naim",
              "bowler": "CB Mpofu",
              "non_striker": "Liton Das",
              "runs": {
                "batter": 4,
                "extras": 0,
                "total": 4
              }
            },
            {
              "batter": "Mohammad Naim",
              "bowler": "CB Mpofu",
              "non_striker": "Liton Das",
              "runs": {
                "batter": 0,
                "extras": 0,
                "total": 0
              }
            },
            {
              "batter": "Mohammad Naim",
              "bowler": "CB Mpofu",
              "non_striker": "Liton Das",
              "runs": {
                "batter": 0,
                "extras": 0,
                "total": 0
              },
              "wickets": [
                {
                  "kind": "caught",
                  "player_out": "Mohammad Naim",
                  "fielders": [
                    {
                      "name": "TS Kamunhukamwe"
                    }
                  ]
                }
              ]
            },
            {
              "batter": "Liton Das",
              "bowler": "CB Mpofu",
              "non_striker": "Soumya Sarkar",
              "runs": {
                "batter": 1,
                "extras": 0,
                "total": 1
              }
            },
            {
              "batter": "Soumya Sarkar",
              "bowler": "CB Mpofu",
              "non_striker": "Liton Das",
              "runs": {
                "batter": 0,
                "extras": 0,
                "total": 0
              }
            }
          ]
        },
        {
          "over": 11,
          "deliveries": [
            {
              "batter": "Liton Das",
              "bowler": "Sikandar Raza",
              "extras": {
                "wides": 1
              },
              "non_striker": "Soumya Sarkar",
              "runs": {
                "batter": 0,
                "extras": 1,
                "total": 1
              }
            },
            {
              "batter": "Liton Das",
              "bowler": "Sikandar Raza",
              "non_striker": "Soumya Sarkar",
              "runs": {
                "batter": 4,
                "extras": 0,
                "total": 4
              }
            },
            {
              "batter": "Liton Das",
              "bowler": "Sikandar Raza",
              "non_striker": "Soumya Sarkar",
              "runs": {
                "batter": 4,
                "extras": 0,
                "total": 4
              }
            },
            {
              "batter": "Liton Das",
              "bowler": "Sikandar Raza",
              "non_striker": "Soumya Sarkar",
              "runs": {
                "batter": 0,
                "extras": 0,
                "total": 0
              }
            },
            {
              "batter": "Liton Das",
              "bowler": "Sikandar Raza",
              "non_striker": "Soumya Sarkar",
              "runs": {
                "batter": 1,
                "extras": 0,
                "total": 1
              }
            },
            {
              "batter": "Soumya Sarkar",
              "bowler": "Sikandar Raza",
              "non_striker": "Liton Das",
              "runs": {
                "batter": 0,
                "extras": 0,
                "total": 0
              }
            },
            {
              "batter": "Soumya Sarkar",
              "bowler": "Sikandar Raza",
              "non_striker": "Liton Das",
              "runs": {
                "batter": 1,
                "extras": 0,
                "total": 1
              }
            }
          ]
        },
        {
          "over": 12,
          "deliveries": [
            {
              "batter": "Soumya Sarkar",
              "bowler": "CT Mumba",
              "non_striker": "Liton Das",
              "runs": {
                "batter": 0,
                "extras": 0,
                "total": 0
              }
            },
            {
              "batter": "Soumya Sarkar",
              "bowler": "CT Mumba",
              "extras": {
                "legbyes": 1
              },
              "non_striker": "Liton Das",
              "runs": {
                "batter": 0,
                "extras": 1,
                "total": 1
              }
            },
            {
              "batter": "Liton Das",
              "bowler": "CT Mumba",
              "non_striker": "Soumya Sarkar",
              "runs": {
                "batter": 4,
                "extras": 0,
                "total": 4
              }
            },
            {
              "batter": "Liton Das",
              "bowler": "CT Mumba",
              "non_striker": "Soumya Sarkar",
              "runs": {
                "batter": 1,
                "extras": 0,
                "total": 1
              }
            },
            {
              "batter": "Soumya Sarkar",
              "bowler": "CT Mumba",
              "non_striker": "Liton Das",
              "runs": {
                "batter": 2,
                "extras": 0,
                "total": 2
              }
            },
            {
              "batter": "Soumya Sarkar",
              "bowler": "CT Mumba",
              "non_striker": "Liton Das",
              "runs": {
                "batter": 2,
                "extras": 0,
                "total": 2
              }
            }
          ]
        },
        {
          "over": 13,
          "deliveries": [
            {
              "batter": "Liton Das",
              "bowler": "W Madhevere",
              "non_striker": "Soumya Sarkar",
              "runs": {
                "batter": 1,
                "extras": 0,
                "total": 1
              }
            },
            {
              "batter": "Soumya Sarkar",
              "bowler": "W Madhevere",
              "non_striker": "Liton Das",
              "runs": {
                "batter": 0,
                "extras": 0,
                "total": 0
              }
            },
            {
              "batter": "Soumya Sarkar",
              "bowler": "W Madhevere",
              "non_striker": "Liton Das",
              "runs": {
                "batter": 0,
                "extras": 0,
                "total": 0
              }
            },
            {
              "batter": "Soumya Sarkar",
              "bowler": "W Madhevere",
              "non_striker": "Liton Das",
              "runs": {
                "batter": 1,
                "extras": 0,
                "total": 1
              }
            },
            {
              "batter": "Liton Das",
              "bowler": "W Madhevere",
              "non_striker": "Soumya Sarkar",
              "runs": {
                "batter": 1,
                "extras": 0,
                "total": 1
              }
            },
            {
              "batter": "Soumya Sarkar",
              "bowler": "W Madhevere",
              "non_striker": "Liton Das",
              "runs": {
                "batter": 6,
                "extras": 0,
                "total": 6
              }
            }
          ]
        },
        {
          "over": 14,
          "deliveries": [
            {
              "batter": "Liton Das",
              "bowler": "SC Williams",
              "non_striker": "Soumya Sarkar",
              "runs": {
                "batter": 0,
                "extras": 0,
                "total": 0
              }
            },
            {
              "batter": "Liton Das",
              "bowler": "SC Williams",
              "non_striker": "Soumya Sarkar",
              "runs": {
                "batter": 0,
                "extras": 0,
                "total": 0
              }
            },
            {
              "batter": "Liton Das",
              "bowler": "SC Williams",
              "non_striker": "Soumya Sarkar",
              "runs": {
                "batter": 0,
                "extras": 0,
                "total": 0
              }
            },
            {
              "batter": "Liton Das",
              "bowler": "SC Williams",
              "non_striker": "Soumya Sarkar",
              "runs": {
                "batter": 1,
                "extras": 0,
                "total": 1
              }
            },
            {
              "batter": "Soumya Sarkar",
              "bowler": "SC Williams",
              "non_striker": "Liton Das",
              "runs": {
                "batter": 1,
                "extras": 0,
                "total": 1
              }
            },
            {
              "batter": "Liton Das",
              "bowler": "SC Williams",
              "non_striker": "Soumya Sarkar",
              "runs": {
                "batter": 1,
                "extras": 0,
                "total": 1
              }
            }
          ]
        },
        {
          "over": 15,
          "deliveries": [
            {
              "batter": "Liton Das",
              "bowler": "CB Mpofu",
              "extras": {
                "wides": 1
              },
              "non_striker": "Soumya Sarkar",
              "runs": {
                "batter": 0,
                "extras": 1,
                "total": 1
              }
            },
            {
              "batter": "Liton Das",
              "bowler": "CB Mpofu",
              "non_striker": "Soumya Sarkar",
              "runs": {
                "batter": 1,
                "extras": 0,
                "total": 1
              }
            },
            {
              "batter": "Soumya Sarkar",
              "bowler": "CB Mpofu",
              "non_striker": "Liton Das",
              "runs": {
                "batter": 0,
                "extras": 0,
                "total": 0
              }
            },
            {
              "batter": "Soumya Sarkar",
              "bowler": "CB Mpofu",
              "non_striker": "Liton Das",
              "runs": {
                "batter": 6,
                "extras": 0,
                "total": 6
              }
            },
            {
              "batter": "Soumya Sarkar",
              "bowler": "CB Mpofu",
              "non_striker": "Liton Das",
              "runs": {
                "batter": 0,
                "extras": 0,
                "total": 0
              }
            },
            {
              "batter": "Soumya Sarkar",
              "bowler": "CB Mpofu",
              "non_striker": "Liton Das",
              "runs": {
                "batter": 1,
                "extras": 0,
                "total": 1
              }
            }
          ]
        }
      ],
      "powerplays": [
        {
          "from": 0.1,
          "to": 5.6,
          "type": "mandatory"
        }
      ],
      "target": {
        "overs": 20,
        "runs": 120
      }
    }
  ]
}