{
  "meta": {
    "data_version": "1.0.0",
    "created": "2020-02-29",
    "revision": 2
  },
  "info": {
    "balls_per_over": 6,
    "city": "Al Amarat",
    "dates": [
      "2020-02-27"
    ],
    "event": {
      "name": "ACC Western Region T20",
      "stage": "Final"
    },
    "gender": "male",
    "match_type": "T20",
    "match_type_number": 1066,
    "officials": {
      "reserve_umpires": [
        "Riyaz Kurupkar"
      ],
      "umpires": [
        "Afzalkhan Pathan",
        "Rahat Ali"
      ]
    },
    "outcome": {
      "winner": "United Arab Emirates",
      "by": {
        "runs": 102
      }
    },
    "overs": 20,
    "player_of_match": [
      "Sultan Ahmed"
    ],
    "players": {
      "United Arab Emirates": [
        "Chirag Suri",
        "Rohan Mustafa",
        "Basil Hameed",
        "Muhammad Usman",
        "Waheed Ahmed",
        "A Sharafu",
        "Sultan Ahmed",
        "V Aravind",
        "Junaid Siddique",
        "Zahoor Khan",
        "Ahmed Raza"
      ],
      "Kuwait": [
        "R Sandaruwan",
        "Usman Patel",
        "Bilal Tahir",
        "Sayed Monib",
        "Muhammad Kashif",
        "Aphsal Ashraf",
        "Mohammad Amin",
        "Shiraz Khan",
        "MNM Aslam",
        "Muhammad Ansar",
        "UKPW Kumaranayaka"
      ]
    },
    "registry": {
      "people": {
        "A Sharafu": "06cad4f0",
        "Afzalkhan Pathan": "16da2745",
        "Ahmed Raza": "79b4839e",
        "Aphsal Ashraf": "772f226b",
        "Basil Hameed": "adbf0400",
        "Bilal Tahir": "3cf06094",
        "Chirag Suri": "6176f240",
        "Junaid Siddique": "84dc72db",
        "MNM Aslam": "20481563",
        "Mohammad Amin": "01b45044",
        "Muhammad Ansar": "83f59aa3",
        "Muhammad Kashif": "e7458e4b",
        "Muhammad Usman": "45642393",
        "R Sandaruwan": "cf6acc0d",
        "Rahat Ali": "458161f4",
        "Riyaz Kurupkar": "3ebebb18",
        "Rohan Mustafa": "d1988788",
        "Sayed Monib": "b9cfb0b1",
        "Shiraz Khan": "f310704c",
        "Sultan Ahmed": "07687c15",
        "UKPW Kumaranayaka": "0d24b1f7",
        "Usman Patel": "415c6ccf",
        "V Aravind": "cddafe26",
        "Waheed Ahmed": "3df3f50b",
        "Zahoor Khan": "f0e293b0"
      }
    },
    "season": "2019/20",
    "team_type": "international",
    "teams": [
      "Kuwait",
      "United Arab Emirates"
    ],
    "toss": {
      "decision": "field",
      "winner": "Kuwait"
    },
    "venue": "Al Amerat Cricket Ground Oman Cricket (Ministry Turf 1)"
  },
  "innings": [
    {
      "team": "United Arab Emirates",
      "overs": [
        {
          "over": 0,
          "deliveries": [
            {
              "batter": "Chirag Suri",
              "bowler": "Muhammad Ansar",
              "non_striker": "Rohan Mustafa",
              "runs": {
                "batter": 0,
                "extras": 0,
                "total": 0
              }
            },
            {
              "batter": "Chirag Suri",
              "bowler": "Muhammad Ansar",
              "non_striker": "Rohan Mustafa",
              "runs": {
                "batter": 0,
                "extras": 0,
                "total": 0
              }
            },
            {
              "batter": "Chirag Suri",
              "bowler": "Muhammad Ansar",
              "non_striker": "Rohan Mustafa",
              "runs": {
                "batter": 4,
                "extras": 0,
                "total": 4
              }
            },
            {
              "batter": "Chirag Suri",
              "bowler": "Muhammad Ansar",
              "non_striker": "Rohan Mustafa",
              "runs": {
                "batter": 0,
                "extras": 0,
                "total": 0
              }
            },
            {
              "batter": "Chirag Suri",
              "bowler": "Muhammad Ansar",
              "non_striker": "Rohan Mustafa",
              "runs": {
                "batter": 2,
                "extras": 0,
                "total": 2
              }
            },
            {
              "batter": "Chirag Suri",
              "bowler": "Muhammad Ansar",
              "non_striker": "Rohan Mustafa",
              "runs": {
                "batter": 4,
                "extras": 0,
                "total": 4
              }
            }
          ]
        },
        {
          "over": 1,
          "deliveries": [
            {
              "batter": "Rohan Mustafa",
              "bowler": "Sayed Monib",
              "extras": {
                "wides": 1
              },
              "non_striker": "Chirag Suri",
              "runs": {
                "batter": 0,
                "extras": 1,
                "total": 1
              }
            },
            {
              "batter": "Rohan Mustafa",
              "bowler": "Sayed Monib",
              "non_striker": "Chirag Suri",
              "runs": {
                "batter": 0,
                "extras": 0,
                "total": 0
              }
            },
            {
              "batter": "Rohan Mustafa",
              "bowler": "Sayed Monib",
              "non_striker": "Chirag Suri",
              "runs": {
                "batter": 0,
                "extras": 0,
                "total": 0
              }
            },
            {
              "batter": "Rohan Mustafa",
              "bowler": "Sayed Monib",
              "extras": {
                "wides": 1
              },
              "non_striker": "Chirag Suri",
              "runs": {
                "batter": 0,
                "extras": 1,
                "total": 1
              }
            },
            {
              "batter": "Rohan Mustafa",
              "bowler": "Sayed Monib",
              "non_striker": "Chirag Suri",
              "runs": {
                "batter": 0,
                "extras": 0,
                "total": 0
              }
            },
            {
              "batter": "Rohan Mustafa",
              "bowler": "Sayed Monib",
              "extras": {
                "wides": 1
              },
              "non_striker": "Chirag Suri",
              "runs": {
                "batter": 0,
                "extras": 1,
                "total": 1
              }
            },
            {
              "batter": "Rohan Mustafa",
              "bowler": "Sayed Monib",
              "extras": {
                "noballs": 1
              },
              "non_striker": "Chirag Suri",
              "runs": {
                "batter": 0,
                "extras": 1,
                "total": 1
              }
            },
            {
              "batter": "Rohan Mustafa",
              "bowler": "Sayed Monib",
              "non_striker": "Chirag Suri",
              "runs": {
                "batter": 2,
                "extras": 0,
                "total": 2
              }
            },
            {
              "batter": "Rohan Mustafa",
              "bowler": "Sayed Monib",
              "non_striker": "Chirag Suri",
              "runs": {
                "batter": 0,
                "extras": 0,
                "total": 0
              }
            },
            {
              "batter": "Rohan Mustafa",
              "bowler": "Sayed Monib",
              "non_striker": "Chirag Suri",
              "runs": {
                "batter": 1,
                "extras": 0,
                "total": 1
              }
            }
          ]
        },
        {
          "over": 2,
          "deliveries": [
            {
              "batter": "Rohan Mustafa",
              "bowler": "Muhammad Ansar",
              "non_striker": "Chirag Suri",
              "runs": {
                "batter": 4,
                "extras": 0,
                "total": 4
              }
            },
            {
              "batter": "Rohan Mustafa",
              "bowler": "Muhammad Ansar",
              "non_striker": "Chirag Suri",
              "runs": {
                "batter": 0,
                "extras": 0,
                "total": 0
              }
            },
            {
              "batter": "Rohan Mustafa",
              "bowler": "Muhammad Ansar",
              "non_striker": "Chirag Suri",
              "runs": {
                "batter": 0,
                "extras": 0,
                "total": 0
              }
            },
            {
              "batter": "Rohan Mustafa",
              "bowler": "Muhammad Ansar",
              "non_striker": "Chirag Suri",
              "runs": {
                "batter": 1,
                "extras": 0,
                "total": 1
              }
            },
            {
              "batter": "Chirag Suri",
              "bowler": "Muhammad Ansar",
              "non_striker": "Rohan Mustafa",
              "runs": {
                "batter": 1,
                "extras": 0,
                "total": 1
              }
            },
            {
              "batter": "Rohan Mustafa",
              "bowler": "Muhammad Ansar",
              "non_striker": "Chirag Suri",
              "runs": {
                "batter": 0,
                "extras": 0,
                "total": 0
              }
            }
          ]
        },
        {
          "over": 3,
          "deliveries": [
            {
              "batter": "Chirag Suri",
              "bowler": "Sayed Monib",
              "non_striker": "Rohan Mustafa",
              "runs": {
                "batter": 0,
                "extras": 0,
                "total": 0
              }
            },
            {
              "batter": "Chirag Suri",
              "bowler": "Sayed Monib",
              "non_striker": "Rohan Mustafa",
              "runs": {
                "batter": 0,
                "extras": 0,
                "total": 0
              }
            },
            {
              "batter": "Chirag Suri",
              "bowler": "Sayed Monib",
              "non_striker": "Rohan Mustafa",
              "runs": {
                "batter": 1,
                "extras": 0,
                "total": 1
              }
            },
            {
              "batter": "Rohan Mustafa",
              "bowler": "Sayed Monib",
              "non_striker": "Chirag Suri",
              "runs": {
                "batter": 1,
                "extras": 0,
                "total": 1
              }
            },
            {
              "batter": "Chirag Suri",
              "bowler": "Sayed Monib",
              "non_striker": "Rohan Mustafa",
              "runs": {
                "batter": 4,
                "extras": 0,
                "total": 4
              }
            },
            {
              "batter": "Chirag Suri",
              "bowler": "Sayed Monib",
              "non_striker": "Rohan Mustafa",
              "runs": {
                "batter": 4,
                "extras": 0,
                "total": 4
              }
            }
          ]
        },
        {
          "over": 4,
          "deliveries": [
            {
              "batter": "Rohan Mustafa",
              "bowler": "Muhammad Ansar",
              "non_striker": "Chirag Suri",
              "runs": {
                "batter": 0,
                "extras": 0,
                "total": 0
              }
            },
            {
              "batter": "Rohan Mustafa",
              "bowler": "Muhammad Ansar",
              "non_striker": "Chirag Suri",
              "runs": {
                "batter": 4,
                "extras": 0,
                "total": 4
              }
            },
            {
              "batter": "Rohan Mustafa",
              "bowler": "Muhammad Ansar",
              "non_striker": "Chirag Suri",
              "runs": {
                "batter": 3,
                "extras": 0,
                "total": 3
              }
            },
            {
              "batter": "Chirag Suri",
              "bowler": "Muhammad Ansar",
              "non_striker": "Rohan Mustafa",
              "runs": {
                "batter": 1,
                "extras": 0,
                "total": 1
              }
            },
            {
              "batter": "Rohan Mustafa",
              "bowler": "Muhammad Ansar",
              "non_striker": "Chirag Suri",
              "runs": {
                "batter": 4,
                "extras": 0,
                "total": 4
              }
            },
            {
              "batter": "Rohan Mustafa",
              "bowler": "Muhammad Ansar",
              "non_striker": "Chirag Suri",
              "runs": {
                "batter": 1,
                "extras": 0,
                "total": 1
              }
            }
          ]
        },
        {
          "over": 5,
          "deliveries": [
            {
              "batter": "Rohan Mustafa",
              "bowler": "Aphsal Ashraf",
              "non_striker": "Chirag Suri",
              "runs": {
                "batter": 1,
                "extras": 0,
                "total": 1
              }
            },
            {
              "batter": "Chirag Suri",
              "bowler": "Aphsal Ashraf",
              "non_striker": "Rohan Mustafa",
              "runs": {
                "batter": 4,
                "extras": 0,
                "total": 4
              }
            },
            {
              "batter": "Chirag Suri",
              "bowler": "Aphsal Ashraf",
              "non_striker": "Rohan Mustafa",
              "runs": {
                "batter": 0,
                "extras": 0,
                "total": 0
              }
            },
            {
              "batter": "Chirag Suri",
              "bowler": "Aphsal Ashraf",
              "non_striker": "Rohan Mustafa",
              "runs": {
                "batter": 0,
                "extras": 0,
                "total": 0
              }
            },
            {
              "batter": "Chirag Suri",
              "bowler": "Aphsal Ashraf",
              "non_striker": "Rohan Mustafa",
              "runs": {
                "batter": 4,
                "extras": 0,
                "total": 4
              }
            },
            {
              "batter": "Chirag Suri",
              "bowler": "Aphsal Ashraf",
              "non_striker": "Rohan Mustafa",
              "runs": {
                "batter": 1,
                "extras": 0,
                "total": 1
              }
            }
          ]
        },
        {
          "over": 6,
          "deliveries": [
            {
              "batter": "Chirag Suri",
              "bowler": "MNM Aslam",
              "non_striker": "Rohan Mustafa",
              "runs": {
                "batter": 3,
                "extras": 0,
                "total": 3
              }
            },
            {
              "batter": "Rohan Mustafa",
              "bowler": "MNM Aslam",
              "non_striker": "Chirag Suri",
              "runs": {
                "batter": 1,
                "extras": 0,
                "total": 1
              }
            },
            {
              "batter": "Chirag Suri",
              "bowler": "MNM Aslam",
              "non_striker": "Rohan Mustafa",
              "runs": {
                "batter": 1,
                "extras": 0,
                "total": 1
              }
            },
            {
              "batter": "Rohan Mustafa",
              "bowler": "MNM Aslam",
              "non_striker": "Chirag Suri",
              "runs": {
                "batter": 1,
                "extras": 0,
                "total": 1
              }
            },
            {
              "batter": "Chirag Suri",
              "bowler": "MNM Aslam",
              "non_striker": "Rohan Mustafa",
              "runs": {
                "batter": 1,
                "extras": 0,
                "total": 1
              }
            },
            {
              "batter": "Rohan Mustafa",
              "bowler": "MNM Aslam",
              "non_striker": "Chirag Suri",
              "runs": {
                "batter": 4,
                "extras": 0,
                "total": 4
              }
            }
          ]
        },
        {
          "over": 7,
          "deliveries": [
            {
              "batter": "Chirag Suri",
              "bowler": "Aphsal Ashraf",
              "non_striker": "Rohan Mustafa",
              "runs": {
                "batter": 4,
                "extras": 0,
                "total": 4
              }
            },
            {
              "batter": "Chirag Suri",
              "bowler": "Aphsal Ashraf",
              "non_striker": "Rohan Mustafa",
              "runs": {
                "batter": 1,
                "extras": 0,
                "total": 1
              }
            },
            {
              "batter": "Rohan Mustafa",
              "bowler": "Aphsal Ashraf",
              "non_striker": "Chirag Suri",
              "runs": {
                "batter": 0,
                "extras": 0,
                "total": 0
              },
              "wickets": [
                {
                  "kind": "lbw",
                  "player_out": "Rohan Mustafa"
                }
              ]
            },
            {
              "batter": "Basil Hameed",
              "bowler": "Aphsal Ashraf",
              "non_striker": "Chirag Suri",
              "runs": {
                "batter": 0,
                "extras": 0,
                "total": 0
              }
            },
            {
              "batter": "Basil Hameed",
              "bowler": "Aphsal Ashraf",
              "non_striker": "Chirag Suri",
              "runs": {
                "batter": 0,
                "extras": 0,
                "total": 0
              }
            },
            {
              "batter": "Basil Hameed",
              "bowler": "Aphsal Ashraf",
              "non_striker": "Chirag Suri",
              "runs": {
                "batter": 1,
                "extras": 0,
                "total": 1
              }
            }
          ]
        },
        {
          "over": 8,
          "deliveries": [
            {
              "batter": "Basil Hameed",
              "bowler": "UKPW Kumaranayaka",
              "non_striker": "Chirag Suri",
              "runs": {
                "batter": 1,
                "extras": 0,
                "total": 1
              }
            },
            {
              "batter": "Chirag Suri",
              "bowler": "UKPW Kumaranayaka",
              "non_striker": "Basil Hameed",
              "runs": {
                "batter": 1,
                "extras": 0,
                "total": 1
              }
            },
            {
              "batter": "Basil Hameed",
              "bowler": "UKPW Kumaranayaka",
              "non_striker": "Chirag Suri",
              "runs": {
                "batter": 0,
                "extras": 0,
                "total": 0
              }
            },
            {
              "batter": "Basil Hameed",
              "bowler": "UKPW Kumaranayaka",
              "non_striker": "Chirag Suri",
              "runs": {
                "batter": 1,
                "extras": 0,
                "total": 1
              }
            },
            {
              "batter": "Chirag Suri",
              "bowler": "UKPW Kumaranayaka",
              "non_striker": "Basil Hameed",
              "runs": {
                "batter": 1,
                "extras": 0,
                "total": 1
              }
            },
            {
              "batter": "Basil Hameed",
              "bowler": "UKPW Kumaranayaka",
              "non_striker": "Chirag Suri",
              "runs": {
                "batter": 1,
                "extras": 0,
                "total": 1
              }
            }
          ]
        },
        {
          "over": 9,
          "deliveries": [
            {
              "batter": "Basil Hameed",
              "bowler": "MNM Aslam",
              "non_striker": "Chirag Suri",
              "runs": {
                "batter": 6,
                "extras": 0,
                "total": 6
              }
            },
            {
              "batter": "Basil Hameed",
              "bowler": "MNM Aslam",
              "non_striker": "Chirag Suri",
              "runs": {
                "batter": 1,
                "extras": 0,
                "total": 1
              }
            },
            {
              "batter": "Chirag Suri",
              "bowler": "MNM Aslam",
              "non_striker": "Basil Hameed",
              "runs": {
                "batter": 0,
                "extras": 0,
                "total": 0
              }
            },
            {
              "batter": "Chirag Suri",
              "bowler": "MNM Aslam",
              "non_striker": "Basil Hameed",
              "runs": {
                "batter": 1,
                "extras": 0,
                "total": 1
              }
            },
            {
              "batter": "Basil Hameed",
              "bowler": "MNM Aslam",
              "non_striker": "Chirag Suri",
              "runs": {
                "batter": 0,
                "extras": 0,
                "total": 0
              }
            },
            {
              "batter": "Basil Hameed",
              "bowler": "MNM Aslam",
              "non_striker": "Chirag Suri",
              "runs": {
                "batter": 0,
                "extras": 0,
                "total": 0
              }
            }
          ]
        },
        {
          "over": 10,
          "deliveries": [
            {
              "batter": "Chirag Suri",
              "bowler": "UKPW Kumaranayaka",
              "non_striker": "Basil Hameed",
              "runs": {
                "batter": 4,
                "extras": 0,
                "total": 4
              }
            },
            {
              "batter": "Chirag Suri",
              "bowler": "UKPW Kumaranayaka",
              "non_striker": "Basil Hameed",
              "runs": {
                "batter": 1,
                "extras": 0,
                "total": 1
              }
            },
            {
              "batter": "Basil Hameed",
              "bowler": "UKPW Kumaranayaka",
              "non_striker": "Chirag Suri",
              "runs": {
                "batter": 1,
                "extras": 0,
                "total": 1
              }
            },
            {
              "batter": "Chirag Suri",
              "bowler": "UKPW Kumaranayaka",
              "non_striker": "Basil Hameed",
              "runs": {
                "batter": 1,
                "extras": 0,
                "total": 1
              }
            },
            {
              "batter": "Basil Hameed",
              "bowler": "UKPW Kumaranayaka",
              "non_striker": "Chirag Suri",
              "runs": {
                "batter": 0,
                "extras": 0,
                "total": 0
              },
              "wickets": [
                {
                  "kind": "caught",
                  "player_out": "Basil Hameed",
                  "fielders": [
                    {
                      "name": "MNM Aslam"
                    }
                  ]
                }
              ]
            },
            {
              "batter": "Muhammad Usman",
              "bowler": "UKPW Kumaranayaka",
              "non_striker": "Chirag Suri",
              "runs": {
                "batter": 1,
                "extras": 0,
                "total": 1
              }
            }
          ]
        },
        {
          "over": 11,
          "deliveries": [
            {
              "batter": "Muhammad Usman",
              "bowler": "Aphsal Ashraf",
              "non_striker": "Chirag Suri",
              "runs": {
                "batter": 1,
                "extras": 0,
                "total": 1
              }
            },
            {
              "batter": "Chirag Suri",
              "bowler": "Aphsal Ashraf",
              "non_striker": "Muhammad Usman",
              "runs": {
                "batter": 1,
                "extras": 0,
                "total": 1
              }
            },
            {
              "batter": "Muhammad Usman",
              "bowler": "Aphsal Ashraf",
              "non_striker": "Chirag Suri",
              "runs": {
                "batter": 1,
                "extras": 0,
                "total": 1
              }
            },
            {
              "batter": "Chirag Suri",
              "bowler": "Aphsal Ashraf",
              "non_striker": "Muhammad Usman",
              "runs": {
                "batter": 1,
                "extras": 0,
                "total": 1
              }
            },
            {
              "batter": "Muhammad Usman",
              "bowler": "Aphsal Ashraf",
              "non_striker": "Chirag Suri",
              "runs": {
                "batter": 4,
                "extras": 0,
                "total": 4
              }
            },
            {
              "batter": "Muhammad Usman",
              "bowler": "Aphsal Ashraf",
              "non_striker": "Chirag Suri",
              "runs": {
                "batter": 1,
                "extras": 0,
                "total": 1
              }
            }
          ]
        },
        {
          "over": 12,
          "deliveries": [
            {
              "batter": "Muhammad Usman",
              "bowler": "UKPW Kumaranayaka",
              "non_striker": "Chirag Suri",
              "runs": {
                "batter": 1,
                "extras": 0,
                "total": 1
              }
            },
            {
              "batter": "Chirag Suri",
              "bowler": "UKPW Kumaranayaka",
              "non_striker": "Muhammad Usman",
              "runs": {
                "batter": 2,
                "extras": 0,
                "total": 2
              }
            },
            {
              "batter": "Chirag Suri",
              "bowler": "UKPW Kumaranayaka",
              "non_striker": "Muhammad Usman",
              "runs": {
                "batter": 1,
                "extras": 0,
                "total": 1
              }
            },
            {
              "batter": "Muhammad Usman",
              "bowler": "UKPW Kumaranayaka",
              "non_striker": "Chirag Suri",
              "runs": {
                "batter": 0,
                "extras": 0,
                "total": 0
              }
            },
            {
              "batter": "Muhammad Usman",
              "bowler": "UKPW Kumaranayaka",
              "non_striker": "Chirag Suri",
              "runs": {
                "batter": 0,
                "extras": 0,
                "total": 0
              }
            },
            {
              "batter": "Muhammad Usman",
              "bowler": "UKPW Kumaranayaka",
              "non_striker": "Chirag Suri",
              "runs": {
                "batter": 1,
                "extras": 0,
                "total": 1
              }
            }
          ]
        },
        {
          "over": 13,
          "deliveries": [
            {
              "batter": "Muhammad Usman",
              "bowler": "MNM Aslam",
              "non_striker": "Chirag Suri",
              "runs": {
                "batter": 3,
                "extras": 0,
                "total": 3
              }
            },
            {
              "batter": "Chirag Suri",
              "bowler": "MNM Aslam",
              "non_striker": "Muhammad Usman",
              "runs": {
                "batter": 2,
                "extras": 0,
                "total": 2
              }
            },
            {
              "batter": "Chirag Suri",
              "bowler": "MNM Aslam",
              "non_striker": "Muhammad Usman",
              "runs": {
                "batter": 1,
                "extras": 0,
                "total": 1
              }
            },
            {
              "batter": "Muhammad Usman",
              "bowler": "MNM Aslam",
              "non_striker": "Chirag Suri",
              "runs": {
                "batter": 0,
                "extras": 0,
                "total": 0
              }
            },
            {
              "batter": "Muhammad Usman",
              "bowler": "MNM Aslam",
              "non_striker": "Chirag Suri",
              "runs": {
                "batter": 6,
                "extras": 0,
                "total": 6
              }
            },
            {
              "batter": "Muhammad Usman",
              "bowler": "MNM Aslam",
              "non_striker": "Chirag Suri",
              "runs": {
                "batter": 1,
                "extras": 0,
                "total": 1
              }
            }
          ]
        },
        {
          "over": 14,
          "deliveries": [
            {
              "batter": "Muhammad Usman",
              "bowler": "UKPW Kumaranayaka",
              "non_striker": "Chirag Suri",
              "runs": {
                "batter": 0,
                "extras": 0,
                "total": 0
              }
            },
            {
              "batter": "Muhammad Usman",
              "bowler": "UKPW Kumaranayaka",
              "non_striker": "Chirag Suri",
              "runs": {
                "batter": 4,
                "extras": 0,
                "total": 4
              }
            },
            {
              "batter": "Muhammad Usman",
              "bowler": "UKPW Kumaranayaka",
              "non_striker": "Chirag Suri",
              "runs": {
                "batter": 0,
                "extras": 0,
                "total": 0
              }
            },
            {
              "batter": "Muhammad Usman",
              "bowler": "UKPW Kumaranayaka",
              "non_striker": "Chirag Suri",
              "runs": {
                "batter": 2,
                "extras": 0,
                "total": 2
              }
            },
            {
              "batter": "Muhammad Usman",
              "bowler": "UKPW Kumaranayaka",
              "extras": {
                "wides": 2
              },
              "non_striker": "Chirag Suri",
              "runs": {
                "batter": 0,
                "extras": 2,
                "total": 2
              }
            },
            {
              "batter": "Chirag Suri",
              "bowler": "UKPW Kumaranayaka",
              "non_striker": "Muhammad Usman",
              "runs": {
                "batter": 0,
                "extras": 0,
                "total": 0
              }
            },
            {
              "batter": "Chirag Suri",
              "bowler": "UKPW Kumaranayaka",
              "non_striker": "Muhammad Usman",
              "runs": {
                "batter": 2,
                "extras": 0,
                "total": 2
              }
            }
          ]
        },
        {
          "over": 15,
          "deliveries": [
            {
              "batter": "Muhammad Usman",
              "bowler": "Aphsal Ashraf",
              "non_striker": "Chirag Suri",
              "runs": {
                "batter": 2,
                "extras": 0,
                "total": 2
              }
            },
            {
              "batter": "Muhammad Usman",
              "bowler": "Aphsal Ashraf",
              "non_striker": "Chirag Suri",
              "runs": {
                "batter": 0,
                "extras": 0,
                "total": 0
              },
              "wickets": [
                {
                  "kind": "caught",
                  "player_out": "Muhammad Usman",
                  "fielders": [
                    {
                      "name": "Muhammad Kashif"
                    }
                  ]
                }
              ]
            },
            {
              "batter": "Chirag Suri",
              "bowler": "Aphsal Ashraf",
              "non_striker": "Waheed Ahmed",
              "runs": {
                "batter": 1,
                "extras": 0,
                "total": 1
              }
            },
            {
              "batter": "Waheed Ahmed",
              "bowler": "Aphsal Ashraf",
              "non_striker": "Chirag Suri",
              "runs": {
                "batter": 6,
                "extras": 0,
                "total": 6
              }
            },
            {
              "batter": "Waheed Ahmed",
              "bowler": "Aphsal Ashraf",
              "non_striker": "Chirag Suri",
              "runs": {
                "batter": 1,
                "extras": 0,
                "total": 1
              }
            },
            {
              "batter": "Chirag Suri",
              "bowler": "Aphsal Ashraf",
              "non_striker": "Waheed Ahmed",
              "runs": {
                "batter": 0,
                "extras": 0,
                "total": 0
              }
            }
          ]
        },
        {
          "over": 16,
          "deliveries": [
            {
              "batter": "Waheed Ahmed",
              "bowler": "Shiraz Khan",
              "extras": {
                "wides": 1
              },
              "non_striker": "Chirag Suri",
              "runs": {
                "batter": 0,
                "extras": 1,
                "total": 1
              }
            },
            {
              "batter": "Waheed Ahmed",
              "bowler": "Shiraz Khan",
              "non_striker": "Chirag Suri",
              "runs": {
                "batter": 1,
                "extras": 0,
                "total": 1
              }
            },
            {
              "batter": "Chirag Suri",
              "bowler": "Shiraz Khan",
              "non_striker": "Waheed Ahmed",
              "runs": {
                "batter": 0,
                "extras": 0,
                "total": 0
              },
              "wickets": [
                {
                  "kind": "caught",
                  "player_out": "Chirag Suri",
                  "fielders": [
                    {
                      "name": "Sayed Monib"
                    }
                  ]
                }
              ]
            },
            {
              "batter": "A Sharafu",
              "bowler": "Shiraz Khan",
              "non_striker": "Waheed Ahmed",
              "runs": {
                "batter": 0,
                "extras": 0,
                "total": 0
              }
            },
            {
              "batter": "A Sharafu",
              "bowler": "Shiraz Khan",
              "non_striker": "Waheed Ahmed",
              "runs": {
                "batter": 1,
                "extras": 0,
                "total": 1
              }
            },
            {
              "batter": "Waheed Ahmed",
              "bowler": "Shiraz Khan",
              "non_striker": "A Sharafu",
              "runs": {
                "batter": 1,
                "extras": 0,
                "total": 1
              }
            },
            {
              "batter": "A Sharafu",
              "bowler": "Shiraz Khan",
              "non_striker": "Waheed Ahmed",
              "runs": {
                "batter": 1,
                "extras": 0,
                "total": 1
              }
            }
          ]
        },
        {
          "over": 17,
          "deliveries": [
            {
              "batter": "A Sharafu",
              "bowler": "Sayed Monib",
              "non_striker": "Waheed Ahmed",
              "runs": {
                "batter": 0,
                "extras": 0,
                "total": 0
              }
            },
            {
              "batter": "A Sharafu",
              "bowler": "Sayed Monib",
              "non_striker": "Waheed Ahmed",
              "runs": {
                "batter": 1,
                "extras": 0,
                "total": 1
              }
            },
            {
              "batter": "Waheed Ahmed",
              "bowler": "Sayed Monib",
              "non_striker": "A Sharafu",
              "runs": {
                "batter": 2,
                "extras": 0,
                "total": 2
              }
            },
            {
              "batter": "Waheed Ahmed",
              "bowler": "Sayed Monib",
              "extras": {
                "wides": 1
              },
              "non_striker": "A Sharafu",
              "runs": {
                "batter": 0,
                "extras": 1,
                "total": 1
              }
            },
            {
              "batter": "Waheed Ahmed",
              "bowler": "Sayed Monib",
              "non_striker": "A Sharafu",
              "runs": {
                "batter": 6,
                "extras": 0,
                "total": 6
              }
            },
            {
              "batter": "Waheed Ahmed",
              "bowler": "Sayed Monib",
              "non_striker": "A Sharafu",
              "runs": {
                "batter": 6,
                "extras": 0,
                "total": 6
              }
            },
            {
              "batter": "Waheed Ahmed",
              "bowler": "Sayed Monib",
              "extras": {
                "wides": 1
              },
              "non_striker": "A Sharafu",
              "runs": {
                "batter": 0,
                "extras": 1,
                "total": 1
              }
            },
            {
              "batter": "Waheed Ahmed",
              "bowler": "Sayed Monib",
              "extras": {
                "noballs": 1
              },
              "non_striker": "A Sharafu",
              "runs": {
                "batter": 1,
                "extras": 1,
                "total": 2
              }
            },
            {
              "batter": "A Sharafu",
              "bowler": "Sayed Monib",
              "non_striker": "Waheed Ahmed",
              "runs": {
                "batter": 6,
                "extras": 0,
                "total": 6
              }
            }
          ]
        },
        {
          "over": 18,
          "deliveries": [
            {
              "batter": "Waheed Ahmed",
              "bowler": "Shiraz Khan",
              "non_striker": "A Sharafu",
              "runs": {
                "batter": 0,
                "extras": 0,
                "total": 0
              }
            },
            {
              "batter": "Waheed Ahmed",
              "bowler": "Shiraz Khan",
              "non_striker": "A Sharafu",
              "runs": {
                "batter": 1,
                "extras": 0,
                "total": 1
              }
            },
            {
              "batter": "A Sharafu",
              "bowler": "Shiraz Khan",
              "non_striker": "Waheed Ahmed",
              "runs": {
                "batter": 1,
                "extras": 0,
                "total": 1
              }
            },
            {
              "batter": "Waheed Ahmed",
              "bowler": "Shiraz Khan",
              "non_striker": "A Sharafu",
              "runs": {
                "batter": 1,
                "extras": 0,
                "total": 1
              }
            },
            {
              "batter": "A Sharafu",
              "bowler": "Shiraz Khan",
              "non_striker": "Waheed Ahmed",
              "runs": {
                "batter": 0,
                "extras": 0,
                "total": 0
              }
            },
            {
              "batter": "A Sharafu",
              "bowler": "Shiraz Khan",
              "non_striker": "Waheed Ahmed",
              "runs": {
                "batter": 0,
                "extras": 0,
                "total": 0
              }
            }
          ]
        },
        {
          "over": 19,
          "deliveries": [
            {
              "batter": "Waheed Ahmed",
              "bowler": "MNM Aslam",
              "non_striker": "A Sharafu",
              "runs": {
                "batter": 6,
                "extras": 0,
                "total": 6
              }
            },
            {
              "batter": "Waheed Ahmed",
              "bowler": "MNM Aslam",
              "non_striker": "A Sharafu",
              "runs": {
                "batter": 6,
                "extras": 0,
                "total": 6
              }
            },
            {
              "batter": "Waheed Ahmed",
              "bowler": "MNM Aslam",
              "non_striker": "A Sharafu",
              "runs": {
                "batter": 6,
                "extras": 0,
                "total": 6
              }
            },
            {
              "batter": "Waheed Ahmed",
              "bowler": "MNM Aslam",
              "non_striker": "A Sharafu",
              "runs": {
                "batter": 1,
                "extras": 0,
                "total": 1
              }
            },
            {
              "batter": "A Sharafu",
              "bowler": "MNM Aslam",
              "non_striker": "Waheed Ahmed",
              "runs": {
                "batter": 0,
                "extras": 0,
                "total": 0
              },
              "wickets": [
                {
                  "kind": "caught",
                  "player_out": "A Sharafu",
                  "fielders": [
                    {
                      "name": "UKPW Kumaranayaka"
                    }
                  ]
                }
              ]
            },
            {
              "batter": "Sultan Ahmed",
              "bowler": "MNM Aslam",
              "non_striker": "Waheed Ahmed",
              "runs": {
                "batter": 6,
                "extras": 0,
                "total": 6
              }
            }
          ]
        }
      ],
      "powerplays": [
        {
          "from": 0.1,
          "to": 5.6,
          "type": "mandatory"
        }
      ]
    },
    {
      "team": "Kuwait",
      "overs": [
        {
          "over": 0,
          "deliveries": [
            {
              "batter": "R Sandaruwan",
              "bowler": "Junaid Siddique",
              "non_striker": "Usman Patel",
              "runs": {
                "batter": 1,
                "extras": 0,
                "total": 1
              }
            },
            {
              "batter": "Usman Patel",
              "bowler": "Junaid Siddique",
              "non_striker": "R Sandaruwan",
              "runs": {
                "batter": 0,
                "extras": 0,
                "total": 0
              }
            },
            {
              "batter": "Usman Patel",
              "bowler": "Junaid Siddique",
              "non_striker": "R Sandaruwan",
              "runs": {
                "batter": 0,
                "extras": 0,
                "total": 0
              }
            },
            {
              "batter": "Usman Patel",
              "bowler": "Junaid Siddique",
              "non_striker": "R Sandaruwan",
              "runs": {
                "batter": 0,
                "extras": 0,
                "total": 0
              }
            },
            {
              "batter": "Usman Patel",
              "bowler": "Junaid Siddique",
              "non_striker": "R Sandaruwan",
              "runs": {
                "batter": 0,
                "extras": 0,
                "total": 0
              },
              "wickets": [
                {
                  "kind": "caught",
                  "player_out": "Usman Patel",
                  "fielders": [
                    {
                      "name": "Sultan Ahmed"
                    }
                  ]
                }
              ]
            },
            {
              "batter": "R Sandaruwan",
              "bowler": "Junaid Siddique",
              "non_striker": "Bilal Tahir",
              "runs": {
                "batter": 0,
                "extras": 0,
                "total": 0
              }
            }
          ]
        },
        {
          "over": 1,
          "deliveries": [
            {
              "batter": "Bilal Tahir",
              "bowler": "Rohan Mustafa",
              "non_striker": "R Sandaruwan",
              "runs": {
                "batter": 1,
                "extras": 0,
                "total": 1
              }
            },
            {
              "batter": "R Sandaruwan",
              "bowler": "Rohan Mustafa",
              "non_striker": "Bilal Tahir",
              "runs": {
                "batter": 0,
                "extras": 0,
                "total": 0
              }
            },
            {
              "batter": "R Sandaruwan",
              "bowler": "Rohan Mustafa",
              "non_striker": "Bilal Tahir",
              "runs": {
                "batter": 2,
                "extras": 0,
                "total": 2
              }
            },
            {
              "batter": "R Sandaruwan",
              "bowler": "Rohan Mustafa",
              "non_striker": "Bilal Tahir",
              "runs": {
                "batter": 1,
                "extras": 0,
                "total": 1
              }
            },
            {
              "batter": "Bilal Tahir",
              "bowler": "Rohan Mustafa",
              "non_striker": "R Sandaruwan",
              "runs": {
                "batter": 0,
                "extras": 0,
                "total": 0
              }
            },
            {
              "batter": "Bilal Tahir",
              "bowler": "Rohan Mustafa",
              "non_striker": "R Sandaruwan",
              "runs": {
                "batter": 1,
                "extras": 0,
                "total": 1
              }
            }
          ]
        },
        {
          "over": 2,
          "deliveries": [
            {
              "batter": "Bilal Tahir",
              "bowler": "Junaid Siddique",
              "non_striker": "R Sandaruwan",
              "runs": {
                "batter": 0,
                "extras": 0,
                "total": 0
              }
            },
            {
              "batter": "Bilal Tahir",
              "bowler": "Junaid Siddique",
              "non_striker": "R Sandaruwan",
              "runs": {
                "batter": 0,
                "extras": 0,
                "total": 0
              }
            },
            {
              "batter": "Bilal Tahir",
              "bowler": "Junaid Siddique",
              "non_striker": "R Sandaruwan",
              "runs": {
                "batter": 4,
                "extras": 0,
                "total": 4
              }
            },
            {
              "batter": "Bilal Tahir",
              "bowler": "Junaid Siddique",
              "non_striker": "R Sandaruwan",
              "runs": {
                "batter": 4,
                "extras": 0,
                "total": 4
              }
            },
            {
              "batter": "Bilal Tahir",
              "bowler": "Junaid Siddique",
              "non_striker": "R Sandaruwan",
              "runs": {
                "batter": 1,
                "extras": 0,
                "total": 1
              }
            },
            {
              "batter": "R Sandaruwan",
              "bowler": "Junaid Siddique",
              "non_striker": "Bilal Tahir",
              "runs": {
                "batter": 0,
                "extras": 0,
                "total": 0
              }
            }
          ]
        },
        {
          "over": 3,
          "deliveries": [
            {
              "batter": "Bilal Tahir",
              "bowler": "Rohan Mustafa",
              "non_striker": "R Sandaruwan",
              "runs": {
                "batter": 4,
                "extras": 0,
                "total": 4
              }
            },
            {
              "batter": "Bilal Tahir",
              "bowler": "Rohan Mustafa",
              "non_striker": "R Sandaruwan",
              "runs": {
                "batter": 1,
                "extras": 0,
                "total": 1
              }
            },
            {
              "batter": "R Sandaruwan",
              "bowler": "Rohan Mustafa",
              "non_striker": "Bilal Tahir",
              "runs": {
                "batter": 0,
                "extras": 0,
                "total": 0
              }
            },
            {
              "batter": "R Sandaruwan",
              "bowler": "Rohan Mustafa",
              "non_striker": "Bilal Tahir",
              "runs": {
                "batter": 4,
                "extras": 0,
                "total": 4
              }
            },
            {
              "batter": "R Sandaruwan",
              "bowler": "Rohan Mustafa",
              "non_striker": "Bilal Tahir",
              "runs": {
                "batter": 1,
                "extras": 0,
                "total": 1
              }
            },
            {
              "batter": "Bilal Tahir",
              "bowler": "Rohan Mustafa",
              "non_striker": "R Sandaruwan",
              "runs": {
                "batter": 2,
                "extras": 0,
                "total": 2
              }
            }
          ]
        },
        {
          "over": 4,
          "deliveries": [
            {
              "batter": "R Sandaruwan",
              "bowler": "Zahoor Khan",
              "extras": {
                "legbyes": 4
              },
              "non_striker": "Bilal Tahir",
              "runs": {
                "batter": 0,
                "extras": 4,
                "total": 4
              }
            },
            {
              "batter": "R Sandaruwan",
              "bowler": "Zahoor Khan",
              "non_striker": "Bilal Tahir",
              "runs": {
                "batter": 0,
                "extras": 0,
                "total": 0
              }
            },
            {
              "batter": "R Sandaruwan",
              "bowler": "Zahoor Khan",
              "non_striker": "Bilal Tahir",
              "runs": {
                "batter": 2,
                "extras": 0,
                "total": 2
              }
            },
            {
              "batter": "R Sandaruwan",
              "bowler": "Zahoor Khan",
              "non_striker": "Bilal Tahir",
              "runs": {
                "batter": 1,
                "extras": 0,
                "total": 1
              }
            },
            {
              "batter": "Bilal Tahir",
              "bowler": "Zahoor Khan",
              "non_striker": "R Sandaruwan",
              "runs": {
                "batter": 0,
                "extras": 0,
                "total": 0
              }
            },
            {
              "batter": "Bilal Tahir",
              "bowler": "Zahoor Khan",
              "non_striker": "R Sandaruwan",
              "runs": {
                "batter": 0,
                "extras": 0,
                "total": 0
              }
            }
          ]
        },
        {
          "over": 5,
          "deliveries": [
            {
              "batter": "R Sandaruwan",
              "bowler": "Sultan Ahmed",
              "non_striker": "Bilal Tahir",
              "runs": {
                "batter": 0,
                "extras": 0,
                "total": 0
              }
            },
            {
              "batter": "R Sandaruwan",
              "bowler": "Sultan Ahmed",
              "non_striker": "Bilal Tahir",
              "runs": {
                "batter": 0,
                "extras": 0,
                "total": 0
              },
              "wickets": [
                {
                  "kind": "caught",
                  "player_out": "R Sandaruwan",
                  "fielders": [
                    {
                      "name": "Rohan Mustafa"
                    }
                  ]
                }
              ]
            },
            {
              "batter": "Bilal Tahir",
              "bowler": "Sultan Ahmed",
              "non_striker": "Sayed Monib",
              "runs": {
                "batter": 0,
                "extras": 0,
                "total": 0
              }
            },
            {
              "batter": "Bilal Tahir",
              "bowler": "Sultan Ahmed",
              "non_striker": "Sayed Monib",
              "runs": {
                "batter": 1,
                "extras": 0,
                "total": 1
              }
            },
            {
              "batter": "Sayed Monib",
              "bowler": "Sultan Ahmed",
              "non_striker": "Bilal Tahir",
              "runs": {
                "batter": 1,
                "extras": 0,
                "total": 1
              }
            },
            {
              "batter": "Bilal Tahir",
              "bowler": "Sultan Ahmed",
              "non_striker": "Sayed Monib",
              "runs": {
                "batter": 1,
                "extras": 0,
                "total": 1
              }
            }
          ]
        },
        {
          "over": 6,
          "deliveries": [
            {
              "batter": "Bilal Tahir",
              "bowler": "Zahoor Khan",
              "non_striker": "Sayed Monib",
              "runs": {
                "batter": 1,
                "extras": 0,
                "total": 1
              }
            },
            {
              "batter": "Sayed Monib",
              "bowler": "Zahoor Khan",
              "non_striker": "Bilal Tahir",
              "runs": {
                "batter": 1,
                "extras": 0,
                "total": 1
              }
            },
            {
              "batter": "Bilal Tahir",
              "bowler": "Zahoor Khan",
              "non_striker": "Sayed Monib",
              "runs": {
                "batter": 0,
                "extras": 0,
                "total": 0
              }
            },
            {
              "batter": "Bilal Tahir",
              "bowler": "Zahoor Khan",
              "non_striker": "Sayed Monib",
              "runs": {
                "batter": 1,
                "extras": 0,
                "total": 1
              }
            },
            {
              "batter": "Sayed Monib",
              "bowler": "Zahoor Khan",
              "extras": {
                "wides": 1
              },
              "non_striker": "Bilal Tahir",
              "runs": {
                "batter": 0,
                "extras": 1,
                "total": 1
              }
            },
            {
              "batter": "Sayed Monib",
              "bowler": "Zahoor Khan",
              "non_striker": "Bilal Tahir",
              "runs": {
                "batter": 6,
                "extras": 0,
                "total": 6
              }
            },
            {
              "batter": "Sayed Monib",
              "bowler": "Zahoor Khan",
              "non_striker": "Bilal Tahir",
              "runs": {
                "batter": 0,
                "extras": 0,
                "total": 0
              }
            }
          ]
        },
        {
          "over": 7,
          "deliveries": [
            {
              "batter": "Bilal Tahir",
              "bowler": "Ahmed Raza",
              "non_striker": "Sayed Monib",
              "runs": {
                "batter": 0,
                "extras": 0,
                "total": 0
              },
              "wickets": [
                {
                  "kind": "caught",
                  "player_out": "Bilal Tahir",
                  "fielders": [
                    {
                      "name": "Sultan Ahmed"
                    }
                  ]
                }
              ]
            },
            {
              "batter": "Muhammad Kashif",
              "bowler": "Ahmed Raza",
              "non_striker": "Sayed Monib",
              "runs": {
                "batter": 2,
                "extras": 0,
                "total": 2
              }
            },
            {
              "batter": "Muhammad Kashif",
              "bowler": "Ahmed Raza",
              "non_striker": "Sayed Monib",
              "runs": {
                "batter": 0,
                "extras": 0,
                "total": 0
              }
            },
            {
              "batter": "Muhammad Kashif",
              "bowler": "Ahmed Raza",
              "non_striker": "Sayed Monib",
              "runs": {
                "batter": 0,
                "extras": 0,
                "total": 0
              }
            },
            {
              "batter": "Muhammad Kashif",
              "bowler": "Ahmed Raza",
              "non_striker": "Sayed Monib",
              "runs": {
                "batter": 0,
                "extras": 0,
                "total": 0
              }
            },
            {
              "batter": "Muhammad Kashif",
              "bowler": "Ahmed Raza",
              "non_striker": "Sayed Monib",
              "runs": {
                "batter": 0,
                "extras": 0,
                "total": 0
              }
            }
          ]
        },
        {
          "over": 8,
          "deliveries": [
            {
              "batter": "Sayed Monib",
              "bowler": "Sultan Ahmed",
              "non_striker": "Muhammad Kashif",
              "runs": {
                "batter": 0,
                "extras": 0,
                "total": 0
              },
              "wickets": [
                {
                  "kind": "caught",
                  "player_out": "Sayed Monib",
                  "fielders": [
                    {
                      "name": "Basil Hameed"
                    }
                  ]
                }
              ]
            },
            {
              "batter": "Muhammad Kashif",
              "bowler": "Sultan Ahmed",
              "non_striker": "Aphsal Ashraf",
              "runs": {
                "batter": 0,
                "extras": 0,
                "total": 0
              },
              "wickets": [
                {
                  "kind": "bowled",
                  "player_out": "Muhammad Kashif"
                }
              ]
            },
            {
              "batter": "Mohammad Amin",
              "bowler": "Sultan Ahmed",
              "non_striker": "Aphsal Ashraf",
              "runs": {
                "batter": 0,
                "extras": 0,
                "total": 0
              }
            },
            {
              "batter": "Mohammad Amin",
              "bowler": "Sultan Ahmed",
              "non_striker": "Aphsal Ashraf",
              "runs": {
                "batter": 1,
                "extras": 0,
                "total": 1
              }
            },
            {
              "batter": "Aphsal Ashraf",
              "bowler": "Sultan Ahmed",
              "non_striker": "Mohammad Amin",
              "runs": {
                "batter": 0,
                "extras": 0,
                "total": 0
              }
            },
            {
              "batter": "Aphsal Ashraf",
              "bowler": "Sultan Ahmed",
              "non_striker": "Mohammad Amin",
              "runs": {
                "batter": 0,
                "extras": 0,
                "total": 0
              }
            }
          ]
        },
        {
          "over": 9,
          "deliveries": [
            {
              "batter": "Mohammad Amin",
              "bowler": "Ahmed Raza",
              "non_striker": "Aphsal Ashraf",
              "runs": {
                "batter": 0,
                "extras": 0,
                "total": 0
              }
            },
            {
              "batter": "Mohammad Amin",
              "bowler": "Ahmed Raza",
              "non_striker": "Aphsal Ashraf",
              "runs": {
                "batter": 0,
                "extras": 0,
                "total": 0
              }
            },
            {
              "batter": "Mohammad Amin",
              "bowler": "Ahmed Raza",
              "non_striker": "Aphsal Ashraf",
              "runs": {
                "batter": 0,
                "extras": 0,
                "total": 0
              }
            },
            {
              "batter": "Mohammad Amin",
              "bowler": "Ahmed Raza",
              "non_striker": "Aphsal Ashraf",
              "runs": {
                "batter": 0,
                "extras": 0,
                "total": 0
              }
            },
            {
              "batter": "Mohammad Amin",
              "bowler": "Ahmed Raza",
              "non_striker": "Aphsal Ashraf",
              "runs": {
                "batter": 1,
                "extras": 0,
                "total": 1
              }
            },
            {
              "batter": "Aphsal Ashraf",
              "bowler": "Ahmed Raza",
              "non_striker": "Mohammad Amin",
              "runs": {
                "batter": 0,
                "extras": 0,
                "total": 0
              }
            }
          ]
        },
        {
          "over": 10,
          "deliveries": [
            {
              "batter": "Mohammad Amin",
              "bowler": "Sultan Ahmed",
              "non_striker": "Aphsal Ashraf",
              "runs": {
                "batter": 0,
                "extras": 0,
                "total": 0
              }
            },
            {
              "batter": "Mohammad Amin",
              "bowler": "Sultan Ahmed",
              "non_striker": "Aphsal Ashraf",
              "runs": {
                "batter": 1,
                "extras": 0,
                "total": 1
              }
            },
            {
              "batter": "Aphsal Ashraf",
              "bowler": "Sultan Ahmed",
              "non_striker": "Mohammad Amin",
              "runs": {
                "batter": 1,
                "extras": 0,
                "total": 1
              }
            },
            {
              "batter": "Mohammad Amin",
              "bowler": "Sultan Ahmed",
              "non_striker": "Aphsal Ashraf",
              "runs": {
                "batter": 1,
                "extras": 0,
                "total": 1
              }
            },
            {
              "batter": "Aphsal Ashraf",
              "bowler": "Sultan Ahmed",
              "non_striker": "Mohammad Amin",
              "runs": {
                "batter": 1,
                "extras": 0,
                "total": 1
              }
            },
            {
              "batter": "Mohammad Amin",
              "bowler": "Sultan Ahmed",
              "non_striker": "Aphsal Ashraf",
              "runs": {
                "batter": 0,
                "extras": 0,
                "total": 0
              }
            }
          ]
        },
        {
          "over": 11,
          "deliveries": [
            {
              "batter": "Aphsal Ashraf",
              "bowler": "Ahmed Raza",
              "non_striker": "Mohammad Amin",
              "runs": {
                "batter": 0,
                "extras": 0,
                "total": 0
              }
            },
            {
              "batter": "Aphsal Ashraf",
              "bowler": "Ahmed Raza",
              "non_striker": "Mohammad Amin",
              "runs": {
                "batter": 2,
                "extras": 0,
                "total": 2
              }
            },
            {
              "batter": "Aphsal Ashraf",
              "bowler": "Ahmed Raza",
              "non_striker": "Mohammad Amin",
              "runs": {
                "batter": 0,
                "extras": 0,
                "total": 0
              },
              "wickets": [
                {
                  "kind": "caught",
                  "player_out": "Aphsal Ashraf",
                  "fielders": [
                    {
                      "name": "A Sharafu"
                    }
                  ]
                }
              ]
            },
            {
              "batter": "Mohammad Amin",
              "bowler": "Ahmed Raza",
              "non_striker": "Shiraz Khan",
              "runs": {
                "batter": 1,
                "extras": 0,
                "total": 1
              }
            },
            {
              "batter": "Shiraz Khan",
              "bowler": "Ahmed Raza",
              "non_striker": "Mohammad Amin",
              "runs": {
                "batter": 0,
                "extras": 0,
                "total": 0
              }
            },
            {
              "batter": "Shiraz Khan",
              "bowler": "Ahmed Raza",
              "non_striker": "Mohammad Amin",
              "runs": {
                "batter": 1,
                "extras": 0,
                "total": 1
              }
            }
          ]
        },
        {
          "over": 12,
          "deliveries": [
            {
              "batter": "Shiraz Khan",
              "bowler": "Sultan Ahmed",
              "non_striker": "Mohammad Amin",
              "runs": {
                "batter": 0,
                "extras": 0,
                "total": 0
              }
            },
            {
              "batter": "Shiraz Khan",
              "bowler": "Sultan Ahmed",
              "non_striker": "Mohammad Amin",
              "runs": {
                "batter": 0,
                "extras": 0,
                "total": 0
              }
            },
            {
              "batter": "Shiraz Khan",
              "bowler": "Sultan Ahmed",
              "non_striker": "Mohammad Amin",
              "runs": {
                "batter": 0,
                "extras": 0,
                "total": 0
              }
            },
            {
              "batter": "Shiraz Khan",
              "bowler": "Sultan Ahmed",
              "non_striker": "Mohammad Amin",
              "runs": {
                "batter": 0,
                "extras": 0,
                "total": 0
              }
            },
            {
              "batter": "Shiraz Khan",
              "bowler": "Sultan Ahmed",
              "non_striker": "Mohammad Amin",
              "runs": {
                "batter": 0,
                "extras": 0,
                "total": 0
              },
              "wickets": [
                {
                  "kind": "caught",
                  "player_out": "Shiraz Khan",
                  "fielders": [
                    {
                      "name": "Rohan Mustafa"
                    }
                  ]
                }
              ]
            },
            {
              "batter": "Mohammad Amin",
              "bowler": "Sultan Ahmed",
              "non_striker": "MNM Aslam",
              "runs": {
                "batter": 1,
                "extras": 0,
                "total": 1
              }
            }
          ]
        },
        {
          "over": 13,
          "deliveries": [
            {
              "batter": "Mohammad Amin",
              "bowler": "Ahmed Raza",
              "non_striker": "MNM Aslam",
              "runs": {
                "batter": 1,
                "extras": 0,
                "total": 1
              }
            },
            {
              "batter": "MNM Aslam",
              "bowler": "Ahmed Raza",
              "non_striker": "Mohammad Amin",
              "runs": {
                "batter": 0,
                "extras": 0,
                "total": 0
              }
            },
            {
              "batter": "MNM Aslam",
              "bowler": "Ahmed Raza",
              "non_striker": "Mohammad Amin",
              "runs": {
                "batter": 0,
                "extras": 0,
                "total": 0
              }
            },
            {
              "batter": "MNM Aslam",
              "bowler": "Ahmed Raza",
              "extras": {
                "legbyes": 1
              },
              "non_striker": "Mohammad Amin",
              "runs": {
                "batter": 0,
                "extras": 1,
                "total": 1
              }
            },
            {
              "batter": "Mohammad Amin",
              "bowler": "Ahmed Raza",
              "non_striker": "MNM Aslam",
              "runs": {
                "batter": 0,
                "extras": 0,
                "total": 0
              }
            },
            {
              "batter": "Mohammad Amin",
              "bowler": "Ahmed Raza",
              "non_striker": "MNM Aslam",
              "runs": {
                "batter": 0,
                "extras": 0,
                "total": 0
              }
            }
          ]
        },
        {
          "over": 14,
          "deliveries": [
            {
              "batter": "MNM Aslam",
              "bowler": "Waheed Ahmed",
              "non_striker": "Mohammad Amin",
              "runs": {
                "batter": 0,
                "extras": 0,
                "total": 0
              }
            },
            {
              "batter": "MNM Aslam",
              "bowler": "Waheed Ahmed",
              "non_striker": "Mohammad Amin",
              "runs": {
                "batter": 2,
                "extras": 0,
                "total": 2
              }
            },
            {
              "batter": "MNM Aslam",
              "bowler": "Waheed Ahmed",
              "non_striker": "Mohammad Amin",
              "runs": {
                "batter": 0,
                "extras": 0,
                "total": 0
              }
            },
            {
              "batter": "MNM Aslam",
              "bowler": "Waheed Ahmed",
              "non_striker": "Mohammad Amin",
              "runs": {
                "batter": 0,
                "extras": 0,
                "total": 0
              }
            },
            {
              "batter": "MNM Aslam",
              "bowler": "Waheed Ahmed",
              "non_striker": "Mohammad Amin",
              "runs": {
                "batter": 0,
                "extras": 0,
                "total": 0
              }
            },
            {
              "batter": "MNM Aslam",
              "bowler": "Waheed Ahmed",
              "non_striker": "Mohammad Amin",
              "runs": {
                "batter": 0,
                "extras": 0,
                "total": 0
              }
            }
          ]
        },
        {
          "over": 15,
          "deliveries": [
            {
              "batter": "Mohammad Amin",
              "bowler": "Rohan Mustafa",
              "extras": {
                "legbyes": 1
              },
              "non_striker": "MNM Aslam",
              "runs": {
                "batter": 0,
                "extras": 1,
                "total": 1
              }
            },
            {
              "batter": "MNM Aslam",
              "bowler": "Rohan Mustafa",
              "non_striker": "Mohammad Amin",
              "runs": {
                "batter": 1,
                "extras": 0,
                "total": 1
              }
            },
            {
              "batter": "Mohammad Amin",
              "bowler": "Rohan Mustafa",
              "non_striker": "MNM Aslam",
              "runs": {
                "batter": 0,
                "extras": 0,
                "total": 0
              }
            },
            {
              "batter": "Mohammad Amin",
              "bowler": "Rohan Mustafa",
              "non_striker": "MNM Aslam",
              "runs": {
                "batter": 1,
                "extras": 0,
                "total": 1
              }
            },
            {
              "batter": "MNM Aslam",
              "bowler": "Rohan Mustafa",
              "non_striker": "Mohammad Amin",
              "runs": {
                "batter": 0,
                "extras": 0,
                "total": 0
              }
            },
            {
              "batter": "MNM Aslam",
              "bowler": "Rohan Mustafa",
              "non_striker": "Mohammad Amin",
              "runs": {
                "batter": 4,
                "extras": 0,
                "total": 4
              }
            }
          ]
        },
        {
          "over": 16,
          "deliveries": [
            {
              "batter": "Mohammad Amin",
              "bowler": "Waheed Ahmed",
              "non_striker": "MNM Aslam",
              "runs": {
                "batter": 1,
                "extras": 0,
                "total": 1
              }
            },
            {
              "batter": "MNM Aslam",
              "bowler": "Waheed Ahmed",
              "non_striker": "Mohammad Amin",
              "runs": {
                "batter": 1,
                "extras": 0,
                "total": 1
              }
            },
            {
              "batter": "Mohammad Amin",
              "bowler": "Waheed Ahmed",
              "non_striker": "MNM Aslam",
              "runs": {
                "batter": 1,
                "extras": 0,
                "total": 1
              }
            },
            {
              "batter": "MNM Aslam",
              "bowler": "Waheed Ahmed",
              "non_striker": "Mohammad Amin",
              "runs": {
                "batter": 1,
                "extras": 0,
                "total": 1
              }
            },
            {
              "batter": "Mohammad Amin",
              "bowler": "Waheed Ahmed",
              "non_striker": "MNM Aslam",
              "runs": {
                "batter": 0,
                "extras": 0,
                "total": 0
              }
            },
            {
              "batter": "Mohammad Amin",
              "bowler": "Waheed Ahmed",
              "non_striker": "MNM Aslam",
              "runs": {
                "batter": 1,
                "extras": 0,
                "total": 1
              }
            }
          ]
        },
        {
          "over": 17,
          "deliveries": [
            {
              "batter": "Mohammad Amin",
              "bowler": "Rohan Mustafa",
              "non_striker": "MNM Aslam",
              "runs": {
                "batter": 1,
                "extras": 0,
                "total": 1
              }
            },
            {
              "batter": "MNM Aslam",
              "bowler": "Rohan Mustafa",
              "non_striker": "Mohammad Amin",
              "runs": {
                "batter": 0,
                "extras": 0,
                "total": 0
              }
            },
            {
              "batter": "MNM Aslam",
              "bowler": "Rohan Mustafa",
              "non_striker": "Mohammad Amin",
              "runs": {
                "batter": 1,
                "extras": 0,
                "total": 1
              }
            },
            {
              "batter": "Mohammad Amin",
              "bowler": "Rohan Mustafa",
              "non_striker": "MNM Aslam",
              "runs": {
                "batter": 0,
                "extras": 0,
                "total": 0
              }
            },
            {
              "batter": "Mohammad Amin",
              "bowler": "Rohan Mustafa",
              "non_striker": "MNM Aslam",
              "runs": {
                "batter": 1,
                "extras": 0,
                "total": 1
              }
            },
            {
              "batter": "MNM Aslam",
              "bowler": "Rohan Mustafa",
              "non_striker": "Mohammad Amin",
              "runs": {
                "batter": 1,
                "extras": 0,
                "total": 1
              }
            }
          ]
        },
        {
          "over": 18,
          "deliveries": [
            {
              "batter": "MNM Aslam",
              "bowler": "Zahoor Khan",
              "non_striker": "Mohammad Amin",
              "runs": {
                "batter": 0,
                "extras": 0,
                "total": 0
              }
            },
            {
              "batter": "MNM Aslam",
              "bowler": "Zahoor Khan",
              "non_striker": "Mohammad Amin",
              "runs": {
                "batter": 0,
                "extras": 0,
                "total": 0
              }
            },
            {
              "batter": "MNM Aslam",
              "bowler": "Zahoor Khan",
              "non_striker": "Mohammad Amin",
              "runs": {
                "batter": 1,
                "extras": 0,
                "total": 1
              }
            },
            {
              "batter": "Mohammad Amin",
              "bowler": "Zahoor Khan",
              "non_striker": "MNM Aslam",
              "runs": {
                "batter": 4,
                "extras": 0,
                "total": 4
              }
            },
            {
              "batter": "Mohammad Amin",
              "bowler": "Zahoor Khan",
              "non_striker": "MNM Aslam",
              "runs": {
                "batter": 0,
                "extras": 0,
                "total": 0
              }
            },
            {
              "batter": "Mohammad Amin",
              "bowler": "Zahoor Khan",
              "non_striker": "MNM Aslam",
              "runs": {
                "batter": 0,
                "extras": 0,
                "total": 0
              }
            }
          ]
        },
        {
          "over": 19,
          "deliveries": [
            {
              "batter": "MNM Aslam",
              "bowler": "Junaid Siddique",
              "non_striker": "Mohammad Amin",
              "runs": {
                "batter": 4,
                "extras": 0,
                "total": 4
              }
            },
            {
              "batter": "MNM Aslam",
              "bowler": "Junaid Siddique",
              "non_striker": "Mohammad Amin",
              "runs": {
                "batter": 4,
                "extras": 0,
                "total": 4
              }
            },
            {
              "batter": "MNM Aslam",
              "bowler": "Junaid Siddique",
              "non_striker": "Mohammad Amin",
              "runs": {
                "batter": 2,
                "extras": 0,
                "total": 2
              }
            },
            {
              "batter": "MNM Aslam",
              "bowler": "Junaid Siddique",
              "non_striker": "Mohammad Amin",
              "runs": {
                "batter": 1,
                "extras": 0,
                "total": 1
              }
            },
            {
              "batter": "Mohammad Amin",
              "bowler": "Junaid Siddique",
              "non_striker": "MNM Aslam",
              "runs": {
                "batter": 0,
                "extras": 0,
                "total": 0
              }
            },
            {
              "batter": "Mohammad Amin",
              "bowler": "Junaid Siddique",
              "non_striker": "MNM Aslam",
              "runs": {
                "batter": 1,
                "extras": 0,
                "total": 1
              }
            }
          ]
        }
      ],
      "powerplays": [
        {
          "from": 0.1,
          "to": 5.6,
          "type": "mandatory"
        }
      ],
      "target": {
        "overs": 20,
        "runs": 200
      }
    }
  ]
}