{
  "meta": {
    "data_version": "1.0.0",
    "created": "2020-02-29",
    "revision": 1
  },
  "info": {
    "balls_per_over": 6,
    "city": "Al Amarat",
    "dates": [
      "2020-02-26"
    ],
    "event": {
      "name": "ACC Western Region T20",
      "stage": "Semi Final"
    },
    "gender": "male",
    "match_type": "T20",
    "match_type_number": 1064,
    "officials": {
      "reserve_umpires": [
        "Mohammed Younis"
      ],
      "umpires": [
        "Imran Mustafa",
        "Afzalkhan Pathan"
      ]
    },
    "outcome": {
      "winner": "United Arab Emirates",
      "by": {
        "runs": 28
      }
    },
    "overs": 20,
    "player_of_match": [
      "Junaid Siddique"
    ],
    "players": {
      "United Arab Emirates": [
        "Chirag Suri",
        "Rohan Mustafa",
        "Basil Hameed",
        "V Aravind",
        "Muhammad Usman",
        "A Sharafu",
        "Waheed Ahmed",
        "Ahmed Raza",
        "Sultan Ahmed",
        "Zahoor Khan",
        "Junaid Siddique"
      ],
      "Qatar": [
        "Zaheer Ibrahim",
        "Kamran Khan",
        "I Liyanage",
        "Muhammad Tanveer",
        "Mohammad Rizlan",
        "Tamoor Sajjad",
        "Khurram Shahzad",
        "Iqbal Hussain",
        "Mohammed Awais",
        "Gayan Munaweera",
        "Mohammed Nadeem"
      ]
    },
    "registry": {
      "people": {
        "A Sharafu": "06cad4f0",
        "Afzalkhan Pathan": "16da2745",
        "Ahmed Raza": "79b4839e",
        "Basil Hameed": "adbf0400",
        "Chirag Suri": "6176f240",
        "Gayan Munaweera": "62141a22",
        "I Liyanage": "826e1017",
        "Imran Mustafa": "f11bc2ff",
        "Iqbal Hussain": "b9fd3959",
        "Junaid Siddique": "84dc72db",
        "Kamran Khan": "922e3dcc",
        "Khurram Shahzad": "85b0ccd1",
        "Mohammad Rizlan": "82afc034",
        "Mohammed Awais": "34b8b1b5",
        "Mohammed Nadeem": "856cbb1e",
        "Mohammed Younis": "46ff5194",
        "Muhammad Tanveer": "aef39fe4",
        "Muhammad Usman": "45642393",
        "Rohan Mustafa": "d1988788",
        "Sultan Ahmed": "07687c15",
        "Tamoor Sajjad": "7bb926a7",
        "V Aravind": "cddafe26",
        "Waheed Ahmed": "3df3f50b",
        "Zaheer Ibrahim": "d754fde8",
        "Zahoor Khan": "f0e293b0"
      }
    },
    "season": "2019/20",
    "team_type": "international",
    "teams": [
      "Qatar",
      "United Arab Emirates"
    ],
    "toss": {
      "decision": "bat",
      "winner": "United Arab Emirates"
    },
    "venue": "Al Amerat Cricket Ground Oman Cricket (Ministry Turf 2)"
  },
  "innings": [
    {
      "team": "United Arab Emirates",
      "overs": [
        {
          "over": 0,
          "deliveries": [
            {
              "batter": "Chirag Suri",
              "bowler": "Mohammed Awais",
              "non_striker": "Rohan Mustafa",
              "runs": {
                "batter": 1,
                "extras": 0,
                "total": 1
              }
            },
            {
              "batter": "Rohan Mustafa",
              "bowler": "Mohammed Awais",
              "non_striker": "Chirag Suri",
              "runs": {
                "batter": 6,
                "extras": 0,
                "total": 6
              }
            },
            {
              "batter": "Rohan Mustafa",
              "bowler": "Mohammed Awais",
              "non_striker": "Chirag Suri",
              "runs": {
                "batter": 1,
                "extras": 0,
                "total": 1
              }
            },
            {
              "batter": "Chirag Suri",
              "bowler": "Mohammed Awais",
              "non_striker": "Rohan Mustafa",
              "runs": {
                "batter": 1,
                "extras": 0,
                "total": 1
              }
            },
            {
              "batter": "Rohan Mustafa",
              "bowler": "Mohammed Awais",
              "non_striker": "Chirag Suri",
              "runs": {
                "batter": 2,
                "extras": 0,
                "total": 2
              }
            },
            {
              "batter": "Rohan Mustafa",
              "bowler": "Mohammed Awais",
              "non_striker": "Chirag Suri",
              "runs": {
                "batter": 0,
                "extras": 0,
                "total": 0
              }
            }
          ]
        },
        {
          "over": 1,
          "deliveries": [
            {
              "batter": "Chirag Suri",
              "bowler": "Gayan Munaweera",
              "non_striker": "Rohan Mustafa",
              "runs": {
                "batter": 0,
                "extras": 0,
                "total": 0
              }
            },
            {
              "batter": "Chirag Suri",
              "bowler": "Gayan Munaweera",
              "non_striker": "Rohan Mustafa",
              "runs": {
                "batter": 0,
                "extras": 0,
                "total": 0
              }
            },
            {
              "batter": "Chirag Suri",
              "bowler": "Gayan Munaweera",
              "non_striker": "Rohan Mustafa",
              "runs": {
                "batter": 0,
                "extras": 0,
                "total": 0
              }
            },
            {
              "batter": "Chirag Suri",
              "bowler": "Gayan Munaweera",
              "non_striker": "Rohan Mustafa",
              "runs": {
                "batter": 0,
                "extras": 0,
                "total": 0
              }
            },
            {
              "batter": "Chirag Suri",
              "bowler": "Gayan Munaweera",
              "non_striker": "Rohan Mustafa",
              "runs": {
                "batter": 0,
                "extras": 0,
                "total": 0
              }
            },
            {
              "batter": "Chirag Suri",
              "bowler": "Gayan Munaweera",
              "non_striker": "Rohan Mustafa",
              "runs": {
                "batter": 1,
                "extras": 0,
                "total": 1
              }
            }
          ]
        },
        {
          "over": 2,
          "deliveries": [
            {
              "batter": "Chirag Suri",
              "bowler": "Mohammed Awais",
              "non_striker": "Rohan Mustafa",
              "runs": {
                "batter": 4,
                "extras": 0,
                "total": 4
              }
            },
            {
              "batter": "Chirag Suri",
              "bowler": "Mohammed Awais",
              "non_striker": "Rohan Mustafa",
              "runs": {
                "batter": 4,
                "extras": 0,
                "total": 4
              }
            },
            {
              "batter": "Chirag Suri",
              "bowler": "Mohammed Awais",
              "non_striker": "Rohan Mustafa",
              "runs": {
                "batter": 1,
                "extras": 0,
                "total": 1
              }
            },
            {
              "batter": "Rohan Mustafa",
              "bowler": "Mohammed Awais",
              "non_striker": "Chirag Suri",
              "runs": {
                "batter": 0,
                "extras": 0,
                "total": 0
              }
            },
            {
              "batter": "Rohan Mustafa",
              "bowler": "Mohammed Awais",
              "extras": {
                "wides": 5
              },
              "non_striker": "Chirag Suri",
              "runs": {
                "batter": 0,
                "extras": 5,
                "total": 5
              }
            },
            {
              "batter": "Rohan Mustafa",
              "bowler": "Mohammed Awais",
              "non_striker": "Chirag Suri",
              "runs": {
                "batter": 0,
                "extras": 0,
                "total": 0
              },
              "wickets": [
                {
                  "kind": "caught",
                  "player_out": "Rohan Mustafa",
                  "fielders": [
                    {
                      "name": "Mohammad Rizlan"
                    }
                  ]
                }
              ]
            },
            {
              "batter": "Basil Hameed",
              "bowler": "Mohammed Awais",
              "non_striker": "Chirag Suri",
              "runs": {
                "batter": 0,
                "extras": 0,
                "total": 0
              }
            }
          ]
        },
        {
          "over": 3,
          "deliveries": [
            {
              "batter": "Chirag Suri",
              "bowler": "Gayan Munaweera",
              "non_striker": "Basil Hameed",
              "runs": {
                "batter": 1,
                "extras": 0,
                "total": 1
              }
            },
            {
              "batter": "Basil Hameed",
              "bowler": "Gayan Munaweera",
              "non_striker": "Chirag Suri",
              "runs": {
                "batter": 2,
                "extras": 0,
                "total": 2
              }
            },
            {
              "batter": "Basil Hameed",
              "bowler": "Gayan Munaweera",
              "non_striker": "Chirag Suri",
              "runs": {
                "batter": 0,
                "extras": 0,
                "total": 0
              },
              "wickets": [
                {
                  "kind": "lbw",
                  "player_out": "Basil Hameed"
                }
              ]
            },
            {
              "batter": "V Aravind",
              "bowler": "Gayan Munaweera",
              "non_striker": "Chirag Suri",
              "runs": {
                "batter": 0,
                "extras": 0,
                "total": 0
              }
            },
            {
              "batter": "V Aravind",
              "bowler": "Gayan Munaweera",
              "non_striker": "Chirag Suri",
              "runs": {
                "batter": 0,
                "extras": 0,
                "total": 0
              }
            },
            {
              "batter": "V Aravind",
              "bowler": "Gayan Munaweera",
              "non_striker": "Chirag Suri",
              "runs": {
                "batter": 2,
                "extras": 0,
                "total": 2
              }
            }
          ]
        },
        {
          "over": 4,
          "deliveries": [
            {
              "batter": "Chirag Suri",
              "bowler": "Mohammed Awais",
              "non_striker": "V Aravind",
              "runs": {
                "batter": 0,
                "extras": 0,
                "total": 0
              }
            },
            {
              "batter": "Chirag Suri",
              "bowler": "Mohammed Awais",
              "non_striker": "V Aravind",
              "runs": {
                "batter": 4,
                "extras": 0,
                "total": 4
              }
            },
            {
              "batter": "Chirag Suri",
              "bowler": "Mohammed Awais",
              "non_striker": "V Aravind",
              "runs": {
                "batter": 4,
                "extras": 0,
                "total": 4
              }
            },
            {
              "batter": "Chirag Suri",
              "bowler": "Mohammed Awais",
              "non_striker": "V Aravind",
              "runs": {
                "batter": 0,
                "extras": 0,
                "total": 0
              }
            },
            {
              "batter": "Chirag Suri",
              "bowler": "Mohammed Awais",
              "non_striker": "V Aravind",
              "runs": {
                "batter": 0,
                "extras": 0,
                "total": 0
              }
            },
            {
              "batter": "Chirag Suri",
              "bowler": "Mohammed Awais",
              "extras": {
                "wides": 1
              },
              "non_striker": "V Aravind",
              "runs": {
                "batter": 0,
                "extras": 1,
                "total": 1
              }
            },
            {
              "batter": "Chirag Suri",
              "bowler": "Mohammed Awais",
              "non_striker": "V Aravind",
              "runs": {
                "batter": 2,
                "extras": 0,
                "total": 2
              }
            }
          ]
        },
        {
          "over": 5,
          "deliveries": [
            {
              "batter": "V Aravind",
              "bowler": "Mohammed Nadeem",
              "non_striker": "Chirag Suri",
              "runs": {
                "batter": 0,
                "extras": 0,
                "total": 0
              }
            },
            {
              "batter": "V Aravind",
              "bowler": "Mohammed Nadeem",
              "non_striker": "Chirag Suri",
              "runs": {
                "batter": 4,
                "extras": 0,
                "total": 4
              }
            },
            {
              "batter": "V Aravind",
              "bowler": "Mohammed Nadeem",
              "non_striker": "Chirag Suri",
              "runs": {
                "batter": 0,
                "extras": 0,
                "total": 0
              }
            },
            {
              "batter": "V Aravind",
              "bowler": "Mohammed Nadeem",
              "non_striker": "Chirag Suri",
              "runs": {
                "batter": 0,
                "extras": 0,
                "total": 0
              }
            },
            {
              "batter": "V Aravind",
              "bowler": "Mohammed Nadeem",
              "non_striker": "Chirag Suri",
              "runs": {
                "batter": 4,
                "extras": 0,
                "total": 4
              }
            },
            {
              "batter": "V Aravind",
              "bowler": "Mohammed Nadeem",
              "extras": {
                "legbyes": 1
              },
              "non_striker": "Chirag Suri",
              "runs": {
                "batter": 0,
                "extras": 1,
                "total": 1
              }
            }
          ]
        },
        {
          "over": 6,
          "deliveries": [
            {
              "batter": "V Aravind",
              "bowler": "Tamoor Sajjad",
              "non_striker": "Chirag Suri",
              "runs": {
                "batter": 0,
                "extras": 0,
                "total": 0
              }
            },
            {
              "batter": "V Aravind",
              "bowler": "Tamoor Sajjad",
              "non_striker": "Chirag Suri",
              "runs": {
                "batter": 0,
                "extras": 0,
                "total": 0
              }
            },
            {
              "batter": "V Aravind",
              "bowler": "Tamoor Sajjad",
              "non_striker": "Chirag Suri",
              "runs": {
                "batter": 0,
                "extras": 0,
                "total": 0
              }
            },
            {
              "batter": "V Aravind",
              "bowler": "Tamoor Sajjad",
              "non_striker": "Chirag Suri",
              "runs": {
                "batter": 1,
                "extras": 0,
                "total": 1
              }
            },
            {
              "batter": "Chirag Suri",
              "bowler": "Tamoor Sajjad",
              "non_striker": "V Aravind",
              "runs": {
                "batter": 1,
                "extras": 0,
                "total": 1
              }
            },
            {
              "batter": "V Aravind",
              "bowler": "Tamoor Sajjad",
              "non_striker": "Chirag Suri",
              "runs": {
                "batter": 1,
                "extras": 0,
                "total": 1
              }
            }
          ]
        },
        {
          "over": 7,
          "deliveries": [
            {
              "batter": "V Aravind",
              "bowler": "Iqbal Hussain",
              "non_striker": "Chirag Suri",
              "runs": {
                "batter": 1,
                "extras": 0,
                "total": 1
              }
            },
            {
              "batter": "Chirag Suri",
              "bowler": "Iqbal Hussain",
              "non_striker": "V Aravind",
              "runs": {
                "batter": 1,
                "extras": 0,
                "total": 1
              }
            },
            {
              "batter": "V Aravind",
              "bowler": "Iqbal Hussain",
              "non_striker": "Chirag Suri",
              "runs": {
                "batter": 0,
                "extras": 0,
                "total": 0
              }
            },
            {
              "batter": "V Aravind",
              "bowler": "Iqbal Hussain",
              "non_striker": "Chirag Suri",
              "runs": {
                "batter": 0,
                "extras": 0,
                "total": 0
              }
            },
            {
              "batter": "V Aravind",
              "bowler": "Iqbal Hussain",
              "non_striker": "Chirag Suri",
              "runs": {
                "batter": 1,
                "extras": 0,
                "total": 1
              }
            },
            {
              "batter": "Chirag Suri",
              "bowler": "Iqbal Hussain",
              "extras": {
                "wides": 5
              },
              "non_striker": "V Aravind",
              "runs": {
                "batter": 0,
                "extras": 5,
                "total": 5
              }
            },
            {
              "batter": "Chirag Suri",
              "bowler": "Iqbal Hussain",
              "non_striker": "V Aravind",
              "runs": {
                "batter": 0,
                "extras": 0,
                "total": 0
              }
            }
          ]
        },
        {
          "over": 8,
          "deliveries": [
            {
              "batter": "V Aravind",
              "bowler": "Tamoor Sajjad",
              "non_striker": "Chirag Suri",
              "runs": {
                "batter": 1,
                "extras": 0,
                "total": 1
              }
            },
            {
              "batter": "Chirag Suri",
              "bowler": "Tamoor Sajjad",
              "non_striker": "V Aravind",
              "runs": {
                "batter": 1,
                "extras": 0,
                "total": 1
              }
            },
            {
              "batter": "V Aravind",
              "bowler": "Tamoor Sajjad",
              "non_striker": "Chirag Suri",
              "runs": {
                "batter": 0,
                "extras": 0,
                "total": 0
              }
            },
            {
              "batter": "V Aravind",
              "bowler": "Tamoor Sajjad",
              "non_striker": "Chirag Suri",
              "runs": {
                "batter": 1,
                "extras": 0,
                "total": 1
              }
            },
            {
              "batter": "Chirag Suri",
              "bowler": "Tamoor Sajjad",
              "non_striker": "V Aravind",
              "runs": {
                "batter": 1,
                "extras": 0,
                "total": 1
              }
            },
            {
              "batter": "V Aravind",
              "bowler": "Tamoor Sajjad",
              "non_striker": "Chirag Suri",
              "runs": {
                "batter": 0,
                "extras": 0,
                "total": 0
              }
            }
          ]
        },
        {
          "over": 9,
          "deliveries": [
            {
              "batter": "Chirag Suri",
              "bowler": "Mohammed Nadeem",
              "non_striker": "V Aravind",
              "runs": {
                "batter": 0,
                "extras": 0,
                "total": 0
              }
            },
            {
              "batter": "Chirag Suri",
              "bowler": "Mohammed Nadeem",
              "non_striker": "V Aravind",
              "runs": {
                "batter": 1,
                "extras": 0,
                "total": 1
              }
            },
            {
              "batter": "V Aravind",
              "bowler": "Mohammed Nadeem",
              "non_striker": "Chirag Suri",
              "runs": {
                "batter": 2,
                "extras": 0,
                "total": 2
              }
            },
            {
              "batter": "V Aravind",
              "bowler": "Mohammed Nadeem",
              "non_striker": "Chirag Suri",
              "runs": {
                "batter": 0,
                "extras": 0,
                "total": 0
              },
              "wickets": [
                {
                  "kind": "caught",
                  "player_out": "V Aravind",
                  "fielders": [
                    {
                      "name": "Iqbal Hussain"
                    }
                  ]
                }
              ]
            },
            {
              "batter": "Muhammad Usman",
              "bowler": "Mohammed Nadeem",
              "non_striker": "Chirag Suri",
              "runs": {
                "batter": 1,
                "extras": 0,
                "total": 1
              }
            },
            {
              "batter": "Chirag Suri",
              "bowler": "Mohammed Nadeem",
              "non_striker": "Muhammad Usman",
              "runs": {
                "batter": 1,
                "extras": 0,
                "total": 1
              }
            }
          ]
        },
        {
          "over": 10,
          "deliveries": [
            {
              "batter": "Chirag Suri",
              "bowler": "Tamoor Sajjad",
              "non_striker": "Muhammad Usman",
              "runs": {
                "batter": 1,
                "extras": 0,
                "total": 1
              }
            },
            {
              "batter": "Muhammad Usman",
              "bowler": "Tamoor Sajjad",
              "non_striker": "Chirag Suri",
              "runs": {
                "batter": 2,
                "extras": 0,
                "total": 2
              }
            },
            {
              "batter": "Muhammad Usman",
              "bowler": "Tamoor Sajjad",
              "non_striker": "Chirag Suri",
              "runs": {
                "batter": 1,
                "extras": 0,
                "total": 1
              }
            },
            {
              "batter": "Chirag Suri",
              "bowler": "Tamoor Sajjad",
              "non_striker": "Muhammad Usman",
              "runs": {
                "batter": 1,
                "extras": 0,
                "total": 1
              }
            },
            {
              "batter": "Muhammad Usman",
              "bowler": "Tamoor Sajjad",
              "non_striker": "Chirag Suri",
              "runs": {
                "batter": 1,
                "extras": 0,
                "total": 1
              }
            },
            {
              "batter": "Chirag Suri",
              "bowler": "Tamoor Sajjad",
              "non_striker": "Muhammad Usman",
              "runs": {
                "batter": 1,
                "extras": 0,
                "total": 1
              }
            }
          ]
        },
        {
          "over": 11,
          "deliveries": [
            {
              "batter": "Chirag Suri",
              "bowler": "Mohammed Nadeem",
              "non_striker": "Muhammad Usman",
              "runs": {
                "batter": 6,
                "extras": 0,
                "total": 6
              }
            },
            {
              "batter": "Chirag Suri",
              "bowler": "Mohammed Nadeem",
              "non_striker": "Muhammad Usman",
              "runs": {
                "batter": 0,
                "extras": 0,
                "total": 0
              },
              "wickets": [
                {
                  "kind": "caught",
                  "player_out": "Chirag Suri",
                  "fielders": [
                    {
                      "name": "Gayan Munaweera"
                    }
                  ]
                }
              ]
            },
            {
              "batter": "Muhammad Usman",
              "bowler": "Mohammed Nadeem",
              "non_striker": "A Sharafu",
              "runs": {
                "batter": 1,
                "extras": 0,
                "total": 1
              }
            },
            {
              "batter": "A Sharafu",
              "bowler": "Mohammed Nadeem",
              "non_striker": "Muhammad Usman",
              "runs": {
                "batter": 0,
                "extras": 0,
                "total": 0
              }
            },
            {
              "batter": "A Sharafu",
              "bowler": "Mohammed Nadeem",
              "non_striker": "Muhammad Usman",
              "runs": {
                "batter": 2,
                "extras": 0,
                "total": 2
              }
            },
            {
              "batter": "A Sharafu",
              "bowler": "Mohammed Nadeem",
              "non_striker": "Muhammad Usman",
              "runs": {
                "batter": 1,
                "extras": 0,
                "total": 1
              }
            }
          ]
        },
        {
          "over": 12,
          "deliveries": [
            {
              "batter": "A Sharafu",
              "bowler": "Tamoor Sajjad",
              "non_striker": "Muhammad Usman",
              "runs": {
                "batter": 1,
                "extras": 0,
                "total": 1
              }
            },
            {
              "batter": "Muhammad Usman",
              "bowler": "Tamoor Sajjad",
              "non_striker": "A Sharafu",
              "runs": {
                "batter": 0,
                "extras": 0,
                "total": 0
              }
            },
            {
              "batter": "Muhammad Usman",
              "bowler": "Tamoor Sajjad",
              "non_striker": "A Sharafu",
              "runs": {
                "batter": 4,
                "extras": 0,
                "total": 4
              }
            },
            {
              "batter": "Muhammad Usman",
              "bowler": "Tamoor Sajjad",
              "non_striker": "A Sharafu",
              "runs": {
                "batter": 0,
                "extras": 0,
                "total": 0
              }
            },
            {
              "batter": "Muhammad Usman",
              "bowler": "Tamoor Sajjad",
              "non_striker": "A Sharafu",
              "runs": {
                "batter": 1,
                "extras": 0,
                "total": 1
              }
            },
            {
              "batter": "A Sharafu",
              "bowler": "Tamoor Sajjad",
              "non_striker": "Muhammad Usman",
              "runs": {
                "batter": 0,
                "extras": 0,
                "total": 0
              }
            }
          ]
        },
        {
          "over": 13,
          "deliveries": [
            {
              "batter": "Muhammad Usman",
              "bowler": "Mohammed Nadeem",
              "non_striker": "A Sharafu",
              "runs": {
                "batter": 0,
                "extras": 0,
                "total": 0
              }
            },
            {
              "batter": "Muhammad Usman",
              "bowler": "Mohammed Nadeem",
              "non_striker": "A Sharafu",
              "runs": {
                "batter": 1,
                "extras": 0,
                "total": 1
              }
            },
            {
              "batter": "A Sharafu",
              "bowler": "Mohammed Nadeem",
              "non_striker": "Muhammad Usman",
              "runs": {
                "batter": 0,
                "extras": 0,
                "total": 0
              }
            },
            {
              "batter": "A Sharafu",
              "bowler": "Mohammed Nadeem",
              "non_striker": "Muhammad Usman",
              "runs": {
                "batter": 0,
                "extras": 0,
                "total": 0
              },
              "wickets": [
                {
                  "kind": "bowled",
                  "player_out": "A Sharafu"
                }
              ]
            },
            {
              "batter": "Waheed Ahmed",
              "bowler": "Mohammed Nadeem",
              "non_striker": "Muhammad Usman",
              "runs": {
                "batter": 1,
                "extras": 0,
                "total": 1
              }
            },
            {
              "batter": "Muhammad Usman",
              "bowler": "Mohammed Nadeem",
              "non_striker": "Waheed Ahmed",
              "runs": {
                "batter": 2,
                "extras": 0,
                "total": 2
              }
            }
          ]
        },
        {
          "over": 14,
          "deliveries": [
            {
              "batter": "Muhammad Usman",
              "bowler": "Iqbal Hussain",
              "non_striker": "Waheed Ahmed",
              "runs": {
                "batter": 0,
                "extras": 0,
                "total": 0
              },
              "wickets": [
                {
                  "kind": "lbw",
                  "player_out": "Muhammad Usman"
                }
              ]
            },
            {
              "batter": "Ahmed Raza",
              "bowler": "Iqbal Hussain",
              "non_striker": "Waheed Ahmed",
              "runs": {
                "batter": 0,
                "extras": 0,
                "total": 0
              },
              "wickets": [
                {
                  "kind": "lbw",
                  "player_out": "Ahmed Raza"
                }
              ]
            },
            {
              "batter": "Sultan Ahmed",
              "bowler": "Iqbal Hussain",
              "non_striker": "Waheed Ahmed",
              "runs": {
                "batter": 0,
                "extras": 0,
                "total": 0
              }
            },
            {
              "batter": "Sultan Ahmed",
              "bowler": "Iqbal Hussain",
              "non_striker": "Waheed Ahmed",
              "runs": {
                "batter": 1,
                "extras": 0,
                "total": 1
              }
            },
            {
              "batter": "Waheed Ahmed",
              "bowler": "Iqbal Hussain",
              "extras": {
                "legbyes": 1
              },
              "non_striker": "Sultan Ahmed",
              "runs": {
                "batter": 0,
                "extras": 1,
                "total": 1
              }
            },
            {
              "batter": "Sultan Ahmed",
              "bowler": "Iqbal Hussain",
              "non_striker": "Waheed Ahmed",
              "runs": {
                "batter": 2,
                "extras": 0,
                "total": 2
              }
            }
          ]
        },
        {
          "over": 15,
          "deliveries": [
            {
              "batter": "Waheed Ahmed",
              "bowler": "Gayan Munaweera",
              "non_striker": "Sultan Ahmed",
              "runs": {
                "batter": 1,
                "extras": 0,
                "total": 1
              }
            },
            {
              "batter": "Sultan Ahmed",
              "bowler": "Gayan Munaweera",
              "non_striker": "Waheed Ahmed",
              "runs": {
                "batter": 4,
                "extras": 0,
                "total": 4
              }
            },
            {
              "batter": "Sultan Ahmed",
              "bowler": "Gayan Munaweera",
              "non_striker": "Waheed Ahmed",
              "runs": {
                "batter": 0,
                "extras": 0,
                "total": 0
              }
            },
            {
              "batter": "Sultan Ahmed",
              "bowler": "Gayan Munaweera",
              "non_striker": "Waheed Ahmed",
              "runs": {
                "batter": 0,
                "extras": 0,
                "total": 0
              }
            },
            {
              "batter": "Sultan Ahmed",
              "bowler": "Gayan Munaweera",
              "non_striker": "Waheed Ahmed",
              "runs": {
                "batter": 0,
                "extras": 0,
                "total": 0
              }
            },
            {
              "batter": "Sultan Ahmed",
              "bowler": "Gayan Munaweera",
              "non_striker": "Waheed Ahmed",
              "runs": {
                "batter": 1,
                "extras": 0,
                "total": 1
              }
            }
          ]
        },
        {
          "over": 16,
          "deliveries": [
            {
              "batter": "Sultan Ahmed",
              "bowler": "Iqbal Hussain",
              "non_striker": "Waheed Ahmed",
              "runs": {
                "batter": 0,
                "extras": 0,
                "total": 0
              }
            },
            {
              "batter": "Sultan Ahmed",
              "bowler": "Iqbal Hussain",
              "non_striker": "Waheed Ahmed",
              "runs": {
                "batter": 0,
                "extras": 0,
                "total": 0
              }
            },
            {
              "batter": "Sultan Ahmed",
              "bowler": "Iqbal Hussain",
              "non_striker": "Waheed Ahmed",
              "runs": {
                "batter": 1,
                "extras": 0,
                "total": 1
              }
            },
            {
              "batter": "Waheed Ahmed",
              "bowler": "Iqbal Hussain",
              "non_striker": "Sultan Ahmed",
              "runs": {
                "batter": 1,
                "extras": 0,
                "total": 1
              }
            },
            {
              "batter": "Sultan Ahmed",
              "bowler": "Iqbal Hussain",
              "non_striker": "Waheed Ahmed",
              "runs": {
                "batter": 1,
                "extras": 0,
                "total": 1
              }
            },
            {
              "batter": "Waheed Ahmed",
              "bowler": "Iqbal Hussain",
              "non_striker": "Sultan Ahmed",
              "runs": {
                "batter": 1,
                "extras": 0,
                "total": 1
              }
            }
          ]
        },
        {
          "over": 17,
          "deliveries": [
            {
              "batter": "Waheed Ahmed",
              "bowler": "Gayan Munaweera",
              "non_striker": "Sultan Ahmed",
              "runs": {
                "batter": 1,
                "extras": 0,
                "total": 1
              }
            },
            {
              "batter": "Sultan Ahmed",
              "bowler": "Gayan Munaweera",
              "non_striker": "Waheed Ahmed",
              "runs": {
                "batter": 0,
                "extras": 0,
                "total": 0
              }
            },
            {
              "batter": "Sultan Ahmed",
              "bowler": "Gayan Munaweera",
              "non_striker": "Waheed Ahmed",
              "runs": {
                "batter": 6,
                "extras": 0,
                "total": 6
              }
            },
            {
              "batter": "Sultan Ahmed",
              "bowler": "Gayan Munaweera",
              "non_striker": "Waheed Ahmed",
              "runs": {
                "batter": 0,
                "extras": 0,
                "total": 0
              }
            },
            {
              "batter": "Sultan Ahmed",
              "bowler": "Gayan Munaweera",
              "non_striker": "Waheed Ahmed",
              "runs": {
                "batter": 2,
                "extras": 0,
                "total": 2
              }
            },
            {
              "batter": "Sultan Ahmed",
              "bowler": "Gayan Munaweera",
              "non_striker": "Waheed Ahmed",
              "runs": {
                "batter": 0,
                "extras": 0,
                "total": 0
              },
              "wickets": [
                {
                  "kind": "caught",
                  "player_out": "Sultan Ahmed",
                  "fielders": [
                    {
                      "name": "Mohammad Rizlan"
                    }
                  ]
                }
              ]
            }
          ]
        },
        {
          "over": 18,
          "deliveries": [
            {
              "batter": "Waheed Ahmed",
              "bowler": "Iqbal Hussain",
              "non_striker": "Zahoor Khan",
              "runs": {
                "batter": 0,
                "extras": 0,
                "total": 0
              }
            },
            {
              "batter": "Waheed Ahmed",
              "bowler": "Iqbal Hussain",
              "non_striker": "Zahoor Khan",
              "runs": {
                "batter": 1,
                "extras": 0,
                "total": 1
              }
            },
            {
              "batter": "Zahoor Khan",
              "bowler": "Iqbal Hussain",
              "non_striker": "Waheed Ahmed",
              "runs": {
                "batter": 0,
                "extras": 0,
                "total": 0
              },
              "wickets": [
                {
                  "kind": "lbw",
                  "player_out": "Zahoor Khan"
                }
              ]
            },
            {
              "batter": "Junaid Siddique",
              "bowler": "Iqbal Hussain",
              "non_striker": "Waheed Ahmed",
              "runs": {
                "batter": 0,
                "extras": 0,
                "total": 0
              },
              "wickets": [
                {
                  "kind": "bowled",
                  "player_out": "Junaid Siddique"
                }
              ]
            }
          ]
        }
      ],
      "powerplays": [
        {
          "from": 0.1,
          "to": 5.6,
          "type": "mandatory"
        }
      ]
    },
    {
      "team": "Qatar",
      "overs": [
        {
          "over": 0,
          "deliveries": [
            {
              "batter": "Zaheer Ibrahim",
              "bowler": "Junaid Siddique",
              "non_striker": "Kamran Khan",
              "runs": {
                "batter": 1,
                "extras": 0,
                "total": 1
              }
            },
            {
              "batter": "Kamran Khan",
              "bowler": "Junaid Siddique",
              "non_striker": "Zaheer Ibrahim",
              "runs": {
                "batter": 1,
                "extras": 0,
                "total": 1
              }
            },
            {
              "batter": "Zaheer Ibrahim",
              "bowler": "Junaid Siddique",
              "non_striker": "Kamran Khan",
              "runs": {
                "batter": 1,
                "extras": 0,
                "total": 1
              }
            },
            {
              "batter": "Kamran Khan",
              "bowler": "Junaid Siddique",
              "non_striker": "Zaheer Ibrahim",
              "runs": {
                "batter": 1,
                "extras": 0,
                "total": 1
              }
            },
            {
              "batter": "Zaheer Ibrahim",
              "bowler": "Junaid Siddique",
              "non_striker": "Kamran Khan",
              "runs": {
                "batter": 0,
                "extras": 0,
                "total": 0
              }
            },
            {
              "batter": "Zaheer Ibrahim",
              "bowler": "Junaid Siddique",
              "non_striker": "Kamran Khan",
              "runs": {
                "batter": 0,
                "extras": 0,
                "total": 0
              }
            }
          ]
        },
        {
          "over": 1,
          "deliveries": [
            {
              "batter": "Kamran Khan",
              "bowler": "Sultan Ahmed",
              "non_striker": "Zaheer Ibrahim",
              "runs": {
                "batter": 0,
                "extras": 0,
                "total": 0
              }
            },
            {
              "batter": "Kamran Khan",
              "bowler": "Sultan Ahmed",
              "non_striker": "Zaheer Ibrahim",
              "runs": {
                "batter": 6,
                "extras": 0,
                "total": 6
              }
            },
            {
              "batter": "Kamran Khan",
              "bowler": "Sultan Ahmed",
              "non_striker": "Zaheer Ibrahim",
              "runs": {
                "batter": 0,
                "extras": 0,
                "total": 0
              }
            },
            {
              "batter": "Kamran Khan",
              "bowler": "Sultan Ahmed",
              "non_striker": "Zaheer Ibrahim",
              "runs": {
                "batter": 0,
                "extras": 0,
                "total": 0
              }
            },
            {
              "batter": "Kamran Khan",
              "bowler": "Sultan Ahmed",
              "non_striker": "Zaheer Ibrahim",
              "runs": {
                "batter": 0,
                "extras": 0,
                "total": 0
              }
            },
            {
              "batter": "Kamran Khan",
              "bowler": "Sultan Ahmed",
              "non_striker": "Zaheer Ibrahim",
              "runs": {
                "batter": 1,
                "extras": 0,
                "total": 1
              }
            }
          ]
        },
        {
          "over": 2,
          "deliveries": [
            {
              "batter": "Kamran Khan",
              "bowler": "Junaid Siddique",
              "non_striker": "Zaheer Ibrahim",
              "runs": {
                "batter": 0,
                "extras": 0,
                "total": 0
              }
            },
            {
              "batter": "Kamran Khan",
              "bowler": "Junaid Siddique",
              "non_striker": "Zaheer Ibrahim",
              "runs": {
                "batter": 1,
                "extras": 0,
                "total": 1
              }
            },
            {
              "batter": "Zaheer Ibrahim",
              "bowler": "Junaid Siddique",
              "non_striker": "Kamran Khan",
              "runs": {
                "batter": 0,
                "extras": 0,
                "total": 0
              }
            },
            {
              "batter": "Zaheer Ibrahim",
              "bowler": "Junaid Siddique",
              "non_striker": "Kamran Khan",
              "runs": {
                "batter": 0,
                "extras": 0,
                "total": 0
              },
              "wickets": [
                {
                  "kind": "caught",
                  "player_out": "Zaheer Ibrahim",
                  "fielders": [
                    {
                      "name": "Muhammad Usman"
                    }
                  ]
                }
              ]
            },
            {
              "batter": "I Liyanage",
              "bowler": "Junaid Siddique",
              "non_striker": "Kamran Khan",
              "runs": {
                "batter": 0,
                "extras": 0,
                "total": 0
              }
            },
            {
              "batter": "I Liyanage",
              "bowler": "Junaid Siddique",
              "non_striker": "Kamran Khan",
              "runs": {
                "batter": 0,
                "extras": 0,
                "total": 0
              }
            }
          ]
        },
        {
          "over": 3,
          "deliveries": [
            {
              "batter": "Kamran Khan",
              "bowler": "Zahoor Khan",
              "non_striker": "I Liyanage",
              "runs": {
                "batter": 2,
                "extras": 0,
                "total": 2
              }
            },
            {
              "batter": "Kamran Khan",
              "bowler": "Zahoor Khan",
              "non_striker": "I Liyanage",
              "runs": {
                "batter": 0,
                "extras": 0,
                "total": 0
              }
            },
            {
              "batter": "Kamran Khan",
              "bowler": "Zahoor Khan",
              "non_striker": "I Liyanage",
              "runs": {
                "batter": 1,
                "extras": 0,
                "total": 1
              }
            },
            {
              "batter": "I Liyanage",
              "bowler": "Zahoor Khan",
              "non_striker": "Kamran Khan",
              "runs": {
                "batter": 0,
                "extras": 0,
                "total": 0
              }
            },
            {
              "batter": "I Liyanage",
              "bowler": "Zahoor Khan",
              "non_striker": "Kamran Khan",
              "runs": {
                "batter": 0,
                "extras": 0,
                "total": 0
              },
              "wickets": [
                {
                  "kind": "lbw",
                  "player_out": "I Liyanage"
                }
              ]
            },
            {
              "batter": "Muhammad Tanveer",
              "bowler": "Zahoor Khan",
              "non_striker": "Kamran Khan",
              "runs": {
                "batter": 1,
                "extras": 0,
                "total": 1
              }
            }
          ]
        },
        {
          "over": 4,
          "deliveries": [
            {
              "batter": "Muhammad Tanveer",
              "bowler": "Sultan Ahmed",
              "extras": {
                "wides": 1
              },
              "non_striker": "Kamran Khan",
              "runs": {
                "batter": 0,
                "extras": 1,
                "total": 1
              }
            },
            {
              "batter": "Muhammad Tanveer",
              "bowler": "Sultan Ahmed",
              "non_striker": "Kamran Khan",
              "runs": {
                "batter": 0,
                "extras": 0,
                "total": 0
              }
            },
            {
              "batter": "Muhammad Tanveer",
              "bowler": "Sultan Ahmed",
              "non_striker": "Kamran Khan",
              "runs": {
                "batter": 0,
                "extras": 0,
                "total": 0
              }
            },
            {
              "batter": "Muhammad Tanveer",
              "bowler": "Sultan Ahmed",
              "non_striker": "Kamran Khan",
              "runs": {
                "batter": 0,
                "extras": 0,
                "total": 0
              }
            },
            {
              "batter": "Muhammad Tanveer",
              "bowler": "Sultan Ahmed",
              "non_striker": "Kamran Khan",
              "runs": {
                "batter": 0,
                "extras": 0,
                "total": 0
              }
            },
            {
              "batter": "Muhammad Tanveer",
              "bowler": "Sultan Ahmed",
              "non_striker": "Kamran Khan",
              "runs": {
                "batter": 0,
                "extras": 0,
                "total": 0
              }
            },
            {
              "batter": "Muhammad Tanveer",
              "bowler": "Sultan Ahmed",
              "non_striker": "Kamran Khan",
              "runs": {
                "batter": 0,
                "extras": 0,
                "total": 0
              }
            }
          ]
        },
        {
          "over": 5,
          "deliveries": [
            {
              "batter": "Kamran Khan",
              "bowler": "Zahoor Khan",
              "non_striker": "Muhammad Tanveer",
              "runs": {
                "batter": 0,
                "extras": 0,
                "total": 0
              },
              "wickets": [
                {
                  "kind": "caught",
                  "player_out": "Kamran Khan",
                  "fielders": [
                    {
                      "name": "V Aravind"
                    }
                  ]
                }
              ]
            },
            {
              "batter": "Muhammad Tanveer",
              "bowler": "Zahoor Khan",
              "non_striker": "Mohammad Rizlan",
              "runs": {
                "batter": 0,
                "extras": 0,
                "total": 0
              }
            },
            {
              "batter": "Muhammad Tanveer",
              "bowler": "Zahoor Khan",
              "non_striker": "Mohammad Rizlan",
              "runs": {
                "batter": 1,
                "extras": 0,
                "total": 1
              }
            },
            {
              "batter": "Mohammad Rizlan",
              "bowler": "Zahoor Khan",
              "non_striker": "Muhammad Tanveer",
              "runs": {
                "batter": 0,
                "extras": 0,
                "total": 0
              }
            },
            {
              "batter": "Mohammad Rizlan",
              "bowler": "Zahoor Khan",
              "non_striker": "Muhammad Tanveer",
              "runs": {
                "batter": 0,
                "extras": 0,
                "total": 0
              }
            },
            {
              "batter": "Mohammad Rizlan",
              "bowler": "Zahoor Khan",
              "non_striker": "Muhammad Tanveer",
              "runs": {
                "batter": 0,
                "extras": 0,
                "total": 0
              }
            }
          ]
        },
        {
          "over": 6,
          "deliveries": [
            {
              "batter": "Muhammad Tanveer",
              "bowler": "Ahmed Raza",
              "non_striker": "Mohammad Rizlan",
              "runs": {
                "batter": 0,
                "extras": 0,
                "total": 0
              }
            },
            {
              "batter": "Muhammad Tanveer",
              "bowler": "Ahmed Raza",
              "non_striker": "Mohammad Rizlan",
              "runs": {
                "batter": 0,
                "extras": 0,
                "total": 0
              }
            },
            {
              "batter": "Muhammad Tanveer",
              "bowler": "Ahmed Raza",
              "non_striker": "Mohammad Rizlan",
              "runs": {
                "batter": 0,
                "extras": 0,
                "total": 0
              },
              "wickets": [
                {
                  "kind": "caught",
                  "player_out": "Muhammad Tanveer",
                  "fielders": [
                    {
                      "name": "Basil Hameed"
                    }
                  ]
                }
              ]
            },
            {
              "batter": "Tamoor Sajjad",
              "bowler": "Ahmed Raza",
              "non_striker": "Mohammad Rizlan",
              "runs": {
                "batter": 0,
                "extras": 0,
                "total": 0
              }
            },
            {
              "batter": "Tamoor Sajjad",
              "bowler": "Ahmed Raza",
              "non_striker": "Mohammad Rizlan",
              "runs": {
                "batter": 0,
                "extras": 0,
                "total": 0
              }
            },
            {
              "batter": "Tamoor Sajjad",
              "bowler": "Ahmed Raza",
              "non_striker": "Mohammad Rizlan",
              "runs": {
                "batter": 0,
                "extras": 0,
                "total": 0
              }
            }
          ]
        },
        {
          "over": 7,
          "deliveries": [
            {
              "batter": "Mohammad Rizlan",
              "bowler": "Sultan Ahmed",
              "non_striker": "Tamoor Sajjad",
              "runs": {
                "batter": 0,
                "extras": 0,
                "total": 0
              }
            },
            {
              "batter": "Mohammad Rizlan",
              "bowler": "Sultan Ahmed",
              "non_striker": "Tamoor Sajjad",
              "runs": {
                "batter": 0,
                "extras": 0,
                "total": 0
              }
            },
            {
              "batter": "Mohammad Rizlan",
              "bowler": "Sultan Ahmed",
              "non_striker": "Tamoor Sajjad",
              "runs": {
                "batter": 0,
                "extras": 0,
                "total": 0
              }
            },
            {
              "batter": "Mohammad Rizlan",
              "bowler": "Sultan Ahmed",
              "non_striker": "Tamoor Sajjad",
              "runs": {
                "batter": 1,
                "extras": 0,
                "total": 1
              }
            },
            {
              "batter": "Tamoor Sajjad",
              "bowler": "Sultan Ahmed",
              "non_striker": "Mohammad Rizlan",
              "runs": {
                "batter": 1,
                "extras": 0,
                "total": 1
              }
            },
            {
              "batter": "Mohammad Rizlan",
              "bowler": "Sultan Ahmed",
              "non_striker": "Tamoor Sajjad",
              "runs": {
                "batter": 0,
                "extras": 0,
                "total": 0
              }
            }
          ]
        },
        {
          "over": 8,
          "deliveries": [
            {
              "batter": "Tamoor Sajjad",
              "bowler": "Ahmed Raza",
              "non_striker": "Mohammad Rizlan",
              "runs": {
                "batter": 2,
                "extras": 0,
                "total": 2
              }
            },
            {
              "batter": "Tamoor Sajjad",
              "bowler": "Ahmed Raza",
              "non_striker": "Mohammad Rizlan",
              "runs": {
                "batter": 2,
                "extras": 0,
                "total": 2
              }
            },
            {
              "batter": "Tamoor Sajjad",
              "bowler": "Ahmed Raza",
              "non_striker": "Mohammad Rizlan",
              "runs": {
                "batter": 1,
                "extras": 0,
                "total": 1
              }
            },
            {
              "batter": "Mohammad Rizlan",
              "bowler": "Ahmed Raza",
              "non_striker": "Tamoor Sajjad",
              "runs": {
                "batter": 1,
                "extras": 0,
                "total": 1
              }
            },
            {
              "batter": "Tamoor Sajjad",
              "bowler": "Ahmed Raza",
              "non_striker": "Mohammad Rizlan",
              "runs": {
                "batter": 4,
                "extras": 0,
                "total": 4
              }
            },
            {
              "batter": "Tamoor Sajjad",
              "bowler": "Ahmed Raza",
              "non_striker": "Mohammad Rizlan",
              "runs": {
                "batter": 0,
                "extras": 0,
                "total": 0
              }
            }
          ]
        },
        {
          "over": 9,
          "deliveries": [
            {
              "batter": "Mohammad Rizlan",
              "bowler": "Sultan Ahmed",
              "non_striker": "Tamoor Sajjad",
              "runs": {
                "batter": 0,
                "extras": 0,
                "total": 0
              }
            },
            {
              "batter": "Mohammad Rizlan",
              "bowler": "Sultan Ahmed",
              "non_striker": "Tamoor Sajjad",
              "runs": {
                "batter": 2,
                "extras": 0,
                "total": 2
              }
            },
            {
              "batter": "Mohammad Rizlan",
              "bowler": "Sultan Ahmed",
              "non_striker": "Tamoor Sajjad",
              "runs": {
                "batter": 0,
                "extras": 0,
                "total": 0
              }
            },
            {
              "batter": "Mohammad Rizlan",
              "bowler": "Sultan Ahmed",
              "non_striker": "Tamoor Sajjad",
              "runs": {
                "batter": 0,
                "extras": 0,
                "total": 0
              }
            },
            {
              "batter": "Mohammad Rizlan",
              "bowler": "Sultan Ahmed",
              "non_striker": "Tamoor Sajjad",
              "runs": {
                "batter": 0,
                "extras": 0,
                "total": 0
              }
            },
            {
              "batter": "Mohammad Rizlan",
              "bowler": "Sultan Ahmed",
              "non_striker": "Tamoor Sajjad",
              "runs": {
                "batter": 1,
                "extras": 0,
                "total": 1
              }
            }
          ]
        },
        {
          "over": 10,
          "deliveries": [
            {
              "batter": "Mohammad Rizlan",
              "bowler": "Rohan Mustafa",
              "non_striker": "Tamoor Sajjad",
              "runs": {
                "batter": 1,
                "extras": 0,
                "total": 1
              }
            },
            {
              "batter": "Tamoor Sajjad",
              "bowler": "Rohan Mustafa",
              "extras": {
                "noballs": 1
              },
              "non_striker": "Mohammad Rizlan",
              "runs": {
                "batter": 1,
                "extras": 1,
                "total": 2
              }
            },
            {
              "batter": "Mohammad Rizlan",
              "bowler": "Rohan Mustafa",
              "non_striker": "Tamoor Sajjad",
              "runs": {
                "batter": 1,
                "extras": 0,
                "total": 1
              }
            },
            {
              "batter": "Tamoor Sajjad",
              "bowler": "Rohan Mustafa",
              "non_striker": "Mohammad Rizlan",
              "runs": {
                "batter": 4,
                "extras": 0,
                "total": 4
              }
            },
            {
              "batter": "Tamoor Sajjad",
              "bowler": "Rohan Mustafa",
              "non_striker": "Mohammad Rizlan",
              "runs": {
                "batter": 1,
                "extras": 0,
                "total": 1
              }
            },
            {
              "batter": "Mohammad Rizlan",
              "bowler": "Rohan Mustafa",
              "non_striker": "Tamoor Sajjad",
              "runs": {
                "batter": 0,
                "extras": 0,
                "total": 0
              },
              "wickets": [
                {
                  "kind": "caught",
                  "player_out": "Mohammad Rizlan",
                  "fielders": [
                    {
                      "name": "Basil Hameed"
                    }
                  ]
                }
              ]
            },
            {
              "batter": "Khurram Shahzad",
              "bowler": "Rohan Mustafa",
              "non_striker": "Tamoor Sajjad",
              "runs": {
                "batter": 1,
                "extras": 0,
                "total": 1
              }
            }
          ]
        },
        {
          "over": 11,
          "deliveries": [
            {
              "batter": "Khurram Shahzad",
              "bowler": "Ahmed Raza",
              "non_striker": "Tamoor Sajjad",
              "runs": {
                "batter": 0,
                "extras": 0,
                "total": 0
              }
            },
            {
              "batter": "Khurram Shahzad",
              "bowler": "Ahmed Raza",
              "non_striker": "Tamoor Sajjad",
              "runs": {
                "batter": 0,
                "extras": 0,
                "total": 0
              }
            },
            {
              "batter": "Khurram Shahzad",
              "bowler": "Ahmed Raza",
              "non_striker": "Tamoor Sajjad",
              "runs": {
                "batter": 0,
                "extras": 0,
                "total": 0
              }
            },
            {
              "batter": "Khurram Shahzad",
              "bowler": "Ahmed Raza",
              "non_striker": "Tamoor Sajjad",
              "runs": {
                "batter": 0,
                "extras": 0,
                "total": 0
              },
              "wickets": [
                {
                  "kind": "caught",
                  "player_out": "Khurram Shahzad",
                  "fielders": [
                    {
                      "name": "V Aravind"
                    }
                  ]
                }
              ]
            },
            {
              "batter": "Iqbal Hussain",
              "bowler": "Ahmed Raza",
              "non_striker": "Tamoor Sajjad",
              "runs": {
                "batter": 0,
                "extras": 0,
                "total": 0
              }
            },
            {
              "batter": "Iqbal Hussain",
              "bowler": "Ahmed Raza",
              "non_striker": "Tamoor Sajjad",
              "runs": {
                "batter": 4,
                "extras": 0,
                "total": 4
              }
            }
          ]
        },
        {
          "over": 12,
          "deliveries": [
            {
              "batter": "Tamoor Sajjad",
              "bowler": "Rohan Mustafa",
              "non_striker": "Iqbal Hussain",
              "runs": {
                "batter": 1,
                "extras": 0,
                "total": 1
              }
            },
            {
              "batter": "Iqbal Hussain",
              "bowler": "Rohan Mustafa",
              "non_striker": "Tamoor Sajjad",
              "runs": {
                "batter": 1,
                "extras": 0,
                "total": 1
              }
            },
            {
              "batter": "Tamoor Sajjad",
              "bowler": "Rohan Mustafa",
              "non_striker": "Iqbal Hussain",
              "runs": {
                "batter": 1,
                "extras": 0,
                "total": 1
              }
            },
            {
              "batter": "Iqbal Hussain",
              "bowler": "Rohan Mustafa",
              "non_striker": "Tamoor Sajjad",
              "runs": {
                "batter": 1,
                "extras": 0,
                "total": 1
              }
            },
            {
              "batter": "Tamoor Sajjad",
              "bowler": "Rohan Mustafa",
              "non_striker": "Iqbal Hussain",
              "runs": {
                "batter": 4,
                "extras": 0,
                "total": 4
              }
            },
            {
              "batter": "Tamoor Sajjad",
              "bowler": "Rohan Mustafa",
              "non_striker": "Iqbal Hussain",
              "runs": {
                "batter": 1,
                "extras": 0,
                "total": 1
              }
            }
          ]
        },
        {
          "over": 13,
          "deliveries": [
            {
              "batter": "Tamoor Sajjad",
              "bowler": "Ahmed Raza",
              "non_striker": "Iqbal Hussain",
              "runs": {
                "batter": 4,
                "extras": 0,
                "total": 4
              }
            },
            {
              "batter": "Tamoor Sajjad",
              "bowler": "Ahmed Raza",
              "non_striker": "Iqbal Hussain",
              "runs": {
                "batter": 1,
                "extras": 0,
                "total": 1
              }
            },
            {
              "batter": "Iqbal Hussain",
              "bowler": "Ahmed Raza",
              "non_striker": "Tamoor Sajjad",
              "runs": {
                "batter": 0,
                "extras": 0,
                "total": 0
              }
            },
            {
              "batter": "Iqbal Hussain",
              "bowler": "Ahmed Raza",
              "non_striker": "Tamoor Sajjad",
              "runs": {
                "batter": 1,
                "extras": 0,
                "total": 1
              }
            },
            {
              "batter": "Tamoor Sajjad",
              "bowler": "Ahmed Raza",
              "non_striker": "Iqbal Hussain",
              "runs": {
                "batter": 1,
                "extras": 0,
                "total": 1
              }
            },
            {
              "batter": "Iqbal Hussain",
              "bowler": "Ahmed Raza",
              "non_striker": "Tamoor Sajjad",
              "runs": {
                "batter": 0,
                "extras": 0,
                "total": 0
              }
            }
          ]
        },
        {
          "over": 14,
          "deliveries": [
            {
              "batter": "Tamoor Sajjad",
              "bowler": "Junaid Siddique",
              "non_striker": "Iqbal Hussain",
              "runs": {
                "batter": 0,
                "extras": 0,
                "total": 0
              }
            },
            {
              "batter": "Tamoor Sajjad",
              "bowler": "Junaid Siddique",
              "non_striker": "Iqbal Hussain",
              "runs": {
                "batter": 0,
                "extras": 0,
                "total": 0
              }
            },
            {
              "batter": "Tamoor Sajjad",
              "bowler": "Junaid Siddique",
              "non_striker": "Iqbal Hussain",
              "runs": {
                "batter": 0,
                "extras": 0,
                "total": 0
              }
            },
            {
              "batter": "Tamoor Sajjad",
              "bowler": "Junaid Siddique",
              "non_striker": "Iqbal Hussain",
              "runs": {
                "batter": 0,
                "extras": 0,
                "total": 0
              },
              "wickets": [
                {
                  "kind": "caught",
                  "player_out": "Tamoor Sajjad",
                  "fielders": [
                    {
                      "name": "Sultan Ahmed"
                    }
                  ]
                }
              ]
            },
            {
              "batter": "Mohammed Awais",
              "bowler": "Junaid Siddique",
              "non_striker": "Iqbal Hussain",
              "runs": {
                "batter": 0,
                "extras": 0,
                "total": 0
              }
            },
            {
              "batter": "Mohammed Awais",
              "bowler": "Junaid Siddique",
              "non_striker": "Iqbal Hussain",
              "runs": {
                "batter": 1,
                "extras": 0,
                "total": 1
              }
            }
          ]
        },
        {
          "over": 15,
          "deliveries": [
            {
              "batter": "Mohammed Awais",
              "bowler": "Zahoor Khan",
              "non_striker": "Iqbal Hussain",
              "runs": {
                "batter": 1,
                "extras": 0,
                "total": 1
              }
            },
            {
              "batter": "Iqbal Hussain",
              "bowler": "Zahoor Khan",
              "non_striker": "Mohammed Awais",
              "runs": {
                "batter": 1,
                "extras": 0,
                "total": 1
              }
            },
            {
              "batter": "Mohammed Awais",
              "bowler": "Zahoor Khan",
              "non_striker": "Iqbal Hussain",
              "runs": {
                "batter": 0,
                "extras": 0,
                "total": 0
              }
            },
            {
              "batter": "Mohammed Awais",
              "bowler": "Zahoor Khan",
              "non_striker": "Iqbal Hussain",
              "runs": {
                "batter": 1,
                "extras": 0,
                "total": 1
              }
            },
            {
              "batter": "Iqbal Hussain",
              "bowler": "Zahoor Khan",
              "non_striker": "Mohammed Awais",
              "runs": {
                "batter": 0,
                "extras": 0,
                "total": 0
              }
            },
            {
              "batter": "Iqbal Hussain",
              "bowler": "Zahoor Khan",
              "non_striker": "Mohammed Awais",
              "runs": {
                "batter": 1,
                "extras": 0,
                "total": 1
              }
            }
          ]
        },
        {
          "over": 16,
          "deliveries": [
            {
              "batter": "Iqbal Hussain",
              "bowler": "Rohan Mustafa",
              "non_striker": "Mohammed Awais",
              "runs": {
                "batter": 1,
                "extras": 0,
                "total": 1
              }
            },
            {
              "batter": "Mohammed Awais",
              "bowler": "Rohan Mustafa",
              "non_striker": "Iqbal Hussain",
              "runs": {
                "batter": 0,
                "extras": 0,
                "total": 0
              }
            },
            {
              "batter": "Mohammed Awais",
              "bowler": "Rohan Mustafa",
              "non_striker": "Iqbal Hussain",
              "runs": {
                "batter": 0,
                "extras": 0,
                "total": 0
              }
            },
            {
              "batter": "Mohammed Awais",
              "bowler": "Rohan Mustafa",
              "non_striker": "Iqbal Hussain",
              "runs": {
                "batter": 1,
                "extras": 0,
                "total": 1
              }
            },
            {
              "batter": "Iqbal Hussain",
              "bowler": "Rohan Mustafa",
              "non_striker": "Mohammed Awais",
              "runs": {
                "batter": 0,
                "extras": 0,
                "total": 0
              }
            },
            {
              "batter": "Iqbal Hussain",
              "bowler": "Rohan Mustafa",
              "non_striker": "Mohammed Awais",
              "runs": {
                "batter": 1,
                "extras": 0,
                "total": 1
              }
            }
          ]
        },
        {
          "over": 17,
          "deliveries": [
            {
              "batter": "Iqbal Hussain",
              "bowler": "Zahoor Khan",
              "non_striker": "Mohammed Awais",
              "runs": {
                "batter": 1,
                "extras": 0,
                "total": 1
              }
            },
            {
              "batter": "Mohammed Awais",
              "bowler": "Zahoor Khan",
              "non_striker": "Iqbal Hussain",
              "runs": {
                "batter": 4,
                "extras": 0,
                "total": 4
              }
            },
            {
              "batter": "Mohammed Awais",
              "bowler": "Zahoor Khan",
              "non_striker": "Iqbal Hussain",
              "runs": {
                "batter": 1,
                "extras": 0,
                "total": 1
              }
            },
            {
              "batter": "Iqbal Hussain",
              "bowler": "Zahoor Khan",
              "non_striker": "Mohammed Awais",
              "runs": {
                "batter": 1,
                "extras": 0,
                "total": 1
              }
            },
            {
              "batter": "Mohammed Awais",
              "bowler": "Zahoor Khan",
              "non_striker": "Iqbal Hussain",
              "runs": {
                "batter": 0,
                "extras": 0,
                "total": 0
              },
              "wickets": [
                {
                  "kind": "bowled",
                  "player_out": "Mohammed Awais"
                }
              ]
            },
            {
              "batter": "Gayan Munaweera",
              "bowler": "Zahoor Khan",
              "non_striker": "Iqbal Hussain",
              "runs": {
                "batter": 1,
                "extras": 0,
                "total": 1
              }
            }
          ]
        },
        {
          "over": 18,
          "deliveries": [
            {
              "batter": "Gayan Munaweera",
              "bowler": "Rohan Mustafa",
              "non_striker": "Iqbal Hussain",
              "runs": {
                "batter": 1,
                "extras": 0,
                "total": 1
              }
            },
            {
              "batter": "Iqbal Hussain",
              "bowler": "Rohan Mustafa",
              "non_striker": "Gayan Munaweera",
              "runs": {
                "batter": 1,
                "extras": 0,
                "total": 1
              }
            },
            {
              "batter": "Gayan Munaweera",
              "bowler": "Rohan Mustafa",
              "extras": {
                "byes": 1
              },
              "non_striker": "Iqbal Hussain",
              "runs": {
                "batter": 0,
                "extras": 1,
                "total": 1
              }
            },
            {
              "batter": "Iqbal Hussain",
              "bowler": "Rohan Mustafa",
              "non_striker": "Gayan Munaweera",
              "runs": {
                "batter": 4,
                "extras": 0,
                "total": 4
              }
            },
            {
              "batter": "Iqbal Hussain",
              "bowler": "Rohan Mustafa",
              "non_striker": "Gayan Munaweera",
              "runs": {
                "batter": 1,
                "extras": 0,
                "total": 1
              }
            },
            {
              "batter": "Gayan Munaweera",
              "bowler": "Rohan Mustafa",
              "non_striker": "Iqbal Hussain",
              "runs": {
                "batter": 1,
                "extras": 0,
                "total": 1
              }
            }
          ]
        },
        {
          "over": 19,
          "deliveries": [
            {
              "batter": "Gayan Munaweera",
              "bowler": "Junaid Siddique",
              "non_striker": "Iqbal Hussain",
              "runs": {
                "batter": 1,
                "extras": 0,
                "total": 1
              }
            },
            {
              "batter": "Iqbal Hussain",
              "bowler": "Junaid Siddique",
              "non_striker": "Gayan Munaweera",
              "runs": {
                "batter": 0,
                "extras": 0,
                "total": 0
              },
              "wickets": [
                {
                  "kind": "caught",
                  "player_out": "Iqbal Hussain",
                  "fielders": [
                    {
                      "name": "V Aravind"
                    }
                  ]
                }
              ]
            },
            {
              "batter": "Mohammed Nadeem",
              "bowler": "Junaid Siddique",
              "non_striker": "Gayan Munaweera",
              "runs": {
                "batter": 0,
                "extras": 0,
                "total": 0
              }
            },
            {
              "batter": "Mohammed Nadeem",
              "bowler": "Junaid Siddique",
              "non_striker": "Gayan Munaweera",
              "runs": {
                "batter": 1,
                "extras": 0,
                "total": 1
              }
            },
            {
              "batter": "Gayan Munaweera",
              "bowler": "Junaid Siddique",
              "non_striker": "Mohammed Nadeem",
              "runs": {
                "batter": 4,
                "extras": 0,
                "total": 4
              }
            },
            {
              "batter": "Gayan Munaweera",
              "bowler": "Junaid Siddique",
              "non_striker": "Mohammed Nadeem",
              "runs": {
                "batter": 0,
                "extras": 0,
                "total": 0
              },
              "wickets": [
                {
                  "kind": "caught",
                  "player_out": "Gayan Munaweera",
                  "fielders": [
                    {
                      "name": "Ahmed Raza"
                    }
                  ]
                }
              ]
            }
          ]
        }
      ],
      "powerplays": [
        {
          "from": 0.1,
          "to": 5.6,
          "type": "mandatory"
        }
      ],
      "target": {
        "overs": 20,
        "runs": 123
      }
    }
  ]
}