{
  "meta": {
    "data_version": "1.0.0",
    "created": "2020-03-05",
    "revision": 1
  },
  "info": {
    "balls_per_over": 6,
    "city": "Bangkok",
    "dates": [
      "2020-03-04"
    ],
    "event": {
      "name": "ACC Eastern Region T20",
      "match_number": 7
    },
    "gender": "male",
    "match_type": "T20",
    "match_type_number": 1073,
    "officials": {
      "umpires": [
        "B Manikandan",
        "Sanjay Gurung"
      ]
    },
    "outcome": {
      "winner": "Nepal",
      "by": {
        "wickets": 9
      }
    },
    "overs": 20,
    "player_of_match": [
      "Karan KC"
    ],
    "players": {
      "Thailand": [
        "DF Jacobs",
        "N Pathan",
        "HJ Jordaan",
        "W Uisuk",
        "Robert Raina",
        "Z Hoque",
        "Ismail Sardar",
        "C Pengkumta",
        "P Suanchuai",
        "N Senamontree",
        "Vichanath Singh"
      ],
      "Nepal": [
        "Kushal Malla",
        "P Khadka",
        "P Sarraf",
        "Aarif Sheikh",
        "Karan KC",
        "S Lamichhane",
        "A Bohara",
        "G Malla",
        "DS Airee",
        "B Karki",
        "B Bhandari"
      ]
    },
    "registry": {
      "people": {
        "A Bohara": "64fb6b15",
        "Aarif Sheikh": "cd4d7695",
        "B Bhandari": "82342b13",
        "B Karki": "edc2a9c6",
        "B Manikandan": "f46bef25",
        "C Pengkumta": "b3540b2a",
        "DF Jacobs": "de896b79",
        "DS Airee": "1747ea18",
        "G Malla": "b2e1d224",
        "HJ Jordaan": "b8f10b60",
        "Ismail Sardar": "caa18d8b",
        "Karan KC": "f53b3e1d",
        "Kushal Malla": "7e9f1cde",
        "N Pathan": "25bc2d36",
        "N Senamontree": "44e00a4c",
        "P Khadka": "12c3ba4d",
        "P Sarraf": "82294960",
        "P Suanchuai": "e6948355",
        "Robert Raina": "8e38d470",
        "S Lamichhane": "b410bd3d",
        "Sanjay Gurung": "0ef792dc",
        "Vichanath Singh": "dfa6db1a",
        "W Uisuk": "f20e7aac",
        "Z Hoque": "68f500c8"
      }
    },
    "season": "2019/20",
    "team_type": "international",
    "teams": [
      "Thailand",
      "Nepal"
    ],
    "toss": {
      "decision": "bat",
      "winner": "Thailand"
    },
    "venue": "Terdthai Cricket Ground"
  },
  "innings": [
    {
      "team": "Thailand",
      "overs": [
        {
          "over": 0,
          "deliveries": [
            {
              "batter": "DF Jacobs",
              "bowler": "S Lamichhane",
              "non_striker": "N Pathan",
              "runs": {
                "batter": 0,
                "extras": 0,
                "total": 0
              }
            },
            {
              "batter": "DF Jacobs",
              "bowler": "S Lamichhane",
              "non_striker": "N Pathan",
              "runs": {
                "batter": 0,
                "extras": 0,
                "total": 0
              }
            },
            {
              "batter": "DF Jacobs",
              "bowler": "S Lamichhane",
              "non_striker": "N Pathan",
              "runs": {
                "batter": 0,
                "extras": 0,
                "total": 0
              }
            },
            {
              "batter": "DF Jacobs",
              "bowler": "S Lamichhane",
              "non_striker": "N Pathan",
              "runs": {
                "batter": 0,
                "extras": 0,
                "total": 0
              }
            },
            {
              "batter": "DF Jacobs",
              "bowler": "S Lamichhane",
              "non_striker": "N Pathan",
              "runs": {
                "batter": 0,
                "extras": 0,
                "total": 0
              }
            },
            {
              "batter": "DF Jacobs",
              "bowler": "S Lamichhane",
              "non_striker": "N Pathan",
              "runs": {
                "batter": 0,
                "extras": 0,
                "total": 0
              }
            }
          ]
        },
        {
          "over": 1,
          "deliveries": [
            {
              "batter": "N Pathan",
              "bowler": "Karan KC",
              "non_striker": "DF Jacobs",
              "runs": {
                "batter": 0,
                "extras": 0,
                "total": 0
              }
            },
            {
              "batter": "N Pathan",
              "bowler": "Karan KC",
              "non_striker": "DF Jacobs",
              "runs": {
                "batter": 0,
                "extras": 0,
                "total": 0
              }
            },
            {
              "batter": "N Pathan",
              "bowler": "Karan KC",
              "non_striker": "DF Jacobs",
              "runs": {
                "batter": 4,
                "extras": 0,
                "total": 4
              }
            },
            {
              "batter": "N Pathan",
              "bowler": "Karan KC",
              "extras": {
                "wides": 1
              },
              "non_striker": "DF Jacobs",
              "runs": {
                "batter": 0,
                "extras": 1,
                "total": 1
              }
            },
            {
              "batter": "N Pathan",
              "bowler": "Karan KC",
              "non_striker": "DF Jacobs",
              "runs": {
                "batter": 4,
                "extras": 0,
                "total": 4
              }
            },
            {
              "batter": "N Pathan",
              "bowler": "Karan KC",
              "non_striker": "DF Jacobs",
              "runs": {
                "batter": 0,
                "extras": 0,
                "total": 0
              },
              "wickets": [
                {
                  "kind": "caught",
                  "player_out": "N Pathan",
                  "fielders": [
                    {
                      "name": "A Bohara"
                    }
                  ]
                }
              ]
            },
            {
              "batter": "HJ Jordaan",
              "bowler": "Karan KC",
              "non_striker": "DF Jacobs",
              "runs": {
                "batter": 0,
                "extras": 0,
                "total": 0
              }
            }
          ]
        },
        {
          "over": 2,
          "deliveries": [
            {
              "batter": "DF Jacobs",
              "bowler": "P Khadka",
              "non_striker": "HJ Jordaan",
              "runs": {
                "batter": 0,
                "extras": 0,
                "total": 0
              }
            },
            {
              "batter": "DF Jacobs",
              "bowler": "P Khadka",
              "non_striker": "HJ Jordaan",
              "runs": {
                "batter": 0,
                "extras": 0,
                "total": 0
              }
            },
            {
              "batter": "DF Jacobs",
              "bowler": "P Khadka",
              "non_striker": "HJ Jordaan",
              "runs": {
                "batter": 0,
                "extras": 0,
                "total": 0
              }
            },
            {
              "batter": "DF Jacobs",
              "bowler": "P Khadka",
              "non_striker": "HJ Jordaan",
              "runs": {
                "batter": 0,
                "extras": 0,
                "total": 0
              },
              "wickets": [
                {
                  "kind": "run out",
                  "player_out": "DF Jacobs"
                }
              ]
            },
            {
              "batter": "HJ Jordaan",
              "bowler": "P Khadka",
              "non_striker": "W Uisuk",
              "runs": {
                "batter": 0,
                "extras": 0,
                "total": 0
              }
            },
            {
              "batter": "HJ Jordaan",
              "bowler": "P Khadka",
              "non_striker": "W Uisuk",
              "runs": {
                "batter": 1,
                "extras": 0,
                "total": 1
              }
            }
          ]
        },
        {
          "over": 3,
          "deliveries": [
            {
              "batter": "HJ Jordaan",
              "bowler": "S Lamichhane",
              "non_striker": "W Uisuk",
              "runs": {
                "batter": 0,
                "extras": 0,
                "total": 0
              }
            },
            {
              "batter": "HJ Jordaan",
              "bowler": "S Lamichhane",
              "non_striker": "W Uisuk",
              "runs": {
                "batter": 0,
                "extras": 0,
                "total": 0
              }
            },
            {
              "batter": "HJ Jordaan",
              "bowler": "S Lamichhane",
              "non_striker": "W Uisuk",
              "runs": {
                "batter": 0,
                "extras": 0,
                "total": 0
              }
            },
            {
              "batter": "HJ Jordaan",
              "bowler": "S Lamichhane",
              "non_striker": "W Uisuk",
              "runs": {
                "batter": 0,
                "extras": 0,
                "total": 0
              }
            },
            {
              "batter": "HJ Jordaan",
              "bowler": "S Lamichhane",
              "non_striker": "W Uisuk",
              "runs": {
                "batter": 0,
                "extras": 0,
                "total": 0
              }
            },
            {
              "batter": "HJ Jordaan",
              "bowler": "S Lamichhane",
              "non_striker": "W Uisuk",
              "runs": {
                "batter": 0,
                "extras": 0,
                "total": 0
              }
            }
          ]
        },
        {
          "over": 4,
          "deliveries": [
            {
              "batter": "W Uisuk",
              "bowler": "P Khadka",
              "extras": {
                "wides": 1
              },
              "non_striker": "HJ Jordaan",
              "runs": {
                "batter": 0,
                "extras": 1,
                "total": 1
              }
            },
            {
              "batter": "W Uisuk",
              "bowler": "P Khadka",
              "non_striker": "HJ Jordaan",
              "runs": {
                "batter": 0,
                "extras": 0,
                "total": 0
              }
            },
            {
              "batter": "W Uisuk",
              "bowler": "P Khadka",
              "non_striker": "HJ Jordaan",
              "runs": {
                "batter": 0,
                "extras": 0,
                "total": 0
              }
            },
            {
              "batter": "W Uisuk",
              "bowler": "P Khadka",
              "non_striker": "HJ Jordaan",
              "runs": {
                "batter": 0,
                "extras": 0,
                "total": 0
              }
            },
            {
              "batter": "W Uisuk",
              "bowler": "P Khadka",
              "non_striker": "HJ Jordaan",
              "runs": {
                "batter": 1,
                "extras": 0,
                "total": 1
              }
            },
            {
              "batter": "HJ Jordaan",
              "bowler": "P Khadka",
              "non_striker": "W Uisuk",
              "runs": {
                "batter": 0,
                "extras": 0,
                "total": 0
              }
            },
            {
              "batter": "HJ Jordaan",
              "bowler": "P Khadka",
              "non_striker": "W Uisuk",
              "runs": {
                "batter": 0,
                "extras": 0,
                "total": 0
              }
            }
          ]
        },
        {
          "over": 5,
          "deliveries": [
            {
              "batter": "W Uisuk",
              "bowler": "S Lamichhane",
              "non_striker": "HJ Jordaan",
              "runs": {
                "batter": 0,
                "extras": 0,
                "total": 0
              }
            },
            {
              "batter": "W Uisuk",
              "bowler": "S Lamichhane",
              "non_striker": "HJ Jordaan",
              "runs": {
                "batter": 0,
                "extras": 0,
                "total": 0
              }
            },
            {
              "batter": "W Uisuk",
              "bowler": "S Lamichhane",
              "non_striker": "HJ Jordaan",
              "runs": {
                "batter": 0,
                "extras": 0,
                "total": 0
              }
            },
            {
              "batter": "W Uisuk",
              "bowler": "S Lamichhane",
              "non_striker": "HJ Jordaan",
              "runs": {
                "batter": 0,
                "extras": 0,
                "total": 0
              }
            },
            {
              "batter": "W Uisuk",
              "bowler": "S Lamichhane",
              "non_striker": "HJ Jordaan",
              "runs": {
                "batter": 0,
                "extras": 0,
                "total": 0
              }
            },
            {
              "batter": "W Uisuk",
              "bowler": "S Lamichhane",
              "extras": {
                "wides": 1
              },
              "non_striker": "HJ Jordaan",
              "runs": {
                "batter": 0,
                "extras": 1,
                "total": 1
              }
            },
            {
              "batter": "W Uisuk",
              "bowler": "S Lamichhane",
              "non_striker": "HJ Jordaan",
              "runs": {
                "batter": 0,
                "extras": 0,
                "total": 0
              }
            }
          ]
        },
        {
          "over": 6,
          "deliveries": [
            {
              "batter": "HJ Jordaan",
              "bowler": "B Karki",
              "non_striker": "W Uisuk",
              "runs": {
                "batter": 0,
                "extras": 0,
                "total": 0
              }
            },
            {
              "batter": "HJ Jordaan",
              "bowler": "B Karki",
              "non_striker": "W Uisuk",
              "runs": {
                "batter": 1,
                "extras": 0,
                "total": 1
              }
            },
            {
              "batter": "W Uisuk",
              "bowler": "B Karki",
              "non_striker": "HJ Jordaan",
              "runs": {
                "batter": 0,
                "extras": 0,
                "total": 0
              }
            },
            {
              "batter": "W Uisuk",
              "bowler": "B Karki",
              "non_striker": "HJ Jordaan",
              "runs": {
                "batter": 1,
                "extras": 0,
                "total": 1
              }
            },
            {
              "batter": "HJ Jordaan",
              "bowler": "B Karki",
              "non_striker": "W Uisuk",
              "runs": {
                "batter": 0,
                "extras": 0,
                "total": 0
              }
            },
            {
              "batter": "HJ Jordaan",
              "bowler": "B Karki",
              "non_striker": "W Uisuk",
              "runs": {
                "batter": 0,
                "extras": 0,
                "total": 0
              }
            }
          ]
        },
        {
          "over": 7,
          "deliveries": [
            {
              "batter": "W Uisuk",
              "bowler": "Karan KC",
              "non_striker": "HJ Jordaan",
              "runs": {
                "batter": 0,
                "extras": 0,
                "total": 0
              }
            },
            {
              "batter": "W Uisuk",
              "bowler": "Karan KC",
              "non_striker": "HJ Jordaan",
              "runs": {
                "batter": 0,
                "extras": 0,
                "total": 0
              }
            },
            {
              "batter": "W Uisuk",
              "bowler": "Karan KC",
              "extras": {
                "byes": 4
              },
              "non_striker": "HJ Jordaan",
              "runs": {
                "batter": 0,
                "extras": 4,
                "total": 4
              }
            },
            {
              "batter": "W Uisuk",
              "bowler": "Karan KC",
              "non_striker": "HJ Jordaan",
              "runs": {
                "batter": 0,
                "extras": 0,
                "total": 0
              }
            },
            {
              "batter": "W Uisuk",
              "bowler": "Karan KC",
              "non_striker": "HJ Jordaan",
              "runs": {
                "batter": 0,
                "extras": 0,
                "total": 0
              }
            },
            {
              "batter": "W Uisuk",
              "bowler": "Karan KC",
              "non_striker": "HJ Jordaan",
              "runs": {
                "batter": 0,
                "extras": 0,
                "total": 0
              },
              "wickets": [
                {
                  "kind": "bowled",
                  "player_out": "W Uisuk"
                }
              ]
            }
          ]
        },
        {
          "over": 8,
          "deliveries": [
            {
              "batter": "HJ Jordaan",
              "bowler": "B Karki",
              "extras": {
                "legbyes": 1
              },
              "non_striker": "Robert Raina",
              "runs": {
                "batter": 0,
                "extras": 1,
                "total": 1
              }
            },
            {
              "batter": "Robert Raina",
              "bowler": "B Karki",
              "non_striker": "HJ Jordaan",
              "runs": {
                "batter": 0,
                "extras": 0,
                "total": 0
              }
            },
            {
              "batter": "Robert Raina",
              "bowler": "B Karki",
              "non_striker": "HJ Jordaan",
              "runs": {
                "batter": 0,
                "extras": 0,
                "total": 0
              }
            },
            {
              "batter": "Robert Raina",
              "bowler": "B Karki",
              "non_striker": "HJ Jordaan",
              "runs": {
                "batter": 0,
                "extras": 0,
                "total": 0
              }
            },
            {
              "batter": "Robert Raina",
              "bowler": "B Karki",
              "non_striker": "HJ Jordaan",
              "runs": {
                "batter": 1,
                "extras": 0,
                "total": 1
              }
            },
            {
              "batter": "HJ Jordaan",
              "bowler": "B Karki",
              "non_striker": "Robert Raina",
              "runs": {
                "batter": 1,
                "extras": 0,
                "total": 1
              }
            }
          ]
        },
        {
          "over": 9,
          "deliveries": [
            {
              "batter": "HJ Jordaan",
              "bowler": "Karan KC",
              "non_striker": "Robert Raina",
              "runs": {
                "batter": 1,
                "extras": 0,
                "total": 1
              }
            },
            {
              "batter": "Robert Raina",
              "bowler": "Karan KC",
              "non_striker": "HJ Jordaan",
              "runs": {
                "batter": 0,
                "extras": 0,
                "total": 0
              },
              "wickets": [
                {
                  "kind": "bowled",
                  "player_out": "Robert Raina"
                }
              ]
            },
            {
              "batter": "Z Hoque",
              "bowler": "Karan KC",
              "non_striker": "HJ Jordaan",
              "runs": {
                "batter": 1,
                "extras": 0,
                "total": 1
              }
            },
            {
              "batter": "HJ Jordaan",
              "bowler": "Karan KC",
              "non_striker": "Z Hoque",
              "runs": {
                "batter": 1,
                "extras": 0,
                "total": 1
              }
            },
            {
              "batter": "Z Hoque",
              "bowler": "Karan KC",
              "non_striker": "HJ Jordaan",
              "runs": {
                "batter": 0,
                "extras": 0,
                "total": 0
              }
            },
            {
              "batter": "Z Hoque",
              "bowler": "Karan KC",
              "non_striker": "HJ Jordaan",
              "runs": {
                "batter": 0,
                "extras": 0,
                "total": 0
              }
            }
          ]
        },
        {
          "over": 10,
          "deliveries": [
            {
              "batter": "HJ Jordaan",
              "bowler": "B Karki",
              "non_striker": "Z Hoque",
              "runs": {
                "batter": 0,
                "extras": 0,
                "total": 0
              }
            },
            {
              "batter": "HJ Jordaan",
              "bowler": "B Karki",
              "non_striker": "Z Hoque",
              "runs": {
                "batter": 1,
                "extras": 0,
                "total": 1
              }
            },
            {
              "batter": "Z Hoque",
              "bowler": "B Karki",
              "non_striker": "HJ Jordaan",
              "runs": {
                "batter": 0,
                "extras": 0,
                "total": 0
              }
            },
            {
              "batter": "Z Hoque",
              "bowler": "B Karki",
              "extras": {
                "byes": 4
              },
              "non_striker": "HJ Jordaan",
              "runs": {
                "batter": 0,
                "extras": 4,
                "total": 4
              }
            },
            {
              "batter": "Z Hoque",
              "bowler": "B Karki",
              "non_striker": "HJ Jordaan",
              "runs": {
                "batter": 1,
                "extras": 0,
                "total": 1
              }
            },
            {
              "batter": "HJ Jordaan",
              "bowler": "B Karki",
              "non_striker": "Z Hoque",
              "runs": {
                "batter": 0,
                "extras": 0,
                "total": 0
              }
            }
          ]
        },
        {
          "over": 11,
          "deliveries": [
            {
              "batter": "Z Hoque",
              "bowler": "A Bohara",
              "non_striker": "HJ Jordaan",
              "runs": {
                "batter": 1,
                "extras": 0,
                "total": 1
              }
            },
            {
              "batter": "HJ Jordaan",
              "bowler": "A Bohara",
              "non_striker": "Z Hoque",
              "runs": {
                "batter": 0,
                "extras": 0,
                "total": 0
              }
            },
            {
              "batter": "HJ Jordaan",
              "bowler": "A Bohara",
              "non_striker": "Z Hoque",
              "runs": {
                "batter": 6,
                "extras": 0,
                "total": 6
              }
            },
            {
              "batter": "HJ Jordaan",
              "bowler": "A Bohara",
              "non_striker": "Z Hoque",
              "runs": {
                "batter": 1,
                "extras": 0,
                "total": 1
              }
            },
            {
              "batter": "Z Hoque",
              "bowler": "A Bohara",
              "non_striker": "HJ Jordaan",
              "runs": {
                "batter": 0,
                "extras": 0,
                "total": 0
              }
            },
            {
              "batter": "Z Hoque",
              "bowler": "A Bohara",
              "non_striker": "HJ Jordaan",
              "runs": {
                "batter": 0,
                "extras": 0,
                "total": 0
              }
            }
          ]
        },
        {
          "over": 12,
          "deliveries": [
            {
              "batter": "HJ Jordaan",
              "bowler": "B Karki",
              "non_striker": "Z Hoque",
              "runs": {
                "batter": 0,
                "extras": 0,
                "total": 0
              }
            },
            {
              "batter": "HJ Jordaan",
              "bowler": "B Karki",
              "non_striker": "Z Hoque",
              "runs": {
                "batter": 0,
                "extras": 0,
                "total": 0
              }
            },
            {
              "batter": "HJ Jordaan",
              "bowler": "B Karki",
              "non_striker": "Z Hoque",
              "runs": {
                "batter": 0,
                "extras": 0,
                "total": 0
              }
            },
            {
              "batter": "HJ Jordaan",
              "bowler": "B Karki",
              "non_striker": "Z Hoque",
              "runs": {
                "batter": 0,
                "extras": 0,
                "total": 0
              },
              "wickets": [
                {
                  "kind": "bowled",
                  "player_out": "HJ Jordaan"
                }
              ]
            },
            {
              "batter": "Ismail Sardar",
              "bowler": "B Karki",
              "non_striker": "Z Hoque",
              "runs": {
                "batter": 0,
                "extras": 0,
                "total": 0
              }
            },
            {
              "batter": "Ismail Sardar",
              "bowler": "B Karki",
              "non_striker": "Z Hoque",
              "runs": {
                "batter": 0,
                "extras": 0,
                "total": 0
              }
            }
          ]
        },
        {
          "over": 13,
          "deliveries": [
            {
              "batter": "Z Hoque",
              "bowler": "S Lamichhane",
              "non_striker": "Ismail Sardar",
              "runs": {
                "batter": 2,
                "extras": 0,
                "total": 2
              }
            },
            {
              "batter": "Z Hoque",
              "bowler": "S Lamichhane",
              "non_striker": "Ismail Sardar",
              "runs": {
                "batter": 0,
                "extras": 0,
                "total": 0
              }
            },
            {
              "batter": "Z Hoque",
              "bowler": "S Lamichhane",
              "non_striker": "Ismail Sardar",
              "runs": {
                "batter": 0,
                "extras": 0,
                "total": 0
              }
            },
            {
              "batter": "Z Hoque",
              "bowler": "S Lamichhane",
              "extras": {
                "wides": 5
              },
              "non_striker": "Ismail Sardar",
              "runs": {
                "batter": 0,
                "extras": 5,
                "total": 5
              }
            },
            {
              "batter": "Z Hoque",
              "bowler": "S Lamichhane",
              "non_striker": "Ismail Sardar",
              "runs": {
                "batter": 0,
                "extras": 0,
                "total": 0
              }
            },
            {
              "batter": "Z Hoque",
              "bowler": "S Lamichhane",
              "non_striker": "Ismail Sardar",
              "runs": {
                "batter": 0,
                "extras": 0,
                "total": 0
              },
              "wickets": [
                {
                  "kind": "lbw",
                  "player_out": "Z Hoque"
                }
              ]
            },
            {
              "batter": "C Pengkumta",
              "bowler": "S Lamichhane",
              "non_striker": "Ismail Sardar",
              "runs": {
                "batter": 1,
                "extras": 0,
                "total": 1
              }
            }
          ]
        },
        {
          "over": 14,
          "deliveries": [
            {
              "batter": "C Pengkumta",
              "bowler": "Kushal Malla",
              "non_striker": "Ismail Sardar",
              "runs": {
                "batter": 1,
                "extras": 0,
                "total": 1
              }
            },
            {
              "batter": "Ismail Sardar",
              "bowler": "Kushal Malla",
              "non_striker": "C Pengkumta",
              "runs": {
                "batter": 0,
                "extras": 0,
                "total": 0
              }
            },
            {
              "batter": "Ismail Sardar",
              "bowler": "Kushal Malla",
              "non_striker": "C Pengkumta",
              "runs": {
                "batter": 0,
                "extras": 0,
                "total": 0
              }
            },
            {
              "batter": "Ismail Sardar",
              "bowler": "Kushal Malla",
              "non_striker": "C Pengkumta",
              "runs": {
                "batter": 0,
                "extras": 0,
                "total": 0
              }
            },
            {
              "batter": "Ismail Sardar",
              "bowler": "Kushal Malla",
              "non_striker": "C Pengkumta",
              "runs": {
                "batter": 1,
                "extras": 0,
                "total": 1
              }
            },
            {
              "batter": "C Pengkumta",
              "bowler": "Kushal Malla",
              "non_striker": "Ismail Sardar",
              "runs": {
                "batter": 0,
                "extras": 0,
                "total": 0
              }
            }
          ]
        },
        {
          "over": 15,
          "deliveries": [
            {
              "batter": "Ismail Sardar",
              "bowler": "A Bohara",
              "non_striker": "C Pengkumta",
              "runs": {
                "batter": 1,
                "extras": 0,
                "total": 1
              }
            },
            {
              "batter": "C Pengkumta",
              "bowler": "A Bohara",
              "non_striker": "Ismail Sardar",
              "runs": {
                "batter": 1,
                "extras": 0,
                "total": 1
              }
            },
            {
              "batter": "Ismail Sardar",
              "bowler": "A Bohara",
              "non_striker": "C Pengkumta",
              "runs": {
                "batter": 0,
                "extras": 0,
                "total": 0
              }
            },
            {
              "batter": "Ismail Sardar",
              "bowler": "A Bohara",
              "non_striker": "C Pengkumta",
              "runs": {
                "batter": 0,
                "extras": 0,
                "total": 0
              },
              "wickets": [
                {
                  "kind": "bowled",
                  "player_out": "Ismail Sardar"
                }
              ]
            },
            {
              "batter": "P Suanchuai",
              "bowler": "A Bohara",
              "non_striker": "C Pengkumta",
              "runs": {
                "batter": 0,
                "extras": 0,
                "total": 0
              }
            },
            {
              "batter": "P Suanchuai",
              "bowler": "A Bohara",
              "non_striker": "C Pengkumta",
              "runs": {
                "batter": 0,
                "extras": 0,
                "total": 0
              }
            }
          ]
        },
        {
          "over": 16,
          "deliveries": [
            {
              "batter": "C Pengkumta",
              "bowler": "Kushal Malla",
              "non_striker": "P Suanchuai",
              "runs": {
                "batter": 0,
                "extras": 0,
                "total": 0
              }
            },
            {
              "batter": "C Pengkumta",
              "bowler": "Kushal Malla",
              "non_striker": "P Suanchuai",
              "runs": {
                "batter": 0,
                "extras": 0,
                "total": 0
              }
            },
            {
              "batter": "C Pengkumta",
              "bowler": "Kushal Malla",
              "non_striker": "P Suanchuai",
              "runs": {
                "batter": 0,
                "extras": 0,
                "total": 0
              }
            },
            {
              "batter": "C Pengkumta",
              "bowler": "Kushal Malla",
              "non_striker": "P Suanchuai",
              "runs": {
                "batter": 0,
                "extras": 0,
                "total": 0
              }
            },
            {
              "batter": "C Pengkumta",
              "bowler": "Kushal Malla",
              "non_striker": "P Suanchuai",
              "runs": {
                "batter": 1,
                "extras": 0,
                "total": 1
              }
            },
            {
              "batter": "P Suanchuai",
              "bowler": "Kushal Malla",
              "non_striker": "C Pengkumta",
              "runs": {
                "batter": 1,
                "extras": 0,
                "total": 1
              }
            }
          ]
        },
        {
          "over": 17,
          "deliveries": [
            {
              "batter": "P Suanchuai",
              "bowler": "A Bohara",
              "non_striker": "C Pengkumta",
              "runs": {
                "batter": 0,
                "extras": 0,
                "total": 0
              }
            },
            {
              "batter": "P Suanchuai",
              "bowler": "A Bohara",
              "non_striker": "C Pengkumta",
              "runs": {
                "batter": 1,
                "extras": 0,
                "total": 1
              }
            },
            {
              "batter": "C Pengkumta",
              "bowler": "A Bohara",
              "non_striker": "P Suanchuai",
              "runs": {
                "batter": 0,
                "extras": 0,
                "total": 0
              },
              "wickets": [
                {
                  "kind": "caught",
                  "player_out": "C Pengkumta",
                  "fielders": [
                    {
                      "name": "DS Airee"
                    }
                  ]
                }
              ]
            },
            {
              "batter": "P Suanchuai",
              "bowler": "A Bohara",
              "non_striker": "N Senamontree",
              "runs": {
                "batter": 0,
                "extras": 0,
                "total": 0
              }
            },
            {
              "batter": "P Suanchuai",
              "bowler": "A Bohara",
              "non_striker": "N Senamontree",
              "runs": {
                "batter": 0,
                "extras": 0,
                "total": 0
              }
            },
            {
              "batter": "P Suanchuai",
              "bowler": "A Bohara",
              "non_striker": "N Senamontree",
              "runs": {
                "batter": 0,
                "extras": 0,
                "total": 0
              }
            }
          ]
        },
        {
          "over": 18,
          "deliveries": [
            {
              "batter": "N Senamontree",
              "bowler": "Karan KC",
              "non_striker": "P Suanchuai",
              "runs": {
                "batter": 0,
                "extras": 0,
                "total": 0
              }
            },
            {
              "batter": "N Senamontree",
              "bowler": "Karan KC",
              "non_striker": "P Suanchuai",
              "runs": {
                "batter": 0,
                "extras": 0,
                "total": 0
              }
            },
            {
              "batter": "N Senamontree",
              "bowler": "Karan KC",
              "non_striker": "P Suanchuai",
              "runs": {
                "batter": 0,
                "extras": 0,
                "total": 0
              },
              "wickets": [
                {
                  "kind": "run out",
                  "player_out": "N Senamontree"
                }
              ]
            },
            {
              "batter": "P Suanchuai",
              "bowler": "Karan KC",
              "non_striker": "Vichanath Singh",
              "runs": {
                "batter": 0,
                "extras": 0,
                "total": 0
              }
            },
            {
              "batter": "P Suanchuai",
              "bowler": "Karan KC",
              "non_striker": "Vichanath Singh",
              "runs": {
                "batter": 0,
                "extras": 0,
                "total": 0
              }
            },
            {
              "batter": "P Suanchuai",
              "bowler": "Karan KC",
              "non_striker": "Vichanath Singh",
              "runs": {
                "batter": 0,
                "extras": 0,
                "total": 0
              }
            }
          ]
        },
        {
          "over": 19,
          "deliveries": [
            {
              "batter": "Vichanath Singh",
              "bowler": "A Bohara",
              "non_striker": "P Suanchuai",
              "runs": {
                "batter": 1,
                "extras": 0,
                "total": 1
              }
            },
            {
              "batter": "P Suanchuai",
              "bowler": "A Bohara",
              "non_striker": "Vichanath Singh",
              "runs": {
                "batter": 2,
                "extras": 0,
                "total": 2
              }
            },
            {
              "batter": "P Suanchuai",
              "bowler": "A Bohara",
              "non_striker": "Vichanath Singh",
              "runs": {
                "batter": 0,
                "extras": 0,
                "total": 0
              }
            },
            {
              "batter": "P Suanchuai",
              "bowler": "A Bohara",
              "non_striker": "Vichanath Singh",
              "runs": {
                "batter": 2,
                "extras": 0,
                "total": 2
              }
            },
            {
              "batter": "P Suanchuai",
              "bowler": "A Bohara",
              "non_striker": "Vichanath Singh",
              "runs": {
                "batter": 6,
                "extras": 0,
                "total": 6
              }
            },
            {
              "batter": "P Suanchuai",
              "bowler": "A Bohara",
              "non_striker": "Vichanath Singh",
              "runs": {
                "batter": 1,
                "extras": 0,
                "total": 1
              },
              "wickets": [
                {
                  "kind": "run out",
                  "player_out": "Vichanath Singh"
                }
              ]
            }
          ]
        }
      ],
      "powerplays": [
        {
          "from": 0.1,
          "to": 5.7,
          "type": "mandatory"
        }
      ]
    },
    {
      "team": "Nepal",
      "overs": [
        {
          "over": 0,
          "deliveries": [
            {
              "batter": "Kushal Malla",
              "bowler": "W Uisuk",
              "non_striker": "P Khadka",
              "runs": {
                "batter": 0,
                "extras": 0,
                "total": 0
              }
            },
            {
              "batter": "Kushal Malla",
              "bowler": "W Uisuk",
              "non_striker": "P Khadka",
              "runs": {
                "batter": 4,
                "extras": 0,
                "total": 4
              }
            },
            {
              "batter": "Kushal Malla",
              "bowler": "W Uisuk",
              "non_striker": "P Khadka",
              "runs": {
                "batter": 1,
                "extras": 0,
                "total": 1
              }
            },
            {
              "batter": "P Khadka",
              "bowler": "W Uisuk",
              "non_striker": "Kushal Malla",
              "runs": {
                "batter": 4,
                "extras": 0,
                "total": 4
              }
            },
            {
              "batter": "P Khadka",
              "bowler": "W Uisuk",
              "non_striker": "Kushal Malla",
              "runs": {
                "batter": 1,
                "extras": 0,
                "total": 1
              }
            },
            {
              "batter": "Kushal Malla",
              "bowler": "W Uisuk",
              "non_striker": "P Khadka",
              "runs": {
                "batter": 0,
                "extras": 0,
                "total": 0
              }
            }
          ]
        },
        {
          "over": 1,
          "deliveries": [
            {
              "batter": "P Khadka",
              "bowler": "N Senamontree",
              "non_striker": "Kushal Malla",
              "runs": {
                "batter": 0,
                "extras": 0,
                "total": 0
              }
            },
            {
              "batter": "P Khadka",
              "bowler": "N Senamontree",
              "non_striker": "Kushal Malla",
              "runs": {
                "batter": 4,
                "extras": 0,
                "total": 4
              }
            },
            {
              "batter": "P Khadka",
              "bowler": "N Senamontree",
              "non_striker": "Kushal Malla",
              "runs": {
                "batter": 0,
                "extras": 0,
                "total": 0
              },
              "wickets": [
                {
                  "kind": "stumped",
                  "player_out": "P Khadka",
                  "fielders": [
                    {
                      "name": "P Suanchuai"
                    }
                  ]
                }
              ]
            },
            {
              "batter": "P Sarraf",
              "bowler": "N Senamontree",
              "non_striker": "Kushal Malla",
              "runs": {
                "batter": 0,
                "extras": 0,
                "total": 0
              }
            },
            {
              "batter": "P Sarraf",
              "bowler": "N Senamontree",
              "non_striker": "Kushal Malla",
              "runs": {
                "batter": 0,
                "extras": 0,
                "total": 0
              }
            },
            {
              "batter": "P Sarraf",
              "bowler": "N Senamontree",
              "non_striker": "Kushal Malla",
              "runs": {
                "batter": 0,
                "extras": 0,
                "total": 0
              }
            }
          ]
        },
        {
          "over": 2,
          "deliveries": [
            {
              "batter": "Kushal Malla",
              "bowler": "W Uisuk",
              "non_striker": "P Sarraf",
              "runs": {
                "batter": 4,
                "extras": 0,
                "total": 4
              }
            },
            {
              "batter": "Kushal Malla",
              "bowler": "W Uisuk",
              "non_striker": "P Sarraf",
              "runs": {
                "batter": 4,
                "extras": 0,
                "total": 4
              }
            },
            {
              "batter": "Kushal Malla",
              "bowler": "W Uisuk",
              "non_striker": "P Sarraf",
              "runs": {
                "batter": 4,
                "extras": 0,
                "total": 4
              }
            },
            {
              "batter": "Kushal Malla",
              "bowler": "W Uisuk",
              "non_striker": "P Sarraf",
              "runs": {
                "batter": 0,
                "extras": 0,
                "total": 0
              }
            },
            {
              "batter": "Kushal Malla",
              "bowler": "W Uisuk",
              "non_striker": "P Sarraf",
              "runs": {
                "batter": 0,
                "extras": 0,
                "total": 0
              }
            },
            {
              "batter": "Kushal Malla",
              "bowler": "W Uisuk",
              "non_striker": "P Sarraf",
              "runs": {
                "batter": 6,
                "extras": 0,
                "total": 6
              }
            }
          ]
        },
        {
          "over": 3,
          "deliveries": [
            {
              "batter": "P Sarraf",
              "bowler": "N Senamontree",
              "non_striker": "Kushal Malla",
              "runs": {
                "batter": 4,
                "extras": 0,
                "total": 4
              }
            },
            {
              "batter": "P Sarraf",
              "bowler": "N Senamontree",
              "non_striker": "Kushal Malla",
              "runs": {
                "batter": 1,
                "extras": 0,
                "total": 1
              }
            },
            {
              "batter": "Kushal Malla",
              "bowler": "N Senamontree",
              "non_striker": "P Sarraf",
              "runs": {
                "batter": 0,
                "extras": 0,
                "total": 0
              }
            },
            {
              "batter": "Kushal Malla",
              "bowler": "N Senamontree",
              "non_striker": "P Sarraf",
              "runs": {
                "batter": 6,
                "extras": 0,
                "total": 6
              }
            },
            {
              "batter": "Kushal Malla",
              "bowler": "N Senamontree",
              "non_striker": "P Sarraf",
              "runs": {
                "batter": 1,
                "extras": 0,
                "total": 1
              }
            },
            {
              "batter": "P Sarraf",
              "bowler": "N Senamontree",
              "non_striker": "Kushal Malla",
              "runs": {
                "batter": 0,
                "extras": 0,
                "total": 0
              }
            }
          ]
        },
        {
          "over": 4,
          "deliveries": [
            {
              "batter": "Kushal Malla",
              "bowler": "Z Hoque",
              "non_striker": "P Sarraf",
              "runs": {
                "batter": 0,
                "extras": 0,
                "total": 0
              }
            },
            {
              "batter": "Kushal Malla",
              "bowler": "Z Hoque",
              "non_striker": "P Sarraf",
              "runs": {
                "batter": 0,
                "extras": 0,
                "total": 0
              }
            },
            {
              "batter": "Kushal Malla",
              "bowler": "Z Hoque",
              "non_striker": "P Sarraf",
              "runs": {
                "batter": 1,
                "extras": 0,
                "total": 1
              }
            },
            {
              "batter": "P Sarraf",
              "bowler": "Z Hoque",
              "non_striker": "Kushal Malla",
              "runs": {
                "batter": 6,
                "extras": 0,
                "total": 6
              }
            },
            {
              "batter": "P Sarraf",
              "bowler": "Z Hoque",
              "non_striker": "Kushal Malla",
              "runs": {
                "batter": 4,
                "extras": 0,
                "total": 4
              }
            },
            {
              "batter": "P Sarraf",
              "bowler": "Z Hoque",
              "non_striker": "Kushal Malla",
              "runs": {
                "batter": 6,
                "extras": 0,
                "total": 6
              }
            }
          ]
        },
        {
          "over": 5,
          "deliveries": [
            {
              "batter": "Kushal Malla",
              "bowler": "N Senamontree",
              "non_striker": "P Sarraf",
              "runs": {
                "batter": 4,
                "extras": 0,
                "total": 4
              }
            },
            {
              "batter": "Kushal Malla",
              "bowler": "N Senamontree",
              "non_striker": "P Sarraf",
              "runs": {
                "batter": 1,
                "extras": 0,
                "total": 1
              }
            },
            {
              "batter": "P Sarraf",
              "bowler": "N Senamontree",
              "non_striker": "Kushal Malla",
              "runs": {
                "batter": 6,
                "extras": 0,
                "total": 6
              }
            }
          ]
        }
      ],
      "powerplays": [
        {
          "from": 0.1,
          "to": 5.3,
          "type": "mandatory"
        }
      ],
      "target": {
        "overs": 20,
        "runs": 67
      }
    }
  ]
}