{
  "meta": {
    "data_version": "1.0.0",
    "created": "2020-03-02",
    "revision": 1
  },
  "info": {
    "balls_per_over": 6,
    "city": "Bangkok",
    "dates": [
      "2020-03-01"
    ],
    "event": {
      "name": "ACC Eastern Region T20",
      "match_number": 4
    },
    "gender": "male",
    "match_type": "T20",
    "match_type_number": 1070,
    "officials": {
      "umpires": [
        "B Manikandan",
        "Sanjay Gurung"
      ]
    },
    "outcome": {
      "winner": "Malaysia",
      "by": {
        "wickets": 8
      }
    },
    "overs": 20,
    "player_of_match": [
      "Pavandeep Singh"
    ],
    "players": {
      "Thailand": [
        "DF Jacobs",
        "W Uisuk",
        "HJ Jordaan",
        "N Pathan",
        "P Suanchuai",
        "Robert Raina",
        "Z Hoque",
        "M Faheem",
        "N Senamontree",
        "Vichanath Singh",
        "S Desungnoen"
      ],
      "Malaysia": [
        "Virandeep Singh",
        "Anwar Arudin",
        "Khizar Hayat",
        "Aminuddin Ramly",
        "Nazril Rahman",
        "Pavandeep Singh",
        "Anwar Rahman",
        "Ahmed Faiz",
        "S Muniandy",
        "Syazrul Idrus",
        "Syed Aziz"
      ]
    },
    "registry": {
      "people": {
        "Ahmed Faiz": "f6b4f746",
        "Aminuddin Ramly": "8cae5b48",
        "Anwar Arudin": "6d24561a",
        "Anwar Rahman": "28adcce9",
        "B Manikandan": "f46bef25",
        "DF Jacobs": "de896b79",
        "HJ Jordaan": "b8f10b60",
        "Khizar Hayat": "78bbeba1",
        "M Faheem": "7fc8bb18",
        "N Pathan": "25bc2d36",
        "N Senamontree": "44e00a4c",
        "Nazril Rahman": "6d5bdc43",
        "P Suanchuai": "e6948355",
        "Pavandeep Singh": "78fcc740",
        "Robert Raina": "8e38d470",
        "S Desungnoen": "3eb26dc4",
        "S Muniandy": "57fcfd3b",
        "Sanjay Gurung": "0ef792dc",
        "Syazrul Idrus": "6dba59e0",
        "Syed Aziz": "6667067e",
        "Vichanath Singh": "dfa6db1a",
        "Virandeep Singh": "415d30b6",
        "W Uisuk": "f20e7aac",
        "Z Hoque": "68f500c8"
      }
    },
    "season": "2019/20",
    "team_type": "international",
    "teams": [
      "Thailand",
      "Malaysia"
    ],
    "toss": {
      "decision": "bat",
      "winner": "Thailand"
    },
    "venue": "Terdthai Cricket Ground"
  },
  "innings": [
    {
      "team": "Thailand",
      "overs": [
        {
          "over": 0,
          "deliveries": [
            {
              "batter": "DF Jacobs",
              "bowler": "Pavandeep Singh",
              "non_striker": "W Uisuk",
              "runs": {
                "batter": 0,
                "extras": 0,
                "total": 0
              }
            },
            {
              "batter": "DF Jacobs",
              "bowler": "Pavandeep Singh",
              "non_striker": "W Uisuk",
              "runs": {
                "batter": 0,
                "extras": 0,
                "total": 0
              }
            },
            {
              "batter": "DF Jacobs",
              "bowler": "Pavandeep Singh",
              "non_striker": "W Uisuk",
              "runs": {
                "batter": 1,
                "extras": 0,
                "total": 1
              }
            },
            {
              "batter": "W Uisuk",
              "bowler": "Pavandeep Singh",
              "non_striker": "DF Jacobs",
              "runs": {
                "batter": 0,
                "extras": 0,
                "total": 0
              }
            },
            {
              "batter": "W Uisuk",
              "bowler": "Pavandeep Singh",
              "non_striker": "DF Jacobs",
              "runs": {
                "batter": 0,
                "extras": 0,
                "total": 0
              }
            },
            {
              "batter": "W Uisuk",
              "bowler": "Pavandeep Singh",
              "non_striker": "DF Jacobs",
              "runs": {
                "batter": 0,
                "extras": 0,
                "total": 0
              }
            }
          ]
        },
        {
          "over": 1,
          "deliveries": [
            {
              "batter": "DF Jacobs",
              "bowler": "Syazrul Idrus",
              "non_striker": "W Uisuk",
              "runs": {
                "batter": 0,
                "extras": 0,
                "total": 0
              }
            },
            {
              "batter": "DF Jacobs",
              "bowler": "Syazrul Idrus",
              "non_striker": "W Uisuk",
              "runs": {
                "batter": 0,
                "extras": 0,
                "total": 0
              }
            },
            {
              "batter": "DF Jacobs",
              "bowler": "Syazrul Idrus",
              "extras": {
                "wides": 1
              },
              "non_striker": "W Uisuk",
              "runs": {
                "batter": 0,
                "extras": 1,
                "total": 1
              }
            },
            {
              "batter": "DF Jacobs",
              "bowler": "Syazrul Idrus",
              "non_striker": "W Uisuk",
              "runs": {
                "batter": 1,
                "extras": 0,
                "total": 1
              }
            },
            {
              "batter": "W Uisuk",
              "bowler": "Syazrul Idrus",
              "non_striker": "DF Jacobs",
              "runs": {
                "batter": 1,
                "extras": 0,
                "total": 1
              }
            },
            {
              "batter": "DF Jacobs",
              "bowler": "Syazrul Idrus",
              "non_striker": "W Uisuk",
              "runs": {
                "batter": 0,
                "extras": 0,
                "total": 0
              },
              "wickets": [
                {
                  "kind": "bowled",
                  "player_out": "DF Jacobs"
                }
              ]
            },
            {
              "batter": "HJ Jordaan",
              "bowler": "Syazrul Idrus",
              "non_striker": "W Uisuk",
              "runs": {
                "batter": 1,
                "extras": 0,
                "total": 1
              }
            }
          ]
        },
        {
          "over": 2,
          "deliveries": [
            {
              "batter": "HJ Jordaan",
              "bowler": "Pavandeep Singh",
              "non_striker": "W Uisuk",
              "runs": {
                "batter": 0,
                "extras": 0,
                "total": 0
              }
            },
            {
              "batter": "HJ Jordaan",
              "bowler": "Pavandeep Singh",
              "non_striker": "W Uisuk",
              "runs": {
                "batter": 0,
                "extras": 0,
                "total": 0
              }
            },
            {
              "batter": "HJ Jordaan",
              "bowler": "Pavandeep Singh",
              "non_striker": "W Uisuk",
              "runs": {
                "batter": 1,
                "extras": 0,
                "total": 1
              }
            },
            {
              "batter": "W Uisuk",
              "bowler": "Pavandeep Singh",
              "non_striker": "HJ Jordaan",
              "runs": {
                "batter": 2,
                "extras": 0,
                "total": 2
              }
            },
            {
              "batter": "W Uisuk",
              "bowler": "Pavandeep Singh",
              "non_striker": "HJ Jordaan",
              "runs": {
                "batter": 0,
                "extras": 0,
                "total": 0
              },
              "wickets": [
                {
                  "kind": "bowled",
                  "player_out": "W Uisuk"
                }
              ]
            },
            {
              "batter": "N Pathan",
              "bowler": "Pavandeep Singh",
              "non_striker": "HJ Jordaan",
              "runs": {
                "batter": 0,
                "extras": 0,
                "total": 0
              }
            }
          ]
        },
        {
          "over": 3,
          "deliveries": [
            {
              "batter": "HJ Jordaan",
              "bowler": "Syazrul Idrus",
              "non_striker": "N Pathan",
              "runs": {
                "batter": 0,
                "extras": 0,
                "total": 0
              }
            },
            {
              "batter": "HJ Jordaan",
              "bowler": "Syazrul Idrus",
              "non_striker": "N Pathan",
              "runs": {
                "batter": 0,
                "extras": 0,
                "total": 0
              }
            },
            {
              "batter": "HJ Jordaan",
              "bowler": "Syazrul Idrus",
              "non_striker": "N Pathan",
              "runs": {
                "batter": 1,
                "extras": 0,
                "total": 1
              }
            },
            {
              "batter": "N Pathan",
              "bowler": "Syazrul Idrus",
              "non_striker": "HJ Jordaan",
              "runs": {
                "batter": 0,
                "extras": 0,
                "total": 0
              }
            },
            {
              "batter": "N Pathan",
              "bowler": "Syazrul Idrus",
              "non_striker": "HJ Jordaan",
              "runs": {
                "batter": 1,
                "extras": 0,
                "total": 1
              }
            },
            {
              "batter": "HJ Jordaan",
              "bowler": "Syazrul Idrus",
              "non_striker": "N Pathan",
              "runs": {
                "batter": 0,
                "extras": 0,
                "total": 0
              }
            }
          ]
        },
        {
          "over": 4,
          "deliveries": [
            {
              "batter": "N Pathan",
              "bowler": "Pavandeep Singh",
              "non_striker": "HJ Jordaan",
              "runs": {
                "batter": 0,
                "extras": 0,
                "total": 0
              }
            },
            {
              "batter": "N Pathan",
              "bowler": "Pavandeep Singh",
              "non_striker": "HJ Jordaan",
              "runs": {
                "batter": 0,
                "extras": 0,
                "total": 0
              }
            },
            {
              "batter": "N Pathan",
              "bowler": "Pavandeep Singh",
              "non_striker": "HJ Jordaan",
              "runs": {
                "batter": 0,
                "extras": 0,
                "total": 0
              }
            },
            {
              "batter": "N Pathan",
              "bowler": "Pavandeep Singh",
              "non_striker": "HJ Jordaan",
              "runs": {
                "batter": 0,
                "extras": 0,
                "total": 0
              },
              "wickets": [
                {
                  "kind": "bowled",
                  "player_out": "N Pathan"
                }
              ]
            },
            {
              "batter": "P Suanchuai",
              "bowler": "Pavandeep Singh",
              "non_striker": "HJ Jordaan",
              "runs": {
                "batter": 0,
                "extras": 0,
                "total": 0
              }
            },
            {
              "batter": "P Suanchuai",
              "bowler": "Pavandeep Singh",
              "non_striker": "HJ Jordaan",
              "runs": {
                "batter": 0,
                "extras": 0,
                "total": 0
              }
            }
          ]
        },
        {
          "over": 5,
          "deliveries": [
            {
              "batter": "HJ Jordaan",
              "bowler": "Syazrul Idrus",
              "non_striker": "P Suanchuai",
              "runs": {
                "batter": 0,
                "extras": 0,
                "total": 0
              }
            },
            {
              "batter": "HJ Jordaan",
              "bowler": "Syazrul Idrus",
              "non_striker": "P Suanchuai",
              "runs": {
                "batter": 0,
                "extras": 0,
                "total": 0
              }
            },
            {
              "batter": "HJ Jordaan",
              "bowler": "Syazrul Idrus",
              "extras": {
                "legbyes": 1
              },
              "non_striker": "P Suanchuai",
              "runs": {
                "batter": 0,
                "extras": 1,
                "total": 1
              }
            },
            {
              "batter": "P Suanchuai",
              "bowler": "Syazrul Idrus",
              "non_striker": "HJ Jordaan",
              "runs": {
                "batter": 1,
                "extras": 0,
                "total": 1
              }
            },
            {
              "batter": "HJ Jordaan",
              "bowler": "Syazrul Idrus",
              "non_striker": "P Suanchuai",
              "runs": {
                "batter": 0,
                "extras": 0,
                "total": 0
              }
            },
            {
              "batter": "HJ Jordaan",
              "bowler": "Syazrul Idrus",
              "non_striker": "P Suanchuai",
              "runs": {
                "batter": 1,
                "extras": 0,
                "total": 1
              }
            }
          ]
        },
        {
          "over": 6,
          "deliveries": [
            {
              "batter": "HJ Jordaan",
              "bowler": "Pavandeep Singh",
              "non_striker": "P Suanchuai",
              "runs": {
                "batter": 1,
                "extras": 0,
                "total": 1
              }
            },
            {
              "batter": "P Suanchuai",
              "bowler": "Pavandeep Singh",
              "non_striker": "HJ Jordaan",
              "runs": {
                "batter": 1,
                "extras": 0,
                "total": 1
              }
            },
            {
              "batter": "HJ Jordaan",
              "bowler": "Pavandeep Singh",
              "non_striker": "P Suanchuai",
              "runs": {
                "batter": 0,
                "extras": 0,
                "total": 0
              }
            },
            {
              "batter": "HJ Jordaan",
              "bowler": "Pavandeep Singh",
              "non_striker": "P Suanchuai",
              "runs": {
                "batter": 0,
                "extras": 0,
                "total": 0
              }
            },
            {
              "batter": "HJ Jordaan",
              "bowler": "Pavandeep Singh",
              "non_striker": "P Suanchuai",
              "runs": {
                "batter": 0,
                "extras": 0,
                "total": 0
              }
            },
            {
              "batter": "HJ Jordaan",
              "bowler": "Pavandeep Singh",
              "non_striker": "P Suanchuai",
              "runs": {
                "batter": 0,
                "extras": 0,
                "total": 0
              }
            }
          ]
        },
        {
          "over": 7,
          "deliveries": [
            {
              "batter": "P Suanchuai",
              "bowler": "Khizar Hayat",
              "non_striker": "HJ Jordaan",
              "runs": {
                "batter": 0,
                "extras": 0,
                "total": 0
              }
            },
            {
              "batter": "P Suanchuai",
              "bowler": "Khizar Hayat",
              "non_striker": "HJ Jordaan",
              "runs": {
                "batter": 1,
                "extras": 0,
                "total": 1
              }
            },
            {
              "batter": "HJ Jordaan",
              "bowler": "Khizar Hayat",
              "non_striker": "P Suanchuai",
              "runs": {
                "batter": 1,
                "extras": 0,
                "total": 1
              }
            },
            {
              "batter": "P Suanchuai",
              "bowler": "Khizar Hayat",
              "non_striker": "HJ Jordaan",
              "runs": {
                "batter": 0,
                "extras": 0,
                "total": 0
              }
            },
            {
              "batter": "P Suanchuai",
              "bowler": "Khizar Hayat",
              "non_striker": "HJ Jordaan",
              "runs": {
                "batter": 1,
                "extras": 0,
                "total": 1
              }
            },
            {
              "batter": "HJ Jordaan",
              "bowler": "Khizar Hayat",
              "non_striker": "P Suanchuai",
              "runs": {
                "batter": 0,
                "extras": 0,
                "total": 0
              }
            }
          ]
        },
        {
          "over": 8,
          "deliveries": [
            {
              "batter": "P Suanchuai",
              "bowler": "Anwar Rahman",
              "non_striker": "HJ Jordaan",
              "runs": {
                "batter": 0,
                "extras": 0,
                "total": 0
              }
            },
            {
              "batter": "P Suanchuai",
              "bowler": "Anwar Rahman",
              "non_striker": "HJ Jordaan",
              "runs": {
                "batter": 0,
                "extras": 0,
                "total": 0
              }
            },
            {
              "batter": "P Suanchuai",
              "bowler": "Anwar Rahman",
              "non_striker": "HJ Jordaan",
              "runs": {
                "batter": 0,
                "extras": 0,
                "total": 0
              },
              "wickets": [
                {
                  "kind": "caught",
                  "player_out": "P Suanchuai",
                  "fielders": [
                    {
                      "name": "Nazril Rahman"
                    }
                  ]
                }
              ]
            },
            {
              "batter": "HJ Jordaan",
              "bowler": "Anwar Rahman",
              "non_striker": "Robert Raina",
              "runs": {
                "batter": 1,
                "extras": 0,
                "total": 1
              }
            },
            {
              "batter": "Robert Raina",
              "bowler": "Anwar Rahman",
              "non_striker": "HJ Jordaan",
              "runs": {
                "batter": 0,
                "extras": 0,
                "total": 0
              }
            },
            {
              "batter": "Robert Raina",
              "bowler": "Anwar Rahman",
              "non_striker": "HJ Jordaan",
              "runs": {
                "batter": 0,
                "extras": 0,
                "total": 0
              }
            }
          ]
        },
        {
          "over": 9,
          "deliveries": [
            {
              "batter": "HJ Jordaan",
              "bowler": "S Muniandy",
              "non_striker": "Robert Raina",
              "runs": {
                "batter": 1,
                "extras": 0,
                "total": 1
              }
            },
            {
              "batter": "Robert Raina",
              "bowler": "S Muniandy",
              "non_striker": "HJ Jordaan",
              "runs": {
                "batter": 1,
                "extras": 0,
                "total": 1
              }
            },
            {
              "batter": "HJ Jordaan",
              "bowler": "S Muniandy",
              "non_striker": "Robert Raina",
              "runs": {
                "batter": 4,
                "extras": 0,
                "total": 4
              }
            },
            {
              "batter": "HJ Jordaan",
              "bowler": "S Muniandy",
              "non_striker": "Robert Raina",
              "runs": {
                "batter": 1,
                "extras": 0,
                "total": 1
              }
            },
            {
              "batter": "Robert Raina",
              "bowler": "S Muniandy",
              "non_striker": "HJ Jordaan",
              "runs": {
                "batter": 0,
                "extras": 0,
                "total": 0
              }
            },
            {
              "batter": "Robert Raina",
              "bowler": "S Muniandy",
              "extras": {
                "wides": 1
              },
              "non_striker": "HJ Jordaan",
              "runs": {
                "batter": 0,
                "extras": 1,
                "total": 1
              }
            },
            {
              "batter": "Robert Raina",
              "bowler": "S Muniandy",
              "non_striker": "HJ Jordaan",
              "runs": {
                "batter": 0,
                "extras": 0,
                "total": 0
              }
            }
          ]
        },
        {
          "over": 10,
          "deliveries": [
            {
              "batter": "HJ Jordaan",
              "bowler": "Anwar Rahman",
              "non_striker": "Robert Raina",
              "runs": {
                "batter": 0,
                "extras": 0,
                "total": 0
              }
            },
            {
              "batter": "HJ Jordaan",
              "bowler": "Anwar Rahman",
              "non_striker": "Robert Raina",
              "runs": {
                "batter": 1,
                "extras": 0,
                "total": 1
              }
            },
            {
              "batter": "Robert Raina",
              "bowler": "Anwar Rahman",
              "non_striker": "HJ Jordaan",
              "runs": {
                "batter": 0,
                "extras": 0,
                "total": 0
              }
            },
            {
              "batter": "Robert Raina",
              "bowler": "Anwar Rahman",
              "non_striker": "HJ Jordaan",
              "runs": {
                "batter": 4,
                "extras": 0,
                "total": 4
              }
            },
            {
              "batter": "Robert Raina",
              "bowler": "Anwar Rahman",
              "non_striker": "HJ Jordaan",
              "runs": {
                "batter": 0,
                "extras": 0,
                "total": 0
              }
            },
            {
              "batter": "Robert Raina",
              "bowler": "Anwar Rahman",
              "non_striker": "HJ Jordaan",
              "runs": {
                "batter": 0,
                "extras": 0,
                "total": 0
              }
            }
          ]
        },
        {
          "over": 11,
          "deliveries": [
            {
              "batter": "HJ Jordaan",
              "bowler": "Nazril Rahman",
              "non_striker": "Robert Raina",
              "runs": {
                "batter": 1,
                "extras": 0,
                "total": 1
              }
            },
            {
              "batter": "Robert Raina",
              "bowler": "Nazril Rahman",
              "non_striker": "HJ Jordaan",
              "runs": {
                "batter": 4,
                "extras": 0,
                "total": 4
              }
            },
            {
              "batter": "Robert Raina",
              "bowler": "Nazril Rahman",
              "non_striker": "HJ Jordaan",
              "runs": {
                "batter": 2,
                "extras": 0,
                "total": 2
              }
            },
            {
              "batter": "Robert Raina",
              "bowler": "Nazril Rahman",
              "non_striker": "HJ Jordaan",
              "runs": {
                "batter": 1,
                "extras": 0,
                "total": 1
              }
            },
            {
              "batter": "HJ Jordaan",
              "bowler": "Nazril Rahman",
              "non_striker": "Robert Raina",
              "runs": {
                "batter": 0,
                "extras": 0,
                "total": 0
              }
            },
            {
              "batter": "HJ Jordaan",
              "bowler": "Nazril Rahman",
              "non_striker": "Robert Raina",
              "runs": {
                "batter": 1,
                "extras": 0,
                "total": 1
              }
            }
          ]
        },
        {
          "over": 12,
          "deliveries": [
            {
              "batter": "HJ Jordaan",
              "bowler": "Khizar Hayat",
              "non_striker": "Robert Raina",
              "runs": {
                "batter": 0,
                "extras": 0,
                "total": 0
              }
            },
            {
              "batter": "HJ Jordaan",
              "bowler": "Khizar Hayat",
              "non_striker": "Robert Raina",
              "runs": {
                "batter": 0,
                "extras": 0,
                "total": 0
              }
            },
            {
              "batter": "HJ Jordaan",
              "bowler": "Khizar Hayat",
              "non_striker": "Robert Raina",
              "runs": {
                "batter": 4,
                "extras": 0,
                "total": 4
              }
            },
            {
              "batter": "HJ Jordaan",
              "bowler": "Khizar Hayat",
              "non_striker": "Robert Raina",
              "runs": {
                "batter": 0,
                "extras": 0,
                "total": 0
              }
            },
            {
              "batter": "HJ Jordaan",
              "bowler": "Khizar Hayat",
              "non_striker": "Robert Raina",
              "runs": {
                "batter": 0,
                "extras": 0,
                "total": 0
              }
            },
            {
              "batter": "HJ Jordaan",
              "bowler": "Khizar Hayat",
              "non_striker": "Robert Raina",
              "runs": {
                "batter": 0,
                "extras": 0,
                "total": 0
              }
            }
          ]
        },
        {
          "over": 13,
          "deliveries": [
            {
              "batter": "Robert Raina",
              "bowler": "S Muniandy",
              "non_striker": "HJ Jordaan",
              "runs": {
                "batter": 1,
                "extras": 0,
                "total": 1
              }
            },
            {
              "batter": "HJ Jordaan",
              "bowler": "S Muniandy",
              "non_striker": "Robert Raina",
              "runs": {
                "batter": 0,
                "extras": 0,
                "total": 0
              }
            },
            {
              "batter": "HJ Jordaan",
              "bowler": "S Muniandy",
              "non_striker": "Robert Raina",
              "runs": {
                "batter": 6,
                "extras": 0,
                "total": 6
              }
            },
            {
              "batter": "HJ Jordaan",
              "bowler": "S Muniandy",
              "non_striker": "Robert Raina",
              "runs": {
                "batter": 0,
                "extras": 0,
                "total": 0
              }
            },
            {
              "batter": "HJ Jordaan",
              "bowler": "S Muniandy",
              "non_striker": "Robert Raina",
              "runs": {
                "batter": 6,
                "extras": 0,
                "total": 6
              }
            },
            {
              "batter": "HJ Jordaan",
              "bowler": "S Muniandy",
              "non_striker": "Robert Raina",
              "runs": {
                "batter": 0,
                "extras": 0,
                "total": 0
              }
            }
          ]
        },
        {
          "over": 14,
          "deliveries": [
            {
              "batter": "Robert Raina",
              "bowler": "Anwar Rahman",
              "extras": {
                "legbyes": 1
              },
              "non_striker": "HJ Jordaan",
              "runs": {
                "batter": 0,
                "extras": 1,
                "total": 1
              }
            },
            {
              "batter": "HJ Jordaan",
              "bowler": "Anwar Rahman",
              "non_striker": "Robert Raina",
              "runs": {
                "batter": 0,
                "extras": 0,
                "total": 0
              }
            },
            {
              "batter": "HJ Jordaan",
              "bowler": "Anwar Rahman",
              "non_striker": "Robert Raina",
              "runs": {
                "batter": 1,
                "extras": 0,
                "total": 1
              }
            },
            {
              "batter": "Robert Raina",
              "bowler": "Anwar Rahman",
              "non_striker": "HJ Jordaan",
              "runs": {
                "batter": 6,
                "extras": 0,
                "total": 6
              }
            },
            {
              "batter": "Robert Raina",
              "bowler": "Anwar Rahman",
              "non_striker": "HJ Jordaan",
              "runs": {
                "batter": 1,
                "extras": 0,
                "total": 1
              }
            },
            {
              "batter": "HJ Jordaan",
              "bowler": "Anwar Rahman",
              "non_striker": "Robert Raina",
              "runs": {
                "batter": 1,
                "extras": 0,
                "total": 1
              }
            }
          ]
        },
        {
          "over": 15,
          "deliveries": [
            {
              "batter": "HJ Jordaan",
              "bowler": "S Muniandy",
              "non_striker": "Robert Raina",
              "runs": {
                "batter": 1,
                "extras": 0,
                "total": 1
              }
            },
            {
              "batter": "Robert Raina",
              "bowler": "S Muniandy",
              "non_striker": "HJ Jordaan",
              "runs": {
                "batter": 0,
                "extras": 0,
                "total": 0
              },
              "wickets": [
                {
                  "kind": "caught",
                  "player_out": "Robert Raina",
                  "fielders": [
                    {
                      "name": "Syazrul Idrus"
                    }
                  ]
                }
              ]
            },
            {
              "batter": "HJ Jordaan",
              "bowler": "S Muniandy",
              "non_striker": "Z Hoque",
              "runs": {
                "batter": 1,
                "extras": 0,
                "total": 1
              }
            },
            {
              "batter": "Z Hoque",
              "bowler": "S Muniandy",
              "non_striker": "HJ Jordaan",
              "runs": {
                "batter": 1,
                "extras": 0,
                "total": 1
              }
            },
            {
              "batter": "HJ Jordaan",
              "bowler": "S Muniandy",
              "non_striker": "Z Hoque",
              "runs": {
                "batter": 1,
                "extras": 0,
                "total": 1
              }
            },
            {
              "batter": "Z Hoque",
              "bowler": "S Muniandy",
              "non_striker": "HJ Jordaan",
              "runs": {
                "batter": 0,
                "extras": 0,
                "total": 0
              }
            }
          ]
        },
        {
          "over": 16,
          "deliveries": [
            {
              "batter": "HJ Jordaan",
              "bowler": "Khizar Hayat",
              "non_striker": "Z Hoque",
              "runs": {
                "batter": 0,
                "extras": 0,
                "total": 0
              },
              "wickets": [
                {
                  "kind": "caught",
                  "player_out": "HJ Jordaan",
                  "fielders": [
                    {
                      "name": "Nazril Rahman"
                    }
                  ]
                }
              ]
            },
            {
              "batter": "Z Hoque",
              "bowler": "Khizar Hayat",
              "non_striker": "M Faheem",
              "runs": {
                "batter": 0,
                "extras": 0,
                "total": 0
              }
            },
            {
              "batter": "Z Hoque",
              "bowler": "Khizar Hayat",
              "non_striker": "M Faheem",
              "runs": {
                "batter": 0,
                "extras": 0,
                "total": 0
              }
            },
            {
              "batter": "Z Hoque",
              "bowler": "Khizar Hayat",
              "non_striker": "M Faheem",
              "runs": {
                "batter": 0,
                "extras": 0,
                "total": 0
              }
            },
            {
              "batter": "Z Hoque",
              "bowler": "Khizar Hayat",
              "non_striker": "M Faheem",
              "runs": {
                "batter": 1,
                "extras": 0,
                "total": 1
              }
            },
            {
              "batter": "M Faheem",
              "bowler": "Khizar Hayat",
              "non_striker": "Z Hoque",
              "runs": {
                "batter": 1,
                "extras": 0,
                "total": 1
              }
            }
          ]
        },
        {
          "over": 17,
          "deliveries": [
            {
              "batter": "M Faheem",
              "bowler": "Syazrul Idrus",
              "non_striker": "Z Hoque",
              "runs": {
                "batter": 1,
                "extras": 0,
                "total": 1
              }
            },
            {
              "batter": "Z Hoque",
              "bowler": "Syazrul Idrus",
              "non_striker": "M Faheem",
              "runs": {
                "batter": 1,
                "extras": 0,
                "total": 1
              }
            },
            {
              "batter": "M Faheem",
              "bowler": "Syazrul Idrus",
              "non_striker": "Z Hoque",
              "runs": {
                "batter": 0,
                "extras": 0,
                "total": 0
              },
              "wickets": [
                {
                  "kind": "bowled",
                  "player_out": "M Faheem"
                }
              ]
            },
            {
              "batter": "N Senamontree",
              "bowler": "Syazrul Idrus",
              "non_striker": "Z Hoque",
              "runs": {
                "batter": 0,
                "extras": 0,
                "total": 0
              }
            },
            {
              "batter": "N Senamontree",
              "bowler": "Syazrul Idrus",
              "non_striker": "Z Hoque",
              "runs": {
                "batter": 1,
                "extras": 0,
                "total": 1
              }
            },
            {
              "batter": "Z Hoque",
              "bowler": "Syazrul Idrus",
              "non_striker": "N Senamontree",
              "runs": {
                "batter": 0,
                "extras": 0,
                "total": 0
              }
            }
          ]
        },
        {
          "over": 18,
          "deliveries": [
            {
              "batter": "N Senamontree",
              "bowler": "Khizar Hayat",
              "non_striker": "Z Hoque",
              "runs": {
                "batter": 0,
                "extras": 0,
                "total": 0
              }
            },
            {
              "batter": "N Senamontree",
              "bowler": "Khizar Hayat",
              "non_striker": "Z Hoque",
              "runs": {
                "batter": 1,
                "extras": 0,
                "total": 1
              }
            },
            {
              "batter": "Z Hoque",
              "bowler": "Khizar Hayat",
              "non_striker": "N Senamontree",
              "runs": {
                "batter": 0,
                "extras": 0,
                "total": 0
              }
            },
            {
              "batter": "Z Hoque",
              "bowler": "Khizar Hayat",
              "non_striker": "N Senamontree",
              "runs": {
                "batter": 1,
                "extras": 0,
                "total": 1
              }
            },
            {
              "batter": "N Senamontree",
              "bowler": "Khizar Hayat",
              "extras": {
                "byes": 1
              },
              "non_striker": "Z Hoque",
              "runs": {
                "batter": 0,
                "extras": 1,
                "total": 1
              }
            },
            {
              "batter": "Z Hoque",
              "bowler": "Khizar Hayat",
              "non_striker": "N Senamontree",
              "runs": {
                "batter": 0,
                "extras": 0,
                "total": 0
              },
              "wickets": [
                {
                  "kind": "caught",
                  "player_out": "Z Hoque",
                  "fielders": [
                    {
                      "name": "Syed Aziz"
                    }
                  ]
                }
              ]
            }
          ]
        },
        {
          "over": 19,
          "deliveries": [
            {
              "batter": "N Senamontree",
              "bowler": "S Muniandy",
              "non_striker": "Vichanath Singh",
              "runs": {
                "batter": 0,
                "extras": 0,
                "total": 0
              }
            },
            {
              "batter": "N Senamontree",
              "bowler": "S Muniandy",
              "non_striker": "Vichanath Singh",
              "runs": {
                "batter": 1,
                "extras": 0,
                "total": 1
              }
            },
            {
              "batter": "Vichanath Singh",
              "bowler": "S Muniandy",
              "non_striker": "N Senamontree",
              "runs": {
                "batter": 1,
                "extras": 0,
                "total": 1
              }
            },
            {
              "batter": "N Senamontree",
              "bowler": "S Muniandy",
              "extras": {
                "legbyes": 1
              },
              "non_striker": "Vichanath Singh",
              "runs": {
                "batter": 0,
                "extras": 1,
                "total": 1
              }
            },
            {
              "batter": "Vichanath Singh",
              "bowler": "S Muniandy",
              "extras": {
                "byes": 1
              },
              "non_striker": "N Senamontree",
              "runs": {
                "batter": 0,
                "extras": 1,
                "total": 1
              },
              "wickets": [
                {
                  "kind": "run out",
                  "player_out": "Vichanath Singh"
                }
              ]
            },
            {
              "batter": "S Desungnoen",
              "bowler": "S Muniandy",
              "non_striker": "N Senamontree",
              "runs": {
                "batter": 1,
                "extras": 0,
                "total": 1
              }
            }
          ]
        }
      ],
      "powerplays": [
        {
          "from": 0.1,
          "to": 5.6,
          "type": "mandatory"
        }
      ]
    },
    {
      "team": "Malaysia",
      "overs": [
        {
          "over": 0,
          "deliveries": [
            {
              "batter": "Virandeep Singh",
              "bowler": "M Faheem",
              "non_striker": "Anwar Arudin",
              "runs": {
                "batter": 0,
                "extras": 0,
                "total": 0
              }
            },
            {
              "batter": "Virandeep Singh",
              "bowler": "M Faheem",
              "non_striker": "Anwar Arudin",
              "runs": {
                "batter": 0,
                "extras": 0,
                "total": 0
              }
            },
            {
              "batter": "Virandeep Singh",
              "bowler": "M Faheem",
              "non_striker": "Anwar Arudin",
              "runs": {
                "batter": 0,
                "extras": 0,
                "total": 0
              }
            },
            {
              "batter": "Virandeep Singh",
              "bowler": "M Faheem",
              "non_striker": "Anwar Arudin",
              "runs": {
                "batter": 0,
                "extras": 0,
                "total": 0
              }
            },
            {
              "batter": "Virandeep Singh",
              "bowler": "M Faheem",
              "extras": {
                "wides": 1
              },
              "non_striker": "Anwar Arudin",
              "runs": {
                "batter": 0,
                "extras": 1,
                "total": 1
              }
            },
            {
              "batter": "Virandeep Singh",
              "bowler": "M Faheem",
              "non_striker": "Anwar Arudin",
              "runs": {
                "batter": 0,
                "extras": 0,
                "total": 0
              }
            },
            {
              "batter": "Virandeep Singh",
              "bowler": "M Faheem",
              "non_striker": "Anwar Arudin",
              "runs": {
                "batter": 0,
                "extras": 0,
                "total": 0
              }
            }
          ]
        },
        {
          "over": 1,
          "deliveries": [
            {
              "batter": "Anwar Arudin",
              "bowler": "Z Hoque",
              "non_striker": "Virandeep Singh",
              "runs": {
                "batter": 0,
                "extras": 0,
                "total": 0
              }
            },
            {
              "batter": "Anwar Arudin",
              "bowler": "Z Hoque",
              "non_striker": "Virandeep Singh",
              "runs": {
                "batter": 0,
                "extras": 0,
                "total": 0
              }
            },
            {
              "batter": "Anwar Arudin",
              "bowler": "Z Hoque",
              "non_striker": "Virandeep Singh",
              "runs": {
                "batter": 1,
                "extras": 0,
                "total": 1
              }
            },
            {
              "batter": "Virandeep Singh",
              "bowler": "Z Hoque",
              "non_striker": "Anwar Arudin",
              "runs": {
                "batter": 0,
                "extras": 0,
                "total": 0
              }
            },
            {
              "batter": "Virandeep Singh",
              "bowler": "Z Hoque",
              "non_striker": "Anwar Arudin",
              "runs": {
                "batter": 0,
                "extras": 0,
                "total": 0
              }
            },
            {
              "batter": "Virandeep Singh",
              "bowler": "Z Hoque",
              "non_striker": "Anwar Arudin",
              "runs": {
                "batter": 0,
                "extras": 0,
                "total": 0
              }
            }
          ]
        },
        {
          "over": 2,
          "deliveries": [
            {
              "batter": "Anwar Arudin",
              "bowler": "M Faheem",
              "non_striker": "Virandeep Singh",
              "runs": {
                "batter": 1,
                "extras": 0,
                "total": 1
              }
            },
            {
              "batter": "Virandeep Singh",
              "bowler": "M Faheem",
              "non_striker": "Anwar Arudin",
              "runs": {
                "batter": 4,
                "extras": 0,
                "total": 4
              }
            },
            {
              "batter": "Virandeep Singh",
              "bowler": "M Faheem",
              "non_striker": "Anwar Arudin",
              "runs": {
                "batter": 0,
                "extras": 0,
                "total": 0
              }
            },
            {
              "batter": "Virandeep Singh",
              "bowler": "M Faheem",
              "non_striker": "Anwar Arudin",
              "runs": {
                "batter": 1,
                "extras": 0,
                "total": 1
              }
            },
            {
              "batter": "Anwar Arudin",
              "bowler": "M Faheem",
              "non_striker": "Virandeep Singh",
              "runs": {
                "batter": 0,
                "extras": 0,
                "total": 0
              }
            },
            {
              "batter": "Anwar Arudin",
              "bowler": "M Faheem",
              "non_striker": "Virandeep Singh",
              "runs": {
                "batter": 1,
                "extras": 0,
                "total": 1
              }
            }
          ]
        },
        {
          "over": 3,
          "deliveries": [
            {
              "batter": "Anwar Arudin",
              "bowler": "Z Hoque",
              "non_striker": "Virandeep Singh",
              "runs": {
                "batter": 6,
                "extras": 0,
                "total": 6
              }
            },
            {
              "batter": "Anwar Arudin",
              "bowler": "Z Hoque",
              "non_striker": "Virandeep Singh",
              "runs": {
                "batter": 0,
                "extras": 0,
                "total": 0
              }
            },
            {
              "batter": "Anwar Arudin",
              "bowler": "Z Hoque",
              "non_striker": "Virandeep Singh",
              "runs": {
                "batter": 0,
                "extras": 0,
                "total": 0
              }
            },
            {
              "batter": "Anwar Arudin",
              "bowler": "Z Hoque",
              "non_striker": "Virandeep Singh",
              "runs": {
                "batter": 1,
                "extras": 0,
                "total": 1
              }
            },
            {
              "batter": "Virandeep Singh",
              "bowler": "Z Hoque",
              "non_striker": "Anwar Arudin",
              "runs": {
                "batter": 1,
                "extras": 0,
                "total": 1
              }
            },
            {
              "batter": "Anwar Arudin",
              "bowler": "Z Hoque",
              "non_striker": "Virandeep Singh",
              "runs": {
                "batter": 2,
                "extras": 0,
                "total": 2
              }
            }
          ]
        },
        {
          "over": 4,
          "deliveries": [
            {
              "batter": "Virandeep Singh",
              "bowler": "M Faheem",
              "non_striker": "Anwar Arudin",
              "runs": {
                "batter": 1,
                "extras": 0,
                "total": 1
              }
            },
            {
              "batter": "Anwar Arudin",
              "bowler": "M Faheem",
              "extras": {
                "legbyes": 1
              },
              "non_striker": "Virandeep Singh",
              "runs": {
                "batter": 0,
                "extras": 1,
                "total": 1
              }
            },
            {
              "batter": "Virandeep Singh",
              "bowler": "M Faheem",
              "non_striker": "Anwar Arudin",
              "runs": {
                "batter": 1,
                "extras": 0,
                "total": 1
              }
            },
            {
              "batter": "Anwar Arudin",
              "bowler": "M Faheem",
              "non_striker": "Virandeep Singh",
              "runs": {
                "batter": 0,
                "extras": 0,
                "total": 0
              }
            },
            {
              "batter": "Anwar Arudin",
              "bowler": "M Faheem",
              "non_striker": "Virandeep Singh",
              "runs": {
                "batter": 1,
                "extras": 0,
                "total": 1
              }
            },
            {
              "batter": "Virandeep Singh",
              "bowler": "M Faheem",
              "non_striker": "Anwar Arudin",
              "runs": {
                "batter": 0,
                "extras": 0,
                "total": 0
              }
            }
          ]
        },
        {
          "over": 5,
          "deliveries": [
            {
              "batter": "Anwar Arudin",
              "bowler": "Z Hoque",
              "non_striker": "Virandeep Singh",
              "runs": {
                "batter": 1,
                "extras": 0,
                "total": 1
              }
            },
            {
              "batter": "Virandeep Singh",
              "bowler": "Z Hoque",
              "non_striker": "Anwar Arudin",
              "runs": {
                "batter": 1,
                "extras": 0,
                "total": 1
              }
            },
            {
              "batter": "Anwar Arudin",
              "bowler": "Z Hoque",
              "non_striker": "Virandeep Singh",
              "runs": {
                "batter": 0,
                "extras": 0,
                "total": 0
              }
            },
            {
              "batter": "Anwar Arudin",
              "bowler": "Z Hoque",
              "non_striker": "Virandeep Singh",
              "runs": {
                "batter": 0,
                "extras": 0,
                "total": 0
              }
            },
            {
              "batter": "Anwar Arudin",
              "bowler": "Z Hoque",
              "non_striker": "Virandeep Singh",
              "runs": {
                "batter": 4,
                "extras": 0,
                "total": 4
              }
            },
            {
              "batter": "Anwar Arudin",
              "bowler": "Z Hoque",
              "non_striker": "Virandeep Singh",
              "runs": {
                "batter": 4,
                "extras": 0,
                "total": 4
              }
            }
          ]
        },
        {
          "over": 6,
          "deliveries": [
            {
              "batter": "Virandeep Singh",
              "bowler": "N Senamontree",
              "non_striker": "Anwar Arudin",
              "runs": {
                "batter": 0,
                "extras": 0,
                "total": 0
              }
            },
            {
              "batter": "Virandeep Singh",
              "bowler": "N Senamontree",
              "non_striker": "Anwar Arudin",
              "runs": {
                "batter": 0,
                "extras": 0,
                "total": 0
              }
            },
            {
              "batter": "Virandeep Singh",
              "bowler": "N Senamontree",
              "non_striker": "Anwar Arudin",
              "runs": {
                "batter": 0,
                "extras": 0,
                "total": 0
              }
            },
            {
              "batter": "Virandeep Singh",
              "bowler": "N Senamontree",
              "non_striker": "Anwar Arudin",
              "runs": {
                "batter": 1,
                "extras": 0,
                "total": 1
              }
            },
            {
              "batter": "Anwar Arudin",
              "bowler": "N Senamontree",
              "non_striker": "Virandeep Singh",
              "runs": {
                "batter": 0,
                "extras": 0,
                "total": 0
              }
            },
            {
              "batter": "Anwar Arudin",
              "bowler": "N Senamontree",
              "non_striker": "Virandeep Singh",
              "runs": {
                "batter": 0,
                "extras": 0,
                "total": 0
              }
            }
          ]
        },
        {
          "over": 7,
          "deliveries": [
            {
              "batter": "Virandeep Singh",
              "bowler": "S Desungnoen",
              "non_striker": "Anwar Arudin",
              "runs": {
                "batter": 1,
                "extras": 0,
                "total": 1
              }
            },
            {
              "batter": "Anwar Arudin",
              "bowler": "S Desungnoen",
              "non_striker": "Virandeep Singh",
              "runs": {
                "batter": 0,
                "extras": 0,
                "total": 0
              }
            },
            {
              "batter": "Anwar Arudin",
              "bowler": "S Desungnoen",
              "extras": {
                "legbyes": 1
              },
              "non_striker": "Virandeep Singh",
              "runs": {
                "batter": 0,
                "extras": 1,
                "total": 1
              }
            },
            {
              "batter": "Virandeep Singh",
              "bowler": "S Desungnoen",
              "non_striker": "Anwar Arudin",
              "runs": {
                "batter": 4,
                "extras": 0,
                "total": 4
              }
            },
            {
              "batter": "Virandeep Singh",
              "bowler": "S Desungnoen",
              "non_striker": "Anwar Arudin",
              "runs": {
                "batter": 6,
                "extras": 0,
                "total": 6
              }
            },
            {
              "batter": "Virandeep Singh",
              "bowler": "S Desungnoen",
              "non_striker": "Anwar Arudin",
              "runs": {
                "batter": 1,
                "extras": 0,
                "total": 1
              }
            }
          ]
        },
        {
          "over": 8,
          "deliveries": [
            {
              "batter": "Virandeep Singh",
              "bowler": "N Senamontree",
              "non_striker": "Anwar Arudin",
              "runs": {
                "batter": 6,
                "extras": 0,
                "total": 6
              }
            },
            {
              "batter": "Virandeep Singh",
              "bowler": "N Senamontree",
              "non_striker": "Anwar Arudin",
              "runs": {
                "batter": 0,
                "extras": 0,
                "total": 0
              }
            },
            {
              "batter": "Virandeep Singh",
              "bowler": "N Senamontree",
              "non_striker": "Anwar Arudin",
              "runs": {
                "batter": 1,
                "extras": 0,
                "total": 1
              }
            },
            {
              "batter": "Anwar Arudin",
              "bowler": "N Senamontree",
              "non_striker": "Virandeep Singh",
              "runs": {
                "batter": 0,
                "extras": 0,
                "total": 0
              },
              "wickets": [
                {
                  "kind": "bowled",
                  "player_out": "Anwar Arudin"
                }
              ]
            },
            {
              "batter": "Khizar Hayat",
              "bowler": "N Senamontree",
              "non_striker": "Virandeep Singh",
              "runs": {
                "batter": 1,
                "extras": 0,
                "total": 1
              }
            },
            {
              "batter": "Virandeep Singh",
              "bowler": "N Senamontree",
              "non_striker": "Khizar Hayat",
              "runs": {
                "batter": 1,
                "extras": 0,
                "total": 1
              }
            }
          ]
        },
        {
          "over": 9,
          "deliveries": [
            {
              "batter": "Virandeep Singh",
              "bowler": "Vichanath Singh",
              "non_striker": "Khizar Hayat",
              "runs": {
                "batter": 1,
                "extras": 0,
                "total": 1
              }
            },
            {
              "batter": "Khizar Hayat",
              "bowler": "Vichanath Singh",
              "non_striker": "Virandeep Singh",
              "runs": {
                "batter": 2,
                "extras": 0,
                "total": 2
              }
            },
            {
              "batter": "Khizar Hayat",
              "bowler": "Vichanath Singh",
              "non_striker": "Virandeep Singh",
              "runs": {
                "batter": 1,
                "extras": 0,
                "total": 1
              }
            },
            {
              "batter": "Virandeep Singh",
              "bowler": "Vichanath Singh",
              "non_striker": "Khizar Hayat",
              "runs": {
                "batter": 1,
                "extras": 0,
                "total": 1
              }
            },
            {
              "batter": "Khizar Hayat",
              "bowler": "Vichanath Singh",
              "non_striker": "Virandeep Singh",
              "runs": {
                "batter": 0,
                "extras": 0,
                "total": 0
              },
              "wickets": [
                {
                  "kind": "caught",
                  "player_out": "Khizar Hayat",
                  "fielders": [
                    {
                      "name": "S Desungnoen"
                    }
                  ]
                }
              ]
            },
            {
              "batter": "Aminuddin Ramly",
              "bowler": "Vichanath Singh",
              "non_striker": "Virandeep Singh",
              "runs": {
                "batter": 1,
                "extras": 0,
                "total": 1
              }
            }
          ]
        },
        {
          "over": 10,
          "deliveries": [
            {
              "batter": "Aminuddin Ramly",
              "bowler": "N Senamontree",
              "non_striker": "Virandeep Singh",
              "runs": {
                "batter": 4,
                "extras": 0,
                "total": 4
              }
            },
            {
              "batter": "Aminuddin Ramly",
              "bowler": "N Senamontree",
              "non_striker": "Virandeep Singh",
              "runs": {
                "batter": 0,
                "extras": 0,
                "total": 0
              }
            },
            {
              "batter": "Aminuddin Ramly",
              "bowler": "N Senamontree",
              "non_striker": "Virandeep Singh",
              "runs": {
                "batter": 6,
                "extras": 0,
                "total": 6
              }
            },
            {
              "batter": "Aminuddin Ramly",
              "bowler": "N Senamontree",
              "non_striker": "Virandeep Singh",
              "runs": {
                "batter": 1,
                "extras": 0,
                "total": 1
              }
            },
            {
              "batter": "Virandeep Singh",
              "bowler": "N Senamontree",
              "non_striker": "Aminuddin Ramly",
              "runs": {
                "batter": 1,
                "extras": 0,
                "total": 1
              }
            },
            {
              "batter": "Aminuddin Ramly",
              "bowler": "N Senamontree",
              "non_striker": "Virandeep Singh",
              "runs": {
                "batter": 1,
                "extras": 0,
                "total": 1
              }
            }
          ]
        },
        {
          "over": 11,
          "deliveries": [
            {
              "batter": "Aminuddin Ramly",
              "bowler": "Vichanath Singh",
              "non_striker": "Virandeep Singh",
              "runs": {
                "batter": 0,
                "extras": 0,
                "total": 0
              }
            },
            {
              "batter": "Aminuddin Ramly",
              "bowler": "Vichanath Singh",
              "non_striker": "Virandeep Singh",
              "runs": {
                "batter": 2,
                "extras": 0,
                "total": 2
              }
            },
            {
              "batter": "Aminuddin Ramly",
              "bowler": "Vichanath Singh",
              "non_striker": "Virandeep Singh",
              "runs": {
                "batter": 1,
                "extras": 0,
                "total": 1
              }
            },
            {
              "batter": "Virandeep Singh",
              "bowler": "Vichanath Singh",
              "non_striker": "Aminuddin Ramly",
              "runs": {
                "batter": 6,
                "extras": 0,
                "total": 6
              }
            },
            {
              "batter": "Virandeep Singh",
              "bowler": "Vichanath Singh",
              "non_striker": "Aminuddin Ramly",
              "runs": {
                "batter": 2,
                "extras": 0,
                "total": 2
              }
            }
          ]
        }
      ],
      "powerplays": [
        {
          "from": 0.1,
          "to": 5.6,
          "type": "mandatory"
        }
      ],
      "target": {
        "overs": 20,
        "runs": 86
      }
    }
  ]
}