{
  "meta": {
    "data_version": "1.0.0",
    "created": "2020-09-01",
    "revision": 1
  },
  "info": {
    "balls_per_over": 6,
    "city": "Walferdange",
    "dates": [
      "2020-08-29"
    ],
    "event": {
      "name": "Luxembourg Twenty20 Tri-Series",
      "match_number": 3
    },
    "gender": "male",
    "match_type": "T20",
    "match_type_number": 1089,
    "missing": [
      "umpires",
      "player_of_match"
    ],
    "outcome": {
      "winner": "Belgium",
      "by": {
        "runs": 37
      }
    },
    "overs": 20,
    "players": {
      "Belgium": [
        "S Jamil",
        "Muhammad Muneeb",
        "Mamoon Latif",
        "Wahidullah Usmani",
        "Shaheryar Butt",
        "Sazzad Hosen",
        "Saber Zakhil",
        "Murid Ekrami",
        "Ashiqullah Said",
        "Khalid Ahmadi",
        "NSK Mehta"
      ],
      "Luxembourg": [
        "J Barker",
        "S Browne",
        "J Mees",
        "V Vijh",
        "T Whiteman",
        "S Kushretha",
        "R Heyns",
        "M Dixit",
        "WJ Cope",
        "M Cope",
        "P Malav"
      ]
    },
    "registry": {
      "people": {
        "Ashiqullah Said": "407d13cc",
        "J Barker": "c18cecbe",
        "J Mees": "ab1445ea",
        "Khalid Ahmadi": "cf0b9a0d",
        "M Cope": "c83c594d",
        "M Dixit": "d85d52c2",
        "Mamoon Latif": "8d78d0d0",
        "Muhammad Muneeb": "5338b9f5",
        "Murid Ekrami": "76b19864",
        "NSK Mehta": "d516a95f",
        "P Malav": "02b078b1",
        "R Heyns": "8708c072",
        "S Browne": "71847f28",
        "S Jamil": "3d6617c6",
        "S Kushretha": "4e3fd330",
        "Saber Zakhil": "036dcf9b",
        "Sazzad Hosen": "4dd6a707",
        "Shaheryar Butt": "b6bad765",
        "T Whiteman": "472455a3",
        "V Vijh": "b857468a",
        "WJ Cope": "fb34b0ec",
        "Wahidullah Usmani": "6d27e42d"
      }
    },
    "season": "2020",
    "team_type": "international",
    "teams": [
      "Belgium",
      "Luxembourg"
    ],
    "toss": {
      "decision": "bat",
      "winner": "Belgium"
    },
    "venue": "Pierre Werner Cricket Ground"
  },
  "innings": [
    {
      "team": "Belgium",
      "overs": [
        {
          "over": 0,
          "deliveries": [
            {
              "batter": "S Jamil",
              "bowler": "WJ Cope",
              "non_striker": "Muhammad Muneeb",
              "runs": {
                "batter": 0,
                "extras": 0,
                "total": 0
              }
            },
            {
              "batter": "S Jamil",
              "bowler": "WJ Cope",
              "non_striker": "Muhammad Muneeb",
              "runs": {
                "batter": 0,
                "extras": 0,
                "total": 0
              }
            },
            {
              "batter": "S Jamil",
              "bowler": "WJ Cope",
              "non_striker": "Muhammad Muneeb",
              "runs": {
                "batter": 0,
                "extras": 0,
                "total": 0
              }
            },
            {
              "batter": "S Jamil",
              "bowler": "WJ Cope",
              "non_striker": "Muhammad Muneeb",
              "runs": {
                "batter": 0,
                "extras": 0,
                "total": 0
              }
            },
            {
              "batter": "S Jamil",
              "bowler": "WJ Cope",
              "non_striker": "Muhammad Muneeb",
              "runs": {
                "batter": 0,
                "extras": 0,
                "total": 0
              }
            },
            {
              "batter": "S Jamil",
              "bowler": "WJ Cope",
              "non_striker": "Muhammad Muneeb",
              "runs": {
                "batter": 4,
                "extras": 0,
                "total": 4
              }
            }
          ]
        },
        {
          "over": 1,
          "deliveries": [
            {
              "batter": "Muhammad Muneeb",
              "bowler": "S Kushretha",
              "non_striker": "S Jamil",
              "runs": {
                "batter": 4,
                "extras": 0,
                "total": 4
              }
            },
            {
              "batter": "Muhammad Muneeb",
              "bowler": "S Kushretha",
              "non_striker": "S Jamil",
              "runs": {
                "batter": 0,
                "extras": 0,
                "total": 0
              }
            },
            {
              "batter": "Muhammad Muneeb",
              "bowler": "S Kushretha",
              "non_striker": "S Jamil",
              "runs": {
                "batter": 1,
                "extras": 0,
                "total": 1
              }
            },
            {
              "batter": "S Jamil",
              "bowler": "S Kushretha",
              "non_striker": "Muhammad Muneeb",
              "runs": {
                "batter": 0,
                "extras": 0,
                "total": 0
              }
            },
            {
              "batter": "S Jamil",
              "bowler": "S Kushretha",
              "non_striker": "Muhammad Muneeb",
              "runs": {
                "batter": 0,
                "extras": 0,
                "total": 0
              }
            },
            {
              "batter": "S Jamil",
              "bowler": "S Kushretha",
              "non_striker": "Muhammad Muneeb",
              "runs": {
                "batter": 1,
                "extras": 0,
                "total": 1
              }
            }
          ]
        },
        {
          "over": 2,
          "deliveries": [
            {
              "batter": "S Jamil",
              "bowler": "WJ Cope",
              "non_striker": "Muhammad Muneeb",
              "runs": {
                "batter": 0,
                "extras": 0,
                "total": 0
              },
              "wickets": [
                {
                  "player_out": "S Jamil",
                  "fielders": [
                    {
                      "name": "J Mees"
                    }
                  ],
                  "kind": "caught"
                }
              ]
            },
            {
              "batter": "Mamoon Latif",
              "bowler": "WJ Cope",
              "non_striker": "Muhammad Muneeb",
              "runs": {
                "batter": 0,
                "extras": 0,
                "total": 0
              }
            },
            {
              "batter": "Mamoon Latif",
              "bowler": "WJ Cope",
              "extras": {
                "wides": 1
              },
              "non_striker": "Muhammad Muneeb",
              "runs": {
                "batter": 0,
                "extras": 1,
                "total": 1
              }
            },
            {
              "batter": "Mamoon Latif",
              "bowler": "WJ Cope",
              "non_striker": "Muhammad Muneeb",
              "runs": {
                "batter": 1,
                "extras": 0,
                "total": 1
              }
            },
            {
              "batter": "Muhammad Muneeb",
              "bowler": "WJ Cope",
              "non_striker": "Mamoon Latif",
              "runs": {
                "batter": 1,
                "extras": 0,
                "total": 1
              }
            },
            {
              "batter": "Mamoon Latif",
              "bowler": "WJ Cope",
              "non_striker": "Muhammad Muneeb",
              "runs": {
                "batter": 0,
                "extras": 0,
                "total": 0
              }
            },
            {
              "batter": "Mamoon Latif",
              "bowler": "WJ Cope",
              "non_striker": "Muhammad Muneeb",
              "runs": {
                "batter": 2,
                "extras": 0,
                "total": 2
              }
            }
          ]
        },
        {
          "over": 3,
          "deliveries": [
            {
              "batter": "Muhammad Muneeb",
              "bowler": "S Kushretha",
              "non_striker": "Mamoon Latif",
              "runs": {
                "batter": 0,
                "extras": 0,
                "total": 0
              },
              "wickets": [
                {
                  "player_out": "Muhammad Muneeb",
                  "fielders": [
                    {
                      "name": "J Barker"
                    }
                  ],
                  "kind": "caught"
                }
              ]
            },
            {
              "batter": "Wahidullah Usmani",
              "bowler": "S Kushretha",
              "non_striker": "Mamoon Latif",
              "runs": {
                "batter": 0,
                "extras": 0,
                "total": 0
              }
            },
            {
              "batter": "Wahidullah Usmani",
              "bowler": "S Kushretha",
              "non_striker": "Mamoon Latif",
              "runs": {
                "batter": 1,
                "extras": 0,
                "total": 1
              }
            },
            {
              "batter": "Mamoon Latif",
              "bowler": "S Kushretha",
              "non_striker": "Wahidullah Usmani",
              "runs": {
                "batter": 4,
                "extras": 0,
                "total": 4
              }
            },
            {
              "batter": "Mamoon Latif",
              "bowler": "S Kushretha",
              "non_striker": "Wahidullah Usmani",
              "runs": {
                "batter": 0,
                "extras": 0,
                "total": 0
              }
            },
            {
              "batter": "Mamoon Latif",
              "bowler": "S Kushretha",
              "non_striker": "Wahidullah Usmani",
              "runs": {
                "batter": 1,
                "extras": 0,
                "total": 1
              }
            }
          ]
        },
        {
          "over": 4,
          "deliveries": [
            {
              "batter": "Mamoon Latif",
              "bowler": "WJ Cope",
              "non_striker": "Wahidullah Usmani",
              "runs": {
                "batter": 1,
                "extras": 0,
                "total": 1
              }
            },
            {
              "batter": "Wahidullah Usmani",
              "bowler": "WJ Cope",
              "non_striker": "Mamoon Latif",
              "runs": {
                "batter": 1,
                "extras": 0,
                "total": 1
              }
            },
            {
              "batter": "Mamoon Latif",
              "bowler": "WJ Cope",
              "non_striker": "Wahidullah Usmani",
              "runs": {
                "batter": 1,
                "extras": 0,
                "total": 1
              }
            },
            {
              "batter": "Wahidullah Usmani",
              "bowler": "WJ Cope",
              "non_striker": "Mamoon Latif",
              "runs": {
                "batter": 1,
                "extras": 0,
                "total": 1
              }
            },
            {
              "batter": "Mamoon Latif",
              "bowler": "WJ Cope",
              "non_striker": "Wahidullah Usmani",
              "runs": {
                "batter": 1,
                "extras": 0,
                "total": 1
              }
            },
            {
              "batter": "Wahidullah Usmani",
              "bowler": "WJ Cope",
              "non_striker": "Mamoon Latif",
              "runs": {
                "batter": 0,
                "extras": 0,
                "total": 0
              }
            }
          ]
        },
        {
          "over": 5,
          "deliveries": [
            {
              "batter": "Mamoon Latif",
              "bowler": "P Malav",
              "non_striker": "Wahidullah Usmani",
              "runs": {
                "batter": 0,
                "extras": 0,
                "total": 0
              }
            },
            {
              "batter": "Mamoon Latif",
              "bowler": "P Malav",
              "non_striker": "Wahidullah Usmani",
              "runs": {
                "batter": 1,
                "extras": 0,
                "total": 1
              }
            },
            {
              "batter": "Wahidullah Usmani",
              "bowler": "P Malav",
              "non_striker": "Mamoon Latif",
              "runs": {
                "batter": 0,
                "extras": 0,
                "total": 0
              }
            },
            {
              "batter": "Wahidullah Usmani",
              "bowler": "P Malav",
              "non_striker": "Mamoon Latif",
              "runs": {
                "batter": 1,
                "extras": 0,
                "total": 1
              }
            },
            {
              "batter": "Mamoon Latif",
              "bowler": "P Malav",
              "non_striker": "Wahidullah Usmani",
              "runs": {
                "batter": 6,
                "extras": 0,
                "total": 6
              }
            },
            {
              "batter": "Mamoon Latif",
              "bowler": "P Malav",
              "non_striker": "Wahidullah Usmani",
              "runs": {
                "batter": 1,
                "extras": 0,
                "total": 1
              }
            }
          ]
        },
        {
          "over": 6,
          "deliveries": [
            {
              "batter": "Mamoon Latif",
              "bowler": "M Dixit",
              "non_striker": "Wahidullah Usmani",
              "runs": {
                "batter": 1,
                "extras": 0,
                "total": 1
              }
            },
            {
              "batter": "Wahidullah Usmani",
              "bowler": "M Dixit",
              "extras": {
                "legbyes": 1
              },
              "non_striker": "Mamoon Latif",
              "runs": {
                "batter": 0,
                "extras": 1,
                "total": 1
              }
            },
            {
              "batter": "Mamoon Latif",
              "bowler": "M Dixit",
              "non_striker": "Wahidullah Usmani",
              "runs": {
                "batter": 1,
                "extras": 0,
                "total": 1
              }
            },
            {
              "batter": "Wahidullah Usmani",
              "bowler": "M Dixit",
              "non_striker": "Mamoon Latif",
              "runs": {
                "batter": 1,
                "extras": 0,
                "total": 1
              }
            },
            {
              "batter": "Mamoon Latif",
              "bowler": "M Dixit",
              "non_striker": "Wahidullah Usmani",
              "runs": {
                "batter": 0,
                "extras": 0,
                "total": 0
              }
            },
            {
              "batter": "Mamoon Latif",
              "bowler": "M Dixit",
              "non_striker": "Wahidullah Usmani",
              "runs": {
                "batter": 2,
                "extras": 0,
                "total": 2
              }
            }
          ]
        },
        {
          "over": 7,
          "deliveries": [
            {
              "batter": "Wahidullah Usmani",
              "bowler": "P Malav",
              "non_striker": "Mamoon Latif",
              "runs": {
                "batter": 0,
                "extras": 0,
                "total": 0
              }
            },
            {
              "batter": "Wahidullah Usmani",
              "bowler": "P Malav",
              "non_striker": "Mamoon Latif",
              "runs": {
                "batter": 1,
                "extras": 0,
                "total": 1
              }
            },
            {
              "batter": "Mamoon Latif",
              "bowler": "P Malav",
              "extras": {
                "legbyes": 1
              },
              "non_striker": "Wahidullah Usmani",
              "runs": {
                "batter": 0,
                "extras": 1,
                "total": 1
              }
            },
            {
              "batter": "Wahidullah Usmani",
              "bowler": "P Malav",
              "non_striker": "Mamoon Latif",
              "runs": {
                "batter": 0,
                "extras": 0,
                "total": 0
              }
            },
            {
              "batter": "Wahidullah Usmani",
              "bowler": "P Malav",
              "non_striker": "Mamoon Latif",
              "runs": {
                "batter": 0,
                "extras": 0,
                "total": 0
              },
              "wickets": [
                {
                  "player_out": "Wahidullah Usmani",
                  "kind": "lbw"
                }
              ]
            },
            {
              "batter": "Shaheryar Butt",
              "bowler": "P Malav",
              "non_striker": "Mamoon Latif",
              "runs": {
                "batter": 0,
                "extras": 0,
                "total": 0
              }
            }
          ]
        },
        {
          "over": 8,
          "deliveries": [
            {
              "batter": "Mamoon Latif",
              "bowler": "M Dixit",
              "non_striker": "Shaheryar Butt",
              "runs": {
                "batter": 1,
                "extras": 0,
                "total": 1
              }
            },
            {
              "batter": "Shaheryar Butt",
              "bowler": "M Dixit",
              "non_striker": "Mamoon Latif",
              "runs": {
                "batter": 2,
                "extras": 0,
                "total": 2
              }
            },
            {
              "batter": "Shaheryar Butt",
              "bowler": "M Dixit",
              "non_striker": "Mamoon Latif",
              "runs": {
                "batter": 1,
                "extras": 0,
                "total": 1
              }
            },
            {
              "batter": "Mamoon Latif",
              "bowler": "M Dixit",
              "non_striker": "Shaheryar Butt",
              "runs": {
                "batter": 1,
                "extras": 0,
                "total": 1
              }
            },
            {
              "batter": "Shaheryar Butt",
              "bowler": "M Dixit",
              "non_striker": "Mamoon Latif",
              "runs": {
                "batter": 1,
                "extras": 0,
                "total": 1
              }
            },
            {
              "batter": "Mamoon Latif",
              "bowler": "M Dixit",
              "non_striker": "Shaheryar Butt",
              "runs": {
                "batter": 0,
                "extras": 0,
                "total": 0
              }
            }
          ]
        },
        {
          "over": 9,
          "deliveries": [
            {
              "batter": "Shaheryar Butt",
              "bowler": "M Cope",
              "non_striker": "Mamoon Latif",
              "runs": {
                "batter": 0,
                "extras": 0,
                "total": 0
              }
            },
            {
              "batter": "Shaheryar Butt",
              "bowler": "M Cope",
              "non_striker": "Mamoon Latif",
              "runs": {
                "batter": 0,
                "extras": 0,
                "total": 0
              }
            },
            {
              "batter": "Shaheryar Butt",
              "bowler": "M Cope",
              "non_striker": "Mamoon Latif",
              "runs": {
                "batter": 6,
                "extras": 0,
                "total": 6
              }
            },
            {
              "batter": "Shaheryar Butt",
              "bowler": "M Cope",
              "non_striker": "Mamoon Latif",
              "runs": {
                "batter": 1,
                "extras": 0,
                "total": 1
              }
            },
            {
              "batter": "Mamoon Latif",
              "bowler": "M Cope",
              "non_striker": "Shaheryar Butt",
              "runs": {
                "batter": 0,
                "extras": 0,
                "total": 0
              },
              "wickets": [
                {
                  "player_out": "Mamoon Latif",
                  "fielders": [
                    {
                      "name": "S Browne"
                    }
                  ],
                  "kind": "caught"
                }
              ]
            },
            {
              "batter": "Sazzad Hosen",
              "bowler": "M Cope",
              "non_striker": "Shaheryar Butt",
              "runs": {
                "batter": 0,
                "extras": 0,
                "total": 0
              }
            }
          ]
        },
        {
          "over": 10,
          "deliveries": [
            {
              "batter": "Shaheryar Butt",
              "bowler": "S Kushretha",
              "non_striker": "Sazzad Hosen",
              "runs": {
                "batter": 0,
                "extras": 0,
                "total": 0
              }
            },
            {
              "batter": "Shaheryar Butt",
              "bowler": "S Kushretha",
              "non_striker": "Sazzad Hosen",
              "runs": {
                "batter": 0,
                "extras": 0,
                "total": 0
              }
            },
            {
              "batter": "Shaheryar Butt",
              "bowler": "S Kushretha",
              "extras": {
                "legbyes": 1
              },
              "non_striker": "Sazzad Hosen",
              "runs": {
                "batter": 0,
                "extras": 1,
                "total": 1
              }
            },
            {
              "batter": "Sazzad Hosen",
              "bowler": "S Kushretha",
              "non_striker": "Shaheryar Butt",
              "runs": {
                "batter": 0,
                "extras": 0,
                "total": 0
              }
            },
            {
              "batter": "Sazzad Hosen",
              "bowler": "S Kushretha",
              "non_striker": "Shaheryar Butt",
              "runs": {
                "batter": 2,
                "extras": 0,
                "total": 2
              }
            },
            {
              "batter": "Sazzad Hosen",
              "bowler": "S Kushretha",
              "non_striker": "Shaheryar Butt",
              "runs": {
                "batter": 0,
                "extras": 0,
                "total": 0
              }
            }
          ]
        },
        {
          "over": 11,
          "deliveries": [
            {
              "batter": "Shaheryar Butt",
              "bowler": "M Cope",
              "non_striker": "Sazzad Hosen",
              "runs": {
                "batter": 2,
                "extras": 0,
                "total": 2
              }
            },
            {
              "batter": "Shaheryar Butt",
              "bowler": "M Cope",
              "non_striker": "Sazzad Hosen",
              "runs": {
                "batter": 6,
                "extras": 0,
                "total": 6
              }
            },
            {
              "batter": "Shaheryar Butt",
              "bowler": "M Cope",
              "non_striker": "Sazzad Hosen",
              "runs": {
                "batter": 1,
                "extras": 0,
                "total": 1
              }
            },
            {
              "batter": "Sazzad Hosen",
              "bowler": "M Cope",
              "non_striker": "Shaheryar Butt",
              "runs": {
                "batter": 0,
                "extras": 0,
                "total": 0
              }
            },
            {
              "batter": "Sazzad Hosen",
              "bowler": "M Cope",
              "non_striker": "Shaheryar Butt",
              "runs": {
                "batter": 0,
                "extras": 0,
                "total": 0
              }
            },
            {
              "batter": "Sazzad Hosen",
              "bowler": "M Cope",
              "non_striker": "Shaheryar Butt",
              "runs": {
                "batter": 1,
                "extras": 0,
                "total": 1
              }
            }
          ]
        },
        {
          "over": 12,
          "deliveries": [
            {
              "batter": "Sazzad Hosen",
              "bowler": "V Vijh",
              "non_striker": "Shaheryar Butt",
              "runs": {
                "batter": 1,
                "extras": 0,
                "total": 1
              }
            },
            {
              "batter": "Shaheryar Butt",
              "bowler": "V Vijh",
              "non_striker": "Sazzad Hosen",
              "runs": {
                "batter": 0,
                "extras": 0,
                "total": 0
              }
            },
            {
              "batter": "Shaheryar Butt",
              "bowler": "V Vijh",
              "extras": {
                "legbyes": 1
              },
              "non_striker": "Sazzad Hosen",
              "runs": {
                "batter": 0,
                "extras": 1,
                "total": 1
              }
            },
            {
              "batter": "Sazzad Hosen",
              "bowler": "V Vijh",
              "non_striker": "Shaheryar Butt",
              "runs": {
                "batter": 0,
                "extras": 0,
                "total": 0
              },
              "wickets": [
                {
                  "player_out": "Sazzad Hosen",
                  "fielders": [
                    {
                      "name": "J Mees"
                    }
                  ],
                  "kind": "caught"
                }
              ]
            },
            {
              "batter": "Saber Zakhil",
              "bowler": "V Vijh",
              "non_striker": "Shaheryar Butt",
              "runs": {
                "batter": 1,
                "extras": 0,
                "total": 1
              }
            },
            {
              "batter": "Shaheryar Butt",
              "bowler": "V Vijh",
              "non_striker": "Saber Zakhil",
              "runs": {
                "batter": 2,
                "extras": 0,
                "total": 2
              }
            }
          ]
        },
        {
          "over": 13,
          "deliveries": [
            {
              "batter": "Saber Zakhil",
              "bowler": "M Cope",
              "non_striker": "Shaheryar Butt",
              "runs": {
                "batter": 6,
                "extras": 0,
                "total": 6
              }
            },
            {
              "batter": "Saber Zakhil",
              "bowler": "M Cope",
              "non_striker": "Shaheryar Butt",
              "runs": {
                "batter": 1,
                "extras": 0,
                "total": 1
              }
            },
            {
              "batter": "Shaheryar Butt",
              "bowler": "M Cope",
              "non_striker": "Saber Zakhil",
              "runs": {
                "batter": 1,
                "extras": 0,
                "total": 1
              }
            },
            {
              "batter": "Saber Zakhil",
              "bowler": "M Cope",
              "non_striker": "Shaheryar Butt",
              "runs": {
                "batter": 1,
                "extras": 0,
                "total": 1
              }
            },
            {
              "batter": "Shaheryar Butt",
              "bowler": "M Cope",
              "non_striker": "Saber Zakhil",
              "runs": {
                "batter": 1,
                "extras": 0,
                "total": 1
              }
            },
            {
              "batter": "Saber Zakhil",
              "bowler": "M Cope",
              "non_striker": "Shaheryar Butt",
              "runs": {
                "batter": 0,
                "extras": 0,
                "total": 0
              }
            }
          ]
        },
        {
          "over": 14,
          "deliveries": [
            {
              "batter": "Shaheryar Butt",
              "bowler": "V Vijh",
              "non_striker": "Saber Zakhil",
              "runs": {
                "batter": 1,
                "extras": 0,
                "total": 1
              }
            },
            {
              "batter": "Saber Zakhil",
              "bowler": "V Vijh",
              "extras": {
                "wides": 1
              },
              "non_striker": "Shaheryar Butt",
              "runs": {
                "batter": 0,
                "extras": 1,
                "total": 1
              }
            },
            {
              "batter": "Saber Zakhil",
              "bowler": "V Vijh",
              "non_striker": "Shaheryar Butt",
              "runs": {
                "batter": 0,
                "extras": 0,
                "total": 0
              }
            },
            {
              "batter": "Saber Zakhil",
              "bowler": "V Vijh",
              "non_striker": "Shaheryar Butt",
              "runs": {
                "batter": 4,
                "extras": 0,
                "total": 4
              }
            },
            {
              "batter": "Saber Zakhil",
              "bowler": "V Vijh",
              "non_striker": "Shaheryar Butt",
              "runs": {
                "batter": 2,
                "extras": 0,
                "total": 2
              }
            },
            {
              "batter": "Saber Zakhil",
              "bowler": "V Vijh",
              "non_striker": "Shaheryar Butt",
              "runs": {
                "batter": 6,
                "extras": 0,
                "total": 6
              }
            },
            {
              "batter": "Saber Zakhil",
              "bowler": "V Vijh",
              "non_striker": "Shaheryar Butt",
              "runs": {
                "batter": 6,
                "extras": 0,
                "total": 6
              }
            }
          ]
        },
        {
          "over": 15,
          "deliveries": [
            {
              "batter": "Shaheryar Butt",
              "bowler": "S Kushretha",
              "non_striker": "Saber Zakhil",
              "runs": {
                "batter": 6,
                "extras": 0,
                "total": 6
              }
            },
            {
              "batter": "Shaheryar Butt",
              "bowler": "S Kushretha",
              "non_striker": "Saber Zakhil",
              "runs": {
                "batter": 0,
                "extras": 0,
                "total": 0
              }
            },
            {
              "batter": "Shaheryar Butt",
              "bowler": "S Kushretha",
              "non_striker": "Saber Zakhil",
              "runs": {
                "batter": 0,
                "extras": 0,
                "total": 0
              }
            },
            {
              "batter": "Shaheryar Butt",
              "bowler": "S Kushretha",
              "non_striker": "Saber Zakhil",
              "runs": {
                "batter": 6,
                "extras": 0,
                "total": 6
              }
            },
            {
              "batter": "Shaheryar Butt",
              "bowler": "S Kushretha",
              "non_striker": "Saber Zakhil",
              "runs": {
                "batter": 0,
                "extras": 0,
                "total": 0
              }
            },
            {
              "batter": "Shaheryar Butt",
              "bowler": "S Kushretha",
              "non_striker": "Saber Zakhil",
              "runs": {
                "batter": 1,
                "extras": 0,
                "total": 1
              }
            }
          ]
        },
        {
          "over": 16,
          "deliveries": [
            {
              "batter": "Shaheryar Butt",
              "bowler": "WJ Cope",
              "non_striker": "Saber Zakhil",
              "runs": {
                "batter": 2,
                "extras": 0,
                "total": 2
              }
            },
            {
              "batter": "Shaheryar Butt",
              "bowler": "WJ Cope",
              "non_striker": "Saber Zakhil",
              "runs": {
                "batter": 0,
                "extras": 0,
                "total": 0
              }
            },
            {
              "batter": "Shaheryar Butt",
              "bowler": "WJ Cope",
              "non_striker": "Saber Zakhil",
              "runs": {
                "batter": 1,
                "extras": 0,
                "total": 1
              }
            },
            {
              "batter": "Saber Zakhil",
              "bowler": "WJ Cope",
              "non_striker": "Shaheryar Butt",
              "runs": {
                "batter": 0,
                "extras": 0,
                "total": 0
              },
              "wickets": [
                {
                  "player_out": "Saber Zakhil",
                  "fielders": [
                    {
                      "name": "J Barker"
                    }
                  ],
                  "kind": "caught"
                }
              ]
            },
            {
              "batter": "Shaheryar Butt",
              "bowler": "WJ Cope",
              "non_striker": "Murid Ekrami",
              "runs": {
                "batter": 3,
                "extras": 0,
                "total": 3
              }
            },
            {
              "batter": "Murid Ekrami",
              "bowler": "WJ Cope",
              "non_striker": "Shaheryar Butt",
              "runs": {
                "batter": 2,
                "extras": 0,
                "total": 2
              }
            }
          ]
        },
        {
          "over": 17,
          "deliveries": [
            {
              "batter": "Shaheryar Butt",
              "bowler": "P Malav",
              "non_striker": "Murid Ekrami",
              "runs": {
                "batter": 0,
                "extras": 0,
                "total": 0
              }
            },
            {
              "batter": "Shaheryar Butt",
              "bowler": "P Malav",
              "non_striker": "Murid Ekrami",
              "runs": {
                "batter": 6,
                "extras": 0,
                "total": 6
              }
            },
            {
              "batter": "Shaheryar Butt",
              "bowler": "P Malav",
              "non_striker": "Murid Ekrami",
              "runs": {
                "batter": 4,
                "extras": 0,
                "total": 4
              }
            },
            {
              "batter": "Shaheryar Butt",
              "bowler": "P Malav",
              "non_striker": "Murid Ekrami",
              "runs": {
                "batter": 6,
                "extras": 0,
                "total": 6
              }
            },
            {
              "batter": "Shaheryar Butt",
              "bowler": "P Malav",
              "non_striker": "Murid Ekrami",
              "runs": {
                "batter": 0,
                "extras": 0,
                "total": 0
              }
            },
            {
              "batter": "Shaheryar Butt",
              "bowler": "P Malav",
              "non_striker": "Murid Ekrami",
              "runs": {
                "batter": 4,
                "extras": 0,
                "total": 4
              }
            }
          ]
        },
        {
          "over": 18,
          "deliveries": [
            {
              "batter": "Murid Ekrami",
              "bowler": "V Vijh",
              "non_striker": "Shaheryar Butt",
              "runs": {
                "batter": 1,
                "extras": 0,
                "total": 1
              }
            },
            {
              "batter": "Shaheryar Butt",
              "bowler": "V Vijh",
              "non_striker": "Murid Ekrami",
              "runs": {
                "batter": 6,
                "extras": 0,
                "total": 6
              }
            },
            {
              "batter": "Shaheryar Butt",
              "bowler": "V Vijh",
              "non_striker": "Murid Ekrami",
              "runs": {
                "batter": 1,
                "extras": 0,
                "total": 1
              },
              "wickets": [
                {
                  "player_out": "Murid Ekrami",
                  "kind": "run out"
                }
              ]
            },
            {
              "batter": "Ashiqullah Said",
              "bowler": "V Vijh",
              "non_striker": "Shaheryar Butt",
              "runs": {
                "batter": 2,
                "extras": 0,
                "total": 2
              }
            },
            {
              "batter": "Ashiqullah Said",
              "bowler": "V Vijh",
              "non_striker": "Shaheryar Butt",
              "runs": {
                "batter": 0,
                "extras": 0,
                "total": 0
              },
              "wickets": [
                {
                  "player_out": "Ashiqullah Said",
                  "fielders": [
                    {
                      "name": "S Browne"
                    }
                  ],
                  "kind": "caught"
                }
              ]
            },
            {
              "batter": "Shaheryar Butt",
              "bowler": "V Vijh",
              "non_striker": "Khalid Ahmadi",
              "runs": {
                "batter": 1,
                "extras": 0,
                "total": 1
              }
            }
          ]
        },
        {
          "over": 19,
          "deliveries": [
            {
              "batter": "Shaheryar Butt",
              "bowler": "M Cope",
              "non_striker": "Khalid Ahmadi",
              "runs": {
                "batter": 0,
                "extras": 0,
                "total": 0
              }
            },
            {
              "batter": "Shaheryar Butt",
              "bowler": "M Cope",
              "non_striker": "Khalid Ahmadi",
              "runs": {
                "batter": 4,
                "extras": 0,
                "total": 4
              }
            },
            {
              "batter": "Shaheryar Butt",
              "bowler": "M Cope",
              "non_striker": "Khalid Ahmadi",
              "runs": {
                "batter": 0,
                "extras": 0,
                "total": 0
              }
            },
            {
              "batter": "Shaheryar Butt",
              "bowler": "M Cope",
              "non_striker": "Khalid Ahmadi",
              "runs": {
                "batter": 4,
                "extras": 0,
                "total": 4
              }
            },
            {
              "batter": "Shaheryar Butt",
              "bowler": "M Cope",
              "non_striker": "Khalid Ahmadi",
              "runs": {
                "batter": 1,
                "extras": 0,
                "total": 1
              }
            },
            {
              "batter": "Shaheryar Butt",
              "bowler": "M Cope",
              "non_striker": "Khalid Ahmadi",
              "runs": {
                "batter": 0,
                "extras": 0,
                "total": 0
              }
            }
          ]
        }
      ],
      "powerplays": [
        {
          "from": 0.1,
          "to": 5.6,
          "type": "mandatory"
        }
      ]
    },
    {
      "team": "Luxembourg",
      "overs": [
        {
          "over": 0,
          "deliveries": [
            {
              "batter": "J Barker",
              "bowler": "Murid Ekrami",
              "non_striker": "S Browne",
              "runs": {
                "batter": 0,
                "extras": 0,
                "total": 0
              }
            },
            {
              "batter": "J Barker",
              "bowler": "Murid Ekrami",
              "non_striker": "S Browne",
              "runs": {
                "batter": 1,
                "extras": 0,
                "total": 1
              }
            },
            {
              "batter": "S Browne",
              "bowler": "Murid Ekrami",
              "non_striker": "J Barker",
              "runs": {
                "batter": 0,
                "extras": 0,
                "total": 0
              }
            },
            {
              "batter": "S Browne",
              "bowler": "Murid Ekrami",
              "non_striker": "J Barker",
              "runs": {
                "batter": 1,
                "extras": 0,
                "total": 1
              }
            },
            {
              "batter": "J Barker",
              "bowler": "Murid Ekrami",
              "non_striker": "S Browne",
              "runs": {
                "batter": 0,
                "extras": 0,
                "total": 0
              }
            },
            {
              "batter": "J Barker",
              "bowler": "Murid Ekrami",
              "non_striker": "S Browne",
              "runs": {
                "batter": 0,
                "extras": 0,
                "total": 0
              }
            }
          ]
        },
        {
          "over": 1,
          "deliveries": [
            {
              "batter": "S Browne",
              "bowler": "Ashiqullah Said",
              "non_striker": "J Barker",
              "runs": {
                "batter": 0,
                "extras": 0,
                "total": 0
              }
            },
            {
              "batter": "S Browne",
              "bowler": "Ashiqullah Said",
              "non_striker": "J Barker",
              "runs": {
                "batter": 0,
                "extras": 0,
                "total": 0
              },
              "wickets": [
                {
                  "player_out": "S Browne",
                  "fielders": [
                    {
                      "name": "Saber Zakhil"
                    }
                  ],
                  "kind": "caught"
                }
              ]
            },
            {
              "batter": "J Barker",
              "bowler": "Ashiqullah Said",
              "non_striker": "J Mees",
              "runs": {
                "batter": 1,
                "extras": 0,
                "total": 1
              }
            },
            {
              "batter": "J Mees",
              "bowler": "Ashiqullah Said",
              "non_striker": "J Barker",
              "runs": {
                "batter": 0,
                "extras": 0,
                "total": 0
              }
            },
            {
              "batter": "J Mees",
              "bowler": "Ashiqullah Said",
              "non_striker": "J Barker",
              "runs": {
                "batter": 4,
                "extras": 0,
                "total": 4
              }
            },
            {
              "batter": "J Mees",
              "bowler": "Ashiqullah Said",
              "non_striker": "J Barker",
              "runs": {
                "batter": 0,
                "extras": 0,
                "total": 0
              }
            }
          ]
        },
        {
          "over": 2,
          "deliveries": [
            {
              "batter": "J Barker",
              "bowler": "Khalid Ahmadi",
              "non_striker": "J Mees",
              "runs": {
                "batter": 1,
                "extras": 0,
                "total": 1
              }
            },
            {
              "batter": "J Mees",
              "bowler": "Khalid Ahmadi",
              "non_striker": "J Barker",
              "runs": {
                "batter": 0,
                "extras": 0,
                "total": 0
              }
            },
            {
              "batter": "J Mees",
              "bowler": "Khalid Ahmadi",
              "non_striker": "J Barker",
              "runs": {
                "batter": 4,
                "extras": 0,
                "total": 4
              }
            },
            {
              "batter": "J Mees",
              "bowler": "Khalid Ahmadi",
              "non_striker": "J Barker",
              "runs": {
                "batter": 1,
                "extras": 0,
                "total": 1
              }
            },
            {
              "batter": "J Barker",
              "bowler": "Khalid Ahmadi",
              "non_striker": "J Mees",
              "runs": {
                "batter": 0,
                "extras": 0,
                "total": 0
              }
            },
            {
              "batter": "J Barker",
              "bowler": "Khalid Ahmadi",
              "extras": {
                "legbyes": 1
              },
              "non_striker": "J Mees",
              "runs": {
                "batter": 0,
                "extras": 1,
                "total": 1
              }
            }
          ]
        },
        {
          "over": 3,
          "deliveries": [
            {
              "batter": "J Barker",
              "bowler": "Ashiqullah Said",
              "extras": {
                "legbyes": 1
              },
              "non_striker": "J Mees",
              "runs": {
                "batter": 0,
                "extras": 1,
                "total": 1
              }
            },
            {
              "batter": "J Mees",
              "bowler": "Ashiqullah Said",
              "non_striker": "J Barker",
              "runs": {
                "batter": 4,
                "extras": 0,
                "total": 4
              }
            },
            {
              "batter": "J Mees",
              "bowler": "Ashiqullah Said",
              "non_striker": "J Barker",
              "runs": {
                "batter": 0,
                "extras": 0,
                "total": 0
              }
            },
            {
              "batter": "J Mees",
              "bowler": "Ashiqullah Said",
              "non_striker": "J Barker",
              "runs": {
                "batter": 1,
                "extras": 0,
                "total": 1
              }
            },
            {
              "batter": "J Barker",
              "bowler": "Ashiqullah Said",
              "non_striker": "J Mees",
              "runs": {
                "batter": 0,
                "extras": 0,
                "total": 0
              }
            },
            {
              "batter": "J Barker",
              "bowler": "Ashiqullah Said",
              "non_striker": "J Mees",
              "runs": {
                "batter": 1,
                "extras": 0,
                "total": 1
              }
            }
          ]
        },
        {
          "over": 4,
          "deliveries": [
            {
              "batter": "J Barker",
              "bowler": "Khalid Ahmadi",
              "non_striker": "J Mees",
              "runs": {
                "batter": 0,
                "extras": 0,
                "total": 0
              }
            },
            {
              "batter": "J Barker",
              "bowler": "Khalid Ahmadi",
              "non_striker": "J Mees",
              "runs": {
                "batter": 1,
                "extras": 0,
                "total": 1
              }
            },
            {
              "batter": "J Mees",
              "bowler": "Khalid Ahmadi",
              "non_striker": "J Barker",
              "runs": {
                "batter": 0,
                "extras": 0,
                "total": 0
              }
            },
            {
              "batter": "J Mees",
              "bowler": "Khalid Ahmadi",
              "non_striker": "J Barker",
              "runs": {
                "batter": 2,
                "extras": 0,
                "total": 2
              }
            },
            {
              "batter": "J Mees",
              "bowler": "Khalid Ahmadi",
              "non_striker": "J Barker",
              "runs": {
                "batter": 0,
                "extras": 0,
                "total": 0
              }
            },
            {
              "batter": "J Mees",
              "bowler": "Khalid Ahmadi",
              "non_striker": "J Barker",
              "runs": {
                "batter": 0,
                "extras": 0,
                "total": 0
              },
              "wickets": [
                {
                  "player_out": "J Mees",
                  "fielders": [
                    {
                      "name": "S Jamil"
                    }
                  ],
                  "kind": "caught"
                }
              ]
            }
          ]
        },
        {
          "over": 5,
          "deliveries": [
            {
              "batter": "J Barker",
              "bowler": "Ashiqullah Said",
              "non_striker": "V Vijh",
              "runs": {
                "batter": 0,
                "extras": 0,
                "total": 0
              }
            },
            {
              "batter": "J Barker",
              "bowler": "Ashiqullah Said",
              "non_striker": "V Vijh",
              "runs": {
                "batter": 0,
                "extras": 0,
                "total": 0
              },
              "wickets": [
                {
                  "player_out": "J Barker",
                  "kind": "bowled"
                }
              ]
            },
            {
              "batter": "T Whiteman",
              "bowler": "Ashiqullah Said",
              "non_striker": "V Vijh",
              "runs": {
                "batter": 0,
                "extras": 0,
                "total": 0
              }
            },
            {
              "batter": "T Whiteman",
              "bowler": "Ashiqullah Said",
              "non_striker": "V Vijh",
              "runs": {
                "batter": 0,
                "extras": 0,
                "total": 0
              }
            },
            {
              "batter": "T Whiteman",
              "bowler": "Ashiqullah Said",
              "non_striker": "V Vijh",
              "runs": {
                "batter": 4,
                "extras": 0,
                "total": 4
              }
            },
            {
              "batter": "T Whiteman",
              "bowler": "Ashiqullah Said",
              "extras": {
                "wides": 1
              },
              "non_striker": "V Vijh",
              "runs": {
                "batter": 0,
                "extras": 1,
                "total": 1
              }
            },
            {
              "batter": "T Whiteman",
              "bowler": "Ashiqullah Said",
              "non_striker": "V Vijh",
              "runs": {
                "batter": 0,
                "extras": 0,
                "total": 0
              }
            }
          ]
        },
        {
          "over": 6,
          "deliveries": [
            {
              "batter": "V Vijh",
              "bowler": "Saber Zakhil",
              "non_striker": "T Whiteman",
              "runs": {
                "batter": 0,
                "extras": 0,
                "total": 0
              }
            },
            {
              "batter": "V Vijh",
              "bowler": "Saber Zakhil",
              "non_striker": "T Whiteman",
              "runs": {
                "batter": 1,
                "extras": 0,
                "total": 1
              }
            },
            {
              "batter": "T Whiteman",
              "bowler": "Saber Zakhil",
              "non_striker": "V Vijh",
              "runs": {
                "batter": 0,
                "extras": 0,
                "total": 0
              }
            },
            {
              "batter": "T Whiteman",
              "bowler": "Saber Zakhil",
              "non_striker": "V Vijh",
              "runs": {
                "batter": 2,
                "extras": 0,
                "total": 2
              }
            },
            {
              "batter": "T Whiteman",
              "bowler": "Saber Zakhil",
              "non_striker": "V Vijh",
              "runs": {
                "batter": 4,
                "extras": 0,
                "total": 4
              }
            },
            {
              "batter": "T Whiteman",
              "bowler": "Saber Zakhil",
              "extras": {
                "wides": 1
              },
              "non_striker": "V Vijh",
              "runs": {
                "batter": 0,
                "extras": 1,
                "total": 1
              }
            },
            {
              "batter": "T Whiteman",
              "bowler": "Saber Zakhil",
              "non_striker": "V Vijh",
              "runs": {
                "batter": 4,
                "extras": 0,
                "total": 4
              }
            }
          ]
        },
        {
          "over": 7,
          "deliveries": [
            {
              "batter": "V Vijh",
              "bowler": "NSK Mehta",
              "non_striker": "T Whiteman",
              "runs": {
                "batter": 0,
                "extras": 0,
                "total": 0
              }
            },
            {
              "batter": "V Vijh",
              "bowler": "NSK Mehta",
              "non_striker": "T Whiteman",
              "runs": {
                "batter": 1,
                "extras": 0,
                "total": 1
              }
            },
            {
              "batter": "T Whiteman",
              "bowler": "NSK Mehta",
              "non_striker": "V Vijh",
              "runs": {
                "batter": 1,
                "extras": 0,
                "total": 1
              }
            },
            {
              "batter": "V Vijh",
              "bowler": "NSK Mehta",
              "non_striker": "T Whiteman",
              "runs": {
                "batter": 0,
                "extras": 0,
                "total": 0
              }
            },
            {
              "batter": "V Vijh",
              "bowler": "NSK Mehta",
              "non_striker": "T Whiteman",
              "runs": {
                "batter": 1,
                "extras": 0,
                "total": 1
              }
            },
            {
              "batter": "T Whiteman",
              "bowler": "NSK Mehta",
              "non_striker": "V Vijh",
              "runs": {
                "batter": 4,
                "extras": 0,
                "total": 4
              }
            }
          ]
        },
        {
          "over": 8,
          "deliveries": [
            {
              "batter": "V Vijh",
              "bowler": "Murid Ekrami",
              "non_striker": "T Whiteman",
              "runs": {
                "batter": 0,
                "extras": 0,
                "total": 0
              },
              "wickets": [
                {
                  "player_out": "V Vijh",
                  "fielders": [
                    {
                      "name": "Mamoon Latif"
                    }
                  ],
                  "kind": "caught"
                }
              ]
            },
            {
              "batter": "S Kushretha",
              "bowler": "Murid Ekrami",
              "non_striker": "T Whiteman",
              "runs": {
                "batter": 2,
                "extras": 0,
                "total": 2
              }
            },
            {
              "batter": "S Kushretha",
              "bowler": "Murid Ekrami",
              "non_striker": "T Whiteman",
              "runs": {
                "batter": 1,
                "extras": 0,
                "total": 1
              }
            },
            {
              "batter": "T Whiteman",
              "bowler": "Murid Ekrami",
              "non_striker": "S Kushretha",
              "runs": {
                "batter": 1,
                "extras": 0,
                "total": 1
              }
            },
            {
              "batter": "S Kushretha",
              "bowler": "Murid Ekrami",
              "non_striker": "T Whiteman",
              "runs": {
                "batter": 0,
                "extras": 0,
                "total": 0
              }
            },
            {
              "batter": "S Kushretha",
              "bowler": "Murid Ekrami",
              "non_striker": "T Whiteman",
              "runs": {
                "batter": 0,
                "extras": 0,
                "total": 0
              }
            }
          ]
        },
        {
          "over": 9,
          "deliveries": [
            {
              "batter": "T Whiteman",
              "bowler": "NSK Mehta",
              "non_striker": "S Kushretha",
              "runs": {
                "batter": 1,
                "extras": 0,
                "total": 1
              }
            },
            {
              "batter": "S Kushretha",
              "bowler": "NSK Mehta",
              "non_striker": "T Whiteman",
              "runs": {
                "batter": 2,
                "extras": 0,
                "total": 2
              }
            },
            {
              "batter": "S Kushretha",
              "bowler": "NSK Mehta",
              "non_striker": "T Whiteman",
              "runs": {
                "batter": 1,
                "extras": 0,
                "total": 1
              }
            },
            {
              "batter": "T Whiteman",
              "bowler": "NSK Mehta",
              "non_striker": "S Kushretha",
              "runs": {
                "batter": 1,
                "extras": 0,
                "total": 1
              }
            },
            {
              "batter": "S Kushretha",
              "bowler": "NSK Mehta",
              "extras": {
                "noballs": 1
              },
              "non_striker": "T Whiteman",
              "runs": {
                "batter": 0,
                "extras": 1,
                "total": 1
              }
            },
            {
              "batter": "S Kushretha",
              "bowler": "NSK Mehta",
              "non_striker": "T Whiteman",
              "runs": {
                "batter": 2,
                "extras": 0,
                "total": 2
              }
            },
            {
              "batter": "S Kushretha",
              "bowler": "NSK Mehta",
              "non_striker": "T Whiteman",
              "runs": {
                "batter": 1,
                "extras": 0,
                "total": 1
              }
            }
          ]
        },
        {
          "over": 10,
          "deliveries": [
            {
              "batter": "S Kushretha",
              "bowler": "Murid Ekrami",
              "extras": {
                "wides": 1
              },
              "non_striker": "T Whiteman",
              "runs": {
                "batter": 0,
                "extras": 1,
                "total": 1
              }
            },
            {
              "batter": "S Kushretha",
              "bowler": "Murid Ekrami",
              "non_striker": "T Whiteman",
              "runs": {
                "batter": 0,
                "extras": 0,
                "total": 0
              }
            },
            {
              "batter": "S Kushretha",
              "bowler": "Murid Ekrami",
              "non_striker": "T Whiteman",
              "runs": {
                "batter": 5,
                "extras": 0,
                "total": 5
              }
            },
            {
              "batter": "T Whiteman",
              "bowler": "Murid Ekrami",
              "non_striker": "S Kushretha",
              "runs": {
                "batter": 1,
                "extras": 0,
                "total": 1
              }
            },
            {
              "batter": "S Kushretha",
              "bowler": "Murid Ekrami",
              "non_striker": "T Whiteman",
              "runs": {
                "batter": 4,
                "extras": 0,
                "total": 4
              }
            },
            {
              "batter": "S Kushretha",
              "bowler": "Murid Ekrami",
              "non_striker": "T Whiteman",
              "runs": {
                "batter": 0,
                "extras": 0,
                "total": 0
              }
            },
            {
              "batter": "S Kushretha",
              "bowler": "Murid Ekrami",
              "non_striker": "T Whiteman",
              "runs": {
                "batter": 0,
                "extras": 0,
                "total": 0
              }
            }
          ]
        },
        {
          "over": 11,
          "deliveries": [
            {
              "batter": "T Whiteman",
              "bowler": "NSK Mehta",
              "non_striker": "S Kushretha",
              "runs": {
                "batter": 2,
                "extras": 0,
                "total": 2
              }
            },
            {
              "batter": "T Whiteman",
              "bowler": "NSK Mehta",
              "non_striker": "S Kushretha",
              "runs": {
                "batter": 0,
                "extras": 0,
                "total": 0
              }
            },
            {
              "batter": "T Whiteman",
              "bowler": "NSK Mehta",
              "non_striker": "S Kushretha",
              "runs": {
                "batter": 1,
                "extras": 0,
                "total": 1
              }
            },
            {
              "batter": "S Kushretha",
              "bowler": "NSK Mehta",
              "non_striker": "T Whiteman",
              "runs": {
                "batter": 1,
                "extras": 0,
                "total": 1
              }
            },
            {
              "batter": "T Whiteman",
              "bowler": "NSK Mehta",
              "non_striker": "S Kushretha",
              "runs": {
                "batter": 1,
                "extras": 0,
                "total": 1
              }
            },
            {
              "batter": "S Kushretha",
              "bowler": "NSK Mehta",
              "non_striker": "T Whiteman",
              "runs": {
                "batter": 1,
                "extras": 0,
                "total": 1
              }
            }
          ]
        },
        {
          "over": 12,
          "deliveries": [
            {
              "batter": "S Kushretha",
              "bowler": "Saber Zakhil",
              "non_striker": "T Whiteman",
              "runs": {
                "batter": 0,
                "extras": 0,
                "total": 0
              }
            },
            {
              "batter": "S Kushretha",
              "bowler": "Saber Zakhil",
              "non_striker": "T Whiteman",
              "runs": {
                "batter": 0,
                "extras": 0,
                "total": 0
              }
            },
            {
              "batter": "S Kushretha",
              "bowler": "Saber Zakhil",
              "non_striker": "T Whiteman",
              "runs": {
                "batter": 0,
                "extras": 0,
                "total": 0
              }
            },
            {
              "batter": "S Kushretha",
              "bowler": "Saber Zakhil",
              "non_striker": "T Whiteman",
              "runs": {
                "batter": 0,
                "extras": 0,
                "total": 0
              }
            },
            {
              "batter": "S Kushretha",
              "bowler": "Saber Zakhil",
              "non_striker": "T Whiteman",
              "runs": {
                "batter": 1,
                "extras": 0,
                "total": 1
              }
            },
            {
              "batter": "T Whiteman",
              "bowler": "Saber Zakhil",
              "non_striker": "S Kushretha",
              "runs": {
                "batter": 1,
                "extras": 0,
                "total": 1
              }
            }
          ]
        },
        {
          "over": 13,
          "deliveries": [
            {
              "batter": "T Whiteman",
              "bowler": "NSK Mehta",
              "non_striker": "S Kushretha",
              "runs": {
                "batter": 4,
                "extras": 0,
                "total": 4
              }
            },
            {
              "batter": "T Whiteman",
              "bowler": "NSK Mehta",
              "non_striker": "S Kushretha",
              "runs": {
                "batter": 4,
                "extras": 0,
                "total": 4
              }
            },
            {
              "batter": "T Whiteman",
              "bowler": "NSK Mehta",
              "non_striker": "S Kushretha",
              "runs": {
                "batter": 0,
                "extras": 0,
                "total": 0
              },
              "wickets": [
                {
                  "player_out": "T Whiteman",
                  "fielders": [
                    {
                      "name": "Saber Zakhil"
                    }
                  ],
                  "kind": "caught"
                }
              ]
            },
            {
              "batter": "S Kushretha",
              "bowler": "NSK Mehta",
              "non_striker": "R Heyns",
              "runs": {
                "batter": 1,
                "extras": 0,
                "total": 1
              }
            },
            {
              "batter": "R Heyns",
              "bowler": "NSK Mehta",
              "non_striker": "S Kushretha",
              "runs": {
                "batter": 0,
                "extras": 0,
                "total": 0
              }
            },
            {
              "batter": "R Heyns",
              "bowler": "NSK Mehta",
              "non_striker": "S Kushretha",
              "runs": {
                "batter": 0,
                "extras": 0,
                "total": 0
              }
            }
          ]
        },
        {
          "over": 14,
          "deliveries": [
            {
              "batter": "S Kushretha",
              "bowler": "Saber Zakhil",
              "non_striker": "R Heyns",
              "runs": {
                "batter": 1,
                "extras": 0,
                "total": 1
              }
            },
            {
              "batter": "R Heyns",
              "bowler": "Saber Zakhil",
              "non_striker": "S Kushretha",
              "runs": {
                "batter": 0,
                "extras": 0,
                "total": 0
              }
            },
            {
              "batter": "R Heyns",
              "bowler": "Saber Zakhil",
              "non_striker": "S Kushretha",
              "runs": {
                "batter": 0,
                "extras": 0,
                "total": 0
              }
            },
            {
              "batter": "R Heyns",
              "bowler": "Saber Zakhil",
              "non_striker": "S Kushretha",
              "runs": {
                "batter": 0,
                "extras": 0,
                "total": 0
              }
            },
            {
              "batter": "R Heyns",
              "bowler": "Saber Zakhil",
              "non_striker": "S Kushretha",
              "runs": {
                "batter": 4,
                "extras": 0,
                "total": 4
              }
            },
            {
              "batter": "R Heyns",
              "bowler": "Saber Zakhil",
              "non_striker": "S Kushretha",
              "runs": {
                "batter": 0,
                "extras": 0,
                "total": 0
              }
            }
          ]
        },
        {
          "over": 15,
          "deliveries": [
            {
              "batter": "S Kushretha",
              "bowler": "Murid Ekrami",
              "non_striker": "R Heyns",
              "runs": {
                "batter": 1,
                "extras": 0,
                "total": 1
              }
            },
            {
              "batter": "R Heyns",
              "bowler": "Murid Ekrami",
              "non_striker": "S Kushretha",
              "runs": {
                "batter": 1,
                "extras": 0,
                "total": 1
              }
            },
            {
              "batter": "S Kushretha",
              "bowler": "Murid Ekrami",
              "non_striker": "R Heyns",
              "runs": {
                "batter": 0,
                "extras": 0,
                "total": 0
              }
            },
            {
              "batter": "S Kushretha",
              "bowler": "Murid Ekrami",
              "extras": {
                "byes": 1
              },
              "non_striker": "R Heyns",
              "runs": {
                "batter": 0,
                "extras": 1,
                "total": 1
              }
            },
            {
              "batter": "R Heyns",
              "bowler": "Murid Ekrami",
              "non_striker": "S Kushretha",
              "runs": {
                "batter": 6,
                "extras": 0,
                "total": 6
              }
            },
            {
              "batter": "R Heyns",
              "bowler": "Murid Ekrami",
              "non_striker": "S Kushretha",
              "runs": {
                "batter": 0,
                "extras": 0,
                "total": 0
              }
            }
          ]
        },
        {
          "over": 16,
          "deliveries": [
            {
              "batter": "S Kushretha",
              "bowler": "Saber Zakhil",
              "non_striker": "R Heyns",
              "runs": {
                "batter": 4,
                "extras": 0,
                "total": 4
              }
            },
            {
              "batter": "S Kushretha",
              "bowler": "Saber Zakhil",
              "non_striker": "R Heyns",
              "runs": {
                "batter": 0,
                "extras": 0,
                "total": 0
              },
              "wickets": [
                {
                  "player_out": "S Kushretha",
                  "kind": "bowled"
                }
              ]
            },
            {
              "batter": "M Dixit",
              "bowler": "Saber Zakhil",
              "non_striker": "R Heyns",
              "runs": {
                "batter": 1,
                "extras": 0,
                "total": 1
              }
            },
            {
              "batter": "R Heyns",
              "bowler": "Saber Zakhil",
              "extras": {
                "wides": 1
              },
              "non_striker": "M Dixit",
              "runs": {
                "batter": 0,
                "extras": 1,
                "total": 1
              }
            },
            {
              "batter": "R Heyns",
              "bowler": "Saber Zakhil",
              "non_striker": "M Dixit",
              "runs": {
                "batter": 4,
                "extras": 0,
                "total": 4
              }
            },
            {
              "batter": "R Heyns",
              "bowler": "Saber Zakhil",
              "non_striker": "M Dixit",
              "runs": {
                "batter": 0,
                "extras": 0,
                "total": 0
              }
            },
            {
              "batter": "R Heyns",
              "bowler": "Saber Zakhil",
              "non_striker": "M Dixit",
              "runs": {
                "batter": 4,
                "extras": 0,
                "total": 4
              }
            }
          ]
        },
        {
          "over": 17,
          "deliveries": [
            {
              "batter": "M Dixit",
              "bowler": "Khalid Ahmadi",
              "non_striker": "R Heyns",
              "runs": {
                "batter": 1,
                "extras": 0,
                "total": 1
              }
            },
            {
              "batter": "R Heyns",
              "bowler": "Khalid Ahmadi",
              "extras": {
                "wides": 1
              },
              "non_striker": "M Dixit",
              "runs": {
                "batter": 0,
                "extras": 1,
                "total": 1
              }
            },
            {
              "batter": "R Heyns",
              "bowler": "Khalid Ahmadi",
              "non_striker": "M Dixit",
              "runs": {
                "batter": 0,
                "extras": 0,
                "total": 0
              }
            },
            {
              "batter": "R Heyns",
              "bowler": "Khalid Ahmadi",
              "non_striker": "M Dixit",
              "runs": {
                "batter": 1,
                "extras": 0,
                "total": 1
              }
            },
            {
              "batter": "M Dixit",
              "bowler": "Khalid Ahmadi",
              "non_striker": "R Heyns",
              "runs": {
                "batter": 0,
                "extras": 0,
                "total": 0
              },
              "wickets": [
                {
                  "player_out": "M Dixit",
                  "fielders": [
                    {
                      "name": "Mamoon Latif"
                    }
                  ],
                  "kind": "caught"
                }
              ]
            },
            {
              "batter": "R Heyns",
              "bowler": "Khalid Ahmadi",
              "non_striker": "WJ Cope",
              "runs": {
                "batter": 0,
                "extras": 0,
                "total": 0
              },
              "wickets": [
                {
                  "player_out": "R Heyns",
                  "fielders": [
                    {
                      "name": "S Jamil"
                    }
                  ],
                  "kind": "caught"
                }
              ]
            },
            {
              "batter": "M Cope",
              "bowler": "Khalid Ahmadi",
              "non_striker": "WJ Cope",
              "runs": {
                "batter": 0,
                "extras": 0,
                "total": 0
              }
            }
          ]
        },
        {
          "over": 18,
          "deliveries": [
            {
              "batter": "WJ Cope",
              "bowler": "Ashiqullah Said",
              "non_striker": "M Cope",
              "runs": {
                "batter": 1,
                "extras": 0,
                "total": 1
              }
            },
            {
              "batter": "M Cope",
              "bowler": "Ashiqullah Said",
              "non_striker": "WJ Cope",
              "runs": {
                "batter": 4,
                "extras": 0,
                "total": 4
              }
            },
            {
              "batter": "M Cope",
              "bowler": "Ashiqullah Said",
              "non_striker": "WJ Cope",
              "runs": {
                "batter": 0,
                "extras": 0,
                "total": 0
              }
            },
            {
              "batter": "M Cope",
              "bowler": "Ashiqullah Said",
              "non_striker": "WJ Cope",
              "runs": {
                "batter": 0,
                "extras": 0,
                "total": 0
              }
            },
            {
              "batter": "M Cope",
              "bowler": "Ashiqullah Said",
              "non_striker": "WJ Cope",
              "runs": {
                "batter": 0,
                "extras": 0,
                "total": 0
              }
            },
            {
              "batter": "M Cope",
              "bowler": "Ashiqullah Said",
              "non_striker": "WJ Cope",
              "runs": {
                "batter": 1,
                "extras": 0,
                "total": 1
              }
            }
          ]
        },
        {
          "over": 19,
          "deliveries": [
            {
              "batter": "M Cope",
              "bowler": "Khalid Ahmadi",
              "non_striker": "WJ Cope",
              "runs": {
                "batter": 0,
                "extras": 0,
                "total": 0
              }
            },
            {
              "batter": "M Cope",
              "bowler": "Khalid Ahmadi",
              "non_striker": "WJ Cope",
              "runs": {
                "batter": 0,
                "extras": 0,
                "total": 0
              }
            },
            {
              "batter": "M Cope",
              "bowler": "Khalid Ahmadi",
              "non_striker": "WJ Cope",
              "runs": {
                "batter": 0,
                "extras": 0,
                "total": 0
              }
            },
            {
              "batter": "M Cope",
              "bowler": "Khalid Ahmadi",
              "non_striker": "WJ Cope",
              "runs": {
                "batter": 1,
                "extras": 0,
                "total": 1
              }
            },
            {
              "batter": "WJ Cope",
              "bowler": "Khalid Ahmadi",
              "non_striker": "M Cope",
              "runs": {
                "batter": 1,
                "extras": 0,
                "total": 1
              }
            },
            {
              "batter": "M Cope",
              "bowler": "Khalid Ahmadi",
              "non_striker": "WJ Cope",
              "runs": {
                "batter": 0,
                "extras": 0,
                "total": 0
              }
            }
          ]
        }
      ],
      "powerplays": [
        {
          "from": 0.1,
          "to": 5.7,
          "type": "mandatory"
        }
      ],
      "target": {
        "overs": 20,
        "runs": 166
      }
    }
  ]
}