{
  "meta": {
    "data_version": "1.0.0",
    "created": "2020-08-22",
    "revision": 1
  },
  "info": {
    "balls_per_over": 6,
    "city": "St Peter Port",
    "dates": [
      "2020-08-21"
    ],
    "event": {
      "name": "Isle of Man tour of Guernsey"
    },
    "gender": "male",
    "match_type": "T20",
    "match_type_number": 1085,
    "officials": {
      "umpires": [
        "C Brooks",
        "M Savage"
      ]
    },
    "outcome": {
      "winner": "Guernsey",
      "by": {
        "wickets": 8
      }
    },
    "overs": 20,
    "player_of_match": [
      "IDA Damarell"
    ],
    "players": {
      "Isle of Man": [
        "A McAuley",
        "N Knights",
        "OJ Webster",
        "G Burrows",
        "C Hartmann",
        "MJ Ansell",
        "CJ Langford",
        "JA Burrows",
        "S Mills",
        "C Liebenberg",
        "J Butler"
      ],
      "Guernsey": [
        "LC Le Tissier",
        "IDA Damarell",
        "J Butler",
        "LB Ferbrache",
        "JC Martin",
        "LJ Barker",
        "LT Bichard",
        "ACF Stokes",
        "M Breban",
        "T Nightingale",
        "W Peatfield"
      ]
    },
    "registry": {
      "people": {
        "A McAuley": "39e599c8",
        "ACF Stokes": "7f74b21d",
        "C Brooks": "53e855df",
        "C Hartmann": "467c28f9",
        "C Liebenberg": "83f0b848",
        "CJ Langford": "3967b66f",
        "G Burrows": "8bee668b",
        "IDA Damarell": "580ae7f2",
        "J Butler": "efcb778e",
        "JA Burrows": "dba54d8e",
        "JC Martin": "63f3e7f2",
        "LB Ferbrache": "0f72f582",
        "LC Le Tissier": "c471750e",
        "LJ Barker": "da1f80f8",
        "LT Bichard": "dfcdb11e",
        "M Breban": "52a0b3ed",
        "M Savage": "35cdede8",
        "MJ Ansell": "6e60a792",
        "N Knights": "b0aadf4f",
        "OJ Webster": "a69e2964",
        "S Mills": "86ac0262",
        "T Nightingale": "51a125b3",
        "W Peatfield": "609d6c7c"
      }
    },
    "season": "2020",
    "team_type": "international",
    "teams": [
      "Isle of Man",
      "Guernsey"
    ],
    "toss": {
      "decision": "bat",
      "winner": "Isle of Man"
    },
    "venue": "College Field"
  },
  "innings": [
    {
      "team": "Isle of Man",
      "overs": [
        {
          "over": 0,
          "deliveries": [
            {
              "batter": "A McAuley",
              "bowler": "ACF Stokes",
              "non_striker": "N Knights",
              "runs": {
                "batter": 0,
                "extras": 0,
                "total": 0
              }
            },
            {
              "batter": "A McAuley",
              "bowler": "ACF Stokes",
              "non_striker": "N Knights",
              "runs": {
                "batter": 1,
                "extras": 0,
                "total": 1
              }
            },
            {
              "batter": "N Knights",
              "bowler": "ACF Stokes",
              "non_striker": "A McAuley",
              "runs": {
                "batter": 0,
                "extras": 0,
                "total": 0
              }
            },
            {
              "batter": "N Knights",
              "bowler": "ACF Stokes",
              "non_striker": "A McAuley",
              "runs": {
                "batter": 0,
                "extras": 0,
                "total": 0
              }
            },
            {
              "batter": "N Knights",
              "bowler": "ACF Stokes",
              "non_striker": "A McAuley",
              "runs": {
                "batter": 4,
                "extras": 0,
                "total": 4
              }
            },
            {
              "batter": "N Knights",
              "bowler": "ACF Stokes",
              "non_striker": "A McAuley",
              "runs": {
                "batter": 0,
                "extras": 0,
                "total": 0
              }
            }
          ]
        },
        {
          "over": 1,
          "deliveries": [
            {
              "batter": "A McAuley",
              "bowler": "W Peatfield",
              "non_striker": "N Knights",
              "runs": {
                "batter": 0,
                "extras": 0,
                "total": 0
              }
            },
            {
              "batter": "A McAuley",
              "bowler": "W Peatfield",
              "non_striker": "N Knights",
              "runs": {
                "batter": 1,
                "extras": 0,
                "total": 1
              }
            },
            {
              "batter": "N Knights",
              "bowler": "W Peatfield",
              "non_striker": "A McAuley",
              "runs": {
                "batter": 4,
                "extras": 0,
                "total": 4
              }
            },
            {
              "batter": "N Knights",
              "bowler": "W Peatfield",
              "non_striker": "A McAuley",
              "runs": {
                "batter": 0,
                "extras": 0,
                "total": 0
              }
            },
            {
              "batter": "N Knights",
              "bowler": "W Peatfield",
              "non_striker": "A McAuley",
              "runs": {
                "batter": 1,
                "extras": 0,
                "total": 1
              }
            },
            {
              "batter": "A McAuley",
              "bowler": "W Peatfield",
              "non_striker": "N Knights",
              "runs": {
                "batter": 0,
                "extras": 0,
                "total": 0
              }
            }
          ]
        },
        {
          "over": 2,
          "deliveries": [
            {
              "batter": "N Knights",
              "bowler": "M Breban",
              "non_striker": "A McAuley",
              "runs": {
                "batter": 0,
                "extras": 0,
                "total": 0
              }
            },
            {
              "batter": "N Knights",
              "bowler": "M Breban",
              "non_striker": "A McAuley",
              "runs": {
                "batter": 0,
                "extras": 0,
                "total": 0
              },
              "wickets": [
                {
                  "player_out": "N Knights",
                  "fielders": [
                    {
                      "name": "LB Ferbrache"
                    }
                  ],
                  "kind": "caught"
                }
              ]
            },
            {
              "batter": "A McAuley",
              "bowler": "M Breban",
              "non_striker": "OJ Webster",
              "runs": {
                "batter": 0,
                "extras": 0,
                "total": 0
              }
            },
            {
              "batter": "A McAuley",
              "bowler": "M Breban",
              "non_striker": "OJ Webster",
              "runs": {
                "batter": 4,
                "extras": 0,
                "total": 4
              }
            },
            {
              "batter": "A McAuley",
              "bowler": "M Breban",
              "non_striker": "OJ Webster",
              "runs": {
                "batter": 4,
                "extras": 0,
                "total": 4
              }
            },
            {
              "batter": "A McAuley",
              "bowler": "M Breban",
              "non_striker": "OJ Webster",
              "runs": {
                "batter": 0,
                "extras": 0,
                "total": 0
              }
            }
          ]
        },
        {
          "over": 3,
          "deliveries": [
            {
              "batter": "OJ Webster",
              "bowler": "W Peatfield",
              "non_striker": "A McAuley",
              "runs": {
                "batter": 0,
                "extras": 0,
                "total": 0
              }
            },
            {
              "batter": "OJ Webster",
              "bowler": "W Peatfield",
              "extras": {
                "wides": 1
              },
              "non_striker": "A McAuley",
              "runs": {
                "batter": 0,
                "extras": 1,
                "total": 1
              }
            },
            {
              "batter": "OJ Webster",
              "bowler": "W Peatfield",
              "non_striker": "A McAuley",
              "runs": {
                "batter": 4,
                "extras": 0,
                "total": 4
              }
            },
            {
              "batter": "OJ Webster",
              "bowler": "W Peatfield",
              "non_striker": "A McAuley",
              "runs": {
                "batter": 0,
                "extras": 0,
                "total": 0
              }
            },
            {
              "batter": "OJ Webster",
              "bowler": "W Peatfield",
              "non_striker": "A McAuley",
              "runs": {
                "batter": 1,
                "extras": 0,
                "total": 1
              }
            },
            {
              "batter": "A McAuley",
              "bowler": "W Peatfield",
              "non_striker": "OJ Webster",
              "runs": {
                "batter": 1,
                "extras": 0,
                "total": 1
              }
            },
            {
              "batter": "OJ Webster",
              "bowler": "W Peatfield",
              "non_striker": "A McAuley",
              "runs": {
                "batter": 0,
                "extras": 0,
                "total": 0
              }
            }
          ]
        },
        {
          "over": 4,
          "deliveries": [
            {
              "batter": "A McAuley",
              "bowler": "M Breban",
              "non_striker": "OJ Webster",
              "runs": {
                "batter": 0,
                "extras": 0,
                "total": 0
              }
            },
            {
              "batter": "A McAuley",
              "bowler": "M Breban",
              "non_striker": "OJ Webster",
              "runs": {
                "batter": 1,
                "extras": 0,
                "total": 1
              }
            },
            {
              "batter": "OJ Webster",
              "bowler": "M Breban",
              "non_striker": "A McAuley",
              "runs": {
                "batter": 0,
                "extras": 0,
                "total": 0
              }
            },
            {
              "batter": "OJ Webster",
              "bowler": "M Breban",
              "non_striker": "A McAuley",
              "runs": {
                "batter": 0,
                "extras": 0,
                "total": 0
              },
              "wickets": [
                {
                  "player_out": "OJ Webster",
                  "fielders": [
                    {
                      "name": "T Nightingale"
                    }
                  ],
                  "kind": "caught"
                }
              ]
            },
            {
              "batter": "A McAuley",
              "bowler": "M Breban",
              "non_striker": "G Burrows",
              "runs": {
                "batter": 1,
                "extras": 0,
                "total": 1
              }
            },
            {
              "batter": "G Burrows",
              "bowler": "M Breban",
              "non_striker": "A McAuley",
              "runs": {
                "batter": 0,
                "extras": 0,
                "total": 0
              }
            }
          ]
        },
        {
          "over": 5,
          "deliveries": [
            {
              "batter": "A McAuley",
              "bowler": "LT Bichard",
              "non_striker": "G Burrows",
              "runs": {
                "batter": 1,
                "extras": 0,
                "total": 1
              }
            },
            {
              "batter": "G Burrows",
              "bowler": "LT Bichard",
              "non_striker": "A McAuley",
              "runs": {
                "batter": 1,
                "extras": 0,
                "total": 1
              }
            },
            {
              "batter": "A McAuley",
              "bowler": "LT Bichard",
              "non_striker": "G Burrows",
              "runs": {
                "batter": 0,
                "extras": 0,
                "total": 0
              }
            },
            {
              "batter": "A McAuley",
              "bowler": "LT Bichard",
              "non_striker": "G Burrows",
              "runs": {
                "batter": 4,
                "extras": 0,
                "total": 4
              }
            },
            {
              "batter": "A McAuley",
              "bowler": "LT Bichard",
              "non_striker": "G Burrows",
              "runs": {
                "batter": 0,
                "extras": 0,
                "total": 0
              }
            },
            {
              "batter": "A McAuley",
              "bowler": "LT Bichard",
              "non_striker": "G Burrows",
              "runs": {
                "batter": 1,
                "extras": 0,
                "total": 1
              }
            }
          ]
        },
        {
          "over": 6,
          "deliveries": [
            {
              "batter": "A McAuley",
              "bowler": "LC Le Tissier",
              "extras": {
                "wides": 1
              },
              "non_striker": "G Burrows",
              "runs": {
                "batter": 0,
                "extras": 1,
                "total": 1
              }
            },
            {
              "batter": "A McAuley",
              "bowler": "LC Le Tissier",
              "non_striker": "G Burrows",
              "runs": {
                "batter": 1,
                "extras": 0,
                "total": 1
              }
            },
            {
              "batter": "G Burrows",
              "bowler": "LC Le Tissier",
              "non_striker": "A McAuley",
              "runs": {
                "batter": 0,
                "extras": 0,
                "total": 0
              }
            },
            {
              "batter": "G Burrows",
              "bowler": "LC Le Tissier",
              "non_striker": "A McAuley",
              "runs": {
                "batter": 1,
                "extras": 0,
                "total": 1
              }
            },
            {
              "batter": "A McAuley",
              "bowler": "LC Le Tissier",
              "non_striker": "G Burrows",
              "runs": {
                "batter": 0,
                "extras": 0,
                "total": 0
              }
            },
            {
              "batter": "A McAuley",
              "bowler": "LC Le Tissier",
              "non_striker": "G Burrows",
              "runs": {
                "batter": 1,
                "extras": 0,
                "total": 1
              }
            },
            {
              "batter": "G Burrows",
              "bowler": "LC Le Tissier",
              "non_striker": "A McAuley",
              "runs": {
                "batter": 4,
                "extras": 0,
                "total": 4
              }
            }
          ]
        },
        {
          "over": 7,
          "deliveries": [
            {
              "batter": "A McAuley",
              "bowler": "LT Bichard",
              "non_striker": "G Burrows",
              "runs": {
                "batter": 1,
                "extras": 0,
                "total": 1
              }
            },
            {
              "batter": "G Burrows",
              "bowler": "LT Bichard",
              "non_striker": "A McAuley",
              "runs": {
                "batter": 1,
                "extras": 0,
                "total": 1
              }
            },
            {
              "batter": "A McAuley",
              "bowler": "LT Bichard",
              "non_striker": "G Burrows",
              "runs": {
                "batter": 1,
                "extras": 0,
                "total": 1
              }
            },
            {
              "batter": "G Burrows",
              "bowler": "LT Bichard",
              "non_striker": "A McAuley",
              "runs": {
                "batter": 0,
                "extras": 0,
                "total": 0
              }
            },
            {
              "batter": "G Burrows",
              "bowler": "LT Bichard",
              "non_striker": "A McAuley",
              "runs": {
                "batter": 0,
                "extras": 0,
                "total": 0
              }
            },
            {
              "batter": "G Burrows",
              "bowler": "LT Bichard",
              "non_striker": "A McAuley",
              "runs": {
                "batter": 1,
                "extras": 0,
                "total": 1
              }
            }
          ]
        },
        {
          "over": 8,
          "deliveries": [
            {
              "batter": "G Burrows",
              "bowler": "LC Le Tissier",
              "non_striker": "A McAuley",
              "runs": {
                "batter": 0,
                "extras": 0,
                "total": 0
              }
            },
            {
              "batter": "G Burrows",
              "bowler": "LC Le Tissier",
              "non_striker": "A McAuley",
              "runs": {
                "batter": 1,
                "extras": 0,
                "total": 1
              }
            },
            {
              "batter": "A McAuley",
              "bowler": "LC Le Tissier",
              "non_striker": "G Burrows",
              "runs": {
                "batter": 0,
                "extras": 0,
                "total": 0
              }
            },
            {
              "batter": "A McAuley",
              "bowler": "LC Le Tissier",
              "non_striker": "G Burrows",
              "runs": {
                "batter": 1,
                "extras": 0,
                "total": 1
              }
            },
            {
              "batter": "G Burrows",
              "bowler": "LC Le Tissier",
              "non_striker": "A McAuley",
              "runs": {
                "batter": 1,
                "extras": 0,
                "total": 1
              }
            },
            {
              "batter": "A McAuley",
              "bowler": "LC Le Tissier",
              "non_striker": "G Burrows",
              "runs": {
                "batter": 0,
                "extras": 0,
                "total": 0
              }
            }
          ]
        },
        {
          "over": 9,
          "deliveries": [
            {
              "batter": "G Burrows",
              "bowler": "ACF Stokes",
              "non_striker": "A McAuley",
              "runs": {
                "batter": 1,
                "extras": 0,
                "total": 1
              }
            },
            {
              "batter": "A McAuley",
              "bowler": "ACF Stokes",
              "non_striker": "G Burrows",
              "runs": {
                "batter": 0,
                "extras": 0,
                "total": 0
              }
            },
            {
              "batter": "A McAuley",
              "bowler": "ACF Stokes",
              "non_striker": "G Burrows",
              "runs": {
                "batter": 1,
                "extras": 0,
                "total": 1
              }
            },
            {
              "batter": "G Burrows",
              "bowler": "ACF Stokes",
              "non_striker": "A McAuley",
              "runs": {
                "batter": 1,
                "extras": 0,
                "total": 1
              }
            },
            {
              "batter": "A McAuley",
              "bowler": "ACF Stokes",
              "extras": {
                "wides": 1
              },
              "non_striker": "G Burrows",
              "runs": {
                "batter": 0,
                "extras": 1,
                "total": 1
              }
            },
            {
              "batter": "A McAuley",
              "bowler": "ACF Stokes",
              "non_striker": "G Burrows",
              "runs": {
                "batter": 1,
                "extras": 0,
                "total": 1
              }
            },
            {
              "batter": "G Burrows",
              "bowler": "ACF Stokes",
              "non_striker": "A McAuley",
              "runs": {
                "batter": 1,
                "extras": 0,
                "total": 1
              }
            }
          ]
        },
        {
          "over": 10,
          "deliveries": [
            {
              "batter": "G Burrows",
              "bowler": "LC Le Tissier",
              "non_striker": "A McAuley",
              "runs": {
                "batter": 0,
                "extras": 0,
                "total": 0
              },
              "wickets": [
                {
                  "player_out": "G Burrows",
                  "fielders": [
                    {
                      "name": "T Nightingale"
                    }
                  ],
                  "kind": "caught"
                }
              ]
            },
            {
              "batter": "C Hartmann",
              "bowler": "LC Le Tissier",
              "non_striker": "A McAuley",
              "runs": {
                "batter": 0,
                "extras": 0,
                "total": 0
              }
            },
            {
              "batter": "C Hartmann",
              "bowler": "LC Le Tissier",
              "non_striker": "A McAuley",
              "runs": {
                "batter": 0,
                "extras": 0,
                "total": 0
              }
            },
            {
              "batter": "C Hartmann",
              "bowler": "LC Le Tissier",
              "non_striker": "A McAuley",
              "runs": {
                "batter": 1,
                "extras": 0,
                "total": 1
              }
            },
            {
              "batter": "A McAuley",
              "bowler": "LC Le Tissier",
              "non_striker": "C Hartmann",
              "runs": {
                "batter": 0,
                "extras": 0,
                "total": 0
              }
            },
            {
              "batter": "A McAuley",
              "bowler": "LC Le Tissier",
              "non_striker": "C Hartmann",
              "runs": {
                "batter": 1,
                "extras": 0,
                "total": 1
              }
            }
          ]
        },
        {
          "over": 11,
          "deliveries": [
            {
              "batter": "A McAuley",
              "bowler": "ACF Stokes",
              "non_striker": "C Hartmann",
              "runs": {
                "batter": 0,
                "extras": 0,
                "total": 0
              }
            },
            {
              "batter": "A McAuley",
              "bowler": "ACF Stokes",
              "non_striker": "C Hartmann",
              "runs": {
                "batter": 1,
                "extras": 0,
                "total": 1
              }
            },
            {
              "batter": "C Hartmann",
              "bowler": "ACF Stokes",
              "non_striker": "A McAuley",
              "runs": {
                "batter": 0,
                "extras": 0,
                "total": 0
              }
            },
            {
              "batter": "C Hartmann",
              "bowler": "ACF Stokes",
              "non_striker": "A McAuley",
              "runs": {
                "batter": 1,
                "extras": 0,
                "total": 1
              }
            },
            {
              "batter": "A McAuley",
              "bowler": "ACF Stokes",
              "non_striker": "C Hartmann",
              "runs": {
                "batter": 0,
                "extras": 0,
                "total": 0
              }
            },
            {
              "batter": "A McAuley",
              "bowler": "ACF Stokes",
              "non_striker": "C Hartmann",
              "runs": {
                "batter": 1,
                "extras": 0,
                "total": 1
              }
            }
          ]
        },
        {
          "over": 12,
          "deliveries": [
            {
              "batter": "A McAuley",
              "bowler": "LT Bichard",
              "non_striker": "C Hartmann",
              "runs": {
                "batter": 1,
                "extras": 0,
                "total": 1
              }
            },
            {
              "batter": "C Hartmann",
              "bowler": "LT Bichard",
              "non_striker": "A McAuley",
              "runs": {
                "batter": 0,
                "extras": 0,
                "total": 0
              }
            },
            {
              "batter": "C Hartmann",
              "bowler": "LT Bichard",
              "non_striker": "A McAuley",
              "runs": {
                "batter": 0,
                "extras": 0,
                "total": 0
              }
            },
            {
              "batter": "C Hartmann",
              "bowler": "LT Bichard",
              "non_striker": "A McAuley",
              "runs": {
                "batter": 0,
                "extras": 0,
                "total": 0
              }
            },
            {
              "batter": "C Hartmann",
              "bowler": "LT Bichard",
              "non_striker": "A McAuley",
              "runs": {
                "batter": 1,
                "extras": 0,
                "total": 1
              }
            },
            {
              "batter": "A McAuley",
              "bowler": "LT Bichard",
              "non_striker": "C Hartmann",
              "runs": {
                "batter": 1,
                "extras": 0,
                "total": 1
              }
            }
          ]
        },
        {
          "over": 13,
          "deliveries": [
            {
              "batter": "A McAuley",
              "bowler": "ACF Stokes",
              "non_striker": "C Hartmann",
              "runs": {
                "batter": 1,
                "extras": 0,
                "total": 1
              }
            },
            {
              "batter": "C Hartmann",
              "bowler": "ACF Stokes",
              "non_striker": "A McAuley",
              "runs": {
                "batter": 0,
                "extras": 0,
                "total": 0
              }
            },
            {
              "batter": "C Hartmann",
              "bowler": "ACF Stokes",
              "non_striker": "A McAuley",
              "runs": {
                "batter": 1,
                "extras": 0,
                "total": 1
              }
            },
            {
              "batter": "A McAuley",
              "bowler": "ACF Stokes",
              "non_striker": "C Hartmann",
              "runs": {
                "batter": 0,
                "extras": 0,
                "total": 0
              }
            },
            {
              "batter": "A McAuley",
              "bowler": "ACF Stokes",
              "non_striker": "C Hartmann",
              "runs": {
                "batter": 1,
                "extras": 0,
                "total": 1
              }
            },
            {
              "batter": "C Hartmann",
              "bowler": "ACF Stokes",
              "non_striker": "A McAuley",
              "runs": {
                "batter": 2,
                "extras": 0,
                "total": 2
              }
            }
          ]
        },
        {
          "over": 14,
          "deliveries": [
            {
              "batter": "A McAuley",
              "bowler": "LC Le Tissier",
              "non_striker": "C Hartmann",
              "runs": {
                "batter": 1,
                "extras": 0,
                "total": 1
              }
            },
            {
              "batter": "C Hartmann",
              "bowler": "LC Le Tissier",
              "non_striker": "A McAuley",
              "runs": {
                "batter": 0,
                "extras": 0,
                "total": 0
              }
            },
            {
              "batter": "C Hartmann",
              "bowler": "LC Le Tissier",
              "non_striker": "A McAuley",
              "runs": {
                "batter": 0,
                "extras": 0,
                "total": 0
              },
              "wickets": [
                {
                  "player_out": "C Hartmann",
                  "fielders": [
                    {
                      "name": "LB Ferbrache"
                    }
                  ],
                  "kind": "caught"
                }
              ]
            },
            {
              "batter": "A McAuley",
              "bowler": "LC Le Tissier",
              "non_striker": "MJ Ansell",
              "runs": {
                "batter": 1,
                "extras": 0,
                "total": 1
              }
            },
            {
              "batter": "MJ Ansell",
              "bowler": "LC Le Tissier",
              "non_striker": "A McAuley",
              "runs": {
                "batter": 1,
                "extras": 0,
                "total": 1
              }
            },
            {
              "batter": "A McAuley",
              "bowler": "LC Le Tissier",
              "non_striker": "MJ Ansell",
              "runs": {
                "batter": 1,
                "extras": 0,
                "total": 1
              }
            }
          ]
        },
        {
          "over": 15,
          "deliveries": [
            {
              "batter": "A McAuley",
              "bowler": "LT Bichard",
              "non_striker": "MJ Ansell",
              "runs": {
                "batter": 0,
                "extras": 0,
                "total": 0
              }
            },
            {
              "batter": "A McAuley",
              "bowler": "LT Bichard",
              "non_striker": "MJ Ansell",
              "runs": {
                "batter": 1,
                "extras": 0,
                "total": 1
              }
            },
            {
              "batter": "MJ Ansell",
              "bowler": "LT Bichard",
              "non_striker": "A McAuley",
              "runs": {
                "batter": 0,
                "extras": 0,
                "total": 0
              }
            },
            {
              "batter": "MJ Ansell",
              "bowler": "LT Bichard",
              "non_striker": "A McAuley",
              "runs": {
                "batter": 0,
                "extras": 0,
                "total": 0
              }
            },
            {
              "batter": "MJ Ansell",
              "bowler": "LT Bichard",
              "non_striker": "A McAuley",
              "runs": {
                "batter": 0,
                "extras": 0,
                "total": 0
              }
            },
            {
              "batter": "MJ Ansell",
              "bowler": "LT Bichard",
              "non_striker": "A McAuley",
              "runs": {
                "batter": 1,
                "extras": 0,
                "total": 1
              }
            }
          ]
        },
        {
          "over": 16,
          "deliveries": [
            {
              "batter": "MJ Ansell",
              "bowler": "M Breban",
              "non_striker": "A McAuley",
              "runs": {
                "batter": 4,
                "extras": 0,
                "total": 4
              }
            },
            {
              "batter": "MJ Ansell",
              "bowler": "M Breban",
              "non_striker": "A McAuley",
              "runs": {
                "batter": 0,
                "extras": 0,
                "total": 0
              },
              "wickets": [
                {
                  "player_out": "MJ Ansell",
                  "kind": "bowled"
                }
              ]
            },
            {
              "batter": "CJ Langford",
              "bowler": "M Breban",
              "non_striker": "A McAuley",
              "runs": {
                "batter": 1,
                "extras": 0,
                "total": 1
              }
            },
            {
              "batter": "A McAuley",
              "bowler": "M Breban",
              "non_striker": "CJ Langford",
              "runs": {
                "batter": 1,
                "extras": 0,
                "total": 1
              }
            },
            {
              "batter": "CJ Langford",
              "bowler": "M Breban",
              "extras": {
                "wides": 1
              },
              "non_striker": "A McAuley",
              "runs": {
                "batter": 0,
                "extras": 1,
                "total": 1
              }
            },
            {
              "batter": "CJ Langford",
              "bowler": "M Breban",
              "non_striker": "A McAuley",
              "runs": {
                "batter": 1,
                "extras": 0,
                "total": 1
              }
            },
            {
              "batter": "A McAuley",
              "bowler": "M Breban",
              "non_striker": "CJ Langford",
              "runs": {
                "batter": 0,
                "extras": 0,
                "total": 0
              }
            }
          ]
        },
        {
          "over": 17,
          "deliveries": [
            {
              "batter": "CJ Langford",
              "bowler": "W Peatfield",
              "non_striker": "A McAuley",
              "runs": {
                "batter": 1,
                "extras": 0,
                "total": 1
              }
            },
            {
              "batter": "A McAuley",
              "bowler": "W Peatfield",
              "non_striker": "CJ Langford",
              "runs": {
                "batter": 1,
                "extras": 0,
                "total": 1
              }
            },
            {
              "batter": "CJ Langford",
              "bowler": "W Peatfield",
              "non_striker": "A McAuley",
              "runs": {
                "batter": 4,
                "extras": 0,
                "total": 4
              }
            },
            {
              "batter": "CJ Langford",
              "bowler": "W Peatfield",
              "non_striker": "A McAuley",
              "runs": {
                "batter": 1,
                "extras": 0,
                "total": 1
              }
            },
            {
              "batter": "A McAuley",
              "bowler": "W Peatfield",
              "non_striker": "CJ Langford",
              "runs": {
                "batter": 1,
                "extras": 0,
                "total": 1
              }
            },
            {
              "batter": "CJ Langford",
              "bowler": "W Peatfield",
              "non_striker": "A McAuley",
              "runs": {
                "batter": 0,
                "extras": 0,
                "total": 0
              },
              "wickets": [
                {
                  "player_out": "CJ Langford",
                  "kind": "bowled"
                }
              ]
            }
          ]
        },
        {
          "over": 18,
          "deliveries": [
            {
              "batter": "A McAuley",
              "bowler": "M Breban",
              "non_striker": "JA Burrows",
              "runs": {
                "batter": 1,
                "extras": 0,
                "total": 1
              }
            },
            {
              "batter": "JA Burrows",
              "bowler": "M Breban",
              "non_striker": "A McAuley",
              "runs": {
                "batter": 1,
                "extras": 0,
                "total": 1
              }
            },
            {
              "batter": "A McAuley",
              "bowler": "M Breban",
              "non_striker": "JA Burrows",
              "runs": {
                "batter": 1,
                "extras": 0,
                "total": 1
              }
            },
            {
              "batter": "JA Burrows",
              "bowler": "M Breban",
              "non_striker": "A McAuley",
              "runs": {
                "batter": 1,
                "extras": 0,
                "total": 1
              }
            },
            {
              "batter": "A McAuley",
              "bowler": "M Breban",
              "non_striker": "JA Burrows",
              "runs": {
                "batter": 1,
                "extras": 0,
                "total": 1
              }
            },
            {
              "batter": "JA Burrows",
              "bowler": "M Breban",
              "non_striker": "A McAuley",
              "runs": {
                "batter": 1,
                "extras": 0,
                "total": 1
              }
            }
          ]
        },
        {
          "over": 19,
          "deliveries": [
            {
              "batter": "JA Burrows",
              "bowler": "W Peatfield",
              "non_striker": "A McAuley",
              "runs": {
                "batter": 0,
                "extras": 0,
                "total": 0
              },
              "wickets": [
                {
                  "player_out": "JA Burrows",
                  "kind": "bowled"
                }
              ]
            },
            {
              "batter": "S Mills",
              "bowler": "W Peatfield",
              "non_striker": "A McAuley",
              "runs": {
                "batter": 0,
                "extras": 0,
                "total": 0
              }
            },
            {
              "batter": "S Mills",
              "bowler": "W Peatfield",
              "non_striker": "A McAuley",
              "runs": {
                "batter": 0,
                "extras": 0,
                "total": 0
              }
            },
            {
              "batter": "S Mills",
              "bowler": "W Peatfield",
              "extras": {
                "wides": 1
              },
              "non_striker": "A McAuley",
              "runs": {
                "batter": 0,
                "extras": 1,
                "total": 1
              }
            },
            {
              "batter": "S Mills",
              "bowler": "W Peatfield",
              "non_striker": "A McAuley",
              "runs": {
                "batter": 1,
                "extras": 0,
                "total": 1
              }
            },
            {
              "batter": "A McAuley",
              "bowler": "W Peatfield",
              "non_striker": "S Mills",
              "runs": {
                "batter": 0,
                "extras": 0,
                "total": 0
              },
              "wickets": [
                {
                  "player_out": "A McAuley",
                  "kind": "bowled"
                }
              ]
            },
            {
              "batter": "C Liebenberg",
              "bowler": "W Peatfield",
              "non_striker": "S Mills",
              "runs": {
                "batter": 1,
                "extras": 0,
                "total": 1
              },
              "wickets": [
                {
                  "player_out": "C Liebenberg",
                  "kind": "run out"
                }
              ]
            }
          ]
        }
      ],
      "powerplays": [
        {
          "from": 0.1,
          "to": 5.6,
          "type": "mandatory"
        }
      ]
    },
    {
      "team": "Guernsey",
      "overs": [
        {
          "over": 0,
          "deliveries": [
            {
              "batter": "LC Le Tissier",
              "bowler": "MJ Ansell",
              "non_striker": "IDA Damarell",
              "runs": {
                "batter": 0,
                "extras": 0,
                "total": 0
              }
            },
            {
              "batter": "LC Le Tissier",
              "bowler": "MJ Ansell",
              "non_striker": "IDA Damarell",
              "runs": {
                "batter": 1,
                "extras": 0,
                "total": 1
              }
            },
            {
              "batter": "IDA Damarell",
              "bowler": "MJ Ansell",
              "non_striker": "LC Le Tissier",
              "runs": {
                "batter": 0,
                "extras": 0,
                "total": 0
              }
            },
            {
              "batter": "IDA Damarell",
              "bowler": "MJ Ansell",
              "non_striker": "LC Le Tissier",
              "runs": {
                "batter": 1,
                "extras": 0,
                "total": 1
              }
            },
            {
              "batter": "LC Le Tissier",
              "bowler": "MJ Ansell",
              "non_striker": "IDA Damarell",
              "runs": {
                "batter": 0,
                "extras": 0,
                "total": 0
              }
            },
            {
              "batter": "LC Le Tissier",
              "bowler": "MJ Ansell",
              "non_striker": "IDA Damarell",
              "runs": {
                "batter": 1,
                "extras": 0,
                "total": 1
              }
            }
          ]
        },
        {
          "over": 1,
          "deliveries": [
            {
              "batter": "LC Le Tissier",
              "bowler": "CJ Langford",
              "non_striker": "IDA Damarell",
              "runs": {
                "batter": 1,
                "extras": 0,
                "total": 1
              }
            },
            {
              "batter": "IDA Damarell",
              "bowler": "CJ Langford",
              "non_striker": "LC Le Tissier",
              "runs": {
                "batter": 0,
                "extras": 0,
                "total": 0
              }
            },
            {
              "batter": "IDA Damarell",
              "bowler": "CJ Langford",
              "non_striker": "LC Le Tissier",
              "runs": {
                "batter": 0,
                "extras": 0,
                "total": 0
              }
            },
            {
              "batter": "IDA Damarell",
              "bowler": "CJ Langford",
              "non_striker": "LC Le Tissier",
              "runs": {
                "batter": 0,
                "extras": 0,
                "total": 0
              }
            },
            {
              "batter": "IDA Damarell",
              "bowler": "CJ Langford",
              "non_striker": "LC Le Tissier",
              "runs": {
                "batter": 4,
                "extras": 0,
                "total": 4
              }
            },
            {
              "batter": "IDA Damarell",
              "bowler": "CJ Langford",
              "non_striker": "LC Le Tissier",
              "runs": {
                "batter": 4,
                "extras": 0,
                "total": 4
              }
            }
          ]
        },
        {
          "over": 2,
          "deliveries": [
            {
              "batter": "LC Le Tissier",
              "bowler": "MJ Ansell",
              "non_striker": "IDA Damarell",
              "runs": {
                "batter": 0,
                "extras": 0,
                "total": 0
              }
            },
            {
              "batter": "LC Le Tissier",
              "bowler": "MJ Ansell",
              "non_striker": "IDA Damarell",
              "runs": {
                "batter": 0,
                "extras": 0,
                "total": 0
              }
            },
            {
              "batter": "LC Le Tissier",
              "bowler": "MJ Ansell",
              "non_striker": "IDA Damarell",
              "runs": {
                "batter": 4,
                "extras": 0,
                "total": 4
              }
            },
            {
              "batter": "LC Le Tissier",
              "bowler": "MJ Ansell",
              "non_striker": "IDA Damarell",
              "runs": {
                "batter": 1,
                "extras": 0,
                "total": 1
              }
            },
            {
              "batter": "IDA Damarell",
              "bowler": "MJ Ansell",
              "non_striker": "LC Le Tissier",
              "runs": {
                "batter": 4,
                "extras": 0,
                "total": 4
              }
            },
            {
              "batter": "IDA Damarell",
              "bowler": "MJ Ansell",
              "non_striker": "LC Le Tissier",
              "runs": {
                "batter": 0,
                "extras": 0,
                "total": 0
              }
            }
          ]
        },
        {
          "over": 3,
          "deliveries": [
            {
              "batter": "LC Le Tissier",
              "bowler": "CJ Langford",
              "non_striker": "IDA Damarell",
              "runs": {
                "batter": 0,
                "extras": 0,
                "total": 0
              },
              "wickets": [
                {
                  "player_out": "LC Le Tissier",
                  "kind": "bowled"
                }
              ]
            },
            {
              "batter": "J Butler",
              "bowler": "CJ Langford",
              "non_striker": "IDA Damarell",
              "runs": {
                "batter": 0,
                "extras": 0,
                "total": 0
              }
            },
            {
              "batter": "J Butler",
              "bowler": "CJ Langford",
              "non_striker": "IDA Damarell",
              "runs": {
                "batter": 2,
                "extras": 0,
                "total": 2
              }
            },
            {
              "batter": "J Butler",
              "bowler": "CJ Langford",
              "non_striker": "IDA Damarell",
              "runs": {
                "batter": 1,
                "extras": 0,
                "total": 1
              }
            },
            {
              "batter": "IDA Damarell",
              "bowler": "CJ Langford",
              "non_striker": "J Butler",
              "runs": {
                "batter": 1,
                "extras": 0,
                "total": 1
              }
            },
            {
              "batter": "J Butler",
              "bowler": "CJ Langford",
              "non_striker": "IDA Damarell",
              "runs": {
                "batter": 4,
                "extras": 0,
                "total": 4
              }
            }
          ]
        },
        {
          "over": 4,
          "deliveries": [
            {
              "batter": "IDA Damarell",
              "bowler": "JA Burrows",
              "non_striker": "J Butler",
              "runs": {
                "batter": 0,
                "extras": 0,
                "total": 0
              }
            },
            {
              "batter": "IDA Damarell",
              "bowler": "JA Burrows",
              "non_striker": "J Butler",
              "runs": {
                "batter": 1,
                "extras": 0,
                "total": 1
              }
            },
            {
              "batter": "J Butler",
              "bowler": "JA Burrows",
              "non_striker": "IDA Damarell",
              "runs": {
                "batter": 0,
                "extras": 0,
                "total": 0
              }
            },
            {
              "batter": "J Butler",
              "bowler": "JA Burrows",
              "non_striker": "IDA Damarell",
              "runs": {
                "batter": 4,
                "extras": 0,
                "total": 4
              }
            },
            {
              "batter": "J Butler",
              "bowler": "JA Burrows",
              "non_striker": "IDA Damarell",
              "runs": {
                "batter": 0,
                "extras": 0,
                "total": 0
              }
            },
            {
              "batter": "J Butler",
              "bowler": "JA Burrows",
              "non_striker": "IDA Damarell",
              "runs": {
                "batter": 2,
                "extras": 0,
                "total": 2
              }
            }
          ]
        },
        {
          "over": 5,
          "deliveries": [
            {
              "batter": "IDA Damarell",
              "bowler": "C Liebenberg",
              "non_striker": "J Butler",
              "runs": {
                "batter": 0,
                "extras": 0,
                "total": 0
              }
            },
            {
              "batter": "IDA Damarell",
              "bowler": "C Liebenberg",
              "non_striker": "J Butler",
              "runs": {
                "batter": 1,
                "extras": 0,
                "total": 1
              }
            },
            {
              "batter": "J Butler",
              "bowler": "C Liebenberg",
              "non_striker": "IDA Damarell",
              "runs": {
                "batter": 4,
                "extras": 0,
                "total": 4
              }
            },
            {
              "batter": "J Butler",
              "bowler": "C Liebenberg",
              "non_striker": "IDA Damarell",
              "runs": {
                "batter": 0,
                "extras": 0,
                "total": 0
              }
            },
            {
              "batter": "J Butler",
              "bowler": "C Liebenberg",
              "non_striker": "IDA Damarell",
              "runs": {
                "batter": 0,
                "extras": 0,
                "total": 0
              }
            },
            {
              "batter": "J Butler",
              "bowler": "C Liebenberg",
              "non_striker": "IDA Damarell",
              "runs": {
                "batter": 0,
                "extras": 0,
                "total": 0
              }
            }
          ]
        },
        {
          "over": 6,
          "deliveries": [
            {
              "batter": "IDA Damarell",
              "bowler": "J Butler",
              "extras": {
                "wides": 3
              },
              "non_striker": "J Butler",
              "runs": {
                "batter": 0,
                "extras": 3,
                "total": 3
              }
            },
            {
              "batter": "IDA Damarell",
              "bowler": "J Butler",
              "non_striker": "J Butler",
              "runs": {
                "batter": 1,
                "extras": 0,
                "total": 1
              }
            },
            {
              "batter": "J Butler",
              "bowler": "J Butler",
              "non_striker": "IDA Damarell",
              "runs": {
                "batter": 1,
                "extras": 0,
                "total": 1
              }
            },
            {
              "batter": "IDA Damarell",
              "bowler": "J Butler",
              "non_striker": "J Butler",
              "runs": {
                "batter": 1,
                "extras": 0,
                "total": 1
              }
            },
            {
              "batter": "J Butler",
              "bowler": "J Butler",
              "non_striker": "IDA Damarell",
              "runs": {
                "batter": 1,
                "extras": 0,
                "total": 1
              }
            },
            {
              "batter": "IDA Damarell",
              "bowler": "J Butler",
              "extras": {
                "wides": 1
              },
              "non_striker": "J Butler",
              "runs": {
                "batter": 0,
                "extras": 1,
                "total": 1
              }
            },
            {
              "batter": "IDA Damarell",
              "bowler": "J Butler",
              "non_striker": "J Butler",
              "runs": {
                "batter": 1,
                "extras": 0,
                "total": 1
              }
            },
            {
              "batter": "J Butler",
              "bowler": "J Butler",
              "non_striker": "IDA Damarell",
              "runs": {
                "batter": 1,
                "extras": 0,
                "total": 1
              }
            }
          ]
        },
        {
          "over": 7,
          "deliveries": [
            {
              "batter": "J Butler",
              "bowler": "C Liebenberg",
              "non_striker": "IDA Damarell",
              "runs": {
                "batter": 4,
                "extras": 0,
                "total": 4
              }
            },
            {
              "batter": "J Butler",
              "bowler": "C Liebenberg",
              "non_striker": "IDA Damarell",
              "runs": {
                "batter": 0,
                "extras": 0,
                "total": 0
              }
            },
            {
              "batter": "J Butler",
              "bowler": "C Liebenberg",
              "non_striker": "IDA Damarell",
              "runs": {
                "batter": 1,
                "extras": 0,
                "total": 1
              }
            },
            {
              "batter": "IDA Damarell",
              "bowler": "C Liebenberg",
              "non_striker": "J Butler",
              "runs": {
                "batter": 4,
                "extras": 0,
                "total": 4
              }
            },
            {
              "batter": "IDA Damarell",
              "bowler": "C Liebenberg",
              "non_striker": "J Butler",
              "runs": {
                "batter": 0,
                "extras": 0,
                "total": 0
              }
            },
            {
              "batter": "IDA Damarell",
              "bowler": "C Liebenberg",
              "non_striker": "J Butler",
              "runs": {
                "batter": 0,
                "extras": 0,
                "total": 0
              }
            }
          ]
        },
        {
          "over": 8,
          "deliveries": [
            {
              "batter": "J Butler",
              "bowler": "J Butler",
              "non_striker": "IDA Damarell",
              "runs": {
                "batter": 1,
                "extras": 0,
                "total": 1
              }
            },
            {
              "batter": "IDA Damarell",
              "bowler": "J Butler",
              "non_striker": "J Butler",
              "runs": {
                "batter": 6,
                "extras": 0,
                "total": 6
              }
            },
            {
              "batter": "IDA Damarell",
              "bowler": "J Butler",
              "non_striker": "J Butler",
              "runs": {
                "batter": 1,
                "extras": 0,
                "total": 1
              }
            },
            {
              "batter": "J Butler",
              "bowler": "J Butler",
              "non_striker": "IDA Damarell",
              "runs": {
                "batter": 1,
                "extras": 0,
                "total": 1
              }
            },
            {
              "batter": "IDA Damarell",
              "bowler": "J Butler",
              "non_striker": "J Butler",
              "runs": {
                "batter": 1,
                "extras": 0,
                "total": 1
              }
            },
            {
              "batter": "J Butler",
              "bowler": "J Butler",
              "non_striker": "IDA Damarell",
              "runs": {
                "batter": 0,
                "extras": 0,
                "total": 0
              }
            }
          ]
        },
        {
          "over": 9,
          "deliveries": [
            {
              "batter": "IDA Damarell",
              "bowler": "MJ Ansell",
              "non_striker": "J Butler",
              "runs": {
                "batter": 0,
                "extras": 0,
                "total": 0
              }
            },
            {
              "batter": "IDA Damarell",
              "bowler": "MJ Ansell",
              "non_striker": "J Butler",
              "runs": {
                "batter": 4,
                "extras": 0,
                "total": 4
              }
            },
            {
              "batter": "IDA Damarell",
              "bowler": "MJ Ansell",
              "non_striker": "J Butler",
              "runs": {
                "batter": 0,
                "extras": 0,
                "total": 0
              }
            },
            {
              "batter": "IDA Damarell",
              "bowler": "MJ Ansell",
              "non_striker": "J Butler",
              "runs": {
                "batter": 4,
                "extras": 0,
                "total": 4
              }
            },
            {
              "batter": "IDA Damarell",
              "bowler": "MJ Ansell",
              "non_striker": "J Butler",
              "runs": {
                "batter": 1,
                "extras": 0,
                "total": 1
              }
            },
            {
              "batter": "J Butler",
              "bowler": "MJ Ansell",
              "non_striker": "IDA Damarell",
              "runs": {
                "batter": 3,
                "extras": 0,
                "total": 3
              }
            }
          ]
        },
        {
          "over": 10,
          "deliveries": [
            {
              "batter": "J Butler",
              "bowler": "J Butler",
              "non_striker": "IDA Damarell",
              "runs": {
                "batter": 1,
                "extras": 0,
                "total": 1
              }
            },
            {
              "batter": "IDA Damarell",
              "bowler": "J Butler",
              "non_striker": "J Butler",
              "runs": {
                "batter": 6,
                "extras": 0,
                "total": 6
              }
            },
            {
              "batter": "IDA Damarell",
              "bowler": "J Butler",
              "non_striker": "J Butler",
              "runs": {
                "batter": 6,
                "extras": 0,
                "total": 6
              }
            },
            {
              "batter": "IDA Damarell",
              "bowler": "J Butler",
              "non_striker": "J Butler",
              "runs": {
                "batter": 0,
                "extras": 0,
                "total": 0
              },
              "wickets": [
                {
                  "player_out": "IDA Damarell",
                  "fielders": [
                    {
                      "name": "JA Burrows"
                    }
                  ],
                  "kind": "caught"
                }
              ]
            },
            {
              "batter": "J Butler",
              "bowler": "J Butler",
              "non_striker": "LB Ferbrache",
              "runs": {
                "batter": 1,
                "extras": 0,
                "total": 1
              }
            },
            {
              "batter": "LB Ferbrache",
              "bowler": "J Butler",
              "non_striker": "J Butler",
              "runs": {
                "batter": 0,
                "extras": 0,
                "total": 0
              }
            }
          ]
        },
        {
          "over": 11,
          "deliveries": [
            {
              "batter": "J Butler",
              "bowler": "MJ Ansell",
              "non_striker": "LB Ferbrache",
              "runs": {
                "batter": 4,
                "extras": 0,
                "total": 4
              }
            },
            {
              "batter": "J Butler",
              "bowler": "MJ Ansell",
              "non_striker": "LB Ferbrache",
              "runs": {
                "batter": 0,
                "extras": 0,
                "total": 0
              }
            },
            {
              "batter": "J Butler",
              "bowler": "MJ Ansell",
              "non_striker": "LB Ferbrache",
              "runs": {
                "batter": 1,
                "extras": 0,
                "total": 1
              }
            }
          ]
        }
      ],
      "powerplays": [
        {
          "from": 0.1,
          "to": 5.6,
          "type": "mandatory"
        }
      ],
      "target": {
        "overs": 20,
        "runs": 101
      }
    }
  ]
}