{
  "meta": {
    "data_version": "1.0.0",
    "created": "2020-11-30",
    "revision": 1
  },
  "info": {
    "balls_per_over": 6,
    "city": "Mount Maunganui",
    "dates": [
      "2020-11-30"
    ],
    "event": {
      "name": "West Indies tour of New Zealand",
      "match_number": 3
    },
    "gender": "male",
    "match_type": "T20",
    "match_type_number": 1112,
    "officials": {
      "match_referees": [
        "JJ Crowe"
      ],
      "reserve_umpires": [
        "Kim Cotton"
      ],
      "tv_umpires": [
        "CM Brown"
      ],
      "umpires": [
        "SB Haig",
        "WR Knights"
      ]
    },
    "outcome": {
      "result": "no result"
    },
    "overs": 20,
    "players": {
      "West Indies": [
        "ADS Fletcher",
        "BA King",
        "KR Mayers",
        "HR Walsh",
        "N Pooran",
        "R Powell",
        "KA Pollard",
        "FA Allen",
        "R Shepherd",
        "SS Cottrell",
        "O Thomas"
      ],
      "New Zealand": [
        "MJ Guptill",
        "TL Seifert",
        "DP Conway",
        "GD Phillips",
        "DJ Mitchell",
        "JDS Neesham",
        "MJ Santner",
        "SC Kuggeleijn",
        "IS Sodhi",
        "LH Ferguson",
        "HK Bennett"
      ]
    },
    "registry": {
      "people": {
        "ADS Fletcher": "1bae756b",
        "BA King": "7fca84b7",
        "CM Brown": "448f4f1c",
        "DJ Mitchell": "eade4650",
        "DP Conway": "df5a6881",
        "FA Allen": "b52ffbbd",
        "GD Phillips": "9a46c4e5",
        "HK Bennett": "94238673",
        "HR Walsh": "1ac2a995",
        "IS Sodhi": "641ac5ff",
        "JDS Neesham": "9219eff0",
        "JJ Crowe": "2e760301",
        "KA Pollard": "a757b0d8",
        "KR Mayers": "73c18486",
        "Kim Cotton": "67a7c2ee",
        "LH Ferguson": "2f9d0389",
        "MJ Guptill": "2be41edb",
        "MJ Santner": "e4a0deae",
        "N Pooran": "3241e3fd",
        "O Thomas": "c6097d68",
        "R Powell": "650d5e49",
        "R Shepherd": "c5aef772",
        "SB Haig": "811655b3",
        "SC Kuggeleijn": "fef92afc",
        "SS Cottrell": "a1d053dd",
        "TL Seifert": "4663bd23",
        "WR Knights": "63cbf8d8"
      }
    },
    "season": "2020/21",
    "team_type": "international",
    "teams": [
      "West Indies",
      "New Zealand"
    ],
    "toss": {
      "decision": "field",
      "winner": "New Zealand"
    },
    "venue": "Bay Oval"
  },
  "innings": [
    {
      "team": "West Indies",
      "overs": [
        {
          "over": 0,
          "deliveries": [
            {
              "batter": "ADS Fletcher",
              "bowler": "MJ Santner",
              "extras": {
                "wides": 4
              },
              "non_striker": "BA King",
              "runs": {
                "batter": 0,
                "extras": 4,
                "total": 4
              }
            },
            {
              "batter": "BA King",
              "bowler": "MJ Santner",
              "non_striker": "ADS Fletcher",
              "runs": {
                "batter": 0,
                "extras": 0,
                "total": 0
              }
            },
            {
              "batter": "BA King",
              "bowler": "MJ Santner",
              "extras": {
                "wides": 1
              },
              "non_striker": "ADS Fletcher",
              "runs": {
                "batter": 0,
                "extras": 1,
                "total": 1
              }
            },
            {
              "batter": "BA King",
              "bowler": "MJ Santner",
              "non_striker": "ADS Fletcher",
              "runs": {
                "batter": 0,
                "extras": 0,
                "total": 0
              }
            },
            {
              "batter": "BA King",
              "bowler": "MJ Santner",
              "non_striker": "ADS Fletcher",
              "runs": {
                "batter": 0,
                "extras": 0,
                "total": 0
              }
            },
            {
              "batter": "BA King",
              "bowler": "MJ Santner",
              "non_striker": "ADS Fletcher",
              "runs": {
                "batter": 6,
                "extras": 0,
                "total": 6
              }
            },
            {
              "batter": "BA King",
              "bowler": "MJ Santner",
              "non_striker": "ADS Fletcher",
              "runs": {
                "batter": 1,
                "extras": 0,
                "total": 1
              }
            },
            {
              "batter": "ADS Fletcher",
              "bowler": "MJ Santner",
              "non_striker": "BA King",
              "runs": {
                "batter": 0,
                "extras": 0,
                "total": 0
              }
            }
          ]
        },
        {
          "over": 1,
          "deliveries": [
            {
              "batter": "BA King",
              "bowler": "LH Ferguson",
              "non_striker": "ADS Fletcher",
              "runs": {
                "batter": 4,
                "extras": 0,
                "total": 4
              }
            },
            {
              "batter": "BA King",
              "bowler": "LH Ferguson",
              "non_striker": "ADS Fletcher",
              "runs": {
                "batter": 0,
                "extras": 0,
                "total": 0
              },
              "wickets": [
                {
                  "player_out": "BA King",
                  "fielders": [
                    {
                      "name": "JDS Neesham"
                    }
                  ],
                  "kind": "caught"
                }
              ]
            },
            {
              "batter": "KR Mayers",
              "bowler": "LH Ferguson",
              "non_striker": "ADS Fletcher",
              "runs": {
                "batter": 4,
                "extras": 0,
                "total": 4
              }
            },
            {
              "batter": "KR Mayers",
              "bowler": "LH Ferguson",
              "non_striker": "ADS Fletcher",
              "runs": {
                "batter": 1,
                "extras": 0,
                "total": 1
              }
            },
            {
              "batter": "ADS Fletcher",
              "bowler": "LH Ferguson",
              "non_striker": "KR Mayers",
              "runs": {
                "batter": 4,
                "extras": 0,
                "total": 4
              }
            },
            {
              "batter": "ADS Fletcher",
              "bowler": "LH Ferguson",
              "non_striker": "KR Mayers",
              "runs": {
                "batter": 0,
                "extras": 0,
                "total": 0
              }
            }
          ]
        },
        {
          "over": 2,
          "deliveries": [
            {
              "batter": "KR Mayers",
              "bowler": "HK Bennett",
              "non_striker": "ADS Fletcher",
              "runs": {
                "batter": 0,
                "extras": 0,
                "total": 0
              }
            },
            {
              "batter": "KR Mayers",
              "bowler": "HK Bennett",
              "non_striker": "ADS Fletcher",
              "runs": {
                "batter": 0,
                "extras": 0,
                "total": 0
              }
            }
          ]
        }
      ],
      "powerplays": [
        {
          "from": 0.1,
          "to": 2.2,
          "type": "mandatory"
        }
      ]
    }
  ]
}