{
  "meta": {
    "data_version": "1.0.0",
    "created": "2021-02-25",
    "revision": 1
  },
  "info": {
    "balls_per_over": 6,
    "city": "Dunedin",
    "dates": [
      "2021-02-25"
    ],
    "event": {
      "name": "Australia tour of New Zealand",
      "match_number": 2
    },
    "gender": "male",
    "match_type": "T20",
    "match_type_number": 1124,
    "officials": {
      "match_referees": [
        "JJ Crowe"
      ],
      "reserve_umpires": [
        "WR Knights"
      ],
      "tv_umpires": [
        "CM Brown"
      ],
      "umpires": [
        "CB Gaffaney",
        "SB Haig"
      ]
    },
    "outcome": {
      "winner": "New Zealand",
      "by": {
        "runs": 4
      }
    },
    "overs": 20,
    "player_of_match": [
      "MJ Guptill"
    ],
    "players": {
      "New Zealand": [
        "MJ Guptill",
        "TL Seifert",
        "KS Williamson",
        "JDS Neesham",
        "GD Phillips",
        "DP Conway",
        "MJ Santner",
        "TG Southee",
        "KA Jamieson",
        "IS Sodhi",
        "TA Boult"
      ],
      "Australia": [
        "MS Wade",
        "AJ Finch",
        "JR Philippe",
        "GJ Maxwell",
        "MP Stoinis",
        "AC Agar",
        "MR Marsh",
        "DR Sams",
        "JA Richardson",
        "KW Richardson",
        "A Zampa"
      ]
    },
    "registry": {
      "people": {
        "A Zampa": "14f96089",
        "AC Agar": "a2421394",
        "AJ Finch": "b8d490fd",
        "CB Gaffaney": "d5ac41d8",
        "CM Brown": "448f4f1c",
        "DP Conway": "df5a6881",
        "DR Sams": "caf69bf7",
        "GD Phillips": "9a46c4e5",
        "GJ Maxwell": "b681e71e",
        "IS Sodhi": "641ac5ff",
        "JA Richardson": "1ee08e9a",
        "JDS Neesham": "9219eff0",
        "JJ Crowe": "2e760301",
        "JR Philippe": "39086549",
        "KA Jamieson": "68c56d09",
        "KS Williamson": "d027ba9f",
        "KW Richardson": "dfc4d8b5",
        "MJ Guptill": "2be41edb",
        "MJ Santner": "e4a0deae",
        "MP Stoinis": "d9273ee7",
        "MR Marsh": "3d8feaf8",
        "MS Wade": "afa7e784",
        "SB Haig": "811655b3",
        "TA Boult": "a818c1be",
        "TG Southee": "13c35c9e",
        "TL Seifert": "4663bd23",
        "WR Knights": "63cbf8d8"
      }
    },
    "season": "2020/21",
    "team_type": "international",
    "teams": [
      "New Zealand",
      "Australia"
    ],
    "toss": {
      "decision": "field",
      "winner": "Australia"
    },
    "venue": "University Oval"
  },
  "innings": [
    {
      "team": "New Zealand",
      "overs": [
        {
          "over": 0,
          "deliveries": [
            {
              "batter": "MJ Guptill",
              "bowler": "DR Sams",
              "non_striker": "TL Seifert",
              "runs": {
                "batter": 4,
                "extras": 0,
                "total": 4
              }
            },
            {
              "batter": "MJ Guptill",
              "bowler": "DR Sams",
              "non_striker": "TL Seifert",
              "runs": {
                "batter": 0,
                "extras": 0,
                "total": 0
              }
            },
            {
              "batter": "MJ Guptill",
              "bowler": "DR Sams",
              "non_striker": "TL Seifert",
              "runs": {
                "batter": 0,
                "extras": 0,
                "total": 0
              }
            },
            {
              "batter": "MJ Guptill",
              "bowler": "DR Sams",
              "non_striker": "TL Seifert",
              "runs": {
                "batter": 0,
                "extras": 0,
                "total": 0
              }
            },
            {
              "batter": "MJ Guptill",
              "bowler": "DR Sams",
              "non_striker": "TL Seifert",
              "runs": {
                "batter": 1,
                "extras": 0,
                "total": 1
              }
            },
            {
              "batter": "TL Seifert",
              "bowler": "DR Sams",
              "non_striker": "MJ Guptill",
              "runs": {
                "batter": 1,
                "extras": 0,
                "total": 1
              }
            }
          ]
        },
        {
          "over": 1,
          "deliveries": [
            {
              "batter": "TL Seifert",
              "bowler": "AC Agar",
              "non_striker": "MJ Guptill",
              "runs": {
                "batter": 1,
                "extras": 0,
                "total": 1
              }
            },
            {
              "batter": "MJ Guptill",
              "bowler": "AC Agar",
              "non_striker": "TL Seifert",
              "runs": {
                "batter": 0,
                "extras": 0,
                "total": 0
              }
            },
            {
              "batter": "MJ Guptill",
              "bowler": "AC Agar",
              "non_striker": "TL Seifert",
              "runs": {
                "batter": 0,
                "extras": 0,
                "total": 0
              }
            },
            {
              "batter": "MJ Guptill",
              "bowler": "AC Agar",
              "non_striker": "TL Seifert",
              "runs": {
                "batter": 1,
                "extras": 0,
                "total": 1
              }
            },
            {
              "batter": "TL Seifert",
              "bowler": "AC Agar",
              "non_striker": "MJ Guptill",
              "runs": {
                "batter": 0,
                "extras": 0,
                "total": 0
              }
            },
            {
              "batter": "TL Seifert",
              "bowler": "AC Agar",
              "non_striker": "MJ Guptill",
              "runs": {
                "batter": 0,
                "extras": 0,
                "total": 0
              }
            }
          ]
        },
        {
          "over": 2,
          "deliveries": [
            {
              "batter": "MJ Guptill",
              "bowler": "JA Richardson",
              "non_striker": "TL Seifert",
              "runs": {
                "batter": 6,
                "extras": 0,
                "total": 6
              }
            },
            {
              "batter": "MJ Guptill",
              "bowler": "JA Richardson",
              "non_striker": "TL Seifert",
              "runs": {
                "batter": 1,
                "extras": 0,
                "total": 1
              }
            },
            {
              "batter": "TL Seifert",
              "bowler": "JA Richardson",
              "non_striker": "MJ Guptill",
              "runs": {
                "batter": 1,
                "extras": 0,
                "total": 1
              }
            },
            {
              "batter": "MJ Guptill",
              "bowler": "JA Richardson",
              "non_striker": "TL Seifert",
              "runs": {
                "batter": 0,
                "extras": 0,
                "total": 0
              }
            },
            {
              "batter": "MJ Guptill",
              "bowler": "JA Richardson",
              "non_striker": "TL Seifert",
              "runs": {
                "batter": 4,
                "extras": 0,
                "total": 4
              }
            },
            {
              "batter": "MJ Guptill",
              "bowler": "JA Richardson",
              "non_striker": "TL Seifert",
              "runs": {
                "batter": 0,
                "extras": 0,
                "total": 0
              }
            }
          ]
        },
        {
          "over": 3,
          "deliveries": [
            {
              "batter": "TL Seifert",
              "bowler": "KW Richardson",
              "non_striker": "MJ Guptill",
              "runs": {
                "batter": 0,
                "extras": 0,
                "total": 0
              },
              "wickets": [
                {
                  "player_out": "TL Seifert",
                  "fielders": [
                    {
                      "name": "AJ Finch"
                    }
                  ],
                  "kind": "caught"
                }
              ]
            },
            {
              "batter": "KS Williamson",
              "bowler": "KW Richardson",
              "non_striker": "MJ Guptill",
              "runs": {
                "batter": 0,
                "extras": 0,
                "total": 0
              }
            },
            {
              "batter": "KS Williamson",
              "bowler": "KW Richardson",
              "non_striker": "MJ Guptill",
              "runs": {
                "batter": 1,
                "extras": 0,
                "total": 1
              }
            },
            {
              "batter": "MJ Guptill",
              "bowler": "KW Richardson",
              "non_striker": "KS Williamson",
              "runs": {
                "batter": 0,
                "extras": 0,
                "total": 0
              }
            },
            {
              "batter": "MJ Guptill",
              "bowler": "KW Richardson",
              "non_striker": "KS Williamson",
              "runs": {
                "batter": 4,
                "extras": 0,
                "total": 4
              }
            },
            {
              "batter": "MJ Guptill",
              "bowler": "KW Richardson",
              "non_striker": "KS Williamson",
              "runs": {
                "batter": 0,
                "extras": 0,
                "total": 0
              }
            }
          ]
        },
        {
          "over": 4,
          "deliveries": [
            {
              "batter": "KS Williamson",
              "bowler": "A Zampa",
              "non_striker": "MJ Guptill",
              "runs": {
                "batter": 1,
                "extras": 0,
                "total": 1
              }
            },
            {
              "batter": "MJ Guptill",
              "bowler": "A Zampa",
              "non_striker": "KS Williamson",
              "runs": {
                "batter": 0,
                "extras": 0,
                "total": 0
              }
            },
            {
              "batter": "MJ Guptill",
              "bowler": "A Zampa",
              "non_striker": "KS Williamson",
              "runs": {
                "batter": 2,
                "extras": 0,
                "total": 2
              }
            },
            {
              "batter": "MJ Guptill",
              "bowler": "A Zampa",
              "non_striker": "KS Williamson",
              "runs": {
                "batter": 1,
                "extras": 0,
                "total": 1
              }
            },
            {
              "batter": "KS Williamson",
              "bowler": "A Zampa",
              "non_striker": "MJ Guptill",
              "runs": {
                "batter": 0,
                "extras": 0,
                "total": 0
              }
            },
            {
              "batter": "KS Williamson",
              "bowler": "A Zampa",
              "non_striker": "MJ Guptill",
              "runs": {
                "batter": 1,
                "extras": 0,
                "total": 1
              }
            }
          ]
        },
        {
          "over": 5,
          "deliveries": [
            {
              "batter": "KS Williamson",
              "bowler": "AC Agar",
              "non_striker": "MJ Guptill",
              "runs": {
                "batter": 1,
                "extras": 0,
                "total": 1
              }
            },
            {
              "batter": "MJ Guptill",
              "bowler": "AC Agar",
              "non_striker": "KS Williamson",
              "runs": {
                "batter": 6,
                "extras": 0,
                "total": 6
              }
            },
            {
              "batter": "MJ Guptill",
              "bowler": "AC Agar",
              "non_striker": "KS Williamson",
              "runs": {
                "batter": 2,
                "extras": 0,
                "total": 2
              }
            },
            {
              "batter": "MJ Guptill",
              "bowler": "AC Agar",
              "non_striker": "KS Williamson",
              "runs": {
                "batter": 4,
                "extras": 0,
                "total": 4
              }
            },
            {
              "batter": "MJ Guptill",
              "bowler": "AC Agar",
              "non_striker": "KS Williamson",
              "runs": {
                "batter": 1,
                "extras": 0,
                "total": 1
              }
            },
            {
              "batter": "KS Williamson",
              "bowler": "AC Agar",
              "non_striker": "MJ Guptill",
              "runs": {
                "batter": 1,
                "extras": 0,
                "total": 1
              }
            }
          ]
        },
        {
          "over": 6,
          "deliveries": [
            {
              "batter": "KS Williamson",
              "bowler": "A Zampa",
              "non_striker": "MJ Guptill",
              "runs": {
                "batter": 1,
                "extras": 0,
                "total": 1
              }
            },
            {
              "batter": "MJ Guptill",
              "bowler": "A Zampa",
              "non_striker": "KS Williamson",
              "runs": {
                "batter": 6,
                "extras": 0,
                "total": 6
              }
            },
            {
              "batter": "MJ Guptill",
              "bowler": "A Zampa",
              "non_striker": "KS Williamson",
              "runs": {
                "batter": 0,
                "extras": 0,
                "total": 0
              }
            },
            {
              "batter": "MJ Guptill",
              "bowler": "A Zampa",
              "non_striker": "KS Williamson",
              "runs": {
                "batter": 6,
                "extras": 0,
                "total": 6
              }
            },
            {
              "batter": "MJ Guptill",
              "bowler": "A Zampa",
              "non_striker": "KS Williamson",
              "runs": {
                "batter": 1,
                "extras": 0,
                "total": 1
              }
            },
            {
              "batter": "KS Williamson",
              "bowler": "A Zampa",
              "non_striker": "MJ Guptill",
              "runs": {
                "batter": 0,
                "extras": 0,
                "total": 0
              }
            }
          ]
        },
        {
          "over": 7,
          "deliveries": [
            {
              "batter": "MJ Guptill",
              "bowler": "JA Richardson",
              "non_striker": "KS Williamson",
              "runs": {
                "batter": 1,
                "extras": 0,
                "total": 1
              }
            },
            {
              "batter": "KS Williamson",
              "bowler": "JA Richardson",
              "non_striker": "MJ Guptill",
              "runs": {
                "batter": 4,
                "extras": 0,
                "total": 4
              }
            },
            {
              "batter": "KS Williamson",
              "bowler": "JA Richardson",
              "non_striker": "MJ Guptill",
              "runs": {
                "batter": 0,
                "extras": 0,
                "total": 0
              }
            },
            {
              "batter": "KS Williamson",
              "bowler": "JA Richardson",
              "non_striker": "MJ Guptill",
              "runs": {
                "batter": 0,
                "extras": 0,
                "total": 0
              }
            },
            {
              "batter": "KS Williamson",
              "bowler": "JA Richardson",
              "non_striker": "MJ Guptill",
              "runs": {
                "batter": 1,
                "extras": 0,
                "total": 1
              }
            },
            {
              "batter": "MJ Guptill",
              "bowler": "JA Richardson",
              "non_striker": "KS Williamson",
              "runs": {
                "batter": 1,
                "extras": 0,
                "total": 1
              }
            }
          ]
        },
        {
          "over": 8,
          "deliveries": [
            {
              "batter": "MJ Guptill",
              "bowler": "DR Sams",
              "non_striker": "KS Williamson",
              "runs": {
                "batter": 2,
                "extras": 0,
                "total": 2
              }
            },
            {
              "batter": "MJ Guptill",
              "bowler": "DR Sams",
              "non_striker": "KS Williamson",
              "runs": {
                "batter": 1,
                "extras": 0,
                "total": 1
              }
            },
            {
              "batter": "KS Williamson",
              "bowler": "DR Sams",
              "non_striker": "MJ Guptill",
              "runs": {
                "batter": 1,
                "extras": 0,
                "total": 1
              }
            },
            {
              "batter": "MJ Guptill",
              "bowler": "DR Sams",
              "non_striker": "KS Williamson",
              "runs": {
                "batter": 1,
                "extras": 0,
                "total": 1
              }
            },
            {
              "batter": "KS Williamson",
              "bowler": "DR Sams",
              "non_striker": "MJ Guptill",
              "runs": {
                "batter": 1,
                "extras": 0,
                "total": 1
              }
            },
            {
              "batter": "MJ Guptill",
              "bowler": "DR Sams",
              "non_striker": "KS Williamson",
              "runs": {
                "batter": 0,
                "extras": 0,
                "total": 0
              }
            }
          ]
        },
        {
          "over": 9,
          "deliveries": [
            {
              "batter": "KS Williamson",
              "bowler": "AC Agar",
              "non_striker": "MJ Guptill",
              "runs": {
                "batter": 0,
                "extras": 0,
                "total": 0
              }
            },
            {
              "batter": "KS Williamson",
              "bowler": "AC Agar",
              "non_striker": "MJ Guptill",
              "runs": {
                "batter": 4,
                "extras": 0,
                "total": 4
              }
            },
            {
              "batter": "KS Williamson",
              "bowler": "AC Agar",
              "non_striker": "MJ Guptill",
              "runs": {
                "batter": 1,
                "extras": 0,
                "total": 1
              }
            },
            {
              "batter": "MJ Guptill",
              "bowler": "AC Agar",
              "non_striker": "KS Williamson",
              "runs": {
                "batter": 1,
                "extras": 0,
                "total": 1
              }
            },
            {
              "batter": "KS Williamson",
              "bowler": "AC Agar",
              "non_striker": "MJ Guptill",
              "runs": {
                "batter": 6,
                "extras": 0,
                "total": 6
              }
            },
            {
              "batter": "KS Williamson",
              "bowler": "AC Agar",
              "non_striker": "MJ Guptill",
              "runs": {
                "batter": 1,
                "extras": 0,
                "total": 1
              }
            }
          ]
        },
        {
          "over": 10,
          "deliveries": [
            {
              "batter": "KS Williamson",
              "bowler": "MP Stoinis",
              "non_striker": "MJ Guptill",
              "runs": {
                "batter": 2,
                "extras": 0,
                "total": 2
              }
            },
            {
              "batter": "KS Williamson",
              "bowler": "MP Stoinis",
              "non_striker": "MJ Guptill",
              "runs": {
                "batter": 1,
                "extras": 0,
                "total": 1
              }
            },
            {
              "batter": "MJ Guptill",
              "bowler": "MP Stoinis",
              "non_striker": "KS Williamson",
              "runs": {
                "batter": 1,
                "extras": 0,
                "total": 1
              }
            },
            {
              "batter": "KS Williamson",
              "bowler": "MP Stoinis",
              "non_striker": "MJ Guptill",
              "runs": {
                "batter": 1,
                "extras": 0,
                "total": 1
              }
            },
            {
              "batter": "MJ Guptill",
              "bowler": "MP Stoinis",
              "non_striker": "KS Williamson",
              "runs": {
                "batter": 6,
                "extras": 0,
                "total": 6
              }
            },
            {
              "batter": "MJ Guptill",
              "bowler": "MP Stoinis",
              "non_striker": "KS Williamson",
              "runs": {
                "batter": 6,
                "extras": 0,
                "total": 6
              }
            }
          ]
        },
        {
          "over": 11,
          "deliveries": [
            {
              "batter": "KS Williamson",
              "bowler": "KW Richardson",
              "non_striker": "MJ Guptill",
              "runs": {
                "batter": 1,
                "extras": 0,
                "total": 1
              }
            },
            {
              "batter": "MJ Guptill",
              "bowler": "KW Richardson",
              "non_striker": "KS Williamson",
              "runs": {
                "batter": 1,
                "extras": 0,
                "total": 1
              }
            },
            {
              "batter": "KS Williamson",
              "bowler": "KW Richardson",
              "non_striker": "MJ Guptill",
              "runs": {
                "batter": 3,
                "extras": 0,
                "total": 3
              }
            },
            {
              "batter": "MJ Guptill",
              "bowler": "KW Richardson",
              "non_striker": "KS Williamson",
              "runs": {
                "batter": 6,
                "extras": 0,
                "total": 6
              }
            },
            {
              "batter": "MJ Guptill",
              "bowler": "KW Richardson",
              "non_striker": "KS Williamson",
              "runs": {
                "batter": 6,
                "extras": 0,
                "total": 6
              }
            },
            {
              "batter": "MJ Guptill",
              "bowler": "KW Richardson",
              "non_striker": "KS Williamson",
              "runs": {
                "batter": 4,
                "extras": 0,
                "total": 4
              }
            }
          ]
        },
        {
          "over": 12,
          "deliveries": [
            {
              "batter": "KS Williamson",
              "bowler": "JA Richardson",
              "non_striker": "MJ Guptill",
              "runs": {
                "batter": 1,
                "extras": 0,
                "total": 1
              }
            },
            {
              "batter": "MJ Guptill",
              "bowler": "JA Richardson",
              "non_striker": "KS Williamson",
              "runs": {
                "batter": 1,
                "extras": 0,
                "total": 1
              }
            },
            {
              "batter": "KS Williamson",
              "bowler": "JA Richardson",
              "non_striker": "MJ Guptill",
              "runs": {
                "batter": 6,
                "extras": 0,
                "total": 6
              }
            },
            {
              "batter": "KS Williamson",
              "bowler": "JA Richardson",
              "non_striker": "MJ Guptill",
              "runs": {
                "batter": 1,
                "extras": 0,
                "total": 1
              }
            },
            {
              "batter": "MJ Guptill",
              "bowler": "JA Richardson",
              "non_striker": "KS Williamson",
              "runs": {
                "batter": 4,
                "extras": 0,
                "total": 4
              }
            },
            {
              "batter": "MJ Guptill",
              "bowler": "JA Richardson",
              "non_striker": "KS Williamson",
              "runs": {
                "batter": 1,
                "extras": 0,
                "total": 1
              }
            }
          ]
        },
        {
          "over": 13,
          "deliveries": [
            {
              "batter": "MJ Guptill",
              "bowler": "A Zampa",
              "non_striker": "KS Williamson",
              "runs": {
                "batter": 1,
                "extras": 0,
                "total": 1
              }
            },
            {
              "batter": "KS Williamson",
              "bowler": "A Zampa",
              "non_striker": "MJ Guptill",
              "runs": {
                "batter": 1,
                "extras": 0,
                "total": 1
              }
            },
            {
              "batter": "MJ Guptill",
              "bowler": "A Zampa",
              "non_striker": "KS Williamson",
              "runs": {
                "batter": 1,
                "extras": 0,
                "total": 1
              }
            },
            {
              "batter": "KS Williamson",
              "bowler": "A Zampa",
              "extras": {
                "wides": 1
              },
              "non_striker": "MJ Guptill",
              "runs": {
                "batter": 0,
                "extras": 1,
                "total": 1
              }
            },
            {
              "batter": "KS Williamson",
              "bowler": "A Zampa",
              "non_striker": "MJ Guptill",
              "runs": {
                "batter": 1,
                "extras": 0,
                "total": 1
              }
            },
            {
              "batter": "MJ Guptill",
              "bowler": "A Zampa",
              "non_striker": "KS Williamson",
              "runs": {
                "batter": 1,
                "extras": 0,
                "total": 1
              }
            },
            {
              "batter": "KS Williamson",
              "bowler": "A Zampa",
              "non_striker": "MJ Guptill",
              "runs": {
                "batter": 6,
                "extras": 0,
                "total": 6
              }
            }
          ]
        },
        {
          "over": 14,
          "deliveries": [
            {
              "batter": "MJ Guptill",
              "bowler": "DR Sams",
              "non_striker": "KS Williamson",
              "runs": {
                "batter": 1,
                "extras": 0,
                "total": 1
              }
            },
            {
              "batter": "KS Williamson",
              "bowler": "DR Sams",
              "non_striker": "MJ Guptill",
              "runs": {
                "batter": 1,
                "extras": 0,
                "total": 1
              }
            },
            {
              "batter": "MJ Guptill",
              "bowler": "DR Sams",
              "non_striker": "KS Williamson",
              "runs": {
                "batter": 0,
                "extras": 0,
                "total": 0
              }
            },
            {
              "batter": "MJ Guptill",
              "bowler": "DR Sams",
              "non_striker": "KS Williamson",
              "runs": {
                "batter": 0,
                "extras": 0,
                "total": 0
              },
              "wickets": [
                {
                  "player_out": "MJ Guptill",
                  "fielders": [
                    {
                      "name": "MP Stoinis"
                    }
                  ],
                  "kind": "caught"
                }
              ]
            },
            {
              "batter": "JDS Neesham",
              "bowler": "DR Sams",
              "non_striker": "KS Williamson",
              "runs": {
                "batter": 6,
                "extras": 0,
                "total": 6
              }
            },
            {
              "batter": "JDS Neesham",
              "bowler": "DR Sams",
              "non_striker": "KS Williamson",
              "runs": {
                "batter": 6,
                "extras": 0,
                "total": 6
              }
            }
          ]
        },
        {
          "over": 15,
          "deliveries": [
            {
              "batter": "KS Williamson",
              "bowler": "A Zampa",
              "non_striker": "JDS Neesham",
              "runs": {
                "batter": 1,
                "extras": 0,
                "total": 1
              }
            },
            {
              "batter": "JDS Neesham",
              "bowler": "A Zampa",
              "non_striker": "KS Williamson",
              "runs": {
                "batter": 6,
                "extras": 0,
                "total": 6
              }
            },
            {
              "batter": "JDS Neesham",
              "bowler": "A Zampa",
              "non_striker": "KS Williamson",
              "runs": {
                "batter": 1,
                "extras": 0,
                "total": 1
              }
            },
            {
              "batter": "KS Williamson",
              "bowler": "A Zampa",
              "non_striker": "JDS Neesham",
              "runs": {
                "batter": 2,
                "extras": 0,
                "total": 2
              }
            },
            {
              "batter": "KS Williamson",
              "bowler": "A Zampa",
              "non_striker": "JDS Neesham",
              "runs": {
                "batter": 0,
                "extras": 0,
                "total": 0
              },
              "wickets": [
                {
                  "player_out": "KS Williamson",
                  "kind": "bowled"
                }
              ]
            },
            {
              "batter": "GD Phillips",
              "bowler": "A Zampa",
              "non_striker": "JDS Neesham",
              "runs": {
                "batter": 2,
                "extras": 0,
                "total": 2
              }
            }
          ]
        },
        {
          "over": 16,
          "deliveries": [
            {
              "batter": "JDS Neesham",
              "bowler": "KW Richardson",
              "non_striker": "GD Phillips",
              "runs": {
                "batter": 0,
                "extras": 0,
                "total": 0
              }
            },
            {
              "batter": "JDS Neesham",
              "bowler": "KW Richardson",
              "non_striker": "GD Phillips",
              "runs": {
                "batter": 0,
                "extras": 0,
                "total": 0
              }
            },
            {
              "batter": "JDS Neesham",
              "bowler": "KW Richardson",
              "non_striker": "GD Phillips",
              "runs": {
                "batter": 6,
                "extras": 0,
                "total": 6
              }
            },
            {
              "batter": "JDS Neesham",
              "bowler": "KW Richardson",
              "non_striker": "GD Phillips",
              "runs": {
                "batter": 1,
                "extras": 0,
                "total": 1
              }
            },
            {
              "batter": "GD Phillips",
              "bowler": "KW Richardson",
              "non_striker": "JDS Neesham",
              "runs": {
                "batter": 6,
                "extras": 0,
                "total": 6
              }
            },
            {
              "batter": "GD Phillips",
              "bowler": "KW Richardson",
              "extras": {
                "legbyes": 1
              },
              "non_striker": "JDS Neesham",
              "runs": {
                "batter": 0,
                "extras": 1,
                "total": 1
              }
            }
          ]
        },
        {
          "over": 17,
          "deliveries": [
            {
              "batter": "GD Phillips",
              "bowler": "JA Richardson",
              "non_striker": "JDS Neesham",
              "runs": {
                "batter": 0,
                "extras": 0,
                "total": 0
              }
            },
            {
              "batter": "GD Phillips",
              "bowler": "JA Richardson",
              "extras": {
                "wides": 1
              },
              "non_striker": "JDS Neesham",
              "runs": {
                "batter": 0,
                "extras": 1,
                "total": 1
              }
            },
            {
              "batter": "GD Phillips",
              "bowler": "JA Richardson",
              "non_striker": "JDS Neesham",
              "runs": {
                "batter": 0,
                "extras": 0,
                "total": 0
              }
            },
            {
              "batter": "GD Phillips",
              "bowler": "JA Richardson",
              "non_striker": "JDS Neesham",
              "runs": {
                "batter": 0,
                "extras": 0,
                "total": 0
              },
              "wickets": [
                {
                  "player_out": "GD Phillips",
                  "kind": "bowled"
                }
              ]
            },
            {
              "batter": "DP Conway",
              "bowler": "JA Richardson",
              "non_striker": "JDS Neesham",
              "runs": {
                "batter": 1,
                "extras": 0,
                "total": 1
              }
            },
            {
              "batter": "JDS Neesham",
              "bowler": "JA Richardson",
              "non_striker": "DP Conway",
              "runs": {
                "batter": 4,
                "extras": 0,
                "total": 4
              }
            },
            {
              "batter": "JDS Neesham",
              "bowler": "JA Richardson",
              "non_striker": "DP Conway",
              "runs": {
                "batter": 0,
                "extras": 0,
                "total": 0
              }
            }
          ]
        },
        {
          "over": 18,
          "deliveries": [
            {
              "batter": "DP Conway",
              "bowler": "KW Richardson",
              "non_striker": "JDS Neesham",
              "runs": {
                "batter": 1,
                "extras": 0,
                "total": 1
              }
            },
            {
              "batter": "JDS Neesham",
              "bowler": "KW Richardson",
              "extras": {
                "wides": 1
              },
              "non_striker": "DP Conway",
              "runs": {
                "batter": 0,
                "extras": 1,
                "total": 1
              }
            },
            {
              "batter": "JDS Neesham",
              "bowler": "KW Richardson",
              "non_striker": "DP Conway",
              "runs": {
                "batter": 0,
                "extras": 0,
                "total": 0
              }
            },
            {
              "batter": "JDS Neesham",
              "bowler": "KW Richardson",
              "non_striker": "DP Conway",
              "runs": {
                "batter": 1,
                "extras": 0,
                "total": 1
              }
            },
            {
              "batter": "DP Conway",
              "bowler": "KW Richardson",
              "non_striker": "JDS Neesham",
              "runs": {
                "batter": 0,
                "extras": 0,
                "total": 0
              },
              "wickets": [
                {
                  "player_out": "DP Conway",
                  "fielders": [
                    {
                      "name": "A Zampa"
                    }
                  ],
                  "kind": "caught"
                }
              ]
            },
            {
              "batter": "JDS Neesham",
              "bowler": "KW Richardson",
              "non_striker": "MJ Santner",
              "runs": {
                "batter": 1,
                "extras": 0,
                "total": 1
              }
            },
            {
              "batter": "MJ Santner",
              "bowler": "KW Richardson",
              "non_striker": "JDS Neesham",
              "runs": {
                "batter": 0,
                "extras": 0,
                "total": 0
              },
              "wickets": [
                {
                  "player_out": "MJ Santner",
                  "fielders": [
                    {
                      "name": "GJ Maxwell"
                    }
                  ],
                  "kind": "caught"
                }
              ]
            }
          ]
        },
        {
          "over": 19,
          "deliveries": [
            {
              "batter": "JDS Neesham",
              "bowler": "DR Sams",
              "extras": {
                "wides": 1
              },
              "non_striker": "TG Southee",
              "runs": {
                "batter": 0,
                "extras": 1,
                "total": 1
              }
            },
            {
              "batter": "JDS Neesham",
              "bowler": "DR Sams",
              "non_striker": "TG Southee",
              "runs": {
                "batter": 6,
                "extras": 0,
                "total": 6
              }
            },
            {
              "batter": "JDS Neesham",
              "bowler": "DR Sams",
              "non_striker": "TG Southee",
              "runs": {
                "batter": 1,
                "extras": 0,
                "total": 1
              }
            },
            {
              "batter": "TG Southee",
              "bowler": "DR Sams",
              "non_striker": "JDS Neesham",
              "runs": {
                "batter": 2,
                "extras": 0,
                "total": 2
              }
            },
            {
              "batter": "TG Southee",
              "bowler": "DR Sams",
              "non_striker": "JDS Neesham",
              "runs": {
                "batter": 4,
                "extras": 0,
                "total": 4
              }
            },
            {
              "batter": "TG Southee",
              "bowler": "DR Sams",
              "non_striker": "JDS Neesham",
              "runs": {
                "batter": 0,
                "extras": 0,
                "total": 0
              },
              "wickets": [
                {
                  "player_out": "TG Southee",
                  "kind": "run out"
                }
              ]
            },
            {
              "batter": "JDS Neesham",
              "bowler": "DR Sams",
              "non_striker": "KA Jamieson",
              "runs": {
                "batter": 6,
                "extras": 0,
                "total": 6
              }
            }
          ]
        }
      ],
      "powerplays": [
        {
          "from": 0.1,
          "to": 5.6,
          "type": "mandatory"
        }
      ]
    },
    {
      "team": "Australia",
      "overs": [
        {
          "over": 0,
          "deliveries": [
            {
              "batter": "MS Wade",
              "bowler": "TG Southee",
              "non_striker": "AJ Finch",
              "runs": {
                "batter": 0,
                "extras": 0,
                "total": 0
              }
            },
            {
              "batter": "MS Wade",
              "bowler": "TG Southee",
              "non_striker": "AJ Finch",
              "runs": {
                "batter": 0,
                "extras": 0,
                "total": 0
              }
            },
            {
              "batter": "MS Wade",
              "bowler": "TG Southee",
              "non_striker": "AJ Finch",
              "runs": {
                "batter": 1,
                "extras": 0,
                "total": 1
              }
            },
            {
              "batter": "AJ Finch",
              "bowler": "TG Southee",
              "non_striker": "MS Wade",
              "runs": {
                "batter": 0,
                "extras": 0,
                "total": 0
              }
            },
            {
              "batter": "AJ Finch",
              "bowler": "TG Southee",
              "non_striker": "MS Wade",
              "runs": {
                "batter": 0,
                "extras": 0,
                "total": 0
              }
            },
            {
              "batter": "AJ Finch",
              "bowler": "TG Southee",
              "non_striker": "MS Wade",
              "runs": {
                "batter": 4,
                "extras": 0,
                "total": 4
              }
            }
          ]
        },
        {
          "over": 1,
          "deliveries": [
            {
              "batter": "MS Wade",
              "bowler": "TA Boult",
              "non_striker": "AJ Finch",
              "runs": {
                "batter": 4,
                "extras": 0,
                "total": 4
              }
            },
            {
              "batter": "MS Wade",
              "bowler": "TA Boult",
              "non_striker": "AJ Finch",
              "runs": {
                "batter": 0,
                "extras": 0,
                "total": 0
              }
            },
            {
              "batter": "MS Wade",
              "bowler": "TA Boult",
              "extras": {
                "wides": 1
              },
              "non_striker": "AJ Finch",
              "runs": {
                "batter": 0,
                "extras": 1,
                "total": 1
              }
            },
            {
              "batter": "MS Wade",
              "bowler": "TA Boult",
              "non_striker": "AJ Finch",
              "runs": {
                "batter": 4,
                "extras": 0,
                "total": 4
              }
            },
            {
              "batter": "MS Wade",
              "bowler": "TA Boult",
              "non_striker": "AJ Finch",
              "runs": {
                "batter": 1,
                "extras": 0,
                "total": 1
              }
            },
            {
              "batter": "AJ Finch",
              "bowler": "TA Boult",
              "non_striker": "MS Wade",
              "runs": {
                "batter": 1,
                "extras": 0,
                "total": 1
              }
            },
            {
              "batter": "MS Wade",
              "bowler": "TA Boult",
              "non_striker": "AJ Finch",
              "runs": {
                "batter": 1,
                "extras": 0,
                "total": 1
              }
            }
          ]
        },
        {
          "over": 2,
          "deliveries": [
            {
              "batter": "MS Wade",
              "bowler": "KA Jamieson",
              "extras": {
                "noballs": 1
              },
              "non_striker": "AJ Finch",
              "runs": {
                "batter": 4,
                "extras": 1,
                "total": 5
              }
            },
            {
              "batter": "MS Wade",
              "bowler": "KA Jamieson",
              "extras": {
                "wides": 1
              },
              "non_striker": "AJ Finch",
              "runs": {
                "batter": 0,
                "extras": 1,
                "total": 1
              }
            },
            {
              "batter": "MS Wade",
              "bowler": "KA Jamieson",
              "non_striker": "AJ Finch",
              "runs": {
                "batter": 0,
                "extras": 0,
                "total": 0
              }
            },
            {
              "batter": "MS Wade",
              "bowler": "KA Jamieson",
              "non_striker": "AJ Finch",
              "runs": {
                "batter": 6,
                "extras": 0,
                "total": 6
              }
            },
            {
              "batter": "MS Wade",
              "bowler": "KA Jamieson",
              "non_striker": "AJ Finch",
              "runs": {
                "batter": 3,
                "extras": 0,
                "total": 3
              }
            },
            {
              "batter": "AJ Finch",
              "bowler": "KA Jamieson",
              "non_striker": "MS Wade",
              "runs": {
                "batter": 0,
                "extras": 0,
                "total": 0
              }
            },
            {
              "batter": "AJ Finch",
              "bowler": "KA Jamieson",
              "non_striker": "MS Wade",
              "runs": {
                "batter": 1,
                "extras": 0,
                "total": 1
              }
            },
            {
              "batter": "MS Wade",
              "bowler": "KA Jamieson",
              "non_striker": "AJ Finch",
              "runs": {
                "batter": 0,
                "extras": 0,
                "total": 0
              }
            }
          ]
        },
        {
          "over": 3,
          "deliveries": [
            {
              "batter": "AJ Finch",
              "bowler": "TG Southee",
              "non_striker": "MS Wade",
              "runs": {
                "batter": 1,
                "extras": 0,
                "total": 1
              }
            },
            {
              "batter": "MS Wade",
              "bowler": "TG Southee",
              "non_striker": "AJ Finch",
              "runs": {
                "batter": 0,
                "extras": 0,
                "total": 0
              }
            },
            {
              "batter": "MS Wade",
              "bowler": "TG Southee",
              "non_striker": "AJ Finch",
              "runs": {
                "batter": 0,
                "extras": 0,
                "total": 0
              },
              "wickets": [
                {
                  "player_out": "MS Wade",
                  "fielders": [
                    {
                      "name": "KS Williamson"
                    }
                  ],
                  "kind": "caught"
                }
              ]
            },
            {
              "batter": "JR Philippe",
              "bowler": "TG Southee",
              "non_striker": "AJ Finch",
              "runs": {
                "batter": 0,
                "extras": 0,
                "total": 0
              }
            },
            {
              "batter": "JR Philippe",
              "bowler": "TG Southee",
              "non_striker": "AJ Finch",
              "runs": {
                "batter": 0,
                "extras": 0,
                "total": 0
              }
            },
            {
              "batter": "JR Philippe",
              "bowler": "TG Southee",
              "non_striker": "AJ Finch",
              "runs": {
                "batter": 1,
                "extras": 0,
                "total": 1
              }
            }
          ]
        },
        {
          "over": 4,
          "deliveries": [
            {
              "batter": "JR Philippe",
              "bowler": "KA Jamieson",
              "non_striker": "AJ Finch",
              "runs": {
                "batter": 6,
                "extras": 0,
                "total": 6
              }
            },
            {
              "batter": "JR Philippe",
              "bowler": "KA Jamieson",
              "non_striker": "AJ Finch",
              "runs": {
                "batter": 0,
                "extras": 0,
                "total": 0
              }
            },
            {
              "batter": "JR Philippe",
              "bowler": "KA Jamieson",
              "non_striker": "AJ Finch",
              "runs": {
                "batter": 6,
                "extras": 0,
                "total": 6
              }
            },
            {
              "batter": "JR Philippe",
              "bowler": "KA Jamieson",
              "non_striker": "AJ Finch",
              "runs": {
                "batter": 1,
                "extras": 0,
                "total": 1
              }
            },
            {
              "batter": "AJ Finch",
              "bowler": "KA Jamieson",
              "non_striker": "JR Philippe",
              "runs": {
                "batter": 1,
                "extras": 0,
                "total": 1
              }
            },
            {
              "batter": "JR Philippe",
              "bowler": "KA Jamieson",
              "non_striker": "AJ Finch",
              "runs": {
                "batter": 1,
                "extras": 0,
                "total": 1
              }
            }
          ]
        },
        {
          "over": 5,
          "deliveries": [
            {
              "batter": "JR Philippe",
              "bowler": "TA Boult",
              "non_striker": "AJ Finch",
              "runs": {
                "batter": 0,
                "extras": 0,
                "total": 0
              }
            },
            {
              "batter": "JR Philippe",
              "bowler": "TA Boult",
              "non_striker": "AJ Finch",
              "runs": {
                "batter": 1,
                "extras": 0,
                "total": 1
              }
            },
            {
              "batter": "AJ Finch",
              "bowler": "TA Boult",
              "non_striker": "JR Philippe",
              "runs": {
                "batter": 1,
                "extras": 0,
                "total": 1
              }
            },
            {
              "batter": "JR Philippe",
              "bowler": "TA Boult",
              "non_striker": "AJ Finch",
              "runs": {
                "batter": 0,
                "extras": 0,
                "total": 0
              }
            },
            {
              "batter": "JR Philippe",
              "bowler": "TA Boult",
              "non_striker": "AJ Finch",
              "runs": {
                "batter": 1,
                "extras": 0,
                "total": 1
              }
            },
            {
              "batter": "AJ Finch",
              "bowler": "TA Boult",
              "non_striker": "JR Philippe",
              "runs": {
                "batter": 0,
                "extras": 0,
                "total": 0
              }
            }
          ]
        },
        {
          "over": 6,
          "deliveries": [
            {
              "batter": "JR Philippe",
              "bowler": "MJ Santner",
              "non_striker": "AJ Finch",
              "runs": {
                "batter": 1,
                "extras": 0,
                "total": 1
              }
            },
            {
              "batter": "AJ Finch",
              "bowler": "MJ Santner",
              "non_striker": "JR Philippe",
              "runs": {
                "batter": 1,
                "extras": 0,
                "total": 1
              }
            },
            {
              "batter": "JR Philippe",
              "bowler": "MJ Santner",
              "non_striker": "AJ Finch",
              "runs": {
                "batter": 6,
                "extras": 0,
                "total": 6
              }
            },
            {
              "batter": "JR Philippe",
              "bowler": "MJ Santner",
              "non_striker": "AJ Finch",
              "review": {
                "by": "New Zealand",
                "umpire": "SB Haig",
                "batter": "JR Philippe",
                "decision": "struck down"
              },
              "runs": {
                "batter": 0,
                "extras": 0,
                "total": 0
              }
            },
            {
              "batter": "JR Philippe",
              "bowler": "MJ Santner",
              "non_striker": "AJ Finch",
              "runs": {
                "batter": 2,
                "extras": 0,
                "total": 2
              }
            },
            {
              "batter": "JR Philippe",
              "bowler": "MJ Santner",
              "non_striker": "AJ Finch",
              "runs": {
                "batter": 1,
                "extras": 0,
                "total": 1
              }
            }
          ]
        },
        {
          "over": 7,
          "deliveries": [
            {
              "batter": "JR Philippe",
              "bowler": "IS Sodhi",
              "non_striker": "AJ Finch",
              "runs": {
                "batter": 0,
                "extras": 0,
                "total": 0
              }
            },
            {
              "batter": "JR Philippe",
              "bowler": "IS Sodhi",
              "non_striker": "AJ Finch",
              "runs": {
                "batter": 2,
                "extras": 0,
                "total": 2
              }
            },
            {
              "batter": "JR Philippe",
              "bowler": "IS Sodhi",
              "non_striker": "AJ Finch",
              "runs": {
                "batter": 1,
                "extras": 0,
                "total": 1
              }
            },
            {
              "batter": "AJ Finch",
              "bowler": "IS Sodhi",
              "non_striker": "JR Philippe",
              "runs": {
                "batter": 2,
                "extras": 0,
                "total": 2
              }
            },
            {
              "batter": "AJ Finch",
              "bowler": "IS Sodhi",
              "extras": {
                "wides": 1
              },
              "non_striker": "JR Philippe",
              "runs": {
                "batter": 0,
                "extras": 1,
                "total": 1
              }
            },
            {
              "batter": "AJ Finch",
              "bowler": "IS Sodhi",
              "non_striker": "JR Philippe",
              "runs": {
                "batter": 0,
                "extras": 0,
                "total": 0
              }
            },
            {
              "batter": "AJ Finch",
              "bowler": "IS Sodhi",
              "non_striker": "JR Philippe",
              "runs": {
                "batter": 0,
                "extras": 0,
                "total": 0
              },
              "wickets": [
                {
                  "player_out": "AJ Finch",
                  "fielders": [
                    {
                      "name": "GD Phillips"
                    }
                  ],
                  "kind": "caught"
                }
              ]
            }
          ]
        },
        {
          "over": 8,
          "deliveries": [
            {
              "batter": "GJ Maxwell",
              "bowler": "MJ Santner",
              "non_striker": "JR Philippe",
              "runs": {
                "batter": 1,
                "extras": 0,
                "total": 1
              }
            },
            {
              "batter": "JR Philippe",
              "bowler": "MJ Santner",
              "non_striker": "GJ Maxwell",
              "runs": {
                "batter": 4,
                "extras": 0,
                "total": 4
              }
            },
            {
              "batter": "JR Philippe",
              "bowler": "MJ Santner",
              "non_striker": "GJ Maxwell",
              "runs": {
                "batter": 0,
                "extras": 0,
                "total": 0
              }
            },
            {
              "batter": "JR Philippe",
              "bowler": "MJ Santner",
              "non_striker": "GJ Maxwell",
              "runs": {
                "batter": 1,
                "extras": 0,
                "total": 1
              }
            },
            {
              "batter": "GJ Maxwell",
              "bowler": "MJ Santner",
              "non_striker": "JR Philippe",
              "runs": {
                "batter": 1,
                "extras": 0,
                "total": 1
              }
            },
            {
              "batter": "JR Philippe",
              "bowler": "MJ Santner",
              "extras": {
                "wides": 1
              },
              "non_striker": "GJ Maxwell",
              "runs": {
                "batter": 0,
                "extras": 1,
                "total": 1
              }
            },
            {
              "batter": "JR Philippe",
              "bowler": "MJ Santner",
              "non_striker": "GJ Maxwell",
              "runs": {
                "batter": 1,
                "extras": 0,
                "total": 1
              }
            }
          ]
        },
        {
          "over": 9,
          "deliveries": [
            {
              "batter": "JR Philippe",
              "bowler": "KA Jamieson",
              "non_striker": "GJ Maxwell",
              "runs": {
                "batter": 1,
                "extras": 0,
                "total": 1
              }
            },
            {
              "batter": "GJ Maxwell",
              "bowler": "KA Jamieson",
              "non_striker": "JR Philippe",
              "runs": {
                "batter": 0,
                "extras": 0,
                "total": 0
              }
            },
            {
              "batter": "GJ Maxwell",
              "bowler": "KA Jamieson",
              "non_striker": "JR Philippe",
              "runs": {
                "batter": 1,
                "extras": 0,
                "total": 1
              }
            },
            {
              "batter": "JR Philippe",
              "bowler": "KA Jamieson",
              "non_striker": "GJ Maxwell",
              "runs": {
                "batter": 0,
                "extras": 0,
                "total": 0
              }
            },
            {
              "batter": "JR Philippe",
              "bowler": "KA Jamieson",
              "non_striker": "GJ Maxwell",
              "runs": {
                "batter": 2,
                "extras": 0,
                "total": 2
              }
            },
            {
              "batter": "JR Philippe",
              "bowler": "KA Jamieson",
              "non_striker": "GJ Maxwell",
              "runs": {
                "batter": 4,
                "extras": 0,
                "total": 4
              }
            }
          ]
        },
        {
          "over": 10,
          "deliveries": [
            {
              "batter": "GJ Maxwell",
              "bowler": "MJ Santner",
              "non_striker": "JR Philippe",
              "runs": {
                "batter": 0,
                "extras": 0,
                "total": 0
              },
              "wickets": [
                {
                  "player_out": "GJ Maxwell",
                  "fielders": [
                    {
                      "name": "IS Sodhi"
                    }
                  ],
                  "kind": "caught"
                }
              ]
            },
            {
              "batter": "MP Stoinis",
              "bowler": "MJ Santner",
              "non_striker": "JR Philippe",
              "runs": {
                "batter": 1,
                "extras": 0,
                "total": 1
              }
            },
            {
              "batter": "JR Philippe",
              "bowler": "MJ Santner",
              "non_striker": "MP Stoinis",
              "runs": {
                "batter": 1,
                "extras": 0,
                "total": 1
              }
            },
            {
              "batter": "MP Stoinis",
              "bowler": "MJ Santner",
              "non_striker": "JR Philippe",
              "runs": {
                "batter": 1,
                "extras": 0,
                "total": 1
              }
            },
            {
              "batter": "JR Philippe",
              "bowler": "MJ Santner",
              "non_striker": "MP Stoinis",
              "runs": {
                "batter": 1,
                "extras": 0,
                "total": 1
              }
            },
            {
              "batter": "MP Stoinis",
              "bowler": "MJ Santner",
              "non_striker": "JR Philippe",
              "runs": {
                "batter": 1,
                "extras": 0,
                "total": 1
              }
            }
          ]
        },
        {
          "over": 11,
          "deliveries": [
            {
              "batter": "MP Stoinis",
              "bowler": "IS Sodhi",
              "non_striker": "JR Philippe",
              "runs": {
                "batter": 4,
                "extras": 0,
                "total": 4
              }
            },
            {
              "batter": "MP Stoinis",
              "bowler": "IS Sodhi",
              "non_striker": "JR Philippe",
              "runs": {
                "batter": 0,
                "extras": 0,
                "total": 0
              }
            },
            {
              "batter": "MP Stoinis",
              "bowler": "IS Sodhi",
              "non_striker": "JR Philippe",
              "runs": {
                "batter": 4,
                "extras": 0,
                "total": 4
              }
            },
            {
              "batter": "MP Stoinis",
              "bowler": "IS Sodhi",
              "non_striker": "JR Philippe",
              "runs": {
                "batter": 6,
                "extras": 0,
                "total": 6
              }
            },
            {
              "batter": "MP Stoinis",
              "bowler": "IS Sodhi",
              "non_striker": "JR Philippe",
              "runs": {
                "batter": 1,
                "extras": 0,
                "total": 1
              }
            },
            {
              "batter": "JR Philippe",
              "bowler": "IS Sodhi",
              "non_striker": "MP Stoinis",
              "runs": {
                "batter": 0,
                "extras": 0,
                "total": 0
              }
            }
          ]
        },
        {
          "over": 12,
          "deliveries": [
            {
              "batter": "MP Stoinis",
              "bowler": "MJ Santner",
              "non_striker": "JR Philippe",
              "runs": {
                "batter": 4,
                "extras": 0,
                "total": 4
              }
            },
            {
              "batter": "MP Stoinis",
              "bowler": "MJ Santner",
              "non_striker": "JR Philippe",
              "runs": {
                "batter": 1,
                "extras": 0,
                "total": 1
              }
            },
            {
              "batter": "JR Philippe",
              "bowler": "MJ Santner",
              "non_striker": "MP Stoinis",
              "runs": {
                "batter": 0,
                "extras": 0,
                "total": 0
              },
              "wickets": [
                {
                  "player_out": "JR Philippe",
                  "fielders": [
                    {
                      "name": "DP Conway"
                    }
                  ],
                  "kind": "caught"
                }
              ]
            },
            {
              "batter": "MP Stoinis",
              "bowler": "MJ Santner",
              "non_striker": "AC Agar",
              "runs": {
                "batter": 1,
                "extras": 0,
                "total": 1
              }
            },
            {
              "batter": "AC Agar",
              "bowler": "MJ Santner",
              "non_striker": "MP Stoinis",
              "runs": {
                "batter": 0,
                "extras": 0,
                "total": 0
              },
              "wickets": [
                {
                  "player_out": "AC Agar",
                  "fielders": [
                    {
                      "name": "DP Conway"
                    }
                  ],
                  "kind": "caught"
                }
              ]
            },
            {
              "batter": "MR Marsh",
              "bowler": "MJ Santner",
              "non_striker": "MP Stoinis",
              "runs": {
                "batter": 0,
                "extras": 0,
                "total": 0
              },
              "wickets": [
                {
                  "player_out": "MR Marsh",
                  "fielders": [
                    {
                      "name": "TL Seifert"
                    }
                  ],
                  "kind": "caught"
                }
              ]
            }
          ]
        },
        {
          "over": 13,
          "deliveries": [
            {
              "batter": "MP Stoinis",
              "bowler": "TA Boult",
              "non_striker": "DR Sams",
              "runs": {
                "batter": 2,
                "extras": 0,
                "total": 2
              }
            },
            {
              "batter": "MP Stoinis",
              "bowler": "TA Boult",
              "non_striker": "DR Sams",
              "runs": {
                "batter": 1,
                "extras": 0,
                "total": 1
              }
            },
            {
              "batter": "DR Sams",
              "bowler": "TA Boult",
              "non_striker": "MP Stoinis",
              "runs": {
                "batter": 1,
                "extras": 0,
                "total": 1
              }
            },
            {
              "batter": "MP Stoinis",
              "bowler": "TA Boult",
              "non_striker": "DR Sams",
              "runs": {
                "batter": 0,
                "extras": 0,
                "total": 0
              }
            },
            {
              "batter": "MP Stoinis",
              "bowler": "TA Boult",
              "non_striker": "DR Sams",
              "runs": {
                "batter": 1,
                "extras": 0,
                "total": 1
              }
            },
            {
              "batter": "DR Sams",
              "bowler": "TA Boult",
              "non_striker": "MP Stoinis",
              "runs": {
                "batter": 4,
                "extras": 0,
                "total": 4
              }
            }
          ]
        },
        {
          "over": 14,
          "deliveries": [
            {
              "batter": "MP Stoinis",
              "bowler": "IS Sodhi",
              "non_striker": "DR Sams",
              "runs": {
                "batter": 6,
                "extras": 0,
                "total": 6
              }
            },
            {
              "batter": "MP Stoinis",
              "bowler": "IS Sodhi",
              "non_striker": "DR Sams",
              "runs": {
                "batter": 1,
                "extras": 0,
                "total": 1
              }
            },
            {
              "batter": "DR Sams",
              "bowler": "IS Sodhi",
              "non_striker": "MP Stoinis",
              "runs": {
                "batter": 1,
                "extras": 0,
                "total": 1
              }
            },
            {
              "batter": "MP Stoinis",
              "bowler": "IS Sodhi",
              "non_striker": "DR Sams",
              "runs": {
                "batter": 6,
                "extras": 0,
                "total": 6
              }
            },
            {
              "batter": "MP Stoinis",
              "bowler": "IS Sodhi",
              "extras": {
                "wides": 1
              },
              "non_striker": "DR Sams",
              "runs": {
                "batter": 0,
                "extras": 1,
                "total": 1
              }
            },
            {
              "batter": "MP Stoinis",
              "bowler": "IS Sodhi",
              "non_striker": "DR Sams",
              "runs": {
                "batter": 1,
                "extras": 0,
                "total": 1
              }
            },
            {
              "batter": "DR Sams",
              "bowler": "IS Sodhi",
              "non_striker": "MP Stoinis",
              "runs": {
                "batter": 4,
                "extras": 0,
                "total": 4
              }
            }
          ]
        },
        {
          "over": 15,
          "deliveries": [
            {
              "batter": "MP Stoinis",
              "bowler": "TG Southee",
              "non_striker": "DR Sams",
              "runs": {
                "batter": 4,
                "extras": 0,
                "total": 4
              }
            },
            {
              "batter": "MP Stoinis",
              "bowler": "TG Southee",
              "non_striker": "DR Sams",
              "runs": {
                "batter": 1,
                "extras": 0,
                "total": 1
              }
            },
            {
              "batter": "DR Sams",
              "bowler": "TG Southee",
              "non_striker": "MP Stoinis",
              "runs": {
                "batter": 6,
                "extras": 0,
                "total": 6
              }
            },
            {
              "batter": "DR Sams",
              "bowler": "TG Southee",
              "non_striker": "MP Stoinis",
              "runs": {
                "batter": 2,
                "extras": 0,
                "total": 2
              }
            },
            {
              "batter": "DR Sams",
              "bowler": "TG Southee",
              "non_striker": "MP Stoinis",
              "runs": {
                "batter": 6,
                "extras": 0,
                "total": 6
              }
            },
            {
              "batter": "DR Sams",
              "bowler": "TG Southee",
              "non_striker": "MP Stoinis",
              "runs": {
                "batter": 6,
                "extras": 0,
                "total": 6
              }
            }
          ]
        },
        {
          "over": 16,
          "deliveries": [
            {
              "batter": "MP Stoinis",
              "bowler": "KA Jamieson",
              "non_striker": "DR Sams",
              "runs": {
                "batter": 4,
                "extras": 0,
                "total": 4
              }
            },
            {
              "batter": "MP Stoinis",
              "bowler": "KA Jamieson",
              "non_striker": "DR Sams",
              "runs": {
                "batter": 4,
                "extras": 0,
                "total": 4
              }
            },
            {
              "batter": "MP Stoinis",
              "bowler": "KA Jamieson",
              "non_striker": "DR Sams",
              "runs": {
                "batter": 1,
                "extras": 0,
                "total": 1
              }
            },
            {
              "batter": "DR Sams",
              "bowler": "KA Jamieson",
              "non_striker": "MP Stoinis",
              "runs": {
                "batter": 6,
                "extras": 0,
                "total": 6
              }
            },
            {
              "batter": "DR Sams",
              "bowler": "KA Jamieson",
              "non_striker": "MP Stoinis",
              "runs": {
                "batter": 1,
                "extras": 0,
                "total": 1
              }
            },
            {
              "batter": "MP Stoinis",
              "bowler": "KA Jamieson",
              "non_striker": "DR Sams",
              "runs": {
                "batter": 1,
                "extras": 0,
                "total": 1
              }
            }
          ]
        },
        {
          "over": 17,
          "deliveries": [
            {
              "batter": "MP Stoinis",
              "bowler": "TA Boult",
              "non_striker": "DR Sams",
              "runs": {
                "batter": 1,
                "extras": 0,
                "total": 1
              }
            },
            {
              "batter": "DR Sams",
              "bowler": "TA Boult",
              "non_striker": "MP Stoinis",
              "runs": {
                "batter": 1,
                "extras": 0,
                "total": 1
              }
            },
            {
              "batter": "MP Stoinis",
              "bowler": "TA Boult",
              "non_striker": "DR Sams",
              "runs": {
                "batter": 0,
                "extras": 0,
                "total": 0
              }
            },
            {
              "batter": "MP Stoinis",
              "bowler": "TA Boult",
              "extras": {
                "wides": 1
              },
              "non_striker": "DR Sams",
              "runs": {
                "batter": 0,
                "extras": 1,
                "total": 1
              }
            },
            {
              "batter": "MP Stoinis",
              "bowler": "TA Boult",
              "non_striker": "DR Sams",
              "runs": {
                "batter": 1,
                "extras": 0,
                "total": 1
              }
            },
            {
              "batter": "DR Sams",
              "bowler": "TA Boult",
              "non_striker": "MP Stoinis",
              "runs": {
                "batter": 1,
                "extras": 0,
                "total": 1
              }
            },
            {
              "batter": "MP Stoinis",
              "bowler": "TA Boult",
              "non_striker": "DR Sams",
              "runs": {
                "batter": 1,
                "extras": 0,
                "total": 1
              }
            }
          ]
        },
        {
          "over": 18,
          "deliveries": [
            {
              "batter": "MP Stoinis",
              "bowler": "TG Southee",
              "extras": {
                "wides": 1
              },
              "non_striker": "DR Sams",
              "runs": {
                "batter": 0,
                "extras": 1,
                "total": 1
              }
            },
            {
              "batter": "MP Stoinis",
              "bowler": "TG Southee",
              "non_striker": "DR Sams",
              "runs": {
                "batter": 1,
                "extras": 0,
                "total": 1
              }
            },
            {
              "batter": "DR Sams",
              "bowler": "TG Southee",
              "non_striker": "MP Stoinis",
              "runs": {
                "batter": 1,
                "extras": 0,
                "total": 1
              }
            },
            {
              "batter": "MP Stoinis",
              "bowler": "TG Southee",
              "non_striker": "DR Sams",
              "runs": {
                "batter": 4,
                "extras": 0,
                "total": 4
              }
            },
            {
              "batter": "MP Stoinis",
              "bowler": "TG Southee",
              "non_striker": "DR Sams",
              "runs": {
                "batter": 6,
                "extras": 0,
                "total": 6
              }
            },
            {
              "batter": "MP Stoinis",
              "bowler": "TG Southee",
              "non_striker": "DR Sams",
              "runs": {
                "batter": 1,
                "extras": 0,
                "total": 1
              }
            },
            {
              "batter": "DR Sams",
              "bowler": "TG Southee",
              "non_striker": "MP Stoinis",
              "runs": {
                "batter": 1,
                "extras": 0,
                "total": 1
              }
            }
          ]
        },
        {
          "over": 19,
          "deliveries": [
            {
              "batter": "DR Sams",
              "bowler": "JDS Neesham",
              "non_striker": "MP Stoinis",
              "runs": {
                "batter": 0,
                "extras": 0,
                "total": 0
              },
              "wickets": [
                {
                  "player_out": "DR Sams",
                  "fielders": [
                    {
                      "name": "GD Phillips"
                    }
                  ],
                  "kind": "caught"
                }
              ]
            },
            {
              "batter": "MP Stoinis",
              "bowler": "JDS Neesham",
              "non_striker": "JA Richardson",
              "runs": {
                "batter": 0,
                "extras": 0,
                "total": 0
              }
            },
            {
              "batter": "MP Stoinis",
              "bowler": "JDS Neesham",
              "non_striker": "JA Richardson",
              "runs": {
                "batter": 0,
                "extras": 0,
                "total": 0
              }
            },
            {
              "batter": "MP Stoinis",
              "bowler": "JDS Neesham",
              "non_striker": "JA Richardson",
              "runs": {
                "batter": 6,
                "extras": 0,
                "total": 6
              }
            },
            {
              "batter": "MP Stoinis",
              "bowler": "JDS Neesham",
              "non_striker": "JA Richardson",
              "runs": {
                "batter": 0,
                "extras": 0,
                "total": 0
              },
              "wickets": [
                {
                  "player_out": "MP Stoinis",
                  "fielders": [
                    {
                      "name": "TG Southee"
                    }
                  ],
                  "kind": "caught"
                }
              ]
            },
            {
              "batter": "JA Richardson",
              "bowler": "JDS Neesham",
              "non_striker": "KW Richardson",
              "runs": {
                "batter": 4,
                "extras": 0,
                "total": 4
              }
            }
          ]
        }
      ],
      "powerplays": [
        {
          "from": 0.1,
          "to": 5.6,
          "type": "mandatory"
        }
      ],
      "target": {
        "overs": 20,
        "runs": 220
      }
    }
  ]
}