{
  "meta": {
    "data_version": "1.0.0",
    "created": "2021-03-13",
    "revision": 1
  },
  "info": {
    "balls_per_over": 6,
    "city": "Ahmedabad",
    "dates": [
      "2021-03-12"
    ],
    "event": {
      "name": "India v England",
      "match_number": 1
    },
    "gender": "male",
    "match_type": "T20",
    "match_type_number": 1131,
    "officials": {
      "match_referees": [
        "J Srinath"
      ],
      "reserve_umpires": [
        "AK Chaudhary"
      ],
      "tv_umpires": [
        "VK Sharma"
      ],
      "umpires": [
        "Nitin Menon",
        "KN Ananthapadmanabhan"
      ]
    },
    "outcome": {
      "winner": "England",
      "by": {
        "wickets": 8
      }
    },
    "overs": 20,
    "player_of_match": [
      "JC Archer"
    ],
    "players": {
      "India": [
        "KL Rahul",
        "S Dhawan",
        "V Kohli",
        "SS Iyer",
        "RR Pant",
        "HH Pandya",
        "AR Patel",
        "Washington Sundar",
        "B Kumar",
        "SN Thakur",
        "YS Chahal"
      ],
      "England": [
        "JJ Roy",
        "JC Buttler",
        "DJ Malan",
        "JM Bairstow",
        "EJG Morgan",
        "BA Stokes",
        "SM Curran",
        "JC Archer",
        "CJ Jordan",
        "AU Rashid",
        "MA Wood"
      ]
    },
    "registry": {
      "people": {
        "AK Chaudhary": "fdcc6236",
        "AR Patel": "2e171977",
        "AU Rashid": "249d60c9",
        "B Kumar": "2e81a32d",
        "BA Stokes": "e087956b",
        "CJ Jordan": "ffe699c0",
        "DJ Malan": "ad9c32a2",
        "EJG Morgan": "d2a6c0e6",
        "HH Pandya": "dbe50b21",
        "J Srinath": "bad31fac",
        "JC Archer": "5574750c",
        "JC Buttler": "99b75528",
        "JJ Roy": "d1c36f5c",
        "JM Bairstow": "abb83e27",
        "KL Rahul": "b17e2f24",
        "KN Ananthapadmanabhan": "3144063a",
        "MA Wood": "8d92a2c3",
        "Nitin Menon": "e1d41d9e",
        "RR Pant": "919a3be2",
        "S Dhawan": "0a476045",
        "SM Curran": "e94915e6",
        "SN Thakur": "1abb78f8",
        "SS Iyer": "85ec8e33",
        "V Kohli": "ba607b88",
        "VK Sharma": "a7a49df4",
        "Washington Sundar": "f19ccfad",
        "YS Chahal": "57ee1fde"
      }
    },
    "season": "2020/21",
    "team_type": "international",
    "teams": [
      "India",
      "England"
    ],
    "toss": {
      "decision": "field",
      "winner": "England"
    },
    "venue": "Narendra Modi Stadium"
  },
  "innings": [
    {
      "team": "India",
      "overs": [
        {
          "over": 0,
          "deliveries": [
            {
              "batter": "S Dhawan",
              "bowler": "AU Rashid",
              "non_striker": "KL Rahul",
              "runs": {
                "batter": 0,
                "extras": 0,
                "total": 0
              }
            },
            {
              "batter": "S Dhawan",
              "bowler": "AU Rashid",
              "non_striker": "KL Rahul",
              "runs": {
                "batter": 0,
                "extras": 0,
                "total": 0
              }
            },
            {
              "batter": "S Dhawan",
              "bowler": "AU Rashid",
              "non_striker": "KL Rahul",
              "runs": {
                "batter": 1,
                "extras": 0,
                "total": 1
              }
            },
            {
              "batter": "KL Rahul",
              "bowler": "AU Rashid",
              "non_striker": "S Dhawan",
              "runs": {
                "batter": 0,
                "extras": 0,
                "total": 0
              }
            },
            {
              "batter": "KL Rahul",
              "bowler": "AU Rashid",
              "non_striker": "S Dhawan",
              "runs": {
                "batter": 1,
                "extras": 0,
                "total": 1
              }
            },
            {
              "batter": "S Dhawan",
              "bowler": "AU Rashid",
              "non_striker": "KL Rahul",
              "runs": {
                "batter": 0,
                "extras": 0,
                "total": 0
              }
            }
          ]
        },
        {
          "over": 1,
          "deliveries": [
            {
              "batter": "KL Rahul",
              "bowler": "JC Archer",
              "non_striker": "S Dhawan",
              "runs": {
                "batter": 0,
                "extras": 0,
                "total": 0
              }
            },
            {
              "batter": "KL Rahul",
              "bowler": "JC Archer",
              "non_striker": "S Dhawan",
              "runs": {
                "batter": 0,
                "extras": 0,
                "total": 0
              },
              "wickets": [
                {
                  "player_out": "KL Rahul",
                  "kind": "bowled"
                }
              ]
            },
            {
              "batter": "V Kohli",
              "bowler": "JC Archer",
              "non_striker": "S Dhawan",
              "runs": {
                "batter": 0,
                "extras": 0,
                "total": 0
              }
            },
            {
              "batter": "V Kohli",
              "bowler": "JC Archer",
              "non_striker": "S Dhawan",
              "runs": {
                "batter": 0,
                "extras": 0,
                "total": 0
              }
            },
            {
              "batter": "V Kohli",
              "bowler": "JC Archer",
              "non_striker": "S Dhawan",
              "runs": {
                "batter": 0,
                "extras": 0,
                "total": 0
              }
            },
            {
              "batter": "V Kohli",
              "bowler": "JC Archer",
              "non_striker": "S Dhawan",
              "runs": {
                "batter": 0,
                "extras": 0,
                "total": 0
              }
            }
          ]
        },
        {
          "over": 2,
          "deliveries": [
            {
              "batter": "S Dhawan",
              "bowler": "AU Rashid",
              "non_striker": "V Kohli",
              "runs": {
                "batter": 0,
                "extras": 0,
                "total": 0
              }
            },
            {
              "batter": "S Dhawan",
              "bowler": "AU Rashid",
              "non_striker": "V Kohli",
              "runs": {
                "batter": 1,
                "extras": 0,
                "total": 1
              }
            },
            {
              "batter": "V Kohli",
              "bowler": "AU Rashid",
              "non_striker": "S Dhawan",
              "runs": {
                "batter": 0,
                "extras": 0,
                "total": 0
              },
              "wickets": [
                {
                  "player_out": "V Kohli",
                  "fielders": [
                    {
                      "name": "CJ Jordan"
                    }
                  ],
                  "kind": "caught"
                }
              ]
            },
            {
              "batter": "RR Pant",
              "bowler": "AU Rashid",
              "non_striker": "S Dhawan",
              "runs": {
                "batter": 0,
                "extras": 0,
                "total": 0
              }
            },
            {
              "batter": "RR Pant",
              "bowler": "AU Rashid",
              "non_striker": "S Dhawan",
              "runs": {
                "batter": 0,
                "extras": 0,
                "total": 0
              }
            },
            {
              "batter": "RR Pant",
              "bowler": "AU Rashid",
              "non_striker": "S Dhawan",
              "runs": {
                "batter": 4,
                "extras": 0,
                "total": 4
              }
            }
          ]
        },
        {
          "over": 3,
          "deliveries": [
            {
              "batter": "S Dhawan",
              "bowler": "JC Archer",
              "non_striker": "RR Pant",
              "runs": {
                "batter": 1,
                "extras": 0,
                "total": 1
              }
            },
            {
              "batter": "RR Pant",
              "bowler": "JC Archer",
              "non_striker": "S Dhawan",
              "runs": {
                "batter": 0,
                "extras": 0,
                "total": 0
              }
            },
            {
              "batter": "RR Pant",
              "bowler": "JC Archer",
              "non_striker": "S Dhawan",
              "runs": {
                "batter": 0,
                "extras": 0,
                "total": 0
              }
            },
            {
              "batter": "RR Pant",
              "bowler": "JC Archer",
              "non_striker": "S Dhawan",
              "runs": {
                "batter": 0,
                "extras": 0,
                "total": 0
              }
            },
            {
              "batter": "RR Pant",
              "bowler": "JC Archer",
              "non_striker": "S Dhawan",
              "runs": {
                "batter": 6,
                "extras": 0,
                "total": 6
              }
            },
            {
              "batter": "RR Pant",
              "bowler": "JC Archer",
              "non_striker": "S Dhawan",
              "runs": {
                "batter": 4,
                "extras": 0,
                "total": 4
              }
            }
          ]
        },
        {
          "over": 4,
          "deliveries": [
            {
              "batter": "S Dhawan",
              "bowler": "MA Wood",
              "non_striker": "RR Pant",
              "runs": {
                "batter": 0,
                "extras": 0,
                "total": 0
              }
            },
            {
              "batter": "S Dhawan",
              "bowler": "MA Wood",
              "non_striker": "RR Pant",
              "runs": {
                "batter": 0,
                "extras": 0,
                "total": 0
              }
            },
            {
              "batter": "S Dhawan",
              "bowler": "MA Wood",
              "non_striker": "RR Pant",
              "runs": {
                "batter": 1,
                "extras": 0,
                "total": 1
              }
            },
            {
              "batter": "RR Pant",
              "bowler": "MA Wood",
              "non_striker": "S Dhawan",
              "runs": {
                "batter": 1,
                "extras": 0,
                "total": 1
              }
            },
            {
              "batter": "S Dhawan",
              "bowler": "MA Wood",
              "non_striker": "RR Pant",
              "runs": {
                "batter": 0,
                "extras": 0,
                "total": 0
              }
            },
            {
              "batter": "S Dhawan",
              "bowler": "MA Wood",
              "non_striker": "RR Pant",
              "runs": {
                "batter": 0,
                "extras": 0,
                "total": 0
              },
              "wickets": [
                {
                  "player_out": "S Dhawan",
                  "kind": "bowled"
                }
              ]
            }
          ]
        },
        {
          "over": 5,
          "deliveries": [
            {
              "batter": "RR Pant",
              "bowler": "CJ Jordan",
              "non_striker": "SS Iyer",
              "runs": {
                "batter": 0,
                "extras": 0,
                "total": 0
              }
            },
            {
              "batter": "RR Pant",
              "bowler": "CJ Jordan",
              "non_striker": "SS Iyer",
              "runs": {
                "batter": 0,
                "extras": 0,
                "total": 0
              }
            },
            {
              "batter": "RR Pant",
              "bowler": "CJ Jordan",
              "non_striker": "SS Iyer",
              "runs": {
                "batter": 1,
                "extras": 0,
                "total": 1
              }
            },
            {
              "batter": "SS Iyer",
              "bowler": "CJ Jordan",
              "non_striker": "RR Pant",
              "runs": {
                "batter": 0,
                "extras": 0,
                "total": 0
              }
            },
            {
              "batter": "SS Iyer",
              "bowler": "CJ Jordan",
              "non_striker": "RR Pant",
              "runs": {
                "batter": 0,
                "extras": 0,
                "total": 0
              }
            },
            {
              "batter": "SS Iyer",
              "bowler": "CJ Jordan",
              "non_striker": "RR Pant",
              "runs": {
                "batter": 1,
                "extras": 0,
                "total": 1
              }
            }
          ]
        },
        {
          "over": 6,
          "deliveries": [
            {
              "batter": "SS Iyer",
              "bowler": "MA Wood",
              "non_striker": "RR Pant",
              "runs": {
                "batter": 1,
                "extras": 0,
                "total": 1
              }
            },
            {
              "batter": "RR Pant",
              "bowler": "MA Wood",
              "non_striker": "SS Iyer",
              "runs": {
                "batter": 1,
                "extras": 0,
                "total": 1
              }
            },
            {
              "batter": "SS Iyer",
              "bowler": "MA Wood",
              "non_striker": "RR Pant",
              "runs": {
                "batter": 0,
                "extras": 0,
                "total": 0
              }
            },
            {
              "batter": "SS Iyer",
              "bowler": "MA Wood",
              "non_striker": "RR Pant",
              "runs": {
                "batter": 4,
                "extras": 0,
                "total": 4
              }
            },
            {
              "batter": "SS Iyer",
              "bowler": "MA Wood",
              "non_striker": "RR Pant",
              "runs": {
                "batter": 1,
                "extras": 0,
                "total": 1
              }
            },
            {
              "batter": "RR Pant",
              "bowler": "MA Wood",
              "non_striker": "SS Iyer",
              "runs": {
                "batter": 0,
                "extras": 0,
                "total": 0
              }
            }
          ]
        },
        {
          "over": 7,
          "deliveries": [
            {
              "batter": "SS Iyer",
              "bowler": "BA Stokes",
              "non_striker": "RR Pant",
              "runs": {
                "batter": 1,
                "extras": 0,
                "total": 1
              }
            },
            {
              "batter": "RR Pant",
              "bowler": "BA Stokes",
              "non_striker": "SS Iyer",
              "runs": {
                "batter": 1,
                "extras": 0,
                "total": 1
              }
            },
            {
              "batter": "SS Iyer",
              "bowler": "BA Stokes",
              "non_striker": "RR Pant",
              "runs": {
                "batter": 1,
                "extras": 0,
                "total": 1
              }
            },
            {
              "batter": "RR Pant",
              "bowler": "BA Stokes",
              "non_striker": "SS Iyer",
              "runs": {
                "batter": 0,
                "extras": 0,
                "total": 0
              }
            },
            {
              "batter": "RR Pant",
              "bowler": "BA Stokes",
              "non_striker": "SS Iyer",
              "runs": {
                "batter": 1,
                "extras": 0,
                "total": 1
              }
            },
            {
              "batter": "SS Iyer",
              "bowler": "BA Stokes",
              "non_striker": "RR Pant",
              "runs": {
                "batter": 1,
                "extras": 0,
                "total": 1
              }
            }
          ]
        },
        {
          "over": 8,
          "deliveries": [
            {
              "batter": "SS Iyer",
              "bowler": "SM Curran",
              "non_striker": "RR Pant",
              "runs": {
                "batter": 0,
                "extras": 0,
                "total": 0
              }
            },
            {
              "batter": "SS Iyer",
              "bowler": "SM Curran",
              "non_striker": "RR Pant",
              "runs": {
                "batter": 1,
                "extras": 0,
                "total": 1
              }
            },
            {
              "batter": "RR Pant",
              "bowler": "SM Curran",
              "non_striker": "SS Iyer",
              "runs": {
                "batter": 0,
                "extras": 0,
                "total": 0
              }
            },
            {
              "batter": "RR Pant",
              "bowler": "SM Curran",
              "non_striker": "SS Iyer",
              "runs": {
                "batter": 0,
                "extras": 0,
                "total": 0
              }
            },
            {
              "batter": "RR Pant",
              "bowler": "SM Curran",
              "non_striker": "SS Iyer",
              "runs": {
                "batter": 1,
                "extras": 0,
                "total": 1
              }
            },
            {
              "batter": "SS Iyer",
              "bowler": "SM Curran",
              "non_striker": "RR Pant",
              "runs": {
                "batter": 4,
                "extras": 0,
                "total": 4
              }
            }
          ]
        },
        {
          "over": 9,
          "deliveries": [
            {
              "batter": "RR Pant",
              "bowler": "BA Stokes",
              "non_striker": "SS Iyer",
              "runs": {
                "batter": 0,
                "extras": 0,
                "total": 0
              }
            },
            {
              "batter": "RR Pant",
              "bowler": "BA Stokes",
              "non_striker": "SS Iyer",
              "runs": {
                "batter": 1,
                "extras": 0,
                "total": 1
              }
            },
            {
              "batter": "SS Iyer",
              "bowler": "BA Stokes",
              "non_striker": "RR Pant",
              "runs": {
                "batter": 4,
                "extras": 0,
                "total": 4
              }
            },
            {
              "batter": "SS Iyer",
              "bowler": "BA Stokes",
              "non_striker": "RR Pant",
              "runs": {
                "batter": 2,
                "extras": 0,
                "total": 2
              }
            },
            {
              "batter": "SS Iyer",
              "bowler": "BA Stokes",
              "non_striker": "RR Pant",
              "runs": {
                "batter": 1,
                "extras": 0,
                "total": 1
              }
            },
            {
              "batter": "RR Pant",
              "bowler": "BA Stokes",
              "non_striker": "SS Iyer",
              "runs": {
                "batter": 0,
                "extras": 0,
                "total": 0
              },
              "wickets": [
                {
                  "player_out": "RR Pant",
                  "fielders": [
                    {
                      "name": "JM Bairstow"
                    }
                  ],
                  "kind": "caught"
                }
              ]
            }
          ]
        },
        {
          "over": 10,
          "deliveries": [
            {
              "batter": "SS Iyer",
              "bowler": "AU Rashid",
              "non_striker": "HH Pandya",
              "runs": {
                "batter": 0,
                "extras": 0,
                "total": 0
              }
            },
            {
              "batter": "SS Iyer",
              "bowler": "AU Rashid",
              "non_striker": "HH Pandya",
              "runs": {
                "batter": 2,
                "extras": 0,
                "total": 2
              }
            },
            {
              "batter": "SS Iyer",
              "bowler": "AU Rashid",
              "non_striker": "HH Pandya",
              "runs": {
                "batter": 0,
                "extras": 0,
                "total": 0
              }
            },
            {
              "batter": "SS Iyer",
              "bowler": "AU Rashid",
              "non_striker": "HH Pandya",
              "runs": {
                "batter": 4,
                "extras": 0,
                "total": 4
              }
            },
            {
              "batter": "SS Iyer",
              "bowler": "AU Rashid",
              "non_striker": "HH Pandya",
              "runs": {
                "batter": 1,
                "extras": 0,
                "total": 1
              }
            },
            {
              "batter": "HH Pandya",
              "bowler": "AU Rashid",
              "non_striker": "SS Iyer",
              "runs": {
                "batter": 0,
                "extras": 0,
                "total": 0
              }
            }
          ]
        },
        {
          "over": 11,
          "deliveries": [
            {
              "batter": "SS Iyer",
              "bowler": "MA Wood",
              "non_striker": "HH Pandya",
              "runs": {
                "batter": 1,
                "extras": 0,
                "total": 1
              }
            },
            {
              "batter": "HH Pandya",
              "bowler": "MA Wood",
              "non_striker": "SS Iyer",
              "runs": {
                "batter": 0,
                "extras": 0,
                "total": 0
              }
            },
            {
              "batter": "HH Pandya",
              "bowler": "MA Wood",
              "non_striker": "SS Iyer",
              "runs": {
                "batter": 1,
                "extras": 0,
                "total": 1
              }
            },
            {
              "batter": "SS Iyer",
              "bowler": "MA Wood",
              "non_striker": "HH Pandya",
              "runs": {
                "batter": 1,
                "extras": 0,
                "total": 1
              }
            },
            {
              "batter": "HH Pandya",
              "bowler": "MA Wood",
              "non_striker": "SS Iyer",
              "runs": {
                "batter": 0,
                "extras": 0,
                "total": 0
              }
            },
            {
              "batter": "HH Pandya",
              "bowler": "MA Wood",
              "non_striker": "SS Iyer",
              "runs": {
                "batter": 0,
                "extras": 0,
                "total": 0
              }
            }
          ]
        },
        {
          "over": 12,
          "deliveries": [
            {
              "batter": "SS Iyer",
              "bowler": "CJ Jordan",
              "non_striker": "HH Pandya",
              "runs": {
                "batter": 1,
                "extras": 0,
                "total": 1
              }
            },
            {
              "batter": "HH Pandya",
              "bowler": "CJ Jordan",
              "non_striker": "SS Iyer",
              "runs": {
                "batter": 1,
                "extras": 0,
                "total": 1
              }
            },
            {
              "batter": "SS Iyer",
              "bowler": "CJ Jordan",
              "non_striker": "HH Pandya",
              "runs": {
                "batter": 1,
                "extras": 0,
                "total": 1
              }
            },
            {
              "batter": "HH Pandya",
              "bowler": "CJ Jordan",
              "non_striker": "SS Iyer",
              "runs": {
                "batter": 1,
                "extras": 0,
                "total": 1
              }
            },
            {
              "batter": "SS Iyer",
              "bowler": "CJ Jordan",
              "non_striker": "HH Pandya",
              "runs": {
                "batter": 0,
                "extras": 0,
                "total": 0
              }
            },
            {
              "batter": "SS Iyer",
              "bowler": "CJ Jordan",
              "non_striker": "HH Pandya",
              "runs": {
                "batter": 1,
                "extras": 0,
                "total": 1
              }
            }
          ]
        },
        {
          "over": 13,
          "deliveries": [
            {
              "batter": "SS Iyer",
              "bowler": "MA Wood",
              "non_striker": "HH Pandya",
              "runs": {
                "batter": 0,
                "extras": 0,
                "total": 0
              }
            },
            {
              "batter": "SS Iyer",
              "bowler": "MA Wood",
              "non_striker": "HH Pandya",
              "runs": {
                "batter": 4,
                "extras": 0,
                "total": 4
              }
            },
            {
              "batter": "SS Iyer",
              "bowler": "MA Wood",
              "non_striker": "HH Pandya",
              "runs": {
                "batter": 1,
                "extras": 0,
                "total": 1
              }
            },
            {
              "batter": "HH Pandya",
              "bowler": "MA Wood",
              "non_striker": "SS Iyer",
              "runs": {
                "batter": 0,
                "extras": 0,
                "total": 0
              }
            },
            {
              "batter": "HH Pandya",
              "bowler": "MA Wood",
              "non_striker": "SS Iyer",
              "runs": {
                "batter": 2,
                "extras": 0,
                "total": 2
              }
            },
            {
              "batter": "HH Pandya",
              "bowler": "MA Wood",
              "non_striker": "SS Iyer",
              "runs": {
                "batter": 1,
                "extras": 0,
                "total": 1
              }
            }
          ]
        },
        {
          "over": 14,
          "deliveries": [
            {
              "batter": "HH Pandya",
              "bowler": "BA Stokes",
              "non_striker": "SS Iyer",
              "runs": {
                "batter": 0,
                "extras": 0,
                "total": 0
              }
            },
            {
              "batter": "HH Pandya",
              "bowler": "BA Stokes",
              "non_striker": "SS Iyer",
              "runs": {
                "batter": 1,
                "extras": 0,
                "total": 1
              }
            },
            {
              "batter": "SS Iyer",
              "bowler": "BA Stokes",
              "non_striker": "HH Pandya",
              "runs": {
                "batter": 1,
                "extras": 0,
                "total": 1
              }
            },
            {
              "batter": "HH Pandya",
              "bowler": "BA Stokes",
              "non_striker": "SS Iyer",
              "runs": {
                "batter": 6,
                "extras": 0,
                "total": 6
              }
            },
            {
              "batter": "HH Pandya",
              "bowler": "BA Stokes",
              "non_striker": "SS Iyer",
              "runs": {
                "batter": 4,
                "extras": 0,
                "total": 4
              }
            },
            {
              "batter": "HH Pandya",
              "bowler": "BA Stokes",
              "non_striker": "SS Iyer",
              "runs": {
                "batter": 0,
                "extras": 0,
                "total": 0
              }
            }
          ]
        },
        {
          "over": 15,
          "deliveries": [
            {
              "batter": "SS Iyer",
              "bowler": "JC Archer",
              "non_striker": "HH Pandya",
              "runs": {
                "batter": 4,
                "extras": 0,
                "total": 4
              }
            },
            {
              "batter": "SS Iyer",
              "bowler": "JC Archer",
              "non_striker": "HH Pandya",
              "runs": {
                "batter": 4,
                "extras": 0,
                "total": 4
              }
            },
            {
              "batter": "SS Iyer",
              "bowler": "JC Archer",
              "non_striker": "HH Pandya",
              "runs": {
                "batter": 0,
                "extras": 0,
                "total": 0
              }
            },
            {
              "batter": "SS Iyer",
              "bowler": "JC Archer",
              "non_striker": "HH Pandya",
              "runs": {
                "batter": 1,
                "extras": 0,
                "total": 1
              }
            },
            {
              "batter": "HH Pandya",
              "bowler": "JC Archer",
              "non_striker": "SS Iyer",
              "runs": {
                "batter": 0,
                "extras": 0,
                "total": 0
              }
            },
            {
              "batter": "HH Pandya",
              "bowler": "JC Archer",
              "non_striker": "SS Iyer",
              "runs": {
                "batter": 0,
                "extras": 0,
                "total": 0
              }
            }
          ]
        },
        {
          "over": 16,
          "deliveries": [
            {
              "batter": "SS Iyer",
              "bowler": "CJ Jordan",
              "non_striker": "HH Pandya",
              "runs": {
                "batter": 1,
                "extras": 0,
                "total": 1
              }
            },
            {
              "batter": "HH Pandya",
              "bowler": "CJ Jordan",
              "non_striker": "SS Iyer",
              "runs": {
                "batter": 1,
                "extras": 0,
                "total": 1
              }
            },
            {
              "batter": "SS Iyer",
              "bowler": "CJ Jordan",
              "non_striker": "HH Pandya",
              "runs": {
                "batter": 1,
                "extras": 0,
                "total": 1
              }
            },
            {
              "batter": "HH Pandya",
              "bowler": "CJ Jordan",
              "non_striker": "SS Iyer",
              "runs": {
                "batter": 1,
                "extras": 0,
                "total": 1
              }
            },
            {
              "batter": "SS Iyer",
              "bowler": "CJ Jordan",
              "non_striker": "HH Pandya",
              "runs": {
                "batter": 0,
                "extras": 0,
                "total": 0
              }
            },
            {
              "batter": "SS Iyer",
              "bowler": "CJ Jordan",
              "non_striker": "HH Pandya",
              "runs": {
                "batter": 6,
                "extras": 0,
                "total": 6
              }
            }
          ]
        },
        {
          "over": 17,
          "deliveries": [
            {
              "batter": "HH Pandya",
              "bowler": "JC Archer",
              "non_striker": "SS Iyer",
              "runs": {
                "batter": 0,
                "extras": 0,
                "total": 0
              }
            },
            {
              "batter": "HH Pandya",
              "bowler": "JC Archer",
              "non_striker": "SS Iyer",
              "runs": {
                "batter": 0,
                "extras": 0,
                "total": 0
              },
              "wickets": [
                {
                  "player_out": "HH Pandya",
                  "fielders": [
                    {
                      "name": "CJ Jordan"
                    }
                  ],
                  "kind": "caught"
                }
              ]
            },
            {
              "batter": "SN Thakur",
              "bowler": "JC Archer",
              "non_striker": "SS Iyer",
              "runs": {
                "batter": 0,
                "extras": 0,
                "total": 0
              },
              "wickets": [
                {
                  "player_out": "SN Thakur",
                  "fielders": [
                    {
                      "name": "DJ Malan"
                    }
                  ],
                  "kind": "caught"
                }
              ]
            },
            {
              "batter": "Washington Sundar",
              "bowler": "JC Archer",
              "extras": {
                "wides": 1
              },
              "non_striker": "SS Iyer",
              "runs": {
                "batter": 0,
                "extras": 1,
                "total": 1
              }
            },
            {
              "batter": "Washington Sundar",
              "bowler": "JC Archer",
              "non_striker": "SS Iyer",
              "runs": {
                "batter": 1,
                "extras": 0,
                "total": 1
              }
            },
            {
              "batter": "SS Iyer",
              "bowler": "JC Archer",
              "non_striker": "Washington Sundar",
              "runs": {
                "batter": 0,
                "extras": 0,
                "total": 0
              }
            },
            {
              "batter": "SS Iyer",
              "bowler": "JC Archer",
              "non_striker": "Washington Sundar",
              "runs": {
                "batter": 1,
                "extras": 0,
                "total": 1
              }
            }
          ]
        },
        {
          "over": 18,
          "deliveries": [
            {
              "batter": "SS Iyer",
              "bowler": "SM Curran",
              "non_striker": "Washington Sundar",
              "runs": {
                "batter": 0,
                "extras": 0,
                "total": 0
              }
            },
            {
              "batter": "SS Iyer",
              "bowler": "SM Curran",
              "non_striker": "Washington Sundar",
              "runs": {
                "batter": 2,
                "extras": 0,
                "total": 2
              }
            },
            {
              "batter": "SS Iyer",
              "bowler": "SM Curran",
              "non_striker": "Washington Sundar",
              "runs": {
                "batter": 4,
                "extras": 0,
                "total": 4
              }
            },
            {
              "batter": "SS Iyer",
              "bowler": "SM Curran",
              "non_striker": "Washington Sundar",
              "runs": {
                "batter": 1,
                "extras": 0,
                "total": 1
              }
            },
            {
              "batter": "Washington Sundar",
              "bowler": "SM Curran",
              "non_striker": "SS Iyer",
              "runs": {
                "batter": 1,
                "extras": 0,
                "total": 1
              }
            },
            {
              "batter": "SS Iyer",
              "bowler": "SM Curran",
              "non_striker": "Washington Sundar",
              "runs": {
                "batter": 1,
                "extras": 0,
                "total": 1
              }
            }
          ]
        },
        {
          "over": 19,
          "deliveries": [
            {
              "batter": "SS Iyer",
              "bowler": "CJ Jordan",
              "non_striker": "Washington Sundar",
              "runs": {
                "batter": 1,
                "extras": 0,
                "total": 1
              }
            },
            {
              "batter": "Washington Sundar",
              "bowler": "CJ Jordan",
              "extras": {
                "wides": 1
              },
              "non_striker": "SS Iyer",
              "runs": {
                "batter": 0,
                "extras": 1,
                "total": 1
              }
            },
            {
              "batter": "Washington Sundar",
              "bowler": "CJ Jordan",
              "non_striker": "SS Iyer",
              "runs": {
                "batter": 1,
                "extras": 0,
                "total": 1
              }
            },
            {
              "batter": "SS Iyer",
              "bowler": "CJ Jordan",
              "non_striker": "Washington Sundar",
              "runs": {
                "batter": 0,
                "extras": 0,
                "total": 0
              },
              "wickets": [
                {
                  "player_out": "SS Iyer",
                  "fielders": [
                    {
                      "name": "DJ Malan"
                    }
                  ],
                  "kind": "caught"
                }
              ]
            },
            {
              "batter": "AR Patel",
              "bowler": "CJ Jordan",
              "non_striker": "Washington Sundar",
              "runs": {
                "batter": 2,
                "extras": 0,
                "total": 2
              }
            },
            {
              "batter": "AR Patel",
              "bowler": "CJ Jordan",
              "non_striker": "Washington Sundar",
              "runs": {
                "batter": 4,
                "extras": 0,
                "total": 4
              }
            },
            {
              "batter": "AR Patel",
              "bowler": "CJ Jordan",
              "non_striker": "Washington Sundar",
              "runs": {
                "batter": 1,
                "extras": 0,
                "total": 1
              }
            }
          ]
        }
      ],
      "powerplays": [
        {
          "from": 0.1,
          "to": 5.6,
          "type": "mandatory"
        }
      ]
    },
    {
      "team": "England",
      "overs": [
        {
          "over": 0,
          "deliveries": [
            {
              "batter": "JJ Roy",
              "bowler": "AR Patel",
              "non_striker": "JC Buttler",
              "runs": {
                "batter": 0,
                "extras": 0,
                "total": 0
              }
            },
            {
              "batter": "JJ Roy",
              "bowler": "AR Patel",
              "non_striker": "JC Buttler",
              "runs": {
                "batter": 1,
                "extras": 0,
                "total": 1
              }
            },
            {
              "batter": "JC Buttler",
              "bowler": "AR Patel",
              "non_striker": "JJ Roy",
              "runs": {
                "batter": 0,
                "extras": 0,
                "total": 0
              }
            },
            {
              "batter": "JC Buttler",
              "bowler": "AR Patel",
              "non_striker": "JJ Roy",
              "runs": {
                "batter": 0,
                "extras": 0,
                "total": 0
              }
            },
            {
              "batter": "JC Buttler",
              "bowler": "AR Patel",
              "non_striker": "JJ Roy",
              "runs": {
                "batter": 0,
                "extras": 0,
                "total": 0
              }
            },
            {
              "batter": "JC Buttler",
              "bowler": "AR Patel",
              "non_striker": "JJ Roy",
              "runs": {
                "batter": 2,
                "extras": 0,
                "total": 2
              }
            }
          ]
        },
        {
          "over": 1,
          "deliveries": [
            {
              "batter": "JJ Roy",
              "bowler": "B Kumar",
              "non_striker": "JC Buttler",
              "runs": {
                "batter": 2,
                "extras": 0,
                "total": 2
              }
            },
            {
              "batter": "JJ Roy",
              "bowler": "B Kumar",
              "non_striker": "JC Buttler",
              "runs": {
                "batter": 0,
                "extras": 0,
                "total": 0
              }
            },
            {
              "batter": "JJ Roy",
              "bowler": "B Kumar",
              "non_striker": "JC Buttler",
              "runs": {
                "batter": 4,
                "extras": 0,
                "total": 4
              }
            },
            {
              "batter": "JJ Roy",
              "bowler": "B Kumar",
              "non_striker": "JC Buttler",
              "runs": {
                "batter": 0,
                "extras": 0,
                "total": 0
              }
            },
            {
              "batter": "JJ Roy",
              "bowler": "B Kumar",
              "non_striker": "JC Buttler",
              "runs": {
                "batter": 1,
                "extras": 0,
                "total": 1
              }
            },
            {
              "batter": "JC Buttler",
              "bowler": "B Kumar",
              "non_striker": "JJ Roy",
              "runs": {
                "batter": 0,
                "extras": 0,
                "total": 0
              }
            }
          ]
        },
        {
          "over": 2,
          "deliveries": [
            {
              "batter": "JJ Roy",
              "bowler": "YS Chahal",
              "non_striker": "JC Buttler",
              "runs": {
                "batter": 6,
                "extras": 0,
                "total": 6
              }
            },
            {
              "batter": "JJ Roy",
              "bowler": "YS Chahal",
              "non_striker": "JC Buttler",
              "runs": {
                "batter": 0,
                "extras": 0,
                "total": 0
              }
            },
            {
              "batter": "JJ Roy",
              "bowler": "YS Chahal",
              "non_striker": "JC Buttler",
              "runs": {
                "batter": 0,
                "extras": 0,
                "total": 0
              }
            },
            {
              "batter": "JJ Roy",
              "bowler": "YS Chahal",
              "non_striker": "JC Buttler",
              "runs": {
                "batter": 4,
                "extras": 0,
                "total": 4
              }
            },
            {
              "batter": "JJ Roy",
              "bowler": "YS Chahal",
              "non_striker": "JC Buttler",
              "runs": {
                "batter": 0,
                "extras": 0,
                "total": 0
              }
            },
            {
              "batter": "JJ Roy",
              "bowler": "YS Chahal",
              "non_striker": "JC Buttler",
              "runs": {
                "batter": 1,
                "extras": 0,
                "total": 1
              }
            }
          ]
        },
        {
          "over": 3,
          "deliveries": [
            {
              "batter": "JJ Roy",
              "bowler": "SN Thakur",
              "non_striker": "JC Buttler",
              "runs": {
                "batter": 1,
                "extras": 0,
                "total": 1
              }
            },
            {
              "batter": "JC Buttler",
              "bowler": "SN Thakur",
              "non_striker": "JJ Roy",
              "runs": {
                "batter": 2,
                "extras": 0,
                "total": 2
              }
            },
            {
              "batter": "JC Buttler",
              "bowler": "SN Thakur",
              "non_striker": "JJ Roy",
              "runs": {
                "batter": 0,
                "extras": 0,
                "total": 0
              }
            },
            {
              "batter": "JC Buttler",
              "bowler": "SN Thakur",
              "non_striker": "JJ Roy",
              "runs": {
                "batter": 0,
                "extras": 0,
                "total": 0
              }
            },
            {
              "batter": "JC Buttler",
              "bowler": "SN Thakur",
              "non_striker": "JJ Roy",
              "runs": {
                "batter": 1,
                "extras": 0,
                "total": 1
              }
            },
            {
              "batter": "JJ Roy",
              "bowler": "SN Thakur",
              "non_striker": "JC Buttler",
              "runs": {
                "batter": 4,
                "extras": 0,
                "total": 4
              }
            }
          ]
        },
        {
          "over": 4,
          "deliveries": [
            {
              "batter": "JC Buttler",
              "bowler": "AR Patel",
              "non_striker": "JJ Roy",
              "runs": {
                "batter": 2,
                "extras": 0,
                "total": 2
              }
            },
            {
              "batter": "JC Buttler",
              "bowler": "AR Patel",
              "non_striker": "JJ Roy",
              "runs": {
                "batter": 0,
                "extras": 0,
                "total": 0
              }
            },
            {
              "batter": "JC Buttler",
              "bowler": "AR Patel",
              "non_striker": "JJ Roy",
              "review": {
                "by": "India",
                "batter": "JC Buttler",
                "decision": "struck down",
                "umpire": "KN Ananthapadmanabhan",
                "umpires_call": true
              },
              "runs": {
                "batter": 0,
                "extras": 0,
                "total": 0
              }
            },
            {
              "batter": "JC Buttler",
              "bowler": "AR Patel",
              "non_striker": "JJ Roy",
              "runs": {
                "batter": 4,
                "extras": 0,
                "total": 4
              }
            },
            {
              "batter": "JC Buttler",
              "bowler": "AR Patel",
              "non_striker": "JJ Roy",
              "runs": {
                "batter": 6,
                "extras": 0,
                "total": 6
              }
            },
            {
              "batter": "JC Buttler",
              "bowler": "AR Patel",
              "non_striker": "JJ Roy",
              "runs": {
                "batter": 1,
                "extras": 0,
                "total": 1
              }
            }
          ]
        },
        {
          "over": 5,
          "deliveries": [
            {
              "batter": "JC Buttler",
              "bowler": "B Kumar",
              "non_striker": "JJ Roy",
              "runs": {
                "batter": 0,
                "extras": 0,
                "total": 0
              }
            },
            {
              "batter": "JC Buttler",
              "bowler": "B Kumar",
              "non_striker": "JJ Roy",
              "runs": {
                "batter": 2,
                "extras": 0,
                "total": 2
              }
            },
            {
              "batter": "JC Buttler",
              "bowler": "B Kumar",
              "non_striker": "JJ Roy",
              "runs": {
                "batter": 2,
                "extras": 0,
                "total": 2
              }
            },
            {
              "batter": "JC Buttler",
              "bowler": "B Kumar",
              "non_striker": "JJ Roy",
              "runs": {
                "batter": 0,
                "extras": 0,
                "total": 0
              }
            },
            {
              "batter": "JC Buttler",
              "bowler": "B Kumar",
              "non_striker": "JJ Roy",
              "runs": {
                "batter": 0,
                "extras": 0,
                "total": 0
              }
            },
            {
              "batter": "JC Buttler",
              "bowler": "B Kumar",
              "non_striker": "JJ Roy",
              "runs": {
                "batter": 4,
                "extras": 0,
                "total": 4
              }
            }
          ]
        },
        {
          "over": 6,
          "deliveries": [
            {
              "batter": "JJ Roy",
              "bowler": "AR Patel",
              "non_striker": "JC Buttler",
              "runs": {
                "batter": 0,
                "extras": 0,
                "total": 0
              }
            },
            {
              "batter": "JJ Roy",
              "bowler": "AR Patel",
              "non_striker": "JC Buttler",
              "runs": {
                "batter": 6,
                "extras": 0,
                "total": 6
              }
            },
            {
              "batter": "JJ Roy",
              "bowler": "AR Patel",
              "non_striker": "JC Buttler",
              "runs": {
                "batter": 1,
                "extras": 0,
                "total": 1
              }
            },
            {
              "batter": "JC Buttler",
              "bowler": "AR Patel",
              "non_striker": "JJ Roy",
              "runs": {
                "batter": 1,
                "extras": 0,
                "total": 1
              }
            },
            {
              "batter": "JJ Roy",
              "bowler": "AR Patel",
              "non_striker": "JC Buttler",
              "runs": {
                "batter": 0,
                "extras": 0,
                "total": 0
              }
            },
            {
              "batter": "JJ Roy",
              "bowler": "AR Patel",
              "non_striker": "JC Buttler",
              "runs": {
                "batter": 0,
                "extras": 0,
                "total": 0
              }
            }
          ]
        },
        {
          "over": 7,
          "deliveries": [
            {
              "batter": "JC Buttler",
              "bowler": "YS Chahal",
              "non_striker": "JJ Roy",
              "runs": {
                "batter": 1,
                "extras": 0,
                "total": 1
              }
            },
            {
              "batter": "JJ Roy",
              "bowler": "YS Chahal",
              "non_striker": "JC Buttler",
              "runs": {
                "batter": 4,
                "extras": 0,
                "total": 4
              }
            },
            {
              "batter": "JJ Roy",
              "bowler": "YS Chahal",
              "non_striker": "JC Buttler",
              "runs": {
                "batter": 6,
                "extras": 0,
                "total": 6
              }
            },
            {
              "batter": "JJ Roy",
              "bowler": "YS Chahal",
              "non_striker": "JC Buttler",
              "runs": {
                "batter": 2,
                "extras": 0,
                "total": 2
              }
            },
            {
              "batter": "JJ Roy",
              "bowler": "YS Chahal",
              "non_striker": "JC Buttler",
              "runs": {
                "batter": 1,
                "extras": 0,
                "total": 1
              }
            },
            {
              "batter": "JC Buttler",
              "bowler": "YS Chahal",
              "non_striker": "JJ Roy",
              "runs": {
                "batter": 0,
                "extras": 0,
                "total": 0
              },
              "wickets": [
                {
                  "player_out": "JC Buttler",
                  "kind": "lbw"
                }
              ]
            }
          ]
        },
        {
          "over": 8,
          "deliveries": [
            {
              "batter": "JJ Roy",
              "bowler": "HH Pandya",
              "non_striker": "DJ Malan",
              "runs": {
                "batter": 1,
                "extras": 0,
                "total": 1
              }
            },
            {
              "batter": "DJ Malan",
              "bowler": "HH Pandya",
              "non_striker": "JJ Roy",
              "runs": {
                "batter": 0,
                "extras": 0,
                "total": 0
              }
            },
            {
              "batter": "DJ Malan",
              "bowler": "HH Pandya",
              "non_striker": "JJ Roy",
              "runs": {
                "batter": 0,
                "extras": 0,
                "total": 0
              }
            },
            {
              "batter": "DJ Malan",
              "bowler": "HH Pandya",
              "non_striker": "JJ Roy",
              "runs": {
                "batter": 4,
                "extras": 0,
                "total": 4
              }
            },
            {
              "batter": "DJ Malan",
              "bowler": "HH Pandya",
              "non_striker": "JJ Roy",
              "runs": {
                "batter": 0,
                "extras": 0,
                "total": 0
              }
            },
            {
              "batter": "DJ Malan",
              "bowler": "HH Pandya",
              "non_striker": "JJ Roy",
              "runs": {
                "batter": 0,
                "extras": 0,
                "total": 0
              }
            }
          ]
        },
        {
          "over": 9,
          "deliveries": [
            {
              "batter": "JJ Roy",
              "bowler": "YS Chahal",
              "non_striker": "DJ Malan",
              "runs": {
                "batter": 1,
                "extras": 0,
                "total": 1
              }
            },
            {
              "batter": "DJ Malan",
              "bowler": "YS Chahal",
              "non_striker": "JJ Roy",
              "runs": {
                "batter": 0,
                "extras": 0,
                "total": 0
              }
            },
            {
              "batter": "DJ Malan",
              "bowler": "YS Chahal",
              "non_striker": "JJ Roy",
              "runs": {
                "batter": 1,
                "extras": 0,
                "total": 1
              }
            },
            {
              "batter": "JJ Roy",
              "bowler": "YS Chahal",
              "non_striker": "DJ Malan",
              "runs": {
                "batter": 1,
                "extras": 0,
                "total": 1
              }
            },
            {
              "batter": "DJ Malan",
              "bowler": "YS Chahal",
              "non_striker": "JJ Roy",
              "runs": {
                "batter": 1,
                "extras": 0,
                "total": 1
              }
            },
            {
              "batter": "JJ Roy",
              "bowler": "YS Chahal",
              "non_striker": "DJ Malan",
              "runs": {
                "batter": 0,
                "extras": 0,
                "total": 0
              }
            }
          ]
        },
        {
          "over": 10,
          "deliveries": [
            {
              "batter": "DJ Malan",
              "bowler": "HH Pandya",
              "non_striker": "JJ Roy",
              "runs": {
                "batter": 1,
                "extras": 0,
                "total": 1
              }
            },
            {
              "batter": "JJ Roy",
              "bowler": "HH Pandya",
              "non_striker": "DJ Malan",
              "runs": {
                "batter": 1,
                "extras": 0,
                "total": 1
              }
            },
            {
              "batter": "DJ Malan",
              "bowler": "HH Pandya",
              "non_striker": "JJ Roy",
              "runs": {
                "batter": 4,
                "extras": 0,
                "total": 4
              }
            },
            {
              "batter": "DJ Malan",
              "bowler": "HH Pandya",
              "non_striker": "JJ Roy",
              "runs": {
                "batter": 1,
                "extras": 0,
                "total": 1
              }
            },
            {
              "batter": "JJ Roy",
              "bowler": "HH Pandya",
              "non_striker": "DJ Malan",
              "runs": {
                "batter": 0,
                "extras": 0,
                "total": 0
              }
            },
            {
              "batter": "JJ Roy",
              "bowler": "HH Pandya",
              "non_striker": "DJ Malan",
              "runs": {
                "batter": 1,
                "extras": 0,
                "total": 1
              }
            }
          ]
        },
        {
          "over": 11,
          "deliveries": [
            {
              "batter": "JJ Roy",
              "bowler": "Washington Sundar",
              "non_striker": "DJ Malan",
              "review": {
                "by": "England",
                "batter": "JJ Roy",
                "decision": "struck down",
                "umpire": "Nitin Menon",
                "umpires_call": true
              },
              "runs": {
                "batter": 0,
                "extras": 0,
                "total": 0
              },
              "wickets": [
                {
                  "player_out": "JJ Roy",
                  "kind": "lbw"
                }
              ]
            },
            {
              "batter": "JM Bairstow",
              "bowler": "Washington Sundar",
              "non_striker": "DJ Malan",
              "runs": {
                "batter": 0,
                "extras": 0,
                "total": 0
              }
            },
            {
              "batter": "JM Bairstow",
              "bowler": "Washington Sundar",
              "non_striker": "DJ Malan",
              "runs": {
                "batter": 0,
                "extras": 0,
                "total": 0
              }
            },
            {
              "batter": "JM Bairstow",
              "bowler": "Washington Sundar",
              "non_striker": "DJ Malan",
              "runs": {
                "batter": 1,
                "extras": 0,
                "total": 1
              }
            },
            {
              "batter": "DJ Malan",
              "bowler": "Washington Sundar",
              "non_striker": "JM Bairstow",
              "runs": {
                "batter": 1,
                "extras": 0,
                "total": 1
              }
            },
            {
              "batter": "JM Bairstow",
              "bowler": "Washington Sundar",
              "non_striker": "DJ Malan",
              "runs": {
                "batter": 1,
                "extras": 0,
                "total": 1
              }
            }
          ]
        },
        {
          "over": 12,
          "deliveries": [
            {
              "batter": "JM Bairstow",
              "bowler": "YS Chahal",
              "non_striker": "DJ Malan",
              "runs": {
                "batter": 6,
                "extras": 0,
                "total": 6
              }
            },
            {
              "batter": "JM Bairstow",
              "bowler": "YS Chahal",
              "non_striker": "DJ Malan",
              "runs": {
                "batter": 1,
                "extras": 0,
                "total": 1
              }
            },
            {
              "batter": "DJ Malan",
              "bowler": "YS Chahal",
              "non_striker": "JM Bairstow",
              "runs": {
                "batter": 0,
                "extras": 0,
                "total": 0
              }
            },
            {
              "batter": "DJ Malan",
              "bowler": "YS Chahal",
              "non_striker": "JM Bairstow",
              "runs": {
                "batter": 1,
                "extras": 0,
                "total": 1
              }
            },
            {
              "batter": "JM Bairstow",
              "bowler": "YS Chahal",
              "non_striker": "DJ Malan",
              "runs": {
                "batter": 6,
                "extras": 0,
                "total": 6
              }
            },
            {
              "batter": "JM Bairstow",
              "bowler": "YS Chahal",
              "non_striker": "DJ Malan",
              "runs": {
                "batter": 1,
                "extras": 0,
                "total": 1
              }
            }
          ]
        },
        {
          "over": 13,
          "deliveries": [
            {
              "batter": "JM Bairstow",
              "bowler": "Washington Sundar",
              "non_striker": "DJ Malan",
              "runs": {
                "batter": 4,
                "extras": 0,
                "total": 4
              }
            },
            {
              "batter": "JM Bairstow",
              "bowler": "Washington Sundar",
              "non_striker": "DJ Malan",
              "runs": {
                "batter": 0,
                "extras": 0,
                "total": 0
              }
            },
            {
              "batter": "JM Bairstow",
              "bowler": "Washington Sundar",
              "non_striker": "DJ Malan",
              "runs": {
                "batter": 1,
                "extras": 0,
                "total": 1
              }
            },
            {
              "batter": "DJ Malan",
              "bowler": "Washington Sundar",
              "non_striker": "JM Bairstow",
              "runs": {
                "batter": 1,
                "extras": 0,
                "total": 1
              }
            },
            {
              "batter": "JM Bairstow",
              "bowler": "Washington Sundar",
              "non_striker": "DJ Malan",
              "runs": {
                "batter": 1,
                "extras": 0,
                "total": 1
              }
            },
            {
              "batter": "DJ Malan",
              "bowler": "Washington Sundar",
              "non_striker": "JM Bairstow",
              "runs": {
                "batter": 0,
                "extras": 0,
                "total": 0
              }
            }
          ]
        },
        {
          "over": 14,
          "deliveries": [
            {
              "batter": "JM Bairstow",
              "bowler": "SN Thakur",
              "non_striker": "DJ Malan",
              "runs": {
                "batter": 0,
                "extras": 0,
                "total": 0
              }
            },
            {
              "batter": "JM Bairstow",
              "bowler": "SN Thakur",
              "non_striker": "DJ Malan",
              "runs": {
                "batter": 1,
                "extras": 0,
                "total": 1
              }
            },
            {
              "batter": "DJ Malan",
              "bowler": "SN Thakur",
              "non_striker": "JM Bairstow",
              "runs": {
                "batter": 1,
                "extras": 0,
                "total": 1
              }
            },
            {
              "batter": "JM Bairstow",
              "bowler": "SN Thakur",
              "non_striker": "DJ Malan",
              "runs": {
                "batter": 1,
                "extras": 0,
                "total": 1
              }
            },
            {
              "batter": "DJ Malan",
              "bowler": "SN Thakur",
              "extras": {
                "wides": 1
              },
              "non_striker": "JM Bairstow",
              "runs": {
                "batter": 0,
                "extras": 1,
                "total": 1
              }
            },
            {
              "batter": "DJ Malan",
              "bowler": "SN Thakur",
              "extras": {
                "wides": 2
              },
              "non_striker": "JM Bairstow",
              "runs": {
                "batter": 0,
                "extras": 2,
                "total": 2
              }
            },
            {
              "batter": "JM Bairstow",
              "bowler": "SN Thakur",
              "non_striker": "DJ Malan",
              "runs": {
                "batter": 1,
                "extras": 0,
                "total": 1
              }
            },
            {
              "batter": "DJ Malan",
              "bowler": "SN Thakur",
              "non_striker": "JM Bairstow",
              "runs": {
                "batter": 1,
                "extras": 0,
                "total": 1
              }
            }
          ]
        },
        {
          "over": 15,
          "deliveries": [
            {
              "batter": "DJ Malan",
              "bowler": "Washington Sundar",
              "non_striker": "JM Bairstow",
              "runs": {
                "batter": 1,
                "extras": 0,
                "total": 1
              }
            },
            {
              "batter": "JM Bairstow",
              "bowler": "Washington Sundar",
              "non_striker": "DJ Malan",
              "runs": {
                "batter": 1,
                "extras": 0,
                "total": 1
              }
            },
            {
              "batter": "DJ Malan",
              "bowler": "Washington Sundar",
              "non_striker": "JM Bairstow",
              "runs": {
                "batter": 6,
                "extras": 0,
                "total": 6
              }
            }
          ]
        }
      ],
      "powerplays": [
        {
          "from": 0.1,
          "to": 5.6,
          "type": "mandatory"
        }
      ]
    }
  ]
}