{
  "meta": {
    "data_version": "1.0.0",
    "created": "2021-04-17",
    "revision": 1
  },
  "info": {
    "balls_per_over": 6,
    "city": "Centurion",
    "dates": [
      "2021-04-16"
    ],
    "event": {
      "name": "Pakistan tour of South Africa",
      "match_number": 4
    },
    "gender": "male",
    "match_type": "T20",
    "match_type_number": 1148,
    "officials": {
      "match_referees": [
        "AJ Pycroft"
      ],
      "reserve_umpires": [
        "BP Jele"
      ],
      "tv_umpires": [
        "A Paleker"
      ],
      "umpires": [
        "AT Holdstock",
        "S George"
      ]
    },
    "outcome": {
      "winner": "Pakistan",
      "by": {
        "wickets": 3
      }
    },
    "overs": 20,
    "player_of_match": [
      "Faheem Ashraf"
    ],
    "players": {
      "South Africa": [
        "JN Malan",
        "AK Markram",
        "HE van der Dussen",
        "H Klaasen",
        "GF Linde",
        "PWA Mulder",
        "AL Phehlukwayo",
        "SSB Magala",
        "BC Fortuin",
        "LB Williams",
        "T Shamsi"
      ],
      "Pakistan": [
        "Mohammad Rizwan",
        "Babar Azam",
        "Fakhar Zaman",
        "Mohammad Hafeez",
        "Haider Ali",
        "Asif Ali",
        "Faheem Ashraf",
        "Mohammad Nawaz (3)",
        "Hasan Ali",
        "Shaheen Shah Afridi",
        "Haris Rauf"
      ]
    },
    "registry": {
      "people": {
        "A Paleker": "634b11ac",
        "AJ Pycroft": "685d3f80",
        "AK Markram": "6a26221c",
        "AL Phehlukwayo": "ab6b1c45",
        "AT Holdstock": "6fa3258c",
        "Asif Ali": "0a4736eb",
        "BC Fortuin": "9a2fc964",
        "BP Jele": "7bb1331e",
        "Babar Azam": "8a75e999",
        "Faheem Ashraf": "bd4ea627",
        "Fakhar Zaman": "1777c020",
        "GF Linde": "e5437608",
        "H Klaasen": "235c2bb6",
        "HE van der Dussen": "9948e262",
        "Haider Ali": "c13e34f4",
        "Haris Rauf": "24bb1c2f",
        "Hasan Ali": "2911de16",
        "JN Malan": "f76d7466",
        "LB Williams": "a1d95bd8",
        "Mohammad Hafeez": "9ab63e7b",
        "Mohammad Nawaz (3)": "3086f7a4",
        "Mohammad Rizwan": "2f26ac1a",
        "PWA Mulder": "c96f6ac5",
        "S George": "6d9e5a54",
        "SSB Magala": "8361e524",
        "Shaheen Shah Afridi": "45a7e761",
        "T Shamsi": "a03bba42"
      }
    },
    "season": "2021",
    "team_type": "international",
    "teams": [
      "South Africa",
      "Pakistan"
    ],
    "toss": {
      "decision": "field",
      "winner": "Pakistan"
    },
    "venue": "SuperSport Park, Centurion"
  },
  "innings": [
    {
      "team": "South Africa",
      "overs": [
        {
          "over": 0,
          "deliveries": [
            {
              "batter": "JN Malan",
              "bowler": "Shaheen Shah Afridi",
              "non_striker": "AK Markram",
              "runs": {
                "batter": 0,
                "extras": 0,
                "total": 0
              }
            },
            {
              "batter": "JN Malan",
              "bowler": "Shaheen Shah Afridi",
              "non_striker": "AK Markram",
              "runs": {
                "batter": 0,
                "extras": 0,
                "total": 0
              }
            },
            {
              "batter": "JN Malan",
              "bowler": "Shaheen Shah Afridi",
              "non_striker": "AK Markram",
              "runs": {
                "batter": 0,
                "extras": 0,
                "total": 0
              }
            },
            {
              "batter": "JN Malan",
              "bowler": "Shaheen Shah Afridi",
              "non_striker": "AK Markram",
              "runs": {
                "batter": 0,
                "extras": 0,
                "total": 0
              }
            },
            {
              "batter": "JN Malan",
              "bowler": "Shaheen Shah Afridi",
              "non_striker": "AK Markram",
              "runs": {
                "batter": 0,
                "extras": 0,
                "total": 0
              }
            },
            {
              "batter": "JN Malan",
              "bowler": "Shaheen Shah Afridi",
              "non_striker": "AK Markram",
              "runs": {
                "batter": 4,
                "extras": 0,
                "total": 4
              }
            }
          ]
        },
        {
          "over": 1,
          "deliveries": [
            {
              "batter": "AK Markram",
              "bowler": "Mohammad Nawaz (3)",
              "non_striker": "JN Malan",
              "runs": {
                "batter": 0,
                "extras": 0,
                "total": 0
              }
            },
            {
              "batter": "AK Markram",
              "bowler": "Mohammad Nawaz (3)",
              "non_striker": "JN Malan",
              "runs": {
                "batter": 6,
                "extras": 0,
                "total": 6
              }
            },
            {
              "batter": "AK Markram",
              "bowler": "Mohammad Nawaz (3)",
              "non_striker": "JN Malan",
              "runs": {
                "batter": 4,
                "extras": 0,
                "total": 4
              }
            },
            {
              "batter": "AK Markram",
              "bowler": "Mohammad Nawaz (3)",
              "non_striker": "JN Malan",
              "runs": {
                "batter": 1,
                "extras": 0,
                "total": 1
              }
            },
            {
              "batter": "JN Malan",
              "bowler": "Mohammad Nawaz (3)",
              "non_striker": "AK Markram",
              "runs": {
                "batter": 1,
                "extras": 0,
                "total": 1
              }
            },
            {
              "batter": "AK Markram",
              "bowler": "Mohammad Nawaz (3)",
              "non_striker": "JN Malan",
              "review": {
                "by": "South Africa",
                "umpire": "AT Holdstock",
                "batter": "AK Markram",
                "decision": "struck down",
                "umpires_call": true
              },
              "runs": {
                "batter": 0,
                "extras": 0,
                "total": 0
              },
              "wickets": [
                {
                  "player_out": "AK Markram",
                  "kind": "lbw"
                }
              ]
            }
          ]
        },
        {
          "over": 2,
          "deliveries": [
            {
              "batter": "JN Malan",
              "bowler": "Shaheen Shah Afridi",
              "non_striker": "HE van der Dussen",
              "runs": {
                "batter": 0,
                "extras": 0,
                "total": 0
              }
            },
            {
              "batter": "JN Malan",
              "bowler": "Shaheen Shah Afridi",
              "non_striker": "HE van der Dussen",
              "runs": {
                "batter": 1,
                "extras": 0,
                "total": 1
              }
            },
            {
              "batter": "HE van der Dussen",
              "bowler": "Shaheen Shah Afridi",
              "non_striker": "JN Malan",
              "runs": {
                "batter": 1,
                "extras": 0,
                "total": 1
              }
            },
            {
              "batter": "JN Malan",
              "bowler": "Shaheen Shah Afridi",
              "non_striker": "HE van der Dussen",
              "runs": {
                "batter": 4,
                "extras": 0,
                "total": 4
              }
            },
            {
              "batter": "JN Malan",
              "bowler": "Shaheen Shah Afridi",
              "non_striker": "HE van der Dussen",
              "runs": {
                "batter": 0,
                "extras": 0,
                "total": 0
              }
            },
            {
              "batter": "JN Malan",
              "bowler": "Shaheen Shah Afridi",
              "non_striker": "HE van der Dussen",
              "runs": {
                "batter": 1,
                "extras": 0,
                "total": 1
              }
            }
          ]
        },
        {
          "over": 3,
          "deliveries": [
            {
              "batter": "JN Malan",
              "bowler": "Mohammad Nawaz (3)",
              "non_striker": "HE van der Dussen",
              "runs": {
                "batter": 0,
                "extras": 0,
                "total": 0
              }
            },
            {
              "batter": "JN Malan",
              "bowler": "Mohammad Nawaz (3)",
              "non_striker": "HE van der Dussen",
              "runs": {
                "batter": 6,
                "extras": 0,
                "total": 6
              }
            },
            {
              "batter": "JN Malan",
              "bowler": "Mohammad Nawaz (3)",
              "non_striker": "HE van der Dussen",
              "runs": {
                "batter": 1,
                "extras": 0,
                "total": 1
              }
            },
            {
              "batter": "HE van der Dussen",
              "bowler": "Mohammad Nawaz (3)",
              "non_striker": "JN Malan",
              "runs": {
                "batter": 0,
                "extras": 0,
                "total": 0
              }
            },
            {
              "batter": "HE van der Dussen",
              "bowler": "Mohammad Nawaz (3)",
              "non_striker": "JN Malan",
              "runs": {
                "batter": 0,
                "extras": 0,
                "total": 0
              }
            },
            {
              "batter": "HE van der Dussen",
              "bowler": "Mohammad Nawaz (3)",
              "non_striker": "JN Malan",
              "runs": {
                "batter": 0,
                "extras": 0,
                "total": 0
              }
            }
          ]
        },
        {
          "over": 4,
          "deliveries": [
            {
              "batter": "JN Malan",
              "bowler": "Haris Rauf",
              "non_striker": "HE van der Dussen",
              "runs": {
                "batter": 0,
                "extras": 0,
                "total": 0
              }
            },
            {
              "batter": "JN Malan",
              "bowler": "Haris Rauf",
              "non_striker": "HE van der Dussen",
              "runs": {
                "batter": 4,
                "extras": 0,
                "total": 4
              }
            },
            {
              "batter": "JN Malan",
              "bowler": "Haris Rauf",
              "non_striker": "HE van der Dussen",
              "runs": {
                "batter": 0,
                "extras": 0,
                "total": 0
              }
            },
            {
              "batter": "JN Malan",
              "bowler": "Haris Rauf",
              "non_striker": "HE van der Dussen",
              "runs": {
                "batter": 1,
                "extras": 0,
                "total": 1
              }
            },
            {
              "batter": "HE van der Dussen",
              "bowler": "Haris Rauf",
              "non_striker": "JN Malan",
              "runs": {
                "batter": 0,
                "extras": 0,
                "total": 0
              }
            },
            {
              "batter": "HE van der Dussen",
              "bowler": "Haris Rauf",
              "non_striker": "JN Malan",
              "runs": {
                "batter": 1,
                "extras": 0,
                "total": 1
              }
            }
          ]
        },
        {
          "over": 5,
          "deliveries": [
            {
              "batter": "HE van der Dussen",
              "bowler": "Hasan Ali",
              "extras": {
                "noballs": 1
              },
              "non_striker": "JN Malan",
              "runs": {
                "batter": 4,
                "extras": 1,
                "total": 5
              }
            },
            {
              "batter": "HE van der Dussen",
              "bowler": "Hasan Ali",
              "non_striker": "JN Malan",
              "runs": {
                "batter": 4,
                "extras": 0,
                "total": 4
              }
            },
            {
              "batter": "HE van der Dussen",
              "bowler": "Hasan Ali",
              "non_striker": "JN Malan",
              "runs": {
                "batter": 0,
                "extras": 0,
                "total": 0
              }
            },
            {
              "batter": "HE van der Dussen",
              "bowler": "Hasan Ali",
              "non_striker": "JN Malan",
              "runs": {
                "batter": 1,
                "extras": 0,
                "total": 1
              }
            },
            {
              "batter": "JN Malan",
              "bowler": "Hasan Ali",
              "non_striker": "HE van der Dussen",
              "runs": {
                "batter": 1,
                "extras": 0,
                "total": 1
              }
            },
            {
              "batter": "HE van der Dussen",
              "bowler": "Hasan Ali",
              "non_striker": "JN Malan",
              "runs": {
                "batter": 4,
                "extras": 0,
                "total": 4
              }
            },
            {
              "batter": "HE van der Dussen",
              "bowler": "Hasan Ali",
              "non_striker": "JN Malan",
              "runs": {
                "batter": 2,
                "extras": 0,
                "total": 2
              }
            }
          ]
        },
        {
          "over": 6,
          "deliveries": [
            {
              "batter": "JN Malan",
              "bowler": "Mohammad Nawaz (3)",
              "non_striker": "HE van der Dussen",
              "runs": {
                "batter": 1,
                "extras": 0,
                "total": 1
              }
            },
            {
              "batter": "HE van der Dussen",
              "bowler": "Mohammad Nawaz (3)",
              "non_striker": "JN Malan",
              "runs": {
                "batter": 0,
                "extras": 0,
                "total": 0
              }
            },
            {
              "batter": "HE van der Dussen",
              "bowler": "Mohammad Nawaz (3)",
              "non_striker": "JN Malan",
              "runs": {
                "batter": 1,
                "extras": 0,
                "total": 1
              }
            },
            {
              "batter": "JN Malan",
              "bowler": "Mohammad Nawaz (3)",
              "non_striker": "HE van der Dussen",
              "runs": {
                "batter": 1,
                "extras": 0,
                "total": 1
              }
            },
            {
              "batter": "HE van der Dussen",
              "bowler": "Mohammad Nawaz (3)",
              "non_striker": "JN Malan",
              "runs": {
                "batter": 4,
                "extras": 0,
                "total": 4
              }
            },
            {
              "batter": "HE van der Dussen",
              "bowler": "Mohammad Nawaz (3)",
              "non_striker": "JN Malan",
              "runs": {
                "batter": 4,
                "extras": 0,
                "total": 4
              }
            }
          ]
        },
        {
          "over": 7,
          "deliveries": [
            {
              "batter": "JN Malan",
              "bowler": "Haris Rauf",
              "non_striker": "HE van der Dussen",
              "runs": {
                "batter": 2,
                "extras": 0,
                "total": 2
              }
            },
            {
              "batter": "JN Malan",
              "bowler": "Haris Rauf",
              "non_striker": "HE van der Dussen",
              "runs": {
                "batter": 1,
                "extras": 0,
                "total": 1
              }
            },
            {
              "batter": "HE van der Dussen",
              "bowler": "Haris Rauf",
              "non_striker": "JN Malan",
              "runs": {
                "batter": 0,
                "extras": 0,
                "total": 0
              }
            },
            {
              "batter": "HE van der Dussen",
              "bowler": "Haris Rauf",
              "non_striker": "JN Malan",
              "runs": {
                "batter": 1,
                "extras": 0,
                "total": 1
              }
            },
            {
              "batter": "JN Malan",
              "bowler": "Haris Rauf",
              "non_striker": "HE van der Dussen",
              "runs": {
                "batter": 2,
                "extras": 0,
                "total": 2
              }
            },
            {
              "batter": "JN Malan",
              "bowler": "Haris Rauf",
              "non_striker": "HE van der Dussen",
              "runs": {
                "batter": 1,
                "extras": 0,
                "total": 1
              }
            }
          ]
        },
        {
          "over": 8,
          "deliveries": [
            {
              "batter": "JN Malan",
              "bowler": "Faheem Ashraf",
              "non_striker": "HE van der Dussen",
              "runs": {
                "batter": 1,
                "extras": 0,
                "total": 1
              }
            },
            {
              "batter": "HE van der Dussen",
              "bowler": "Faheem Ashraf",
              "non_striker": "JN Malan",
              "runs": {
                "batter": 1,
                "extras": 0,
                "total": 1
              }
            },
            {
              "batter": "JN Malan",
              "bowler": "Faheem Ashraf",
              "non_striker": "HE van der Dussen",
              "runs": {
                "batter": 0,
                "extras": 0,
                "total": 0
              },
              "wickets": [
                {
                  "player_out": "JN Malan",
                  "fielders": [
                    {
                      "name": "Fakhar Zaman"
                    }
                  ],
                  "kind": "caught"
                }
              ]
            },
            {
              "batter": "H Klaasen",
              "bowler": "Faheem Ashraf",
              "non_striker": "HE van der Dussen",
              "runs": {
                "batter": 1,
                "extras": 0,
                "total": 1
              }
            },
            {
              "batter": "HE van der Dussen",
              "bowler": "Faheem Ashraf",
              "non_striker": "H Klaasen",
              "runs": {
                "batter": 1,
                "extras": 0,
                "total": 1
              }
            },
            {
              "batter": "H Klaasen",
              "bowler": "Faheem Ashraf",
              "non_striker": "HE van der Dussen",
              "runs": {
                "batter": 0,
                "extras": 0,
                "total": 0
              }
            }
          ]
        },
        {
          "over": 9,
          "deliveries": [
            {
              "batter": "HE van der Dussen",
              "bowler": "Mohammad Nawaz (3)",
              "non_striker": "H Klaasen",
              "runs": {
                "batter": 0,
                "extras": 0,
                "total": 0
              }
            },
            {
              "batter": "HE van der Dussen",
              "bowler": "Mohammad Nawaz (3)",
              "non_striker": "H Klaasen",
              "runs": {
                "batter": 6,
                "extras": 0,
                "total": 6
              }
            },
            {
              "batter": "HE van der Dussen",
              "bowler": "Mohammad Nawaz (3)",
              "non_striker": "H Klaasen",
              "runs": {
                "batter": 1,
                "extras": 0,
                "total": 1
              }
            },
            {
              "batter": "H Klaasen",
              "bowler": "Mohammad Nawaz (3)",
              "non_striker": "HE van der Dussen",
              "runs": {
                "batter": 1,
                "extras": 0,
                "total": 1
              }
            },
            {
              "batter": "HE van der Dussen",
              "bowler": "Mohammad Nawaz (3)",
              "non_striker": "H Klaasen",
              "runs": {
                "batter": 1,
                "extras": 0,
                "total": 1
              }
            },
            {
              "batter": "H Klaasen",
              "bowler": "Mohammad Nawaz (3)",
              "non_striker": "HE van der Dussen",
              "runs": {
                "batter": 1,
                "extras": 0,
                "total": 1
              }
            }
          ]
        },
        {
          "over": 10,
          "deliveries": [
            {
              "batter": "H Klaasen",
              "bowler": "Faheem Ashraf",
              "non_striker": "HE van der Dussen",
              "runs": {
                "batter": 0,
                "extras": 0,
                "total": 0
              }
            },
            {
              "batter": "H Klaasen",
              "bowler": "Faheem Ashraf",
              "non_striker": "HE van der Dussen",
              "runs": {
                "batter": 0,
                "extras": 0,
                "total": 0
              }
            },
            {
              "batter": "H Klaasen",
              "bowler": "Faheem Ashraf",
              "non_striker": "HE van der Dussen",
              "runs": {
                "batter": 1,
                "extras": 0,
                "total": 1
              }
            },
            {
              "batter": "HE van der Dussen",
              "bowler": "Faheem Ashraf",
              "non_striker": "H Klaasen",
              "runs": {
                "batter": 0,
                "extras": 0,
                "total": 0
              }
            },
            {
              "batter": "HE van der Dussen",
              "bowler": "Faheem Ashraf",
              "non_striker": "H Klaasen",
              "runs": {
                "batter": 1,
                "extras": 0,
                "total": 1
              }
            },
            {
              "batter": "H Klaasen",
              "bowler": "Faheem Ashraf",
              "non_striker": "HE van der Dussen",
              "runs": {
                "batter": 0,
                "extras": 0,
                "total": 0
              }
            }
          ]
        },
        {
          "over": 11,
          "deliveries": [
            {
              "batter": "HE van der Dussen",
              "bowler": "Hasan Ali",
              "extras": {
                "legbyes": 1
              },
              "non_striker": "H Klaasen",
              "runs": {
                "batter": 0,
                "extras": 1,
                "total": 1
              }
            },
            {
              "batter": "H Klaasen",
              "bowler": "Hasan Ali",
              "non_striker": "HE van der Dussen",
              "runs": {
                "batter": 0,
                "extras": 0,
                "total": 0
              }
            },
            {
              "batter": "H Klaasen",
              "bowler": "Hasan Ali",
              "non_striker": "HE van der Dussen",
              "runs": {
                "batter": 4,
                "extras": 0,
                "total": 4
              }
            },
            {
              "batter": "H Klaasen",
              "bowler": "Hasan Ali",
              "non_striker": "HE van der Dussen",
              "runs": {
                "batter": 1,
                "extras": 0,
                "total": 1
              }
            },
            {
              "batter": "HE van der Dussen",
              "bowler": "Hasan Ali",
              "non_striker": "H Klaasen",
              "runs": {
                "batter": 6,
                "extras": 0,
                "total": 6
              }
            },
            {
              "batter": "HE van der Dussen",
              "bowler": "Hasan Ali",
              "non_striker": "H Klaasen",
              "runs": {
                "batter": 1,
                "extras": 0,
                "total": 1
              }
            }
          ]
        },
        {
          "over": 12,
          "deliveries": [
            {
              "batter": "HE van der Dussen",
              "bowler": "Faheem Ashraf",
              "extras": {
                "legbyes": 4
              },
              "non_striker": "H Klaasen",
              "review": {
                "by": "Pakistan",
                "umpire": "S George",
                "batter": "HE van der Dussen",
                "decision": "struck down"
              },
              "runs": {
                "batter": 0,
                "extras": 4,
                "total": 4
              }
            },
            {
              "batter": "HE van der Dussen",
              "bowler": "Faheem Ashraf",
              "non_striker": "H Klaasen",
              "runs": {
                "batter": 2,
                "extras": 0,
                "total": 2
              }
            },
            {
              "batter": "HE van der Dussen",
              "bowler": "Faheem Ashraf",
              "non_striker": "H Klaasen",
              "runs": {
                "batter": 2,
                "extras": 0,
                "total": 2
              }
            },
            {
              "batter": "HE van der Dussen",
              "bowler": "Faheem Ashraf",
              "non_striker": "H Klaasen",
              "runs": {
                "batter": 1,
                "extras": 0,
                "total": 1
              }
            },
            {
              "batter": "H Klaasen",
              "bowler": "Faheem Ashraf",
              "non_striker": "HE van der Dussen",
              "runs": {
                "batter": 0,
                "extras": 0,
                "total": 0
              },
              "wickets": [
                {
                  "player_out": "H Klaasen",
                  "fielders": [
                    {
                      "name": "Shaheen Shah Afridi"
                    }
                  ],
                  "kind": "caught"
                }
              ]
            },
            {
              "batter": "HE van der Dussen",
              "bowler": "Faheem Ashraf",
              "non_striker": "GF Linde",
              "runs": {
                "batter": 1,
                "extras": 0,
                "total": 1
              }
            }
          ]
        },
        {
          "over": 13,
          "deliveries": [
            {
              "batter": "HE van der Dussen",
              "bowler": "Haris Rauf",
              "non_striker": "GF Linde",
              "runs": {
                "batter": 1,
                "extras": 0,
                "total": 1
              }
            },
            {
              "batter": "GF Linde",
              "bowler": "Haris Rauf",
              "non_striker": "HE van der Dussen",
              "runs": {
                "batter": 1,
                "extras": 0,
                "total": 1
              }
            },
            {
              "batter": "HE van der Dussen",
              "bowler": "Haris Rauf",
              "non_striker": "GF Linde",
              "runs": {
                "batter": 0,
                "extras": 0,
                "total": 0
              },
              "wickets": [
                {
                  "player_out": "HE van der Dussen",
                  "fielders": [
                    {
                      "name": "Mohammad Hafeez"
                    }
                  ],
                  "kind": "caught"
                }
              ]
            },
            {
              "batter": "GF Linde",
              "bowler": "Haris Rauf",
              "non_striker": "PWA Mulder",
              "runs": {
                "batter": 1,
                "extras": 0,
                "total": 1
              }
            },
            {
              "batter": "PWA Mulder",
              "bowler": "Haris Rauf",
              "non_striker": "GF Linde",
              "runs": {
                "batter": 0,
                "extras": 0,
                "total": 0
              }
            },
            {
              "batter": "PWA Mulder",
              "bowler": "Haris Rauf",
              "non_striker": "GF Linde",
              "runs": {
                "batter": 1,
                "extras": 0,
                "total": 1
              }
            }
          ]
        },
        {
          "over": 14,
          "deliveries": [
            {
              "batter": "PWA Mulder",
              "bowler": "Faheem Ashraf",
              "non_striker": "GF Linde",
              "runs": {
                "batter": 2,
                "extras": 0,
                "total": 2
              }
            },
            {
              "batter": "PWA Mulder",
              "bowler": "Faheem Ashraf",
              "non_striker": "GF Linde",
              "runs": {
                "batter": 0,
                "extras": 0,
                "total": 0
              }
            },
            {
              "batter": "PWA Mulder",
              "bowler": "Faheem Ashraf",
              "non_striker": "GF Linde",
              "runs": {
                "batter": 1,
                "extras": 0,
                "total": 1
              }
            },
            {
              "batter": "GF Linde",
              "bowler": "Faheem Ashraf",
              "non_striker": "PWA Mulder",
              "runs": {
                "batter": 1,
                "extras": 0,
                "total": 1
              }
            },
            {
              "batter": "PWA Mulder",
              "bowler": "Faheem Ashraf",
              "non_striker": "GF Linde",
              "runs": {
                "batter": 1,
                "extras": 0,
                "total": 1
              }
            },
            {
              "batter": "GF Linde",
              "bowler": "Faheem Ashraf",
              "non_striker": "PWA Mulder",
              "runs": {
                "batter": 0,
                "extras": 0,
                "total": 0
              },
              "wickets": [
                {
                  "player_out": "GF Linde",
                  "fielders": [
                    {
                      "name": "Mohammad Rizwan"
                    }
                  ],
                  "kind": "caught"
                }
              ]
            }
          ]
        },
        {
          "over": 15,
          "deliveries": [
            {
              "batter": "PWA Mulder",
              "bowler": "Hasan Ali",
              "non_striker": "AL Phehlukwayo",
              "runs": {
                "batter": 0,
                "extras": 0,
                "total": 0
              }
            },
            {
              "batter": "PWA Mulder",
              "bowler": "Hasan Ali",
              "non_striker": "AL Phehlukwayo",
              "runs": {
                "batter": 1,
                "extras": 0,
                "total": 1
              }
            },
            {
              "batter": "AL Phehlukwayo",
              "bowler": "Hasan Ali",
              "non_striker": "PWA Mulder",
              "runs": {
                "batter": 1,
                "extras": 0,
                "total": 1
              }
            },
            {
              "batter": "PWA Mulder",
              "bowler": "Hasan Ali",
              "non_striker": "AL Phehlukwayo",
              "runs": {
                "batter": 0,
                "extras": 0,
                "total": 0
              },
              "wickets": [
                {
                  "player_out": "PWA Mulder",
                  "fielders": [
                    {
                      "name": "Babar Azam"
                    }
                  ],
                  "kind": "caught"
                }
              ]
            },
            {
              "batter": "AL Phehlukwayo",
              "bowler": "Hasan Ali",
              "extras": {
                "wides": 1
              },
              "non_striker": "SSB Magala",
              "runs": {
                "batter": 0,
                "extras": 1,
                "total": 1
              }
            },
            {
              "batter": "AL Phehlukwayo",
              "bowler": "Hasan Ali",
              "non_striker": "SSB Magala",
              "runs": {
                "batter": 0,
                "extras": 0,
                "total": 0
              },
              "wickets": [
                {
                  "player_out": "AL Phehlukwayo",
                  "fielders": [
                    {
                      "name": "Mohammad Rizwan"
                    }
                  ],
                  "kind": "caught"
                }
              ]
            },
            {
              "batter": "BC Fortuin",
              "bowler": "Hasan Ali",
              "non_striker": "SSB Magala",
              "runs": {
                "batter": 1,
                "extras": 0,
                "total": 1
              }
            }
          ]
        },
        {
          "over": 16,
          "deliveries": [
            {
              "batter": "BC Fortuin",
              "bowler": "Shaheen Shah Afridi",
              "non_striker": "SSB Magala",
              "runs": {
                "batter": 4,
                "extras": 0,
                "total": 4
              }
            },
            {
              "batter": "BC Fortuin",
              "bowler": "Shaheen Shah Afridi",
              "non_striker": "SSB Magala",
              "runs": {
                "batter": 1,
                "extras": 0,
                "total": 1
              }
            },
            {
              "batter": "SSB Magala",
              "bowler": "Shaheen Shah Afridi",
              "non_striker": "BC Fortuin",
              "runs": {
                "batter": 1,
                "extras": 0,
                "total": 1
              }
            },
            {
              "batter": "BC Fortuin",
              "bowler": "Shaheen Shah Afridi",
              "non_striker": "SSB Magala",
              "runs": {
                "batter": 1,
                "extras": 0,
                "total": 1
              }
            },
            {
              "batter": "SSB Magala",
              "bowler": "Shaheen Shah Afridi",
              "non_striker": "BC Fortuin",
              "runs": {
                "batter": 0,
                "extras": 0,
                "total": 0
              }
            },
            {
              "batter": "SSB Magala",
              "bowler": "Shaheen Shah Afridi",
              "non_striker": "BC Fortuin",
              "runs": {
                "batter": 0,
                "extras": 0,
                "total": 0
              }
            }
          ]
        },
        {
          "over": 17,
          "deliveries": [
            {
              "batter": "BC Fortuin",
              "bowler": "Hasan Ali",
              "non_striker": "SSB Magala",
              "runs": {
                "batter": 1,
                "extras": 0,
                "total": 1
              }
            },
            {
              "batter": "SSB Magala",
              "bowler": "Hasan Ali",
              "extras": {
                "byes": 4
              },
              "non_striker": "BC Fortuin",
              "runs": {
                "batter": 0,
                "extras": 4,
                "total": 4
              }
            },
            {
              "batter": "SSB Magala",
              "bowler": "Hasan Ali",
              "non_striker": "BC Fortuin",
              "runs": {
                "batter": 6,
                "extras": 0,
                "total": 6
              }
            },
            {
              "batter": "SSB Magala",
              "bowler": "Hasan Ali",
              "non_striker": "BC Fortuin",
              "runs": {
                "batter": 0,
                "extras": 0,
                "total": 0
              }
            },
            {
              "batter": "SSB Magala",
              "bowler": "Hasan Ali",
              "non_striker": "BC Fortuin",
              "runs": {
                "batter": 0,
                "extras": 0,
                "total": 0
              }
            },
            {
              "batter": "SSB Magala",
              "bowler": "Hasan Ali",
              "non_striker": "BC Fortuin",
              "runs": {
                "batter": 0,
                "extras": 0,
                "total": 0
              },
              "wickets": [
                {
                  "player_out": "SSB Magala",
                  "fielders": [
                    {
                      "name": "Fakhar Zaman"
                    }
                  ],
                  "kind": "caught"
                }
              ]
            }
          ]
        },
        {
          "over": 18,
          "deliveries": [
            {
              "batter": "LB Williams",
              "bowler": "Shaheen Shah Afridi",
              "non_striker": "BC Fortuin",
              "runs": {
                "batter": 0,
                "extras": 0,
                "total": 0
              }
            },
            {
              "batter": "LB Williams",
              "bowler": "Shaheen Shah Afridi",
              "extras": {
                "legbyes": 1
              },
              "non_striker": "BC Fortuin",
              "runs": {
                "batter": 0,
                "extras": 1,
                "total": 1
              }
            },
            {
              "batter": "BC Fortuin",
              "bowler": "Shaheen Shah Afridi",
              "non_striker": "LB Williams",
              "runs": {
                "batter": 0,
                "extras": 0,
                "total": 0
              },
              "wickets": [
                {
                  "player_out": "BC Fortuin",
                  "fielders": [
                    {
                      "name": "Babar Azam"
                    }
                  ],
                  "kind": "caught"
                }
              ]
            },
            {
              "batter": "LB Williams",
              "bowler": "Shaheen Shah Afridi",
              "non_striker": "T Shamsi",
              "runs": {
                "batter": 0,
                "extras": 0,
                "total": 0
              }
            },
            {
              "batter": "LB Williams",
              "bowler": "Shaheen Shah Afridi",
              "non_striker": "T Shamsi",
              "runs": {
                "batter": 1,
                "extras": 0,
                "total": 1
              }
            },
            {
              "batter": "T Shamsi",
              "bowler": "Shaheen Shah Afridi",
              "non_striker": "LB Williams",
              "runs": {
                "batter": 0,
                "extras": 0,
                "total": 0
              }
            }
          ]
        },
        {
          "over": 19,
          "deliveries": [
            {
              "batter": "LB Williams",
              "bowler": "Haris Rauf",
              "non_striker": "T Shamsi",
              "runs": {
                "batter": 1,
                "extras": 0,
                "total": 1
              }
            },
            {
              "batter": "T Shamsi",
              "bowler": "Haris Rauf",
              "non_striker": "LB Williams",
              "runs": {
                "batter": 0,
                "extras": 0,
                "total": 0
              }
            },
            {
              "batter": "T Shamsi",
              "bowler": "Haris Rauf",
              "non_striker": "LB Williams",
              "review": {
                "by": "Pakistan",
                "umpire": "AT Holdstock",
                "batter": "T Shamsi",
                "decision": "upheld"
              },
              "runs": {
                "batter": 0,
                "extras": 0,
                "total": 0
              },
              "wickets": [
                {
                  "player_out": "T Shamsi",
                  "fielders": [
                    {
                      "name": "Mohammad Rizwan"
                    }
                  ],
                  "kind": "caught"
                }
              ]
            }
          ]
        }
      ],
      "powerplays": [
        {
          "from": 0.1,
          "to": 5.7,
          "type": "mandatory"
        }
      ]
    },
    {
      "team": "Pakistan",
      "overs": [
        {
          "over": 0,
          "deliveries": [
            {
              "batter": "Mohammad Rizwan",
              "bowler": "BC Fortuin",
              "non_striker": "Babar Azam",
              "runs": {
                "batter": 0,
                "extras": 0,
                "total": 0
              }
            },
            {
              "batter": "Mohammad Rizwan",
              "bowler": "BC Fortuin",
              "non_striker": "Babar Azam",
              "runs": {
                "batter": 0,
                "extras": 0,
                "total": 0
              }
            },
            {
              "batter": "Mohammad Rizwan",
              "bowler": "BC Fortuin",
              "extras": {
                "wides": 1
              },
              "non_striker": "Babar Azam",
              "runs": {
                "batter": 0,
                "extras": 1,
                "total": 1
              },
              "wickets": [
                {
                  "player_out": "Mohammad Rizwan",
                  "fielders": [
                    {
                      "name": "H Klaasen"
                    }
                  ],
                  "kind": "stumped"
                }
              ]
            },
            {
              "batter": "Fakhar Zaman",
              "bowler": "BC Fortuin",
              "non_striker": "Babar Azam",
              "runs": {
                "batter": 1,
                "extras": 0,
                "total": 1
              }
            },
            {
              "batter": "Babar Azam",
              "bowler": "BC Fortuin",
              "non_striker": "Fakhar Zaman",
              "runs": {
                "batter": 1,
                "extras": 0,
                "total": 1
              }
            },
            {
              "batter": "Fakhar Zaman",
              "bowler": "BC Fortuin",
              "non_striker": "Babar Azam",
              "runs": {
                "batter": 0,
                "extras": 0,
                "total": 0
              }
            },
            {
              "batter": "Fakhar Zaman",
              "bowler": "BC Fortuin",
              "non_striker": "Babar Azam",
              "runs": {
                "batter": 1,
                "extras": 0,
                "total": 1
              }
            }
          ]
        },
        {
          "over": 1,
          "deliveries": [
            {
              "batter": "Fakhar Zaman",
              "bowler": "PWA Mulder",
              "non_striker": "Babar Azam",
              "runs": {
                "batter": 0,
                "extras": 0,
                "total": 0
              }
            },
            {
              "batter": "Fakhar Zaman",
              "bowler": "PWA Mulder",
              "non_striker": "Babar Azam",
              "runs": {
                "batter": 4,
                "extras": 0,
                "total": 4
              }
            },
            {
              "batter": "Fakhar Zaman",
              "bowler": "PWA Mulder",
              "non_striker": "Babar Azam",
              "runs": {
                "batter": 0,
                "extras": 0,
                "total": 0
              }
            },
            {
              "batter": "Fakhar Zaman",
              "bowler": "PWA Mulder",
              "non_striker": "Babar Azam",
              "runs": {
                "batter": 1,
                "extras": 0,
                "total": 1
              }
            },
            {
              "batter": "Babar Azam",
              "bowler": "PWA Mulder",
              "non_striker": "Fakhar Zaman",
              "runs": {
                "batter": 4,
                "extras": 0,
                "total": 4
              }
            },
            {
              "batter": "Babar Azam",
              "bowler": "PWA Mulder",
              "non_striker": "Fakhar Zaman",
              "runs": {
                "batter": 0,
                "extras": 0,
                "total": 0
              }
            }
          ]
        },
        {
          "over": 2,
          "deliveries": [
            {
              "batter": "Fakhar Zaman",
              "bowler": "BC Fortuin",
              "non_striker": "Babar Azam",
              "runs": {
                "batter": 4,
                "extras": 0,
                "total": 4
              }
            },
            {
              "batter": "Fakhar Zaman",
              "bowler": "BC Fortuin",
              "non_striker": "Babar Azam",
              "runs": {
                "batter": 1,
                "extras": 0,
                "total": 1
              }
            },
            {
              "batter": "Babar Azam",
              "bowler": "BC Fortuin",
              "non_striker": "Fakhar Zaman",
              "runs": {
                "batter": 0,
                "extras": 0,
                "total": 0
              }
            },
            {
              "batter": "Babar Azam",
              "bowler": "BC Fortuin",
              "non_striker": "Fakhar Zaman",
              "runs": {
                "batter": 0,
                "extras": 0,
                "total": 0
              }
            },
            {
              "batter": "Babar Azam",
              "bowler": "BC Fortuin",
              "non_striker": "Fakhar Zaman",
              "runs": {
                "batter": 0,
                "extras": 0,
                "total": 0
              }
            },
            {
              "batter": "Babar Azam",
              "bowler": "BC Fortuin",
              "non_striker": "Fakhar Zaman",
              "runs": {
                "batter": 1,
                "extras": 0,
                "total": 1
              }
            }
          ]
        },
        {
          "over": 3,
          "deliveries": [
            {
              "batter": "Babar Azam",
              "bowler": "LB Williams",
              "non_striker": "Fakhar Zaman",
              "runs": {
                "batter": 2,
                "extras": 0,
                "total": 2
              }
            },
            {
              "batter": "Babar Azam",
              "bowler": "LB Williams",
              "non_striker": "Fakhar Zaman",
              "runs": {
                "batter": 1,
                "extras": 0,
                "total": 1
              }
            },
            {
              "batter": "Fakhar Zaman",
              "bowler": "LB Williams",
              "non_striker": "Babar Azam",
              "runs": {
                "batter": 1,
                "extras": 0,
                "total": 1
              }
            },
            {
              "batter": "Babar Azam",
              "bowler": "LB Williams",
              "non_striker": "Fakhar Zaman",
              "runs": {
                "batter": 1,
                "extras": 0,
                "total": 1
              }
            },
            {
              "batter": "Fakhar Zaman",
              "bowler": "LB Williams",
              "extras": {
                "noballs": 1
              },
              "non_striker": "Babar Azam",
              "runs": {
                "batter": 0,
                "extras": 1,
                "total": 1
              }
            },
            {
              "batter": "Fakhar Zaman",
              "bowler": "LB Williams",
              "extras": {
                "wides": 1
              },
              "non_striker": "Babar Azam",
              "runs": {
                "batter": 0,
                "extras": 1,
                "total": 1
              }
            },
            {
              "batter": "Fakhar Zaman",
              "bowler": "LB Williams",
              "non_striker": "Babar Azam",
              "runs": {
                "batter": 1,
                "extras": 0,
                "total": 1
              }
            },
            {
              "batter": "Babar Azam",
              "bowler": "LB Williams",
              "non_striker": "Fakhar Zaman",
              "runs": {
                "batter": 0,
                "extras": 0,
                "total": 0
              }
            }
          ]
        },
        {
          "over": 4,
          "deliveries": [
            {
              "batter": "Fakhar Zaman",
              "bowler": "BC Fortuin",
              "non_striker": "Babar Azam",
              "runs": {
                "batter": 2,
                "extras": 0,
                "total": 2
              }
            },
            {
              "batter": "Fakhar Zaman",
              "bowler": "BC Fortuin",
              "non_striker": "Babar Azam",
              "runs": {
                "batter": 6,
                "extras": 0,
                "total": 6
              }
            },
            {
              "batter": "Fakhar Zaman",
              "bowler": "BC Fortuin",
              "non_striker": "Babar Azam",
              "runs": {
                "batter": 6,
                "extras": 0,
                "total": 6
              }
            },
            {
              "batter": "Fakhar Zaman",
              "bowler": "BC Fortuin",
              "non_striker": "Babar Azam",
              "runs": {
                "batter": 1,
                "extras": 0,
                "total": 1
              }
            },
            {
              "batter": "Babar Azam",
              "bowler": "BC Fortuin",
              "non_striker": "Fakhar Zaman",
              "runs": {
                "batter": 0,
                "extras": 0,
                "total": 0
              }
            },
            {
              "batter": "Babar Azam",
              "bowler": "BC Fortuin",
              "non_striker": "Fakhar Zaman",
              "runs": {
                "batter": 1,
                "extras": 0,
                "total": 1
              }
            }
          ]
        },
        {
          "over": 5,
          "deliveries": [
            {
              "batter": "Babar Azam",
              "bowler": "LB Williams",
              "non_striker": "Fakhar Zaman",
              "runs": {
                "batter": 4,
                "extras": 0,
                "total": 4
              }
            },
            {
              "batter": "Babar Azam",
              "bowler": "LB Williams",
              "non_striker": "Fakhar Zaman",
              "runs": {
                "batter": 4,
                "extras": 0,
                "total": 4
              }
            },
            {
              "batter": "Babar Azam",
              "bowler": "LB Williams",
              "non_striker": "Fakhar Zaman",
              "runs": {
                "batter": 0,
                "extras": 0,
                "total": 0
              }
            },
            {
              "batter": "Babar Azam",
              "bowler": "LB Williams",
              "non_striker": "Fakhar Zaman",
              "runs": {
                "batter": 1,
                "extras": 0,
                "total": 1
              }
            },
            {
              "batter": "Fakhar Zaman",
              "bowler": "LB Williams",
              "non_striker": "Babar Azam",
              "runs": {
                "batter": 4,
                "extras": 0,
                "total": 4
              }
            },
            {
              "batter": "Fakhar Zaman",
              "bowler": "LB Williams",
              "non_striker": "Babar Azam",
              "runs": {
                "batter": 1,
                "extras": 0,
                "total": 1
              }
            }
          ]
        },
        {
          "over": 6,
          "deliveries": [
            {
              "batter": "Fakhar Zaman",
              "bowler": "SSB Magala",
              "non_striker": "Babar Azam",
              "runs": {
                "batter": 1,
                "extras": 0,
                "total": 1
              }
            },
            {
              "batter": "Babar Azam",
              "bowler": "SSB Magala",
              "non_striker": "Fakhar Zaman",
              "runs": {
                "batter": 1,
                "extras": 0,
                "total": 1
              }
            },
            {
              "batter": "Fakhar Zaman",
              "bowler": "SSB Magala",
              "non_striker": "Babar Azam",
              "runs": {
                "batter": 6,
                "extras": 0,
                "total": 6
              }
            },
            {
              "batter": "Fakhar Zaman",
              "bowler": "SSB Magala",
              "non_striker": "Babar Azam",
              "runs": {
                "batter": 6,
                "extras": 0,
                "total": 6
              }
            },
            {
              "batter": "Fakhar Zaman",
              "bowler": "SSB Magala",
              "extras": {
                "noballs": 1
              },
              "non_striker": "Babar Azam",
              "runs": {
                "batter": 0,
                "extras": 1,
                "total": 1
              }
            },
            {
              "batter": "Fakhar Zaman",
              "bowler": "SSB Magala",
              "extras": {
                "legbyes": 1
              },
              "non_striker": "Babar Azam",
              "runs": {
                "batter": 0,
                "extras": 1,
                "total": 1
              }
            },
            {
              "batter": "Babar Azam",
              "bowler": "SSB Magala",
              "extras": {
                "wides": 1
              },
              "non_striker": "Fakhar Zaman",
              "runs": {
                "batter": 0,
                "extras": 1,
                "total": 1
              }
            },
            {
              "batter": "Babar Azam",
              "bowler": "SSB Magala",
              "non_striker": "Fakhar Zaman",
              "runs": {
                "batter": 1,
                "extras": 0,
                "total": 1
              }
            }
          ]
        },
        {
          "over": 7,
          "deliveries": [
            {
              "batter": "Babar Azam",
              "bowler": "PWA Mulder",
              "non_striker": "Fakhar Zaman",
              "runs": {
                "batter": 1,
                "extras": 0,
                "total": 1
              }
            },
            {
              "batter": "Fakhar Zaman",
              "bowler": "PWA Mulder",
              "non_striker": "Babar Azam",
              "runs": {
                "batter": 0,
                "extras": 0,
                "total": 0
              }
            },
            {
              "batter": "Fakhar Zaman",
              "bowler": "PWA Mulder",
              "extras": {
                "wides": 1
              },
              "non_striker": "Babar Azam",
              "runs": {
                "batter": 0,
                "extras": 1,
                "total": 1
              }
            },
            {
              "batter": "Fakhar Zaman",
              "bowler": "PWA Mulder",
              "non_striker": "Babar Azam",
              "runs": {
                "batter": 2,
                "extras": 0,
                "total": 2
              }
            },
            {
              "batter": "Fakhar Zaman",
              "bowler": "PWA Mulder",
              "non_striker": "Babar Azam",
              "runs": {
                "batter": 0,
                "extras": 0,
                "total": 0
              }
            },
            {
              "batter": "Fakhar Zaman",
              "bowler": "PWA Mulder",
              "non_striker": "Babar Azam",
              "runs": {
                "batter": 1,
                "extras": 0,
                "total": 1
              }
            },
            {
              "batter": "Babar Azam",
              "bowler": "PWA Mulder",
              "non_striker": "Fakhar Zaman",
              "runs": {
                "batter": 0,
                "extras": 0,
                "total": 0
              }
            }
          ]
        },
        {
          "over": 8,
          "deliveries": [
            {
              "batter": "Fakhar Zaman",
              "bowler": "T Shamsi",
              "non_striker": "Babar Azam",
              "runs": {
                "batter": 4,
                "extras": 0,
                "total": 4
              }
            },
            {
              "batter": "Fakhar Zaman",
              "bowler": "T Shamsi",
              "extras": {
                "wides": 1
              },
              "non_striker": "Babar Azam",
              "runs": {
                "batter": 0,
                "extras": 1,
                "total": 1
              }
            },
            {
              "batter": "Fakhar Zaman",
              "bowler": "T Shamsi",
              "non_striker": "Babar Azam",
              "runs": {
                "batter": 0,
                "extras": 0,
                "total": 0
              }
            },
            {
              "batter": "Fakhar Zaman",
              "bowler": "T Shamsi",
              "non_striker": "Babar Azam",
              "runs": {
                "batter": 1,
                "extras": 0,
                "total": 1
              }
            },
            {
              "batter": "Babar Azam",
              "bowler": "T Shamsi",
              "non_striker": "Fakhar Zaman",
              "runs": {
                "batter": 1,
                "extras": 0,
                "total": 1
              }
            },
            {
              "batter": "Fakhar Zaman",
              "bowler": "T Shamsi",
              "non_striker": "Babar Azam",
              "runs": {
                "batter": 4,
                "extras": 0,
                "total": 4
              }
            },
            {
              "batter": "Fakhar Zaman",
              "bowler": "T Shamsi",
              "non_striker": "Babar Azam",
              "runs": {
                "batter": 1,
                "extras": 0,
                "total": 1
              }
            }
          ]
        },
        {
          "over": 9,
          "deliveries": [
            {
              "batter": "Fakhar Zaman",
              "bowler": "LB Williams",
              "non_striker": "Babar Azam",
              "runs": {
                "batter": 0,
                "extras": 0,
                "total": 0
              }
            },
            {
              "batter": "Fakhar Zaman",
              "bowler": "LB Williams",
              "non_striker": "Babar Azam",
              "runs": {
                "batter": 0,
                "extras": 0,
                "total": 0
              },
              "wickets": [
                {
                  "player_out": "Fakhar Zaman",
                  "fielders": [
                    {
                      "name": "PWA Mulder"
                    }
                  ],
                  "kind": "caught"
                }
              ]
            },
            {
              "batter": "Mohammad Hafeez",
              "bowler": "LB Williams",
              "non_striker": "Babar Azam",
              "runs": {
                "batter": 4,
                "extras": 0,
                "total": 4
              }
            },
            {
              "batter": "Mohammad Hafeez",
              "bowler": "LB Williams",
              "non_striker": "Babar Azam",
              "runs": {
                "batter": 1,
                "extras": 0,
                "total": 1
              }
            },
            {
              "batter": "Babar Azam",
              "bowler": "LB Williams",
              "extras": {
                "wides": 1
              },
              "non_striker": "Mohammad Hafeez",
              "runs": {
                "batter": 0,
                "extras": 1,
                "total": 1
              }
            },
            {
              "batter": "Babar Azam",
              "bowler": "LB Williams",
              "non_striker": "Mohammad Hafeez",
              "runs": {
                "batter": 0,
                "extras": 0,
                "total": 0
              },
              "wickets": [
                {
                  "player_out": "Babar Azam",
                  "fielders": [
                    {
                      "name": "T Shamsi"
                    }
                  ],
                  "kind": "caught"
                }
              ]
            },
            {
              "batter": "Haider Ali",
              "bowler": "LB Williams",
              "non_striker": "Mohammad Hafeez",
              "runs": {
                "batter": 1,
                "extras": 0,
                "total": 1
              }
            }
          ]
        },
        {
          "over": 10,
          "deliveries": [
            {
              "batter": "Haider Ali",
              "bowler": "T Shamsi",
              "non_striker": "Mohammad Hafeez",
              "runs": {
                "batter": 1,
                "extras": 0,
                "total": 1
              }
            },
            {
              "batter": "Mohammad Hafeez",
              "bowler": "T Shamsi",
              "non_striker": "Haider Ali",
              "runs": {
                "batter": 1,
                "extras": 0,
                "total": 1
              }
            },
            {
              "batter": "Haider Ali",
              "bowler": "T Shamsi",
              "non_striker": "Mohammad Hafeez",
              "runs": {
                "batter": 0,
                "extras": 0,
                "total": 0
              }
            },
            {
              "batter": "Haider Ali",
              "bowler": "T Shamsi",
              "non_striker": "Mohammad Hafeez",
              "runs": {
                "batter": 1,
                "extras": 0,
                "total": 1
              }
            },
            {
              "batter": "Mohammad Hafeez",
              "bowler": "T Shamsi",
              "non_striker": "Haider Ali",
              "runs": {
                "batter": 1,
                "extras": 0,
                "total": 1
              }
            },
            {
              "batter": "Haider Ali",
              "bowler": "T Shamsi",
              "non_striker": "Mohammad Hafeez",
              "runs": {
                "batter": 0,
                "extras": 0,
                "total": 0
              }
            }
          ]
        },
        {
          "over": 11,
          "deliveries": [
            {
              "batter": "Mohammad Hafeez",
              "bowler": "AL Phehlukwayo",
              "non_striker": "Haider Ali",
              "runs": {
                "batter": 1,
                "extras": 0,
                "total": 1
              }
            },
            {
              "batter": "Haider Ali",
              "bowler": "AL Phehlukwayo",
              "non_striker": "Mohammad Hafeez",
              "runs": {
                "batter": 0,
                "extras": 0,
                "total": 0
              },
              "wickets": [
                {
                  "player_out": "Haider Ali",
                  "fielders": [
                    {
                      "name": "BC Fortuin"
                    }
                  ],
                  "kind": "caught"
                }
              ]
            },
            {
              "batter": "Mohammad Hafeez",
              "bowler": "AL Phehlukwayo",
              "non_striker": "Asif Ali",
              "runs": {
                "batter": 1,
                "extras": 0,
                "total": 1
              }
            },
            {
              "batter": "Asif Ali",
              "bowler": "AL Phehlukwayo",
              "non_striker": "Mohammad Hafeez",
              "runs": {
                "batter": 0,
                "extras": 0,
                "total": 0
              }
            },
            {
              "batter": "Asif Ali",
              "bowler": "AL Phehlukwayo",
              "non_striker": "Mohammad Hafeez",
              "runs": {
                "batter": 1,
                "extras": 0,
                "total": 1
              }
            },
            {
              "batter": "Mohammad Hafeez",
              "bowler": "AL Phehlukwayo",
              "non_striker": "Asif Ali",
              "runs": {
                "batter": 0,
                "extras": 0,
                "total": 0
              }
            }
          ]
        },
        {
          "over": 12,
          "deliveries": [
            {
              "batter": "Asif Ali",
              "bowler": "GF Linde",
              "non_striker": "Mohammad Hafeez",
              "runs": {
                "batter": 1,
                "extras": 0,
                "total": 1
              }
            },
            {
              "batter": "Mohammad Hafeez",
              "bowler": "GF Linde",
              "non_striker": "Asif Ali",
              "runs": {
                "batter": 0,
                "extras": 0,
                "total": 0
              }
            },
            {
              "batter": "Mohammad Hafeez",
              "bowler": "GF Linde",
              "non_striker": "Asif Ali",
              "runs": {
                "batter": 0,
                "extras": 0,
                "total": 0
              }
            },
            {
              "batter": "Mohammad Hafeez",
              "bowler": "GF Linde",
              "non_striker": "Asif Ali",
              "runs": {
                "batter": 1,
                "extras": 0,
                "total": 1
              }
            },
            {
              "batter": "Asif Ali",
              "bowler": "GF Linde",
              "non_striker": "Mohammad Hafeez",
              "runs": {
                "batter": 0,
                "extras": 0,
                "total": 0
              }
            },
            {
              "batter": "Asif Ali",
              "bowler": "GF Linde",
              "non_striker": "Mohammad Hafeez",
              "runs": {
                "batter": 1,
                "extras": 0,
                "total": 1
              }
            }
          ]
        },
        {
          "over": 13,
          "deliveries": [
            {
              "batter": "Asif Ali",
              "bowler": "T Shamsi",
              "non_striker": "Mohammad Hafeez",
              "runs": {
                "batter": 0,
                "extras": 0,
                "total": 0
              }
            },
            {
              "batter": "Asif Ali",
              "bowler": "T Shamsi",
              "non_striker": "Mohammad Hafeez",
              "runs": {
                "batter": 1,
                "extras": 0,
                "total": 1
              }
            },
            {
              "batter": "Mohammad Hafeez",
              "bowler": "T Shamsi",
              "non_striker": "Asif Ali",
              "runs": {
                "batter": 0,
                "extras": 0,
                "total": 0
              }
            },
            {
              "batter": "Mohammad Hafeez",
              "bowler": "T Shamsi",
              "non_striker": "Asif Ali",
              "runs": {
                "batter": 0,
                "extras": 0,
                "total": 0
              },
              "wickets": [
                {
                  "player_out": "Mohammad Hafeez",
                  "fielders": [
                    {
                      "name": "LB Williams"
                    }
                  ],
                  "kind": "caught"
                }
              ]
            },
            {
              "batter": "Asif Ali",
              "bowler": "T Shamsi",
              "non_striker": "Faheem Ashraf",
              "runs": {
                "batter": 1,
                "extras": 0,
                "total": 1
              }
            },
            {
              "batter": "Faheem Ashraf",
              "bowler": "T Shamsi",
              "non_striker": "Asif Ali",
              "runs": {
                "batter": 1,
                "extras": 0,
                "total": 1
              }
            }
          ]
        },
        {
          "over": 14,
          "deliveries": [
            {
              "batter": "Faheem Ashraf",
              "bowler": "SSB Magala",
              "non_striker": "Asif Ali",
              "runs": {
                "batter": 2,
                "extras": 0,
                "total": 2
              }
            },
            {
              "batter": "Faheem Ashraf",
              "bowler": "SSB Magala",
              "non_striker": "Asif Ali",
              "runs": {
                "batter": 1,
                "extras": 0,
                "total": 1
              }
            },
            {
              "batter": "Asif Ali",
              "bowler": "SSB Magala",
              "non_striker": "Faheem Ashraf",
              "runs": {
                "batter": 0,
                "extras": 0,
                "total": 0
              },
              "wickets": [
                {
                  "player_out": "Asif Ali",
                  "kind": "caught and bowled"
                }
              ]
            },
            {
              "batter": "Mohammad Nawaz (3)",
              "bowler": "SSB Magala",
              "non_striker": "Faheem Ashraf",
              "runs": {
                "batter": 0,
                "extras": 0,
                "total": 0
              }
            },
            {
              "batter": "Mohammad Nawaz (3)",
              "bowler": "SSB Magala",
              "non_striker": "Faheem Ashraf",
              "runs": {
                "batter": 0,
                "extras": 0,
                "total": 0
              }
            },
            {
              "batter": "Mohammad Nawaz (3)",
              "bowler": "SSB Magala",
              "non_striker": "Faheem Ashraf",
              "runs": {
                "batter": 0,
                "extras": 0,
                "total": 0
              }
            }
          ]
        },
        {
          "over": 15,
          "deliveries": [
            {
              "batter": "Faheem Ashraf",
              "bowler": "T Shamsi",
              "non_striker": "Mohammad Nawaz (3)",
              "runs": {
                "batter": 0,
                "extras": 0,
                "total": 0
              }
            },
            {
              "batter": "Faheem Ashraf",
              "bowler": "T Shamsi",
              "non_striker": "Mohammad Nawaz (3)",
              "runs": {
                "batter": 0,
                "extras": 0,
                "total": 0
              }
            },
            {
              "batter": "Faheem Ashraf",
              "bowler": "T Shamsi",
              "non_striker": "Mohammad Nawaz (3)",
              "runs": {
                "batter": 1,
                "extras": 0,
                "total": 1
              }
            },
            {
              "batter": "Mohammad Nawaz (3)",
              "bowler": "T Shamsi",
              "non_striker": "Faheem Ashraf",
              "runs": {
                "batter": 0,
                "extras": 0,
                "total": 0
              }
            },
            {
              "batter": "Mohammad Nawaz (3)",
              "bowler": "T Shamsi",
              "non_striker": "Faheem Ashraf",
              "runs": {
                "batter": 0,
                "extras": 0,
                "total": 0
              }
            },
            {
              "batter": "Mohammad Nawaz (3)",
              "bowler": "T Shamsi",
              "non_striker": "Faheem Ashraf",
              "runs": {
                "batter": 1,
                "extras": 0,
                "total": 1
              }
            }
          ]
        },
        {
          "over": 16,
          "deliveries": [
            {
              "batter": "Mohammad Nawaz (3)",
              "bowler": "SSB Magala",
              "non_striker": "Faheem Ashraf",
              "runs": {
                "batter": 2,
                "extras": 0,
                "total": 2
              }
            },
            {
              "batter": "Mohammad Nawaz (3)",
              "bowler": "SSB Magala",
              "non_striker": "Faheem Ashraf",
              "runs": {
                "batter": 0,
                "extras": 0,
                "total": 0
              }
            },
            {
              "batter": "Mohammad Nawaz (3)",
              "bowler": "SSB Magala",
              "non_striker": "Faheem Ashraf",
              "runs": {
                "batter": 0,
                "extras": 0,
                "total": 0
              }
            },
            {
              "batter": "Mohammad Nawaz (3)",
              "bowler": "SSB Magala",
              "non_striker": "Faheem Ashraf",
              "runs": {
                "batter": 0,
                "extras": 0,
                "total": 0
              }
            },
            {
              "batter": "Mohammad Nawaz (3)",
              "bowler": "SSB Magala",
              "non_striker": "Faheem Ashraf",
              "runs": {
                "batter": 1,
                "extras": 0,
                "total": 1
              }
            },
            {
              "batter": "Faheem Ashraf",
              "bowler": "SSB Magala",
              "non_striker": "Mohammad Nawaz (3)",
              "runs": {
                "batter": 0,
                "extras": 0,
                "total": 0
              }
            }
          ]
        },
        {
          "over": 17,
          "deliveries": [
            {
              "batter": "Mohammad Nawaz (3)",
              "bowler": "AL Phehlukwayo",
              "non_striker": "Faheem Ashraf",
              "runs": {
                "batter": 4,
                "extras": 0,
                "total": 4
              }
            },
            {
              "batter": "Mohammad Nawaz (3)",
              "bowler": "AL Phehlukwayo",
              "extras": {
                "wides": 1
              },
              "non_striker": "Faheem Ashraf",
              "runs": {
                "batter": 0,
                "extras": 1,
                "total": 1
              }
            },
            {
              "batter": "Mohammad Nawaz (3)",
              "bowler": "AL Phehlukwayo",
              "non_striker": "Faheem Ashraf",
              "runs": {
                "batter": 0,
                "extras": 0,
                "total": 0
              }
            },
            {
              "batter": "Mohammad Nawaz (3)",
              "bowler": "AL Phehlukwayo",
              "non_striker": "Faheem Ashraf",
              "runs": {
                "batter": 1,
                "extras": 0,
                "total": 1
              }
            },
            {
              "batter": "Faheem Ashraf",
              "bowler": "AL Phehlukwayo",
              "non_striker": "Mohammad Nawaz (3)",
              "runs": {
                "batter": 1,
                "extras": 0,
                "total": 1
              }
            },
            {
              "batter": "Mohammad Nawaz (3)",
              "bowler": "AL Phehlukwayo",
              "extras": {
                "legbyes": 1
              },
              "non_striker": "Faheem Ashraf",
              "runs": {
                "batter": 0,
                "extras": 1,
                "total": 1
              }
            },
            {
              "batter": "Faheem Ashraf",
              "bowler": "AL Phehlukwayo",
              "non_striker": "Mohammad Nawaz (3)",
              "runs": {
                "batter": 1,
                "extras": 0,
                "total": 1
              }
            }
          ]
        },
        {
          "over": 18,
          "deliveries": [
            {
              "batter": "Faheem Ashraf",
              "bowler": "SSB Magala",
              "non_striker": "Mohammad Nawaz (3)",
              "runs": {
                "batter": 0,
                "extras": 0,
                "total": 0
              }
            },
            {
              "batter": "Faheem Ashraf",
              "bowler": "SSB Magala",
              "non_striker": "Mohammad Nawaz (3)",
              "runs": {
                "batter": 0,
                "extras": 0,
                "total": 0
              },
              "wickets": [
                {
                  "player_out": "Faheem Ashraf",
                  "fielders": [
                    {
                      "name": "AK Markram"
                    }
                  ],
                  "kind": "caught"
                }
              ]
            },
            {
              "batter": "Hasan Ali",
              "bowler": "SSB Magala",
              "non_striker": "Mohammad Nawaz (3)",
              "runs": {
                "batter": 0,
                "extras": 0,
                "total": 0
              }
            },
            {
              "batter": "Hasan Ali",
              "bowler": "SSB Magala",
              "non_striker": "Mohammad Nawaz (3)",
              "runs": {
                "batter": 0,
                "extras": 0,
                "total": 0
              }
            },
            {
              "batter": "Hasan Ali",
              "bowler": "SSB Magala",
              "extras": {
                "noballs": 1
              },
              "non_striker": "Mohammad Nawaz (3)",
              "runs": {
                "batter": 0,
                "extras": 1,
                "total": 1
              }
            },
            {
              "batter": "Hasan Ali",
              "bowler": "SSB Magala",
              "extras": {
                "noballs": 1
              },
              "non_striker": "Mohammad Nawaz (3)",
              "runs": {
                "batter": 1,
                "extras": 1,
                "total": 2
              }
            },
            {
              "batter": "Mohammad Nawaz (3)",
              "bowler": "SSB Magala",
              "non_striker": "Hasan Ali",
              "runs": {
                "batter": 6,
                "extras": 0,
                "total": 6
              }
            },
            {
              "batter": "Mohammad Nawaz (3)",
              "bowler": "SSB Magala",
              "non_striker": "Hasan Ali",
              "runs": {
                "batter": 1,
                "extras": 0,
                "total": 1
              }
            }
          ]
        },
        {
          "over": 19,
          "deliveries": [
            {
              "batter": "Mohammad Nawaz (3)",
              "bowler": "LB Williams",
              "non_striker": "Hasan Ali",
              "runs": {
                "batter": 1,
                "extras": 0,
                "total": 1
              }
            },
            {
              "batter": "Hasan Ali",
              "bowler": "LB Williams",
              "non_striker": "Mohammad Nawaz (3)",
              "runs": {
                "batter": 1,
                "extras": 0,
                "total": 1
              }
            },
            {
              "batter": "Mohammad Nawaz (3)",
              "bowler": "LB Williams",
              "non_striker": "Hasan Ali",
              "runs": {
                "batter": 2,
                "extras": 0,
                "total": 2
              }
            },
            {
              "batter": "Mohammad Nawaz (3)",
              "bowler": "LB Williams",
              "non_striker": "Hasan Ali",
              "runs": {
                "batter": 0,
                "extras": 0,
                "total": 0
              }
            },
            {
              "batter": "Mohammad Nawaz (3)",
              "bowler": "LB Williams",
              "non_striker": "Hasan Ali",
              "runs": {
                "batter": 6,
                "extras": 0,
                "total": 6
              }
            }
          ]
        }
      ],
      "powerplays": [
        {
          "from": 0.1,
          "to": 5.6,
          "type": "mandatory"
        }
      ],
      "target": {
        "overs": 20,
        "runs": 145
      }
    }
  ]
}