{
  "meta": {
    "data_version": "1.0.0",
    "created": "2021-05-26",
    "revision": 1
  },
  "info": {
    "balls_per_over": 6,
    "city": "Prague",
    "dates": [
      "2021-05-21"
    ],
    "event": {
      "name": "Central Europe Cup",
      "match_number": 1
    },
    "gender": "male",
    "match_type": "T20",
    "match_type_number": 1159,
    "missing": [
      "player_of_match"
    ],
    "officials": {
      "reserve_umpires": [
        "J Foster"
      ],
      "umpires": [
        "P Vincent",
        "S Tripp"
      ]
    },
    "outcome": {
      "winner": "Czech Republic",
      "by": {
        "wickets": 9
      }
    },
    "overs": 20,
    "players": {
      "Luxembourg": [
        "TC Barker",
        "J Barker",
        "J Mees",
        "T Whiteman",
        "V Vijh",
        "P Malav",
        "WJ Cope",
        "S Vats",
        "M Dixit",
        "Atif Kamal",
        "Aanand Pandey"
      ],
      "Czech Republic": [
        "S Davizi",
        "Hilal Ahmad",
        "A Ashokan",
        "S Wickramasekara",
        "P Taylor",
        "Ali Waqar",
        "S Sengupta",
        "Naveed Ahmed",
        "SJ Patel",
        "SMK Waththage",
        "S Grover"
      ]
    },
    "registry": {
      "people": {
        "A Ashokan": "9244df4b",
        "Aanand Pandey": "528a37ce",
        "Ali Waqar": "89e17934",
        "Atif Kamal": "f8bd71c9",
        "Hilal Ahmad": "f78aa227",
        "J Barker": "c18cecbe",
        "J Foster": "2a1bc1b0",
        "J Mees": "ab1445ea",
        "M Dixit": "d85d52c2",
        "Naveed Ahmed": "87609cbb",
        "P Malav": "02b078b1",
        "P Taylor": "d3016d75",
        "P Vincent": "afb1787b",
        "S Davizi": "5787be00",
        "S Grover": "c2a6e61f",
        "S Sengupta": "da39f141",
        "S Tripp": "6626e257",
        "S Vats": "1afd4f89",
        "S Wickramasekara": "a9a09cb8",
        "SJ Patel": "6a091f62",
        "SMK Waththage": "0fc88c2a",
        "T Whiteman": "472455a3",
        "TC Barker": "c31adb5c",
        "V Vijh": "b857468a",
        "WJ Cope": "fb34b0ec"
      }
    },
    "season": "2021",
    "team_type": "international",
    "teams": [
      "Luxembourg",
      "Czech Republic"
    ],
    "toss": {
      "decision": "field",
      "winner": "Czech Republic"
    },
    "venue": "Scott Page Field, Vinor"
  },
  "innings": [
    {
      "team": "Luxembourg",
      "overs": [
        {
          "over": 0,
          "deliveries": [
            {
              "batter": "TC Barker",
              "bowler": "SMK Waththage",
              "extras": {
                "wides": 1
              },
              "non_striker": "J Barker",
              "runs": {
                "batter": 0,
                "extras": 1,
                "total": 1
              }
            },
            {
              "batter": "TC Barker",
              "bowler": "SMK Waththage",
              "non_striker": "J Barker",
              "runs": {
                "batter": 1,
                "extras": 0,
                "total": 1
              }
            },
            {
              "batter": "J Barker",
              "bowler": "SMK Waththage",
              "non_striker": "TC Barker",
              "runs": {
                "batter": 0,
                "extras": 0,
                "total": 0
              }
            },
            {
              "batter": "J Barker",
              "bowler": "SMK Waththage",
              "extras": {
                "wides": 1
              },
              "non_striker": "TC Barker",
              "runs": {
                "batter": 0,
                "extras": 1,
                "total": 1
              }
            },
            {
              "batter": "J Barker",
              "bowler": "SMK Waththage",
              "non_striker": "TC Barker",
              "runs": {
                "batter": 1,
                "extras": 0,
                "total": 1
              }
            },
            {
              "batter": "TC Barker",
              "bowler": "SMK Waththage",
              "extras": {
                "wides": 1
              },
              "non_striker": "J Barker",
              "runs": {
                "batter": 0,
                "extras": 1,
                "total": 1
              }
            },
            {
              "batter": "TC Barker",
              "bowler": "SMK Waththage",
              "non_striker": "J Barker",
              "runs": {
                "batter": 3,
                "extras": 0,
                "total": 3
              }
            },
            {
              "batter": "J Barker",
              "bowler": "SMK Waththage",
              "non_striker": "TC Barker",
              "runs": {
                "batter": 2,
                "extras": 0,
                "total": 2
              }
            },
            {
              "batter": "J Barker",
              "bowler": "SMK Waththage",
              "non_striker": "TC Barker",
              "runs": {
                "batter": 0,
                "extras": 0,
                "total": 0
              }
            }
          ]
        },
        {
          "over": 1,
          "deliveries": [
            {
              "batter": "TC Barker",
              "bowler": "Ali Waqar",
              "extras": {
                "wides": 1
              },
              "non_striker": "J Barker",
              "runs": {
                "batter": 0,
                "extras": 1,
                "total": 1
              }
            },
            {
              "batter": "TC Barker",
              "bowler": "Ali Waqar",
              "non_striker": "J Barker",
              "runs": {
                "batter": 1,
                "extras": 0,
                "total": 1
              }
            },
            {
              "batter": "J Barker",
              "bowler": "Ali Waqar",
              "extras": {
                "wides": 1
              },
              "non_striker": "TC Barker",
              "runs": {
                "batter": 0,
                "extras": 1,
                "total": 1
              }
            },
            {
              "batter": "J Barker",
              "bowler": "Ali Waqar",
              "extras": {
                "byes": 1
              },
              "non_striker": "TC Barker",
              "runs": {
                "batter": 0,
                "extras": 1,
                "total": 1
              }
            },
            {
              "batter": "TC Barker",
              "bowler": "Ali Waqar",
              "non_striker": "J Barker",
              "runs": {
                "batter": 2,
                "extras": 0,
                "total": 2
              }
            },
            {
              "batter": "TC Barker",
              "bowler": "Ali Waqar",
              "extras": {
                "legbyes": 1
              },
              "non_striker": "J Barker",
              "runs": {
                "batter": 0,
                "extras": 1,
                "total": 1
              }
            },
            {
              "batter": "J Barker",
              "bowler": "Ali Waqar",
              "non_striker": "TC Barker",
              "runs": {
                "batter": 0,
                "extras": 0,
                "total": 0
              }
            },
            {
              "batter": "J Barker",
              "bowler": "Ali Waqar",
              "non_striker": "TC Barker",
              "runs": {
                "batter": 1,
                "extras": 0,
                "total": 1
              }
            }
          ]
        },
        {
          "over": 2,
          "deliveries": [
            {
              "batter": "J Barker",
              "bowler": "SMK Waththage",
              "non_striker": "TC Barker",
              "runs": {
                "batter": 1,
                "extras": 0,
                "total": 1
              }
            },
            {
              "batter": "TC Barker",
              "bowler": "SMK Waththage",
              "non_striker": "J Barker",
              "runs": {
                "batter": 0,
                "extras": 0,
                "total": 0
              }
            },
            {
              "batter": "TC Barker",
              "bowler": "SMK Waththage",
              "non_striker": "J Barker",
              "runs": {
                "batter": 4,
                "extras": 0,
                "total": 4
              }
            },
            {
              "batter": "TC Barker",
              "bowler": "SMK Waththage",
              "non_striker": "J Barker",
              "runs": {
                "batter": 0,
                "extras": 0,
                "total": 0
              }
            },
            {
              "batter": "TC Barker",
              "bowler": "SMK Waththage",
              "non_striker": "J Barker",
              "runs": {
                "batter": 4,
                "extras": 0,
                "total": 4
              }
            },
            {
              "batter": "TC Barker",
              "bowler": "SMK Waththage",
              "non_striker": "J Barker",
              "runs": {
                "batter": 1,
                "extras": 0,
                "total": 1
              }
            }
          ]
        },
        {
          "over": 3,
          "deliveries": [
            {
              "batter": "TC Barker",
              "bowler": "SJ Patel",
              "non_striker": "J Barker",
              "runs": {
                "batter": 0,
                "extras": 0,
                "total": 0
              }
            },
            {
              "batter": "TC Barker",
              "bowler": "SJ Patel",
              "non_striker": "J Barker",
              "runs": {
                "batter": 4,
                "extras": 0,
                "total": 4
              }
            },
            {
              "batter": "TC Barker",
              "bowler": "SJ Patel",
              "non_striker": "J Barker",
              "runs": {
                "batter": 4,
                "extras": 0,
                "total": 4
              }
            },
            {
              "batter": "TC Barker",
              "bowler": "SJ Patel",
              "non_striker": "J Barker",
              "runs": {
                "batter": 1,
                "extras": 0,
                "total": 1
              }
            },
            {
              "batter": "J Barker",
              "bowler": "SJ Patel",
              "non_striker": "TC Barker",
              "runs": {
                "batter": 0,
                "extras": 0,
                "total": 0
              }
            },
            {
              "batter": "J Barker",
              "bowler": "SJ Patel",
              "non_striker": "TC Barker",
              "runs": {
                "batter": 1,
                "extras": 0,
                "total": 1
              }
            }
          ]
        },
        {
          "over": 4,
          "deliveries": [
            {
              "batter": "J Barker",
              "bowler": "Ali Waqar",
              "non_striker": "TC Barker",
              "runs": {
                "batter": 1,
                "extras": 0,
                "total": 1
              }
            },
            {
              "batter": "TC Barker",
              "bowler": "Ali Waqar",
              "non_striker": "J Barker",
              "runs": {
                "batter": 1,
                "extras": 0,
                "total": 1
              }
            },
            {
              "batter": "J Barker",
              "bowler": "Ali Waqar",
              "non_striker": "TC Barker",
              "runs": {
                "batter": 1,
                "extras": 0,
                "total": 1
              }
            },
            {
              "batter": "TC Barker",
              "bowler": "Ali Waqar",
              "non_striker": "J Barker",
              "runs": {
                "batter": 0,
                "extras": 0,
                "total": 0
              }
            },
            {
              "batter": "TC Barker",
              "bowler": "Ali Waqar",
              "non_striker": "J Barker",
              "runs": {
                "batter": 0,
                "extras": 0,
                "total": 0
              }
            },
            {
              "batter": "TC Barker",
              "bowler": "Ali Waqar",
              "non_striker": "J Barker",
              "runs": {
                "batter": 0,
                "extras": 0,
                "total": 0
              }
            }
          ]
        },
        {
          "over": 5,
          "deliveries": [
            {
              "batter": "J Barker",
              "bowler": "SJ Patel",
              "non_striker": "TC Barker",
              "runs": {
                "batter": 0,
                "extras": 0,
                "total": 0
              }
            },
            {
              "batter": "J Barker",
              "bowler": "SJ Patel",
              "non_striker": "TC Barker",
              "runs": {
                "batter": 1,
                "extras": 0,
                "total": 1
              }
            },
            {
              "batter": "TC Barker",
              "bowler": "SJ Patel",
              "non_striker": "J Barker",
              "runs": {
                "batter": 0,
                "extras": 0,
                "total": 0
              }
            },
            {
              "batter": "TC Barker",
              "bowler": "SJ Patel",
              "non_striker": "J Barker",
              "runs": {
                "batter": 2,
                "extras": 0,
                "total": 2
              }
            },
            {
              "batter": "TC Barker",
              "bowler": "SJ Patel",
              "non_striker": "J Barker",
              "runs": {
                "batter": 0,
                "extras": 0,
                "total": 0
              }
            },
            {
              "batter": "TC Barker",
              "bowler": "SJ Patel",
              "non_striker": "J Barker",
              "runs": {
                "batter": 0,
                "extras": 0,
                "total": 0
              }
            }
          ]
        },
        {
          "over": 6,
          "deliveries": [
            {
              "batter": "J Barker",
              "bowler": "Ali Waqar",
              "non_striker": "TC Barker",
              "runs": {
                "batter": 1,
                "extras": 0,
                "total": 1
              }
            },
            {
              "batter": "TC Barker",
              "bowler": "Ali Waqar",
              "non_striker": "J Barker",
              "runs": {
                "batter": 1,
                "extras": 0,
                "total": 1
              }
            },
            {
              "batter": "J Barker",
              "bowler": "Ali Waqar",
              "non_striker": "TC Barker",
              "runs": {
                "batter": 1,
                "extras": 0,
                "total": 1
              }
            },
            {
              "batter": "TC Barker",
              "bowler": "Ali Waqar",
              "non_striker": "J Barker",
              "runs": {
                "batter": 4,
                "extras": 0,
                "total": 4
              }
            },
            {
              "batter": "TC Barker",
              "bowler": "Ali Waqar",
              "non_striker": "J Barker",
              "runs": {
                "batter": 2,
                "extras": 0,
                "total": 2
              }
            },
            {
              "batter": "TC Barker",
              "bowler": "Ali Waqar",
              "non_striker": "J Barker",
              "runs": {
                "batter": 1,
                "extras": 0,
                "total": 1
              }
            }
          ]
        },
        {
          "over": 7,
          "deliveries": [
            {
              "batter": "TC Barker",
              "bowler": "P Taylor",
              "non_striker": "J Barker",
              "runs": {
                "batter": 1,
                "extras": 0,
                "total": 1
              }
            },
            {
              "batter": "J Barker",
              "bowler": "P Taylor",
              "non_striker": "TC Barker",
              "runs": {
                "batter": 0,
                "extras": 0,
                "total": 0
              }
            },
            {
              "batter": "J Barker",
              "bowler": "P Taylor",
              "non_striker": "TC Barker",
              "runs": {
                "batter": 1,
                "extras": 0,
                "total": 1
              }
            },
            {
              "batter": "TC Barker",
              "bowler": "P Taylor",
              "non_striker": "J Barker",
              "runs": {
                "batter": 4,
                "extras": 0,
                "total": 4
              }
            },
            {
              "batter": "TC Barker",
              "bowler": "P Taylor",
              "non_striker": "J Barker",
              "runs": {
                "batter": 2,
                "extras": 0,
                "total": 2
              }
            },
            {
              "batter": "TC Barker",
              "bowler": "P Taylor",
              "non_striker": "J Barker",
              "runs": {
                "batter": 1,
                "extras": 0,
                "total": 1
              }
            }
          ]
        },
        {
          "over": 8,
          "deliveries": [
            {
              "batter": "TC Barker",
              "bowler": "Naveed Ahmed",
              "non_striker": "J Barker",
              "runs": {
                "batter": 2,
                "extras": 0,
                "total": 2
              }
            },
            {
              "batter": "TC Barker",
              "bowler": "Naveed Ahmed",
              "non_striker": "J Barker",
              "runs": {
                "batter": 1,
                "extras": 0,
                "total": 1
              }
            },
            {
              "batter": "J Barker",
              "bowler": "Naveed Ahmed",
              "non_striker": "TC Barker",
              "runs": {
                "batter": 0,
                "extras": 0,
                "total": 0
              }
            },
            {
              "batter": "J Barker",
              "bowler": "Naveed Ahmed",
              "non_striker": "TC Barker",
              "runs": {
                "batter": 1,
                "extras": 0,
                "total": 1
              }
            },
            {
              "batter": "TC Barker",
              "bowler": "Naveed Ahmed",
              "non_striker": "J Barker",
              "runs": {
                "batter": 1,
                "extras": 0,
                "total": 1
              }
            },
            {
              "batter": "J Barker",
              "bowler": "Naveed Ahmed",
              "non_striker": "TC Barker",
              "runs": {
                "batter": 0,
                "extras": 0,
                "total": 0
              }
            }
          ]
        },
        {
          "over": 9,
          "deliveries": [
            {
              "batter": "TC Barker",
              "bowler": "P Taylor",
              "non_striker": "J Barker",
              "runs": {
                "batter": 0,
                "extras": 0,
                "total": 0
              }
            },
            {
              "batter": "TC Barker",
              "bowler": "P Taylor",
              "non_striker": "J Barker",
              "runs": {
                "batter": 1,
                "extras": 0,
                "total": 1
              }
            },
            {
              "batter": "J Barker",
              "bowler": "P Taylor",
              "extras": {
                "legbyes": 1
              },
              "non_striker": "TC Barker",
              "runs": {
                "batter": 0,
                "extras": 1,
                "total": 1
              }
            },
            {
              "batter": "TC Barker",
              "bowler": "P Taylor",
              "non_striker": "J Barker",
              "runs": {
                "batter": 2,
                "extras": 0,
                "total": 2
              }
            },
            {
              "batter": "TC Barker",
              "bowler": "P Taylor",
              "non_striker": "J Barker",
              "runs": {
                "batter": 2,
                "extras": 0,
                "total": 2
              }
            },
            {
              "batter": "TC Barker",
              "bowler": "P Taylor",
              "non_striker": "J Barker",
              "runs": {
                "batter": 1,
                "extras": 0,
                "total": 1
              }
            }
          ]
        },
        {
          "over": 10,
          "deliveries": [
            {
              "batter": "TC Barker",
              "bowler": "Naveed Ahmed",
              "non_striker": "J Barker",
              "runs": {
                "batter": 1,
                "extras": 0,
                "total": 1
              }
            },
            {
              "batter": "J Barker",
              "bowler": "Naveed Ahmed",
              "non_striker": "TC Barker",
              "runs": {
                "batter": 1,
                "extras": 0,
                "total": 1
              }
            },
            {
              "batter": "TC Barker",
              "bowler": "Naveed Ahmed",
              "non_striker": "J Barker",
              "runs": {
                "batter": 4,
                "extras": 0,
                "total": 4
              }
            },
            {
              "batter": "TC Barker",
              "bowler": "Naveed Ahmed",
              "non_striker": "J Barker",
              "runs": {
                "batter": 1,
                "extras": 0,
                "total": 1
              }
            },
            {
              "batter": "J Barker",
              "bowler": "Naveed Ahmed",
              "non_striker": "TC Barker",
              "runs": {
                "batter": 1,
                "extras": 0,
                "total": 1
              }
            },
            {
              "batter": "TC Barker",
              "bowler": "Naveed Ahmed",
              "non_striker": "J Barker",
              "runs": {
                "batter": 0,
                "extras": 0,
                "total": 0
              },
              "wickets": [
                {
                  "player_out": "TC Barker",
                  "kind": "caught and bowled"
                }
              ]
            }
          ]
        },
        {
          "over": 11,
          "deliveries": [
            {
              "batter": "J Barker",
              "bowler": "P Taylor",
              "non_striker": "J Mees",
              "runs": {
                "batter": 1,
                "extras": 0,
                "total": 1
              }
            },
            {
              "batter": "J Mees",
              "bowler": "P Taylor",
              "non_striker": "J Barker",
              "runs": {
                "batter": 0,
                "extras": 0,
                "total": 0
              },
              "wickets": [
                {
                  "player_out": "J Mees",
                  "kind": "bowled"
                }
              ]
            },
            {
              "batter": "T Whiteman",
              "bowler": "P Taylor",
              "non_striker": "J Barker",
              "runs": {
                "batter": 0,
                "extras": 0,
                "total": 0
              }
            },
            {
              "batter": "T Whiteman",
              "bowler": "P Taylor",
              "non_striker": "J Barker",
              "runs": {
                "batter": 1,
                "extras": 0,
                "total": 1
              }
            },
            {
              "batter": "J Barker",
              "bowler": "P Taylor",
              "non_striker": "T Whiteman",
              "runs": {
                "batter": 0,
                "extras": 0,
                "total": 0
              }
            },
            {
              "batter": "J Barker",
              "bowler": "P Taylor",
              "non_striker": "T Whiteman",
              "runs": {
                "batter": 0,
                "extras": 0,
                "total": 0
              }
            }
          ]
        },
        {
          "over": 12,
          "deliveries": [
            {
              "batter": "T Whiteman",
              "bowler": "S Wickramasekara",
              "non_striker": "J Barker",
              "runs": {
                "batter": 0,
                "extras": 0,
                "total": 0
              }
            },
            {
              "batter": "T Whiteman",
              "bowler": "S Wickramasekara",
              "non_striker": "J Barker",
              "runs": {
                "batter": 0,
                "extras": 0,
                "total": 0
              }
            },
            {
              "batter": "T Whiteman",
              "bowler": "S Wickramasekara",
              "non_striker": "J Barker",
              "runs": {
                "batter": 0,
                "extras": 0,
                "total": 0
              }
            },
            {
              "batter": "T Whiteman",
              "bowler": "S Wickramasekara",
              "non_striker": "J Barker",
              "runs": {
                "batter": 1,
                "extras": 0,
                "total": 1
              }
            },
            {
              "batter": "J Barker",
              "bowler": "S Wickramasekara",
              "non_striker": "T Whiteman",
              "runs": {
                "batter": 1,
                "extras": 0,
                "total": 1
              }
            },
            {
              "batter": "T Whiteman",
              "bowler": "S Wickramasekara",
              "non_striker": "J Barker",
              "runs": {
                "batter": 0,
                "extras": 0,
                "total": 0
              }
            }
          ]
        },
        {
          "over": 13,
          "deliveries": [
            {
              "batter": "J Barker",
              "bowler": "P Taylor",
              "non_striker": "T Whiteman",
              "runs": {
                "batter": 0,
                "extras": 0,
                "total": 0
              }
            },
            {
              "batter": "J Barker",
              "bowler": "P Taylor",
              "non_striker": "T Whiteman",
              "runs": {
                "batter": 1,
                "extras": 0,
                "total": 1
              }
            },
            {
              "batter": "T Whiteman",
              "bowler": "P Taylor",
              "non_striker": "J Barker",
              "runs": {
                "batter": 1,
                "extras": 0,
                "total": 1
              }
            },
            {
              "batter": "J Barker",
              "bowler": "P Taylor",
              "non_striker": "T Whiteman",
              "runs": {
                "batter": 0,
                "extras": 0,
                "total": 0
              },
              "wickets": [
                {
                  "player_out": "J Barker",
                  "kind": "bowled"
                }
              ]
            },
            {
              "batter": "V Vijh",
              "bowler": "P Taylor",
              "non_striker": "T Whiteman",
              "runs": {
                "batter": 0,
                "extras": 0,
                "total": 0
              }
            },
            {
              "batter": "V Vijh",
              "bowler": "P Taylor",
              "non_striker": "T Whiteman",
              "runs": {
                "batter": 0,
                "extras": 0,
                "total": 0
              }
            }
          ]
        },
        {
          "over": 14,
          "deliveries": [
            {
              "batter": "T Whiteman",
              "bowler": "S Wickramasekara",
              "non_striker": "V Vijh",
              "runs": {
                "batter": 0,
                "extras": 0,
                "total": 0
              }
            },
            {
              "batter": "T Whiteman",
              "bowler": "S Wickramasekara",
              "non_striker": "V Vijh",
              "runs": {
                "batter": 1,
                "extras": 0,
                "total": 1
              }
            },
            {
              "batter": "V Vijh",
              "bowler": "S Wickramasekara",
              "non_striker": "T Whiteman",
              "runs": {
                "batter": 1,
                "extras": 0,
                "total": 1
              }
            },
            {
              "batter": "T Whiteman",
              "bowler": "S Wickramasekara",
              "non_striker": "V Vijh",
              "runs": {
                "batter": 1,
                "extras": 0,
                "total": 1
              }
            },
            {
              "batter": "V Vijh",
              "bowler": "S Wickramasekara",
              "non_striker": "T Whiteman",
              "runs": {
                "batter": 0,
                "extras": 0,
                "total": 0
              }
            },
            {
              "batter": "V Vijh",
              "bowler": "S Wickramasekara",
              "non_striker": "T Whiteman",
              "runs": {
                "batter": 1,
                "extras": 0,
                "total": 1
              }
            }
          ]
        },
        {
          "over": 15,
          "deliveries": [
            {
              "batter": "V Vijh",
              "bowler": "Naveed Ahmed",
              "non_striker": "T Whiteman",
              "runs": {
                "batter": 1,
                "extras": 0,
                "total": 1
              }
            },
            {
              "batter": "T Whiteman",
              "bowler": "Naveed Ahmed",
              "non_striker": "V Vijh",
              "runs": {
                "batter": 1,
                "extras": 0,
                "total": 1
              }
            },
            {
              "batter": "V Vijh",
              "bowler": "Naveed Ahmed",
              "non_striker": "T Whiteman",
              "runs": {
                "batter": 1,
                "extras": 0,
                "total": 1
              }
            },
            {
              "batter": "T Whiteman",
              "bowler": "Naveed Ahmed",
              "non_striker": "V Vijh",
              "runs": {
                "batter": 0,
                "extras": 0,
                "total": 0
              }
            },
            {
              "batter": "T Whiteman",
              "bowler": "Naveed Ahmed",
              "non_striker": "V Vijh",
              "runs": {
                "batter": 1,
                "extras": 0,
                "total": 1
              }
            },
            {
              "batter": "V Vijh",
              "bowler": "Naveed Ahmed",
              "non_striker": "T Whiteman",
              "runs": {
                "batter": 4,
                "extras": 0,
                "total": 4
              }
            }
          ]
        },
        {
          "over": 16,
          "deliveries": [
            {
              "batter": "T Whiteman",
              "bowler": "S Wickramasekara",
              "non_striker": "V Vijh",
              "runs": {
                "batter": 0,
                "extras": 0,
                "total": 0
              }
            },
            {
              "batter": "T Whiteman",
              "bowler": "S Wickramasekara",
              "non_striker": "V Vijh",
              "runs": {
                "batter": 4,
                "extras": 0,
                "total": 4
              }
            },
            {
              "batter": "T Whiteman",
              "bowler": "S Wickramasekara",
              "non_striker": "V Vijh",
              "runs": {
                "batter": 4,
                "extras": 0,
                "total": 4
              }
            },
            {
              "batter": "T Whiteman",
              "bowler": "S Wickramasekara",
              "non_striker": "V Vijh",
              "runs": {
                "batter": 1,
                "extras": 0,
                "total": 1
              }
            },
            {
              "batter": "V Vijh",
              "bowler": "S Wickramasekara",
              "extras": {
                "wides": 1
              },
              "non_striker": "T Whiteman",
              "runs": {
                "batter": 0,
                "extras": 1,
                "total": 1
              }
            },
            {
              "batter": "V Vijh",
              "bowler": "S Wickramasekara",
              "non_striker": "T Whiteman",
              "runs": {
                "batter": 1,
                "extras": 0,
                "total": 1
              }
            },
            {
              "batter": "T Whiteman",
              "bowler": "S Wickramasekara",
              "non_striker": "V Vijh",
              "runs": {
                "batter": 0,
                "extras": 0,
                "total": 0
              }
            }
          ]
        },
        {
          "over": 17,
          "deliveries": [
            {
              "batter": "V Vijh",
              "bowler": "SMK Waththage",
              "non_striker": "T Whiteman",
              "runs": {
                "batter": 0,
                "extras": 0,
                "total": 0
              }
            },
            {
              "batter": "V Vijh",
              "bowler": "SMK Waththage",
              "extras": {
                "byes": 1
              },
              "non_striker": "T Whiteman",
              "runs": {
                "batter": 0,
                "extras": 1,
                "total": 1
              }
            },
            {
              "batter": "T Whiteman",
              "bowler": "SMK Waththage",
              "non_striker": "V Vijh",
              "runs": {
                "batter": 0,
                "extras": 0,
                "total": 0
              }
            },
            {
              "batter": "T Whiteman",
              "bowler": "SMK Waththage",
              "non_striker": "V Vijh",
              "runs": {
                "batter": 0,
                "extras": 0,
                "total": 0
              }
            },
            {
              "batter": "T Whiteman",
              "bowler": "SMK Waththage",
              "extras": {
                "byes": 1
              },
              "non_striker": "V Vijh",
              "runs": {
                "batter": 0,
                "extras": 1,
                "total": 1
              }
            },
            {
              "batter": "V Vijh",
              "bowler": "SMK Waththage",
              "non_striker": "T Whiteman",
              "runs": {
                "batter": 1,
                "extras": 0,
                "total": 1
              }
            }
          ]
        },
        {
          "over": 18,
          "deliveries": [
            {
              "batter": "V Vijh",
              "bowler": "Ali Waqar",
              "non_striker": "T Whiteman",
              "runs": {
                "batter": 1,
                "extras": 0,
                "total": 1
              }
            },
            {
              "batter": "T Whiteman",
              "bowler": "Ali Waqar",
              "non_striker": "V Vijh",
              "runs": {
                "batter": 1,
                "extras": 0,
                "total": 1
              }
            },
            {
              "batter": "V Vijh",
              "bowler": "Ali Waqar",
              "non_striker": "T Whiteman",
              "runs": {
                "batter": 1,
                "extras": 0,
                "total": 1
              }
            },
            {
              "batter": "T Whiteman",
              "bowler": "Ali Waqar",
              "non_striker": "V Vijh",
              "runs": {
                "batter": 1,
                "extras": 0,
                "total": 1
              }
            },
            {
              "batter": "V Vijh",
              "bowler": "Ali Waqar",
              "non_striker": "T Whiteman",
              "runs": {
                "batter": 2,
                "extras": 0,
                "total": 2
              }
            },
            {
              "batter": "V Vijh",
              "bowler": "Ali Waqar",
              "non_striker": "T Whiteman",
              "runs": {
                "batter": 1,
                "extras": 0,
                "total": 1
              }
            }
          ]
        },
        {
          "over": 19,
          "deliveries": [
            {
              "batter": "V Vijh",
              "bowler": "SMK Waththage",
              "non_striker": "T Whiteman",
              "runs": {
                "batter": 0,
                "extras": 0,
                "total": 0
              }
            },
            {
              "batter": "V Vijh",
              "bowler": "SMK Waththage",
              "non_striker": "T Whiteman",
              "runs": {
                "batter": 2,
                "extras": 0,
                "total": 2
              }
            },
            {
              "batter": "V Vijh",
              "bowler": "SMK Waththage",
              "non_striker": "T Whiteman",
              "runs": {
                "batter": 1,
                "extras": 0,
                "total": 1
              }
            },
            {
              "batter": "T Whiteman",
              "bowler": "SMK Waththage",
              "non_striker": "V Vijh",
              "runs": {
                "batter": 1,
                "extras": 0,
                "total": 1
              },
              "wickets": [
                {
                  "player_out": "V Vijh",
                  "kind": "run out"
                }
              ]
            },
            {
              "batter": "T Whiteman",
              "bowler": "SMK Waththage",
              "non_striker": "P Malav",
              "runs": {
                "batter": 0,
                "extras": 0,
                "total": 0
              },
              "wickets": [
                {
                  "player_out": "T Whiteman",
                  "fielders": [
                    {
                      "name": "S Grover"
                    }
                  ],
                  "kind": "caught"
                }
              ]
            },
            {
              "batter": "WJ Cope",
              "bowler": "SMK Waththage",
              "non_striker": "P Malav",
              "runs": {
                "batter": 0,
                "extras": 0,
                "total": 0
              }
            }
          ]
        }
      ],
      "powerplays": [
        {
          "from": 0.1,
          "to": 5.6,
          "type": "mandatory"
        }
      ]
    },
    {
      "team": "Czech Republic",
      "overs": [
        {
          "over": 0,
          "deliveries": [
            {
              "batter": "S Davizi",
              "bowler": "Atif Kamal",
              "non_striker": "Hilal Ahmad",
              "runs": {
                "batter": 1,
                "extras": 0,
                "total": 1
              }
            },
            {
              "batter": "Hilal Ahmad",
              "bowler": "Atif Kamal",
              "non_striker": "S Davizi",
              "runs": {
                "batter": 1,
                "extras": 0,
                "total": 1
              }
            },
            {
              "batter": "S Davizi",
              "bowler": "Atif Kamal",
              "non_striker": "Hilal Ahmad",
              "runs": {
                "batter": 2,
                "extras": 0,
                "total": 2
              }
            },
            {
              "batter": "S Davizi",
              "bowler": "Atif Kamal",
              "non_striker": "Hilal Ahmad",
              "runs": {
                "batter": 4,
                "extras": 0,
                "total": 4
              }
            },
            {
              "batter": "S Davizi",
              "bowler": "Atif Kamal",
              "non_striker": "Hilal Ahmad",
              "runs": {
                "batter": 0,
                "extras": 0,
                "total": 0
              }
            },
            {
              "batter": "S Davizi",
              "bowler": "Atif Kamal",
              "non_striker": "Hilal Ahmad",
              "runs": {
                "batter": 4,
                "extras": 0,
                "total": 4
              }
            }
          ]
        },
        {
          "over": 1,
          "deliveries": [
            {
              "batter": "Hilal Ahmad",
              "bowler": "WJ Cope",
              "non_striker": "S Davizi",
              "runs": {
                "batter": 1,
                "extras": 0,
                "total": 1
              }
            },
            {
              "batter": "S Davizi",
              "bowler": "WJ Cope",
              "non_striker": "Hilal Ahmad",
              "runs": {
                "batter": 1,
                "extras": 0,
                "total": 1
              }
            },
            {
              "batter": "Hilal Ahmad",
              "bowler": "WJ Cope",
              "non_striker": "S Davizi",
              "runs": {
                "batter": 0,
                "extras": 0,
                "total": 0
              }
            },
            {
              "batter": "Hilal Ahmad",
              "bowler": "WJ Cope",
              "non_striker": "S Davizi",
              "runs": {
                "batter": 0,
                "extras": 0,
                "total": 0
              }
            },
            {
              "batter": "Hilal Ahmad",
              "bowler": "WJ Cope",
              "non_striker": "S Davizi",
              "runs": {
                "batter": 1,
                "extras": 0,
                "total": 1
              }
            },
            {
              "batter": "S Davizi",
              "bowler": "WJ Cope",
              "non_striker": "Hilal Ahmad",
              "runs": {
                "batter": 0,
                "extras": 0,
                "total": 0
              }
            }
          ]
        },
        {
          "over": 2,
          "deliveries": [
            {
              "batter": "Hilal Ahmad",
              "bowler": "Atif Kamal",
              "non_striker": "S Davizi",
              "runs": {
                "batter": 0,
                "extras": 0,
                "total": 0
              }
            },
            {
              "batter": "Hilal Ahmad",
              "bowler": "Atif Kamal",
              "non_striker": "S Davizi",
              "runs": {
                "batter": 0,
                "extras": 0,
                "total": 0
              }
            },
            {
              "batter": "Hilal Ahmad",
              "bowler": "Atif Kamal",
              "non_striker": "S Davizi",
              "runs": {
                "batter": 0,
                "extras": 0,
                "total": 0
              }
            },
            {
              "batter": "Hilal Ahmad",
              "bowler": "Atif Kamal",
              "non_striker": "S Davizi",
              "runs": {
                "batter": 0,
                "extras": 0,
                "total": 0
              }
            },
            {
              "batter": "Hilal Ahmad",
              "bowler": "Atif Kamal",
              "non_striker": "S Davizi",
              "runs": {
                "batter": 1,
                "extras": 0,
                "total": 1
              }
            },
            {
              "batter": "S Davizi",
              "bowler": "Atif Kamal",
              "non_striker": "Hilal Ahmad",
              "runs": {
                "batter": 6,
                "extras": 0,
                "total": 6
              }
            }
          ]
        },
        {
          "over": 3,
          "deliveries": [
            {
              "batter": "Hilal Ahmad",
              "bowler": "WJ Cope",
              "non_striker": "S Davizi",
              "runs": {
                "batter": 0,
                "extras": 0,
                "total": 0
              }
            },
            {
              "batter": "Hilal Ahmad",
              "bowler": "WJ Cope",
              "extras": {
                "wides": 1
              },
              "non_striker": "S Davizi",
              "runs": {
                "batter": 0,
                "extras": 1,
                "total": 1
              }
            },
            {
              "batter": "Hilal Ahmad",
              "bowler": "WJ Cope",
              "extras": {
                "wides": 1
              },
              "non_striker": "S Davizi",
              "runs": {
                "batter": 0,
                "extras": 1,
                "total": 1
              }
            },
            {
              "batter": "Hilal Ahmad",
              "bowler": "WJ Cope",
              "non_striker": "S Davizi",
              "runs": {
                "batter": 1,
                "extras": 0,
                "total": 1
              }
            },
            {
              "batter": "S Davizi",
              "bowler": "WJ Cope",
              "non_striker": "Hilal Ahmad",
              "runs": {
                "batter": 0,
                "extras": 0,
                "total": 0
              }
            },
            {
              "batter": "S Davizi",
              "bowler": "WJ Cope",
              "non_striker": "Hilal Ahmad",
              "runs": {
                "batter": 4,
                "extras": 0,
                "total": 4
              }
            },
            {
              "batter": "S Davizi",
              "bowler": "WJ Cope",
              "non_striker": "Hilal Ahmad",
              "runs": {
                "batter": 1,
                "extras": 0,
                "total": 1
              }
            },
            {
              "batter": "Hilal Ahmad",
              "bowler": "WJ Cope",
              "non_striker": "S Davizi",
              "runs": {
                "batter": 1,
                "extras": 0,
                "total": 1
              }
            }
          ]
        },
        {
          "over": 4,
          "deliveries": [
            {
              "batter": "Hilal Ahmad",
              "bowler": "S Vats",
              "non_striker": "S Davizi",
              "runs": {
                "batter": 0,
                "extras": 0,
                "total": 0
              }
            },
            {
              "batter": "Hilal Ahmad",
              "bowler": "S Vats",
              "extras": {
                "wides": 1
              },
              "non_striker": "S Davizi",
              "runs": {
                "batter": 0,
                "extras": 1,
                "total": 1
              }
            },
            {
              "batter": "Hilal Ahmad",
              "bowler": "S Vats",
              "extras": {
                "wides": 1
              },
              "non_striker": "S Davizi",
              "runs": {
                "batter": 0,
                "extras": 1,
                "total": 1
              }
            },
            {
              "batter": "Hilal Ahmad",
              "bowler": "S Vats",
              "extras": {
                "wides": 1
              },
              "non_striker": "S Davizi",
              "runs": {
                "batter": 0,
                "extras": 1,
                "total": 1
              }
            },
            {
              "batter": "Hilal Ahmad",
              "bowler": "S Vats",
              "non_striker": "S Davizi",
              "runs": {
                "batter": 0,
                "extras": 0,
                "total": 0
              }
            },
            {
              "batter": "Hilal Ahmad",
              "bowler": "S Vats",
              "non_striker": "S Davizi",
              "runs": {
                "batter": 1,
                "extras": 0,
                "total": 1
              }
            },
            {
              "batter": "S Davizi",
              "bowler": "S Vats",
              "non_striker": "Hilal Ahmad",
              "runs": {
                "batter": 1,
                "extras": 0,
                "total": 1
              }
            },
            {
              "batter": "Hilal Ahmad",
              "bowler": "S Vats",
              "non_striker": "S Davizi",
              "runs": {
                "batter": 1,
                "extras": 0,
                "total": 1
              }
            },
            {
              "batter": "S Davizi",
              "bowler": "S Vats",
              "non_striker": "Hilal Ahmad",
              "runs": {
                "batter": 1,
                "extras": 0,
                "total": 1
              }
            }
          ]
        },
        {
          "over": 5,
          "deliveries": [
            {
              "batter": "S Davizi",
              "bowler": "M Dixit",
              "non_striker": "Hilal Ahmad",
              "runs": {
                "batter": 4,
                "extras": 0,
                "total": 4
              }
            },
            {
              "batter": "S Davizi",
              "bowler": "M Dixit",
              "non_striker": "Hilal Ahmad",
              "runs": {
                "batter": 0,
                "extras": 0,
                "total": 0
              }
            },
            {
              "batter": "S Davizi",
              "bowler": "M Dixit",
              "extras": {
                "wides": 1
              },
              "non_striker": "Hilal Ahmad",
              "runs": {
                "batter": 0,
                "extras": 1,
                "total": 1
              }
            },
            {
              "batter": "S Davizi",
              "bowler": "M Dixit",
              "extras": {
                "wides": 1
              },
              "non_striker": "Hilal Ahmad",
              "runs": {
                "batter": 0,
                "extras": 1,
                "total": 1
              }
            },
            {
              "batter": "S Davizi",
              "bowler": "M Dixit",
              "non_striker": "Hilal Ahmad",
              "runs": {
                "batter": 1,
                "extras": 0,
                "total": 1
              }
            },
            {
              "batter": "Hilal Ahmad",
              "bowler": "M Dixit",
              "non_striker": "S Davizi",
              "runs": {
                "batter": 1,
                "extras": 0,
                "total": 1
              }
            },
            {
              "batter": "S Davizi",
              "bowler": "M Dixit",
              "non_striker": "Hilal Ahmad",
              "runs": {
                "batter": 1,
                "extras": 0,
                "total": 1
              }
            },
            {
              "batter": "Hilal Ahmad",
              "bowler": "M Dixit",
              "non_striker": "S Davizi",
              "runs": {
                "batter": 0,
                "extras": 0,
                "total": 0
              }
            }
          ]
        },
        {
          "over": 6,
          "deliveries": [
            {
              "batter": "S Davizi",
              "bowler": "S Vats",
              "non_striker": "Hilal Ahmad",
              "runs": {
                "batter": 0,
                "extras": 0,
                "total": 0
              }
            },
            {
              "batter": "S Davizi",
              "bowler": "S Vats",
              "extras": {
                "wides": 1
              },
              "non_striker": "Hilal Ahmad",
              "runs": {
                "batter": 0,
                "extras": 1,
                "total": 1
              }
            },
            {
              "batter": "S Davizi",
              "bowler": "S Vats",
              "non_striker": "Hilal Ahmad",
              "runs": {
                "batter": 6,
                "extras": 0,
                "total": 6
              }
            },
            {
              "batter": "S Davizi",
              "bowler": "S Vats",
              "non_striker": "Hilal Ahmad",
              "runs": {
                "batter": 1,
                "extras": 0,
                "total": 1
              }
            },
            {
              "batter": "Hilal Ahmad",
              "bowler": "S Vats",
              "non_striker": "S Davizi",
              "runs": {
                "batter": 1,
                "extras": 0,
                "total": 1
              }
            },
            {
              "batter": "S Davizi",
              "bowler": "S Vats",
              "non_striker": "Hilal Ahmad",
              "runs": {
                "batter": 1,
                "extras": 0,
                "total": 1
              }
            },
            {
              "batter": "Hilal Ahmad",
              "bowler": "S Vats",
              "non_striker": "S Davizi",
              "runs": {
                "batter": 0,
                "extras": 0,
                "total": 0
              }
            }
          ]
        },
        {
          "over": 7,
          "deliveries": [
            {
              "batter": "S Davizi",
              "bowler": "M Dixit",
              "non_striker": "Hilal Ahmad",
              "runs": {
                "batter": 0,
                "extras": 0,
                "total": 0
              }
            },
            {
              "batter": "S Davizi",
              "bowler": "M Dixit",
              "non_striker": "Hilal Ahmad",
              "runs": {
                "batter": 1,
                "extras": 0,
                "total": 1
              }
            },
            {
              "batter": "Hilal Ahmad",
              "bowler": "M Dixit",
              "non_striker": "S Davizi",
              "runs": {
                "batter": 2,
                "extras": 0,
                "total": 2
              }
            },
            {
              "batter": "Hilal Ahmad",
              "bowler": "M Dixit",
              "non_striker": "S Davizi",
              "runs": {
                "batter": 4,
                "extras": 0,
                "total": 4
              }
            },
            {
              "batter": "Hilal Ahmad",
              "bowler": "M Dixit",
              "non_striker": "S Davizi",
              "runs": {
                "batter": 1,
                "extras": 0,
                "total": 1
              }
            },
            {
              "batter": "S Davizi",
              "bowler": "M Dixit",
              "non_striker": "Hilal Ahmad",
              "runs": {
                "batter": 4,
                "extras": 0,
                "total": 4
              }
            }
          ]
        },
        {
          "over": 8,
          "deliveries": [
            {
              "batter": "Hilal Ahmad",
              "bowler": "S Vats",
              "non_striker": "S Davizi",
              "runs": {
                "batter": 2,
                "extras": 0,
                "total": 2
              }
            },
            {
              "batter": "Hilal Ahmad",
              "bowler": "S Vats",
              "non_striker": "S Davizi",
              "runs": {
                "batter": 0,
                "extras": 0,
                "total": 0
              }
            },
            {
              "batter": "Hilal Ahmad",
              "bowler": "S Vats",
              "non_striker": "S Davizi",
              "runs": {
                "batter": 0,
                "extras": 0,
                "total": 0
              }
            },
            {
              "batter": "Hilal Ahmad",
              "bowler": "S Vats",
              "non_striker": "S Davizi",
              "runs": {
                "batter": 0,
                "extras": 0,
                "total": 0
              }
            },
            {
              "batter": "Hilal Ahmad",
              "bowler": "S Vats",
              "non_striker": "S Davizi",
              "runs": {
                "batter": 1,
                "extras": 0,
                "total": 1
              }
            },
            {
              "batter": "S Davizi",
              "bowler": "S Vats",
              "non_striker": "Hilal Ahmad",
              "runs": {
                "batter": 3,
                "extras": 0,
                "total": 3
              }
            }
          ]
        },
        {
          "over": 9,
          "deliveries": [
            {
              "batter": "S Davizi",
              "bowler": "V Vijh",
              "non_striker": "Hilal Ahmad",
              "runs": {
                "batter": 1,
                "extras": 0,
                "total": 1
              }
            },
            {
              "batter": "Hilal Ahmad",
              "bowler": "V Vijh",
              "non_striker": "S Davizi",
              "runs": {
                "batter": 0,
                "extras": 0,
                "total": 0
              }
            },
            {
              "batter": "Hilal Ahmad",
              "bowler": "V Vijh",
              "non_striker": "S Davizi",
              "runs": {
                "batter": 2,
                "extras": 0,
                "total": 2
              }
            },
            {
              "batter": "Hilal Ahmad",
              "bowler": "V Vijh",
              "non_striker": "S Davizi",
              "runs": {
                "batter": 0,
                "extras": 0,
                "total": 0
              }
            },
            {
              "batter": "Hilal Ahmad",
              "bowler": "V Vijh",
              "non_striker": "S Davizi",
              "runs": {
                "batter": 1,
                "extras": 0,
                "total": 1
              }
            },
            {
              "batter": "S Davizi",
              "bowler": "V Vijh",
              "non_striker": "Hilal Ahmad",
              "runs": {
                "batter": 1,
                "extras": 0,
                "total": 1
              }
            }
          ]
        },
        {
          "over": 10,
          "deliveries": [
            {
              "batter": "S Davizi",
              "bowler": "S Vats",
              "non_striker": "Hilal Ahmad",
              "runs": {
                "batter": 0,
                "extras": 0,
                "total": 0
              }
            },
            {
              "batter": "S Davizi",
              "bowler": "S Vats",
              "non_striker": "Hilal Ahmad",
              "runs": {
                "batter": 6,
                "extras": 0,
                "total": 6
              }
            },
            {
              "batter": "S Davizi",
              "bowler": "S Vats",
              "non_striker": "Hilal Ahmad",
              "runs": {
                "batter": 0,
                "extras": 0,
                "total": 0
              }
            },
            {
              "batter": "S Davizi",
              "bowler": "S Vats",
              "non_striker": "Hilal Ahmad",
              "runs": {
                "batter": 1,
                "extras": 0,
                "total": 1
              }
            },
            {
              "batter": "Hilal Ahmad",
              "bowler": "S Vats",
              "non_striker": "S Davizi",
              "runs": {
                "batter": 1,
                "extras": 0,
                "total": 1
              }
            },
            {
              "batter": "S Davizi",
              "bowler": "S Vats",
              "non_striker": "Hilal Ahmad",
              "runs": {
                "batter": 1,
                "extras": 0,
                "total": 1
              }
            }
          ]
        },
        {
          "over": 11,
          "deliveries": [
            {
              "batter": "S Davizi",
              "bowler": "V Vijh",
              "non_striker": "Hilal Ahmad",
              "runs": {
                "batter": 0,
                "extras": 0,
                "total": 0
              },
              "wickets": [
                {
                  "player_out": "S Davizi",
                  "fielders": [
                    {
                      "name": "WJ Cope"
                    }
                  ],
                  "kind": "caught"
                }
              ]
            },
            {
              "batter": "A Ashokan",
              "bowler": "V Vijh",
              "non_striker": "Hilal Ahmad",
              "runs": {
                "batter": 0,
                "extras": 0,
                "total": 0
              }
            },
            {
              "batter": "A Ashokan",
              "bowler": "V Vijh",
              "non_striker": "Hilal Ahmad",
              "runs": {
                "batter": 1,
                "extras": 0,
                "total": 1
              }
            },
            {
              "batter": "Hilal Ahmad",
              "bowler": "V Vijh",
              "non_striker": "A Ashokan",
              "runs": {
                "batter": 1,
                "extras": 0,
                "total": 1
              }
            },
            {
              "batter": "A Ashokan",
              "bowler": "V Vijh",
              "non_striker": "Hilal Ahmad",
              "runs": {
                "batter": 1,
                "extras": 0,
                "total": 1
              }
            },
            {
              "batter": "Hilal Ahmad",
              "bowler": "V Vijh",
              "non_striker": "A Ashokan",
              "runs": {
                "batter": 0,
                "extras": 0,
                "total": 0
              }
            }
          ]
        },
        {
          "over": 12,
          "deliveries": [
            {
              "batter": "A Ashokan",
              "bowler": "P Malav",
              "non_striker": "Hilal Ahmad",
              "runs": {
                "batter": 0,
                "extras": 0,
                "total": 0
              }
            },
            {
              "batter": "A Ashokan",
              "bowler": "P Malav",
              "non_striker": "Hilal Ahmad",
              "runs": {
                "batter": 0,
                "extras": 0,
                "total": 0
              }
            },
            {
              "batter": "A Ashokan",
              "bowler": "P Malav",
              "non_striker": "Hilal Ahmad",
              "runs": {
                "batter": 1,
                "extras": 0,
                "total": 1
              }
            },
            {
              "batter": "Hilal Ahmad",
              "bowler": "P Malav",
              "non_striker": "A Ashokan",
              "runs": {
                "batter": 1,
                "extras": 0,
                "total": 1
              }
            },
            {
              "batter": "A Ashokan",
              "bowler": "P Malav",
              "non_striker": "Hilal Ahmad",
              "runs": {
                "batter": 2,
                "extras": 0,
                "total": 2
              }
            },
            {
              "batter": "A Ashokan",
              "bowler": "P Malav",
              "non_striker": "Hilal Ahmad",
              "runs": {
                "batter": 0,
                "extras": 0,
                "total": 0
              }
            }
          ]
        },
        {
          "over": 13,
          "deliveries": [
            {
              "batter": "Hilal Ahmad",
              "bowler": "V Vijh",
              "non_striker": "A Ashokan",
              "runs": {
                "batter": 0,
                "extras": 0,
                "total": 0
              }
            },
            {
              "batter": "Hilal Ahmad",
              "bowler": "V Vijh",
              "extras": {
                "wides": 1
              },
              "non_striker": "A Ashokan",
              "runs": {
                "batter": 0,
                "extras": 1,
                "total": 1
              }
            },
            {
              "batter": "Hilal Ahmad",
              "bowler": "V Vijh",
              "non_striker": "A Ashokan",
              "runs": {
                "batter": 1,
                "extras": 0,
                "total": 1
              }
            },
            {
              "batter": "A Ashokan",
              "bowler": "V Vijh",
              "non_striker": "Hilal Ahmad",
              "runs": {
                "batter": 1,
                "extras": 0,
                "total": 1
              }
            },
            {
              "batter": "Hilal Ahmad",
              "bowler": "V Vijh",
              "non_striker": "A Ashokan",
              "runs": {
                "batter": 0,
                "extras": 0,
                "total": 0
              }
            },
            {
              "batter": "Hilal Ahmad",
              "bowler": "V Vijh",
              "non_striker": "A Ashokan",
              "runs": {
                "batter": 0,
                "extras": 0,
                "total": 0
              }
            },
            {
              "batter": "Hilal Ahmad",
              "bowler": "V Vijh",
              "non_striker": "A Ashokan",
              "runs": {
                "batter": 1,
                "extras": 0,
                "total": 1
              }
            }
          ]
        },
        {
          "over": 14,
          "deliveries": [
            {
              "batter": "Hilal Ahmad",
              "bowler": "P Malav",
              "non_striker": "A Ashokan",
              "runs": {
                "batter": 2,
                "extras": 0,
                "total": 2
              }
            },
            {
              "batter": "Hilal Ahmad",
              "bowler": "P Malav",
              "non_striker": "A Ashokan",
              "runs": {
                "batter": 0,
                "extras": 0,
                "total": 0
              }
            },
            {
              "batter": "Hilal Ahmad",
              "bowler": "P Malav",
              "non_striker": "A Ashokan",
              "runs": {
                "batter": 0,
                "extras": 0,
                "total": 0
              }
            },
            {
              "batter": "Hilal Ahmad",
              "bowler": "P Malav",
              "non_striker": "A Ashokan",
              "runs": {
                "batter": 1,
                "extras": 0,
                "total": 1
              }
            },
            {
              "batter": "A Ashokan",
              "bowler": "P Malav",
              "non_striker": "Hilal Ahmad",
              "runs": {
                "batter": 0,
                "extras": 0,
                "total": 0
              }
            },
            {
              "batter": "A Ashokan",
              "bowler": "P Malav",
              "non_striker": "Hilal Ahmad",
              "runs": {
                "batter": 1,
                "extras": 0,
                "total": 1
              }
            }
          ]
        },
        {
          "over": 15,
          "deliveries": [
            {
              "batter": "A Ashokan",
              "bowler": "V Vijh",
              "non_striker": "Hilal Ahmad",
              "runs": {
                "batter": 2,
                "extras": 0,
                "total": 2
              }
            },
            {
              "batter": "A Ashokan",
              "bowler": "V Vijh",
              "non_striker": "Hilal Ahmad",
              "runs": {
                "batter": 1,
                "extras": 0,
                "total": 1
              }
            },
            {
              "batter": "Hilal Ahmad",
              "bowler": "V Vijh",
              "non_striker": "A Ashokan",
              "runs": {
                "batter": 0,
                "extras": 0,
                "total": 0
              }
            },
            {
              "batter": "Hilal Ahmad",
              "bowler": "V Vijh",
              "non_striker": "A Ashokan",
              "runs": {
                "batter": 4,
                "extras": 0,
                "total": 4
              }
            },
            {
              "batter": "Hilal Ahmad",
              "bowler": "V Vijh",
              "non_striker": "A Ashokan",
              "runs": {
                "batter": 2,
                "extras": 0,
                "total": 2
              }
            },
            {
              "batter": "Hilal Ahmad",
              "bowler": "V Vijh",
              "non_striker": "A Ashokan",
              "runs": {
                "batter": 0,
                "extras": 0,
                "total": 0
              }
            }
          ]
        },
        {
          "over": 16,
          "deliveries": [
            {
              "batter": "A Ashokan",
              "bowler": "P Malav",
              "non_striker": "Hilal Ahmad",
              "runs": {
                "batter": 4,
                "extras": 0,
                "total": 4
              }
            },
            {
              "batter": "A Ashokan",
              "bowler": "P Malav",
              "non_striker": "Hilal Ahmad",
              "runs": {
                "batter": 1,
                "extras": 0,
                "total": 1
              }
            },
            {
              "batter": "Hilal Ahmad",
              "bowler": "P Malav",
              "extras": {
                "wides": 1
              },
              "non_striker": "A Ashokan",
              "runs": {
                "batter": 0,
                "extras": 1,
                "total": 1
              }
            },
            {
              "batter": "Hilal Ahmad",
              "bowler": "P Malav",
              "non_striker": "A Ashokan",
              "runs": {
                "batter": 2,
                "extras": 0,
                "total": 2
              }
            },
            {
              "batter": "Hilal Ahmad",
              "bowler": "P Malav",
              "non_striker": "A Ashokan",
              "runs": {
                "batter": 0,
                "extras": 0,
                "total": 0
              }
            },
            {
              "batter": "Hilal Ahmad",
              "bowler": "P Malav",
              "non_striker": "A Ashokan",
              "runs": {
                "batter": 1,
                "extras": 0,
                "total": 1
              }
            },
            {
              "batter": "A Ashokan",
              "bowler": "P Malav",
              "non_striker": "Hilal Ahmad",
              "runs": {
                "batter": 0,
                "extras": 0,
                "total": 0
              }
            }
          ]
        },
        {
          "over": 17,
          "deliveries": [
            {
              "batter": "Hilal Ahmad",
              "bowler": "WJ Cope",
              "non_striker": "A Ashokan",
              "runs": {
                "batter": 0,
                "extras": 0,
                "total": 0
              }
            },
            {
              "batter": "Hilal Ahmad",
              "bowler": "WJ Cope",
              "non_striker": "A Ashokan",
              "runs": {
                "batter": 0,
                "extras": 0,
                "total": 0
              }
            },
            {
              "batter": "Hilal Ahmad",
              "bowler": "WJ Cope",
              "non_striker": "A Ashokan",
              "runs": {
                "batter": 0,
                "extras": 0,
                "total": 0
              }
            },
            {
              "batter": "Hilal Ahmad",
              "bowler": "WJ Cope",
              "non_striker": "A Ashokan",
              "runs": {
                "batter": 2,
                "extras": 0,
                "total": 2
              }
            },
            {
              "batter": "Hilal Ahmad",
              "bowler": "WJ Cope",
              "non_striker": "A Ashokan",
              "runs": {
                "batter": 0,
                "extras": 0,
                "total": 0
              }
            },
            {
              "batter": "Hilal Ahmad",
              "bowler": "WJ Cope",
              "non_striker": "A Ashokan",
              "runs": {
                "batter": 0,
                "extras": 0,
                "total": 0
              }
            }
          ]
        },
        {
          "over": 18,
          "deliveries": [
            {
              "batter": "A Ashokan",
              "bowler": "M Dixit",
              "non_striker": "Hilal Ahmad",
              "runs": {
                "batter": 1,
                "extras": 0,
                "total": 1
              }
            },
            {
              "batter": "Hilal Ahmad",
              "bowler": "M Dixit",
              "non_striker": "A Ashokan",
              "runs": {
                "batter": 2,
                "extras": 0,
                "total": 2
              }
            }
          ]
        }
      ],
      "powerplays": [
        {
          "from": 0.1,
          "to": 5.8,
          "type": "mandatory"
        }
      ],
      "target": {
        "overs": 20,
        "runs": 127
      }
    }
  ]
}