{
  "meta": {
    "data_version": "1.1.0",
    "created": "2021-06-26",
    "revision": 2
  },
  "info": {
    "balls_per_over": 6,
    "city": "Sofia",
    "dates": [
      "2021-06-26"
    ],
    "event": {
      "name": "Sofia Twenty20",
      "stage": "Semi Final"
    },
    "gender": "male",
    "match_type": "T20",
    "match_type_number": 1173,
    "missing": [
      "umpires"
    ],
    "outcome": {
      "winner": "Romania",
      "by": {
        "wickets": 10
      }
    },
    "overs": 20,
    "player_of_match": [
      "Taranjeet Singh"
    ],
    "players": {
      "Serbia": [
        "S Tosic",
        "WAE Burton",
        "LA Dunbar",
        "NR Johns-Wickberg",
        "J Reb",
        "N Zimonjic",
        "V Zimonjic",
        "BJ Davidson",
        "A Djorovic",
        "M Sarenac",
        "MR Dorgan"
      ],
      "Romania": [
        "Taranjeet Singh",
        "R Satheesan",
        "Ijaz Hussain",
        "Waqar Abbasi",
        "V Saini",
        "S Vashisht",
        "P Florin",
        "S Nadigotla",
        "C Zavoiu",
        "Aftab Kayani",
        "G Manan"
      ]
    },
    "registry": {
      "people": {
        "A Djorovic": "677c18f9",
        "Aftab Kayani": "4d83491d",
        "BJ Davidson": "5b658677",
        "C Zavoiu": "6b96bebf",
        "G Manan": "d7265622",
        "Ijaz Hussain": "dc1dd6c4",
        "J Reb": "880eca04",
        "LA Dunbar": "f50433e9",
        "M Sarenac": "f5ba4611",
        "MR Dorgan": "842b7388",
        "N Zimonjic": "638f451b",
        "NR Johns-Wickberg": "3924b2ee",
        "P Florin": "c9c356e2",
        "R Satheesan": "1125ebe4",
        "S Nadigotla": "b78b3ffd",
        "S Tosic": "1c40f69f",
        "S Vashisht": "20ac8219",
        "Taranjeet Singh": "ec483176",
        "V Saini": "0fa81719",
        "V Zimonjic": "7f784eb8",
        "WAE Burton": "b0358c6d",
        "Waqar Abbasi": "9e287ee3"
      }
    },
    "season": "2021",
    "team_type": "international",
    "teams": [
      "Serbia",
      "Romania"
    ],
    "toss": {
      "decision": "bat",
      "winner": "Serbia"
    },
    "venue": "National Sports Academy, Sofia"
  },
  "innings": [
    {
      "team": "Serbia",
      "overs": [
        {
          "over": 0,
          "deliveries": [
            {
              "batter": "S Tosic",
              "bowler": "S Vashisht",
              "non_striker": "WAE Burton",
              "runs": {
                "batter": 0,
                "extras": 0,
                "total": 0
              }
            },
            {
              "batter": "S Tosic",
              "bowler": "S Vashisht",
              "non_striker": "WAE Burton",
              "runs": {
                "batter": 0,
                "extras": 0,
                "total": 0
              }
            },
            {
              "batter": "S Tosic",
              "bowler": "S Vashisht",
              "non_striker": "WAE Burton",
              "runs": {
                "batter": 0,
                "extras": 0,
                "total": 0
              }
            },
            {
              "batter": "S Tosic",
              "bowler": "S Vashisht",
              "non_striker": "WAE Burton",
              "runs": {
                "batter": 0,
                "extras": 0,
                "total": 0
              }
            },
            {
              "batter": "S Tosic",
              "bowler": "S Vashisht",
              "extras": {
                "wides": 1
              },
              "non_striker": "WAE Burton",
              "runs": {
                "batter": 0,
                "extras": 1,
                "total": 1
              }
            },
            {
              "batter": "S Tosic",
              "bowler": "S Vashisht",
              "non_striker": "WAE Burton",
              "runs": {
                "batter": 0,
                "extras": 0,
                "total": 0
              }
            },
            {
              "batter": "S Tosic",
              "bowler": "S Vashisht",
              "non_striker": "WAE Burton",
              "runs": {
                "batter": 1,
                "extras": 0,
                "total": 1
              }
            }
          ]
        },
        {
          "over": 1,
          "deliveries": [
            {
              "batter": "S Tosic",
              "bowler": "V Saini",
              "non_striker": "WAE Burton",
              "runs": {
                "batter": 0,
                "extras": 0,
                "total": 0
              }
            },
            {
              "batter": "S Tosic",
              "bowler": "V Saini",
              "non_striker": "WAE Burton",
              "runs": {
                "batter": 0,
                "extras": 0,
                "total": 0
              }
            },
            {
              "batter": "S Tosic",
              "bowler": "V Saini",
              "non_striker": "WAE Burton",
              "runs": {
                "batter": 1,
                "extras": 0,
                "total": 1
              }
            },
            {
              "batter": "WAE Burton",
              "bowler": "V Saini",
              "non_striker": "S Tosic",
              "runs": {
                "batter": 0,
                "extras": 0,
                "total": 0
              }
            },
            {
              "batter": "WAE Burton",
              "bowler": "V Saini",
              "non_striker": "S Tosic",
              "runs": {
                "batter": 1,
                "extras": 0,
                "total": 1
              }
            },
            {
              "batter": "S Tosic",
              "bowler": "V Saini",
              "non_striker": "WAE Burton",
              "runs": {
                "batter": 0,
                "extras": 0,
                "total": 0
              }
            }
          ]
        },
        {
          "over": 2,
          "deliveries": [
            {
              "batter": "WAE Burton",
              "bowler": "S Vashisht",
              "non_striker": "S Tosic",
              "runs": {
                "batter": 0,
                "extras": 0,
                "total": 0
              }
            },
            {
              "batter": "WAE Burton",
              "bowler": "S Vashisht",
              "extras": {
                "wides": 1
              },
              "non_striker": "S Tosic",
              "runs": {
                "batter": 0,
                "extras": 1,
                "total": 1
              }
            },
            {
              "batter": "WAE Burton",
              "bowler": "S Vashisht",
              "non_striker": "S Tosic",
              "runs": {
                "batter": 0,
                "extras": 0,
                "total": 0
              }
            },
            {
              "batter": "WAE Burton",
              "bowler": "S Vashisht",
              "non_striker": "S Tosic",
              "runs": {
                "batter": 0,
                "extras": 0,
                "total": 0
              }
            },
            {
              "batter": "WAE Burton",
              "bowler": "S Vashisht",
              "non_striker": "S Tosic",
              "runs": {
                "batter": 0,
                "extras": 0,
                "total": 0
              }
            },
            {
              "batter": "WAE Burton",
              "bowler": "S Vashisht",
              "non_striker": "S Tosic",
              "runs": {
                "batter": 4,
                "extras": 0,
                "total": 4
              }
            },
            {
              "batter": "WAE Burton",
              "bowler": "S Vashisht",
              "non_striker": "S Tosic",
              "runs": {
                "batter": 0,
                "extras": 0,
                "total": 0
              }
            }
          ]
        },
        {
          "over": 3,
          "deliveries": [
            {
              "batter": "S Tosic",
              "bowler": "V Saini",
              "non_striker": "WAE Burton",
              "runs": {
                "batter": 1,
                "extras": 0,
                "total": 1
              }
            },
            {
              "batter": "WAE Burton",
              "bowler": "V Saini",
              "non_striker": "S Tosic",
              "runs": {
                "batter": 1,
                "extras": 0,
                "total": 1
              }
            },
            {
              "batter": "S Tosic",
              "bowler": "V Saini",
              "non_striker": "WAE Burton",
              "runs": {
                "batter": 0,
                "extras": 0,
                "total": 0
              }
            },
            {
              "batter": "S Tosic",
              "bowler": "V Saini",
              "non_striker": "WAE Burton",
              "runs": {
                "batter": 0,
                "extras": 0,
                "total": 0
              }
            },
            {
              "batter": "S Tosic",
              "bowler": "V Saini",
              "non_striker": "WAE Burton",
              "runs": {
                "batter": 1,
                "extras": 0,
                "total": 1
              }
            },
            {
              "batter": "WAE Burton",
              "bowler": "V Saini",
              "non_striker": "S Tosic",
              "runs": {
                "batter": 0,
                "extras": 0,
                "total": 0
              }
            }
          ]
        },
        {
          "over": 4,
          "deliveries": [
            {
              "batter": "S Tosic",
              "bowler": "S Vashisht",
              "non_striker": "WAE Burton",
              "runs": {
                "batter": 0,
                "extras": 0,
                "total": 0
              }
            },
            {
              "batter": "S Tosic",
              "bowler": "S Vashisht",
              "non_striker": "WAE Burton",
              "runs": {
                "batter": 1,
                "extras": 0,
                "total": 1
              }
            },
            {
              "batter": "WAE Burton",
              "bowler": "S Vashisht",
              "non_striker": "S Tosic",
              "runs": {
                "batter": 0,
                "extras": 0,
                "total": 0
              }
            },
            {
              "batter": "WAE Burton",
              "bowler": "S Vashisht",
              "non_striker": "S Tosic",
              "runs": {
                "batter": 4,
                "extras": 0,
                "total": 4
              }
            },
            {
              "batter": "WAE Burton",
              "bowler": "S Vashisht",
              "extras": {
                "wides": 1
              },
              "non_striker": "S Tosic",
              "runs": {
                "batter": 0,
                "extras": 1,
                "total": 1
              }
            },
            {
              "batter": "WAE Burton",
              "bowler": "S Vashisht",
              "extras": {
                "wides": 1
              },
              "non_striker": "S Tosic",
              "runs": {
                "batter": 0,
                "extras": 1,
                "total": 1
              }
            },
            {
              "batter": "WAE Burton",
              "bowler": "S Vashisht",
              "non_striker": "S Tosic",
              "runs": {
                "batter": 4,
                "extras": 0,
                "total": 4
              }
            },
            {
              "batter": "WAE Burton",
              "bowler": "S Vashisht",
              "non_striker": "S Tosic",
              "runs": {
                "batter": 1,
                "extras": 0,
                "total": 1
              }
            }
          ]
        },
        {
          "over": 5,
          "deliveries": [
            {
              "batter": "WAE Burton",
              "bowler": "Ijaz Hussain",
              "extras": {
                "wides": 1
              },
              "non_striker": "S Tosic",
              "runs": {
                "batter": 0,
                "extras": 1,
                "total": 1
              }
            },
            {
              "batter": "WAE Burton",
              "bowler": "Ijaz Hussain",
              "non_striker": "S Tosic",
              "runs": {
                "batter": 1,
                "extras": 0,
                "total": 1
              }
            },
            {
              "batter": "S Tosic",
              "bowler": "Ijaz Hussain",
              "non_striker": "WAE Burton",
              "runs": {
                "batter": 0,
                "extras": 0,
                "total": 0
              }
            },
            {
              "batter": "S Tosic",
              "bowler": "Ijaz Hussain",
              "non_striker": "WAE Burton",
              "runs": {
                "batter": 0,
                "extras": 0,
                "total": 0
              }
            },
            {
              "batter": "S Tosic",
              "bowler": "Ijaz Hussain",
              "non_striker": "WAE Burton",
              "runs": {
                "batter": 0,
                "extras": 0,
                "total": 0
              }
            },
            {
              "batter": "S Tosic",
              "bowler": "Ijaz Hussain",
              "non_striker": "WAE Burton",
              "runs": {
                "batter": 2,
                "extras": 0,
                "total": 2
              }
            },
            {
              "batter": "S Tosic",
              "bowler": "Ijaz Hussain",
              "non_striker": "WAE Burton",
              "runs": {
                "batter": 4,
                "extras": 0,
                "total": 4
              }
            }
          ]
        },
        {
          "over": 6,
          "deliveries": [
            {
              "batter": "WAE Burton",
              "bowler": "Waqar Abbasi",
              "non_striker": "S Tosic",
              "runs": {
                "batter": 0,
                "extras": 0,
                "total": 0
              }
            },
            {
              "batter": "WAE Burton",
              "bowler": "Waqar Abbasi",
              "non_striker": "S Tosic",
              "runs": {
                "batter": 1,
                "extras": 0,
                "total": 1
              }
            },
            {
              "batter": "S Tosic",
              "bowler": "Waqar Abbasi",
              "non_striker": "WAE Burton",
              "runs": {
                "batter": 1,
                "extras": 0,
                "total": 1
              }
            },
            {
              "batter": "WAE Burton",
              "bowler": "Waqar Abbasi",
              "non_striker": "S Tosic",
              "runs": {
                "batter": 0,
                "extras": 0,
                "total": 0
              },
              "wickets": [
                {
                  "player_out": "WAE Burton",
                  "kind": "bowled"
                }
              ]
            },
            {
              "batter": "LA Dunbar",
              "bowler": "Waqar Abbasi",
              "extras": {
                "wides": 1
              },
              "non_striker": "S Tosic",
              "runs": {
                "batter": 0,
                "extras": 1,
                "total": 1
              }
            },
            {
              "batter": "LA Dunbar",
              "bowler": "Waqar Abbasi",
              "extras": {
                "wides": 1
              },
              "non_striker": "S Tosic",
              "runs": {
                "batter": 0,
                "extras": 1,
                "total": 1
              }
            },
            {
              "batter": "LA Dunbar",
              "bowler": "Waqar Abbasi",
              "non_striker": "S Tosic",
              "runs": {
                "batter": 0,
                "extras": 0,
                "total": 0
              }
            },
            {
              "batter": "LA Dunbar",
              "bowler": "Waqar Abbasi",
              "non_striker": "S Tosic",
              "runs": {
                "batter": 0,
                "extras": 0,
                "total": 0
              }
            }
          ]
        },
        {
          "over": 7,
          "deliveries": [
            {
              "batter": "S Tosic",
              "bowler": "Ijaz Hussain",
              "non_striker": "LA Dunbar",
              "runs": {
                "batter": 0,
                "extras": 0,
                "total": 0
              }
            },
            {
              "batter": "S Tosic",
              "bowler": "Ijaz Hussain",
              "non_striker": "LA Dunbar",
              "runs": {
                "batter": 0,
                "extras": 0,
                "total": 0
              }
            },
            {
              "batter": "S Tosic",
              "bowler": "Ijaz Hussain",
              "non_striker": "LA Dunbar",
              "runs": {
                "batter": 1,
                "extras": 0,
                "total": 1
              }
            },
            {
              "batter": "LA Dunbar",
              "bowler": "Ijaz Hussain",
              "non_striker": "S Tosic",
              "runs": {
                "batter": 0,
                "extras": 0,
                "total": 0
              }
            },
            {
              "batter": "LA Dunbar",
              "bowler": "Ijaz Hussain",
              "non_striker": "S Tosic",
              "runs": {
                "batter": 4,
                "extras": 0,
                "total": 4
              }
            },
            {
              "batter": "LA Dunbar",
              "bowler": "Ijaz Hussain",
              "non_striker": "S Tosic",
              "runs": {
                "batter": 0,
                "extras": 0,
                "total": 0
              }
            }
          ]
        },
        {
          "over": 8,
          "deliveries": [
            {
              "batter": "S Tosic",
              "bowler": "Waqar Abbasi",
              "extras": {
                "wides": 1
              },
              "non_striker": "LA Dunbar",
              "runs": {
                "batter": 0,
                "extras": 1,
                "total": 1
              }
            },
            {
              "batter": "S Tosic",
              "bowler": "Waqar Abbasi",
              "non_striker": "LA Dunbar",
              "runs": {
                "batter": 1,
                "extras": 0,
                "total": 1
              }
            },
            {
              "batter": "LA Dunbar",
              "bowler": "Waqar Abbasi",
              "non_striker": "S Tosic",
              "runs": {
                "batter": 0,
                "extras": 0,
                "total": 0
              }
            },
            {
              "batter": "LA Dunbar",
              "bowler": "Waqar Abbasi",
              "non_striker": "S Tosic",
              "runs": {
                "batter": 0,
                "extras": 0,
                "total": 0
              }
            },
            {
              "batter": "LA Dunbar",
              "bowler": "Waqar Abbasi",
              "extras": {
                "wides": 1
              },
              "non_striker": "S Tosic",
              "runs": {
                "batter": 0,
                "extras": 1,
                "total": 1
              }
            },
            {
              "batter": "LA Dunbar",
              "bowler": "Waqar Abbasi",
              "non_striker": "S Tosic",
              "runs": {
                "batter": 4,
                "extras": 0,
                "total": 4
              }
            },
            {
              "batter": "LA Dunbar",
              "bowler": "Waqar Abbasi",
              "non_striker": "S Tosic",
              "runs": {
                "batter": 0,
                "extras": 0,
                "total": 0
              }
            },
            {
              "batter": "LA Dunbar",
              "bowler": "Waqar Abbasi",
              "non_striker": "S Tosic",
              "runs": {
                "batter": 0,
                "extras": 0,
                "total": 0
              }
            }
          ]
        },
        {
          "over": 9,
          "deliveries": [
            {
              "batter": "S Tosic",
              "bowler": "R Satheesan",
              "non_striker": "LA Dunbar",
              "runs": {
                "batter": 0,
                "extras": 0,
                "total": 0
              }
            },
            {
              "batter": "S Tosic",
              "bowler": "R Satheesan",
              "non_striker": "LA Dunbar",
              "runs": {
                "batter": 1,
                "extras": 0,
                "total": 1
              }
            },
            {
              "batter": "LA Dunbar",
              "bowler": "R Satheesan",
              "non_striker": "S Tosic",
              "runs": {
                "batter": 0,
                "extras": 0,
                "total": 0
              }
            },
            {
              "batter": "LA Dunbar",
              "bowler": "R Satheesan",
              "non_striker": "S Tosic",
              "runs": {
                "batter": 0,
                "extras": 0,
                "total": 0
              }
            },
            {
              "batter": "LA Dunbar",
              "bowler": "R Satheesan",
              "non_striker": "S Tosic",
              "runs": {
                "batter": 0,
                "extras": 0,
                "total": 0
              }
            },
            {
              "batter": "LA Dunbar",
              "bowler": "R Satheesan",
              "non_striker": "S Tosic",
              "runs": {
                "batter": 1,
                "extras": 0,
                "total": 1
              }
            }
          ]
        },
        {
          "over": 10,
          "deliveries": [
            {
              "batter": "LA Dunbar",
              "bowler": "Taranjeet Singh",
              "non_striker": "S Tosic",
              "runs": {
                "batter": 1,
                "extras": 0,
                "total": 1
              }
            },
            {
              "batter": "S Tosic",
              "bowler": "Taranjeet Singh",
              "non_striker": "LA Dunbar",
              "runs": {
                "batter": 0,
                "extras": 0,
                "total": 0
              }
            },
            {
              "batter": "S Tosic",
              "bowler": "Taranjeet Singh",
              "non_striker": "LA Dunbar",
              "runs": {
                "batter": 0,
                "extras": 0,
                "total": 0
              },
              "wickets": [
                {
                  "player_out": "S Tosic",
                  "fielders": [
                    {
                      "name": "S Nadigotla"
                    }
                  ],
                  "kind": "stumped"
                }
              ]
            },
            {
              "batter": "NR Johns-Wickberg",
              "bowler": "Taranjeet Singh",
              "non_striker": "LA Dunbar",
              "runs": {
                "batter": 0,
                "extras": 0,
                "total": 0
              }
            },
            {
              "batter": "NR Johns-Wickberg",
              "bowler": "Taranjeet Singh",
              "non_striker": "LA Dunbar",
              "runs": {
                "batter": 2,
                "extras": 0,
                "total": 2
              }
            },
            {
              "batter": "NR Johns-Wickberg",
              "bowler": "Taranjeet Singh",
              "extras": {
                "wides": 2
              },
              "non_striker": "LA Dunbar",
              "runs": {
                "batter": 0,
                "extras": 2,
                "total": 2
              }
            },
            {
              "batter": "LA Dunbar",
              "bowler": "Taranjeet Singh",
              "non_striker": "NR Johns-Wickberg",
              "runs": {
                "batter": 0,
                "extras": 0,
                "total": 0
              }
            }
          ]
        },
        {
          "over": 11,
          "deliveries": [
            {
              "batter": "NR Johns-Wickberg",
              "bowler": "R Satheesan",
              "extras": {
                "byes": 4
              },
              "non_striker": "LA Dunbar",
              "runs": {
                "batter": 0,
                "extras": 4,
                "total": 4
              }
            },
            {
              "batter": "NR Johns-Wickberg",
              "bowler": "R Satheesan",
              "non_striker": "LA Dunbar",
              "runs": {
                "batter": 0,
                "extras": 0,
                "total": 0
              }
            },
            {
              "batter": "NR Johns-Wickberg",
              "bowler": "R Satheesan",
              "non_striker": "LA Dunbar",
              "runs": {
                "batter": 0,
                "extras": 0,
                "total": 0
              }
            },
            {
              "batter": "NR Johns-Wickberg",
              "bowler": "R Satheesan",
              "non_striker": "LA Dunbar",
              "runs": {
                "batter": 1,
                "extras": 0,
                "total": 1
              }
            },
            {
              "batter": "LA Dunbar",
              "bowler": "R Satheesan",
              "non_striker": "NR Johns-Wickberg",
              "runs": {
                "batter": 1,
                "extras": 0,
                "total": 1
              }
            },
            {
              "batter": "NR Johns-Wickberg",
              "bowler": "R Satheesan",
              "non_striker": "LA Dunbar",
              "runs": {
                "batter": 0,
                "extras": 0,
                "total": 0
              }
            }
          ]
        },
        {
          "over": 12,
          "deliveries": [
            {
              "batter": "LA Dunbar",
              "bowler": "Taranjeet Singh",
              "non_striker": "NR Johns-Wickberg",
              "runs": {
                "batter": 0,
                "extras": 0,
                "total": 0
              }
            },
            {
              "batter": "LA Dunbar",
              "bowler": "Taranjeet Singh",
              "non_striker": "NR Johns-Wickberg",
              "runs": {
                "batter": 0,
                "extras": 0,
                "total": 0
              }
            },
            {
              "batter": "LA Dunbar",
              "bowler": "Taranjeet Singh",
              "non_striker": "NR Johns-Wickberg",
              "runs": {
                "batter": 0,
                "extras": 0,
                "total": 0
              }
            },
            {
              "batter": "LA Dunbar",
              "bowler": "Taranjeet Singh",
              "non_striker": "NR Johns-Wickberg",
              "runs": {
                "batter": 0,
                "extras": 0,
                "total": 0
              }
            },
            {
              "batter": "LA Dunbar",
              "bowler": "Taranjeet Singh",
              "non_striker": "NR Johns-Wickberg",
              "runs": {
                "batter": 1,
                "extras": 0,
                "total": 1
              }
            },
            {
              "batter": "NR Johns-Wickberg",
              "bowler": "Taranjeet Singh",
              "non_striker": "LA Dunbar",
              "runs": {
                "batter": 0,
                "extras": 0,
                "total": 0
              }
            }
          ]
        },
        {
          "over": 13,
          "deliveries": [
            {
              "batter": "LA Dunbar",
              "bowler": "P Florin",
              "non_striker": "NR Johns-Wickberg",
              "runs": {
                "batter": 0,
                "extras": 0,
                "total": 0
              }
            },
            {
              "batter": "LA Dunbar",
              "bowler": "P Florin",
              "non_striker": "NR Johns-Wickberg",
              "runs": {
                "batter": 6,
                "extras": 0,
                "total": 6
              }
            },
            {
              "batter": "LA Dunbar",
              "bowler": "P Florin",
              "non_striker": "NR Johns-Wickberg",
              "runs": {
                "batter": 1,
                "extras": 0,
                "total": 1
              }
            },
            {
              "batter": "NR Johns-Wickberg",
              "bowler": "P Florin",
              "non_striker": "LA Dunbar",
              "runs": {
                "batter": 0,
                "extras": 0,
                "total": 0
              },
              "wickets": [
                {
                  "player_out": "NR Johns-Wickberg",
                  "fielders": [
                    {
                      "name": "S Vashisht"
                    }
                  ],
                  "kind": "run out"
                }
              ]
            },
            {
              "batter": "J Reb",
              "bowler": "P Florin",
              "non_striker": "LA Dunbar",
              "runs": {
                "batter": 1,
                "extras": 0,
                "total": 1
              }
            },
            {
              "batter": "LA Dunbar",
              "bowler": "P Florin",
              "non_striker": "J Reb",
              "runs": {
                "batter": 0,
                "extras": 0,
                "total": 0
              }
            }
          ]
        },
        {
          "over": 14,
          "deliveries": [
            {
              "batter": "J Reb",
              "bowler": "Waqar Abbasi",
              "non_striker": "LA Dunbar",
              "runs": {
                "batter": 2,
                "extras": 0,
                "total": 2
              }
            },
            {
              "batter": "J Reb",
              "bowler": "Waqar Abbasi",
              "non_striker": "LA Dunbar",
              "runs": {
                "batter": 1,
                "extras": 0,
                "total": 1
              }
            },
            {
              "batter": "LA Dunbar",
              "bowler": "Waqar Abbasi",
              "non_striker": "J Reb",
              "runs": {
                "batter": 0,
                "extras": 0,
                "total": 0
              }
            },
            {
              "batter": "LA Dunbar",
              "bowler": "Waqar Abbasi",
              "non_striker": "J Reb",
              "runs": {
                "batter": 6,
                "extras": 0,
                "total": 6
              }
            },
            {
              "batter": "LA Dunbar",
              "bowler": "Waqar Abbasi",
              "non_striker": "J Reb",
              "runs": {
                "batter": 4,
                "extras": 0,
                "total": 4
              }
            },
            {
              "batter": "LA Dunbar",
              "bowler": "Waqar Abbasi",
              "non_striker": "J Reb",
              "runs": {
                "batter": 4,
                "extras": 0,
                "total": 4
              }
            }
          ]
        },
        {
          "over": 15,
          "deliveries": [
            {
              "batter": "J Reb",
              "bowler": "P Florin",
              "non_striker": "LA Dunbar",
              "runs": {
                "batter": 0,
                "extras": 0,
                "total": 0
              }
            },
            {
              "batter": "J Reb",
              "bowler": "P Florin",
              "non_striker": "LA Dunbar",
              "runs": {
                "batter": 0,
                "extras": 0,
                "total": 0
              }
            },
            {
              "batter": "J Reb",
              "bowler": "P Florin",
              "non_striker": "LA Dunbar",
              "runs": {
                "batter": 1,
                "extras": 0,
                "total": 1
              }
            },
            {
              "batter": "LA Dunbar",
              "bowler": "P Florin",
              "non_striker": "J Reb",
              "runs": {
                "batter": 1,
                "extras": 0,
                "total": 1
              }
            },
            {
              "batter": "J Reb",
              "bowler": "P Florin",
              "non_striker": "LA Dunbar",
              "runs": {
                "batter": 0,
                "extras": 0,
                "total": 0
              }
            },
            {
              "batter": "J Reb",
              "bowler": "P Florin",
              "non_striker": "LA Dunbar",
              "runs": {
                "batter": 1,
                "extras": 0,
                "total": 1
              }
            }
          ]
        },
        {
          "over": 16,
          "deliveries": [
            {
              "batter": "J Reb",
              "bowler": "Waqar Abbasi",
              "non_striker": "LA Dunbar",
              "runs": {
                "batter": 0,
                "extras": 0,
                "total": 0
              }
            },
            {
              "batter": "J Reb",
              "bowler": "Waqar Abbasi",
              "non_striker": "LA Dunbar",
              "runs": {
                "batter": 1,
                "extras": 0,
                "total": 1
              }
            },
            {
              "batter": "LA Dunbar",
              "bowler": "Waqar Abbasi",
              "non_striker": "J Reb",
              "runs": {
                "batter": 2,
                "extras": 0,
                "total": 2
              }
            },
            {
              "batter": "LA Dunbar",
              "bowler": "Waqar Abbasi",
              "non_striker": "J Reb",
              "runs": {
                "batter": 1,
                "extras": 0,
                "total": 1
              }
            },
            {
              "batter": "J Reb",
              "bowler": "Waqar Abbasi",
              "non_striker": "LA Dunbar",
              "runs": {
                "batter": 1,
                "extras": 0,
                "total": 1
              }
            },
            {
              "batter": "LA Dunbar",
              "bowler": "Waqar Abbasi",
              "non_striker": "J Reb",
              "runs": {
                "batter": 0,
                "extras": 0,
                "total": 0
              }
            }
          ]
        },
        {
          "over": 17,
          "deliveries": [
            {
              "batter": "J Reb",
              "bowler": "P Florin",
              "non_striker": "LA Dunbar",
              "runs": {
                "batter": 0,
                "extras": 0,
                "total": 0
              }
            },
            {
              "batter": "J Reb",
              "bowler": "P Florin",
              "non_striker": "LA Dunbar",
              "runs": {
                "batter": 0,
                "extras": 0,
                "total": 0
              },
              "wickets": [
                {
                  "player_out": "J Reb",
                  "fielders": [
                    {
                      "name": "S Vashisht"
                    }
                  ],
                  "kind": "caught"
                }
              ]
            },
            {
              "batter": "LA Dunbar",
              "bowler": "P Florin",
              "non_striker": "N Zimonjic",
              "runs": {
                "batter": 1,
                "extras": 0,
                "total": 1
              }
            },
            {
              "batter": "N Zimonjic",
              "bowler": "P Florin",
              "non_striker": "LA Dunbar",
              "runs": {
                "batter": 0,
                "extras": 0,
                "total": 0
              },
              "wickets": [
                {
                  "player_out": "N Zimonjic",
                  "fielders": [
                    {
                      "name": "Waqar Abbasi"
                    }
                  ],
                  "kind": "caught"
                }
              ]
            },
            {
              "batter": "LA Dunbar",
              "bowler": "P Florin",
              "non_striker": "V Zimonjic",
              "runs": {
                "batter": 6,
                "extras": 0,
                "total": 6
              }
            },
            {
              "batter": "LA Dunbar",
              "bowler": "P Florin",
              "non_striker": "V Zimonjic",
              "runs": {
                "batter": 4,
                "extras": 0,
                "total": 4
              }
            }
          ]
        },
        {
          "over": 18,
          "deliveries": [
            {
              "batter": "V Zimonjic",
              "bowler": "Ijaz Hussain",
              "extras": {
                "wides": 1
              },
              "non_striker": "LA Dunbar",
              "runs": {
                "batter": 0,
                "extras": 1,
                "total": 1
              }
            },
            {
              "batter": "V Zimonjic",
              "bowler": "Ijaz Hussain",
              "non_striker": "LA Dunbar",
              "runs": {
                "batter": 0,
                "extras": 0,
                "total": 0
              }
            },
            {
              "batter": "V Zimonjic",
              "bowler": "Ijaz Hussain",
              "non_striker": "LA Dunbar",
              "runs": {
                "batter": 1,
                "extras": 0,
                "total": 1
              }
            },
            {
              "batter": "LA Dunbar",
              "bowler": "Ijaz Hussain",
              "non_striker": "V Zimonjic",
              "runs": {
                "batter": 1,
                "extras": 0,
                "total": 1
              }
            },
            {
              "batter": "V Zimonjic",
              "bowler": "Ijaz Hussain",
              "non_striker": "LA Dunbar",
              "runs": {
                "batter": 0,
                "extras": 0,
                "total": 0
              },
              "wickets": [
                {
                  "player_out": "V Zimonjic",
                  "fielders": [
                    {
                      "name": "C Zavoiu"
                    }
                  ],
                  "kind": "caught"
                }
              ]
            },
            {
              "batter": "LA Dunbar",
              "bowler": "Ijaz Hussain",
              "non_striker": "BJ Davidson",
              "runs": {
                "batter": 0,
                "extras": 0,
                "total": 0
              }
            },
            {
              "batter": "LA Dunbar",
              "bowler": "Ijaz Hussain",
              "non_striker": "BJ Davidson",
              "runs": {
                "batter": 0,
                "extras": 0,
                "total": 0
              }
            }
          ]
        },
        {
          "over": 19,
          "deliveries": [
            {
              "batter": "BJ Davidson",
              "bowler": "V Saini",
              "non_striker": "LA Dunbar",
              "runs": {
                "batter": 0,
                "extras": 0,
                "total": 0
              }
            },
            {
              "batter": "BJ Davidson",
              "bowler": "V Saini",
              "non_striker": "LA Dunbar",
              "runs": {
                "batter": 0,
                "extras": 0,
                "total": 0
              }
            },
            {
              "batter": "BJ Davidson",
              "bowler": "V Saini",
              "non_striker": "LA Dunbar",
              "runs": {
                "batter": 0,
                "extras": 0,
                "total": 0
              }
            },
            {
              "batter": "BJ Davidson",
              "bowler": "V Saini",
              "non_striker": "LA Dunbar",
              "runs": {
                "batter": 0,
                "extras": 0,
                "total": 0
              }
            },
            {
              "batter": "BJ Davidson",
              "bowler": "V Saini",
              "non_striker": "LA Dunbar",
              "runs": {
                "batter": 0,
                "extras": 0,
                "total": 0
              },
              "wickets": [
                {
                  "player_out": "BJ Davidson",
                  "fielders": [
                    {
                      "name": "V Saini"
                    }
                  ],
                  "kind": "run out"
                }
              ]
            },
            {
              "batter": "LA Dunbar",
              "bowler": "V Saini",
              "non_striker": "A Djorovic",
              "runs": {
                "batter": 6,
                "extras": 0,
                "total": 6
              }
            }
          ]
        }
      ],
      "powerplays": [
        {
          "from": 0.1,
          "to": 5.7,
          "type": "mandatory"
        }
      ]
    },
    {
      "team": "Romania",
      "overs": [
        {
          "over": 0,
          "deliveries": [
            {
              "batter": "Taranjeet Singh",
              "bowler": "M Sarenac",
              "non_striker": "R Satheesan",
              "runs": {
                "batter": 4,
                "extras": 0,
                "total": 4
              }
            },
            {
              "batter": "Taranjeet Singh",
              "bowler": "M Sarenac",
              "non_striker": "R Satheesan",
              "runs": {
                "batter": 1,
                "extras": 0,
                "total": 1
              }
            },
            {
              "batter": "R Satheesan",
              "bowler": "M Sarenac",
              "extras": {
                "wides": 1
              },
              "non_striker": "Taranjeet Singh",
              "runs": {
                "batter": 0,
                "extras": 1,
                "total": 1
              }
            },
            {
              "batter": "R Satheesan",
              "bowler": "M Sarenac",
              "non_striker": "Taranjeet Singh",
              "runs": {
                "batter": 0,
                "extras": 0,
                "total": 0
              }
            },
            {
              "batter": "R Satheesan",
              "bowler": "M Sarenac",
              "non_striker": "Taranjeet Singh",
              "runs": {
                "batter": 4,
                "extras": 0,
                "total": 4
              }
            },
            {
              "batter": "R Satheesan",
              "bowler": "M Sarenac",
              "non_striker": "Taranjeet Singh",
              "runs": {
                "batter": 6,
                "extras": 0,
                "total": 6
              }
            },
            {
              "batter": "R Satheesan",
              "bowler": "M Sarenac",
              "extras": {
                "wides": 1
              },
              "non_striker": "Taranjeet Singh",
              "runs": {
                "batter": 0,
                "extras": 1,
                "total": 1
              }
            },
            {
              "batter": "R Satheesan",
              "bowler": "M Sarenac",
              "extras": {
                "wides": 1
              },
              "non_striker": "Taranjeet Singh",
              "runs": {
                "batter": 0,
                "extras": 1,
                "total": 1
              }
            },
            {
              "batter": "R Satheesan",
              "bowler": "M Sarenac",
              "non_striker": "Taranjeet Singh",
              "runs": {
                "batter": 6,
                "extras": 0,
                "total": 6
              }
            }
          ]
        },
        {
          "over": 1,
          "deliveries": [
            {
              "batter": "Taranjeet Singh",
              "bowler": "V Zimonjic",
              "non_striker": "R Satheesan",
              "runs": {
                "batter": 4,
                "extras": 0,
                "total": 4
              }
            },
            {
              "batter": "Taranjeet Singh",
              "bowler": "V Zimonjic",
              "non_striker": "R Satheesan",
              "runs": {
                "batter": 4,
                "extras": 0,
                "total": 4
              }
            },
            {
              "batter": "Taranjeet Singh",
              "bowler": "V Zimonjic",
              "non_striker": "R Satheesan",
              "runs": {
                "batter": 4,
                "extras": 0,
                "total": 4
              }
            },
            {
              "batter": "Taranjeet Singh",
              "bowler": "V Zimonjic",
              "non_striker": "R Satheesan",
              "runs": {
                "batter": 1,
                "extras": 0,
                "total": 1
              }
            },
            {
              "batter": "R Satheesan",
              "bowler": "V Zimonjic",
              "non_striker": "Taranjeet Singh",
              "runs": {
                "batter": 4,
                "extras": 0,
                "total": 4
              }
            },
            {
              "batter": "R Satheesan",
              "bowler": "V Zimonjic",
              "non_striker": "Taranjeet Singh",
              "runs": {
                "batter": 6,
                "extras": 0,
                "total": 6
              }
            }
          ]
        },
        {
          "over": 2,
          "deliveries": [
            {
              "batter": "Taranjeet Singh",
              "bowler": "A Djorovic",
              "non_striker": "R Satheesan",
              "runs": {
                "batter": 1,
                "extras": 0,
                "total": 1
              }
            },
            {
              "batter": "R Satheesan",
              "bowler": "A Djorovic",
              "non_striker": "Taranjeet Singh",
              "runs": {
                "batter": 6,
                "extras": 0,
                "total": 6
              }
            },
            {
              "batter": "R Satheesan",
              "bowler": "A Djorovic",
              "non_striker": "Taranjeet Singh",
              "runs": {
                "batter": 4,
                "extras": 0,
                "total": 4
              }
            },
            {
              "batter": "R Satheesan",
              "bowler": "A Djorovic",
              "non_striker": "Taranjeet Singh",
              "runs": {
                "batter": 1,
                "extras": 0,
                "total": 1
              }
            },
            {
              "batter": "Taranjeet Singh",
              "bowler": "A Djorovic",
              "non_striker": "R Satheesan",
              "runs": {
                "batter": 6,
                "extras": 0,
                "total": 6
              }
            },
            {
              "batter": "Taranjeet Singh",
              "bowler": "A Djorovic",
              "non_striker": "R Satheesan",
              "runs": {
                "batter": 1,
                "extras": 0,
                "total": 1
              }
            }
          ]
        },
        {
          "over": 3,
          "deliveries": [
            {
              "batter": "Taranjeet Singh",
              "bowler": "WAE Burton",
              "non_striker": "R Satheesan",
              "runs": {
                "batter": 4,
                "extras": 0,
                "total": 4
              }
            },
            {
              "batter": "Taranjeet Singh",
              "bowler": "WAE Burton",
              "non_striker": "R Satheesan",
              "runs": {
                "batter": 6,
                "extras": 0,
                "total": 6
              }
            },
            {
              "batter": "Taranjeet Singh",
              "bowler": "WAE Burton",
              "non_striker": "R Satheesan",
              "runs": {
                "batter": 1,
                "extras": 0,
                "total": 1
              }
            },
            {
              "batter": "R Satheesan",
              "bowler": "WAE Burton",
              "non_striker": "Taranjeet Singh",
              "runs": {
                "batter": 4,
                "extras": 0,
                "total": 4
              }
            },
            {
              "batter": "R Satheesan",
              "bowler": "WAE Burton",
              "non_striker": "Taranjeet Singh",
              "runs": {
                "batter": 4,
                "extras": 0,
                "total": 4
              }
            },
            {
              "batter": "R Satheesan",
              "bowler": "WAE Burton",
              "non_striker": "Taranjeet Singh",
              "runs": {
                "batter": 4,
                "extras": 0,
                "total": 4
              }
            }
          ]
        },
        {
          "over": 4,
          "deliveries": [
            {
              "batter": "Taranjeet Singh",
              "bowler": "NR Johns-Wickberg",
              "non_striker": "R Satheesan",
              "runs": {
                "batter": 0,
                "extras": 0,
                "total": 0
              }
            },
            {
              "batter": "Taranjeet Singh",
              "bowler": "NR Johns-Wickberg",
              "non_striker": "R Satheesan",
              "runs": {
                "batter": 1,
                "extras": 0,
                "total": 1
              }
            },
            {
              "batter": "R Satheesan",
              "bowler": "NR Johns-Wickberg",
              "non_striker": "Taranjeet Singh",
              "runs": {
                "batter": 0,
                "extras": 0,
                "total": 0
              }
            },
            {
              "batter": "R Satheesan",
              "bowler": "NR Johns-Wickberg",
              "non_striker": "Taranjeet Singh",
              "runs": {
                "batter": 1,
                "extras": 0,
                "total": 1
              }
            },
            {
              "batter": "Taranjeet Singh",
              "bowler": "NR Johns-Wickberg",
              "non_striker": "R Satheesan",
              "runs": {
                "batter": 1,
                "extras": 0,
                "total": 1
              }
            },
            {
              "batter": "R Satheesan",
              "bowler": "NR Johns-Wickberg",
              "non_striker": "Taranjeet Singh",
              "runs": {
                "batter": 6,
                "extras": 0,
                "total": 6
              }
            }
          ]
        },
        {
          "over": 5,
          "deliveries": [
            {
              "batter": "Taranjeet Singh",
              "bowler": "N Zimonjic",
              "non_striker": "R Satheesan",
              "runs": {
                "batter": 0,
                "extras": 0,
                "total": 0
              }
            },
            {
              "batter": "Taranjeet Singh",
              "bowler": "N Zimonjic",
              "non_striker": "R Satheesan",
              "runs": {
                "batter": 6,
                "extras": 0,
                "total": 6
              }
            },
            {
              "batter": "Taranjeet Singh",
              "bowler": "N Zimonjic",
              "non_striker": "R Satheesan",
              "runs": {
                "batter": 6,
                "extras": 0,
                "total": 6
              }
            },
            {
              "batter": "Taranjeet Singh",
              "bowler": "N Zimonjic",
              "non_striker": "R Satheesan",
              "runs": {
                "batter": 6,
                "extras": 0,
                "total": 6
              }
            }
          ]
        }
      ],
      "powerplays": [
        {
          "from": 0.1,
          "to": 5.4,
          "type": "mandatory"
        }
      ],
      "target": {
        "overs": 20,
        "runs": 116
      }
    }
  ]
}