{
  "meta": {
    "data_version": "1.1.0",
    "created": "2021-07-24",
    "revision": 2
  },
  "info": {
    "balls_per_over": 6,
    "city": "Harare",
    "dates": [
      "2021-07-23"
    ],
    "event": {
      "name": "Bangladesh tour of Zimbabwe",
      "match_number": 2
    },
    "gender": "male",
    "match_type": "T20",
    "match_type_number": 1198,
    "officials": {
      "match_referees": [
        "AJ Pycroft"
      ],
      "reserve_umpires": [
        "C Phiri"
      ],
      "tv_umpires": [
        "L Rusere"
      ],
      "umpires": [
        "F Mutizwa",
        "I Chabi"
      ]
    },
    "outcome": {
      "winner": "Zimbabwe",
      "by": {
        "runs": 23
      }
    },
    "overs": 20,
    "player_of_match": [
      "W Madhevere"
    ],
    "players": {
      "Zimbabwe": [
        "T Marumani",
        "W Madhevere",
        "RW Chakabva",
        "D Myers",
        "Sikandar Raza",
        "RP Burl",
        "LM Jongwe",
        "M Shumba",
        "WP Masakadza",
        "TL Chatara",
        "B Muzarabani"
      ],
      "Bangladesh": [
        "Mohammad Naim",
        "Soumya Sarkar",
        "Mahedi Hasan",
        "Shakib Al Hasan",
        "Mahmudullah",
        "Afif Hossain",
        "Nurul Hasan",
        "Shamim Hossain",
        "Mohammad Saifuddin",
        "Taskin Ahmed",
        "Shoriful Islam"
      ]
    },
    "registry": {
      "people": {
        "AJ Pycroft": "685d3f80",
        "Afif Hossain": "37138918",
        "B Muzarabani": "449f4e3c",
        "C Phiri": "ade73404",
        "D Myers": "d96165b5",
        "F Mutizwa": "d3e83eef",
        "I Chabi": "5e39110e",
        "L Rusere": "6a4734ae",
        "LM Jongwe": "b8704508",
        "M Shumba": "6766ca00",
        "Mahedi Hasan": "9dad0f2e",
        "Mahmudullah": "bf1d7d3e",
        "Mohammad Naim": "7923a51d",
        "Mohammad Saifuddin": "b3a28446",
        "Nurul Hasan": "d365d463",
        "RP Burl": "b08252b8",
        "RW Chakabva": "2f0d7e4a",
        "Shakib Al Hasan": "7dc35884",
        "Shamim Hossain": "711249d1",
        "Shoriful Islam": "bb34fd31",
        "Sikandar Raza": "26d041c4",
        "Soumya Sarkar": "4d9f9686",
        "T Marumani": "3d5d51a5",
        "TK Musakanda": "9f9b903e",
        "TL Chatara": "5bbabe59",
        "Taskin Ahmed": "ef18b66e",
        "W Madhevere": "a879b92c",
        "WP Masakadza": "4bc0a378"
      }
    },
    "season": "2021",
    "team_type": "international",
    "teams": [
      "Zimbabwe",
      "Bangladesh"
    ],
    "toss": {
      "decision": "bat",
      "winner": "Zimbabwe"
    },
    "venue": "Harare Sports Club"
  },
  "innings": [
    {
      "team": "Zimbabwe",
      "overs": [
        {
          "over": 0,
          "deliveries": [
            {
              "batter": "T Marumani",
              "bowler": "Taskin Ahmed",
              "non_striker": "W Madhevere",
              "runs": {
                "batter": 3,
                "extras": 0,
                "total": 3
              }
            },
            {
              "batter": "W Madhevere",
              "bowler": "Taskin Ahmed",
              "non_striker": "T Marumani",
              "runs": {
                "batter": 0,
                "extras": 0,
                "total": 0
              }
            },
            {
              "batter": "W Madhevere",
              "bowler": "Taskin Ahmed",
              "non_striker": "T Marumani",
              "runs": {
                "batter": 0,
                "extras": 0,
                "total": 0
              }
            },
            {
              "batter": "W Madhevere",
              "bowler": "Taskin Ahmed",
              "non_striker": "T Marumani",
              "runs": {
                "batter": 1,
                "extras": 0,
                "total": 1
              }
            },
            {
              "batter": "T Marumani",
              "bowler": "Taskin Ahmed",
              "non_striker": "W Madhevere",
              "runs": {
                "batter": 0,
                "extras": 0,
                "total": 0
              }
            },
            {
              "batter": "T Marumani",
              "bowler": "Taskin Ahmed",
              "non_striker": "W Madhevere",
              "runs": {
                "batter": 0,
                "extras": 0,
                "total": 0
              }
            }
          ]
        },
        {
          "over": 1,
          "deliveries": [
            {
              "batter": "W Madhevere",
              "bowler": "Mahedi Hasan",
              "non_striker": "T Marumani",
              "runs": {
                "batter": 6,
                "extras": 0,
                "total": 6
              }
            },
            {
              "batter": "W Madhevere",
              "bowler": "Mahedi Hasan",
              "non_striker": "T Marumani",
              "runs": {
                "batter": 4,
                "extras": 0,
                "total": 4
              }
            },
            {
              "batter": "W Madhevere",
              "bowler": "Mahedi Hasan",
              "non_striker": "T Marumani",
              "runs": {
                "batter": 1,
                "extras": 0,
                "total": 1
              }
            },
            {
              "batter": "T Marumani",
              "bowler": "Mahedi Hasan",
              "non_striker": "W Madhevere",
              "runs": {
                "batter": 0,
                "extras": 0,
                "total": 0
              }
            },
            {
              "batter": "T Marumani",
              "bowler": "Mahedi Hasan",
              "non_striker": "W Madhevere",
              "runs": {
                "batter": 0,
                "extras": 0,
                "total": 0
              },
              "wickets": [
                {
                  "player_out": "T Marumani",
                  "kind": "bowled"
                }
              ]
            },
            {
              "batter": "RW Chakabva",
              "bowler": "Mahedi Hasan",
              "non_striker": "W Madhevere",
              "runs": {
                "batter": 0,
                "extras": 0,
                "total": 0
              }
            }
          ]
        },
        {
          "over": 2,
          "deliveries": [
            {
              "batter": "W Madhevere",
              "bowler": "Taskin Ahmed",
              "non_striker": "RW Chakabva",
              "runs": {
                "batter": 0,
                "extras": 0,
                "total": 0
              }
            },
            {
              "batter": "W Madhevere",
              "bowler": "Taskin Ahmed",
              "non_striker": "RW Chakabva",
              "runs": {
                "batter": 1,
                "extras": 0,
                "total": 1
              }
            },
            {
              "batter": "RW Chakabva",
              "bowler": "Taskin Ahmed",
              "non_striker": "W Madhevere",
              "runs": {
                "batter": 1,
                "extras": 0,
                "total": 1
              }
            },
            {
              "batter": "W Madhevere",
              "bowler": "Taskin Ahmed",
              "non_striker": "RW Chakabva",
              "runs": {
                "batter": 4,
                "extras": 0,
                "total": 4
              }
            },
            {
              "batter": "W Madhevere",
              "bowler": "Taskin Ahmed",
              "extras": {
                "wides": 1
              },
              "non_striker": "RW Chakabva",
              "runs": {
                "batter": 0,
                "extras": 1,
                "total": 1
              }
            },
            {
              "batter": "W Madhevere",
              "bowler": "Taskin Ahmed",
              "non_striker": "RW Chakabva",
              "runs": {
                "batter": 0,
                "extras": 0,
                "total": 0
              }
            },
            {
              "batter": "W Madhevere",
              "bowler": "Taskin Ahmed",
              "non_striker": "RW Chakabva",
              "runs": {
                "batter": 0,
                "extras": 0,
                "total": 0
              }
            }
          ]
        },
        {
          "over": 3,
          "deliveries": [
            {
              "batter": "RW Chakabva",
              "bowler": "Shoriful Islam",
              "non_striker": "W Madhevere",
              "runs": {
                "batter": 6,
                "extras": 0,
                "total": 6
              }
            },
            {
              "batter": "RW Chakabva",
              "bowler": "Shoriful Islam",
              "non_striker": "W Madhevere",
              "runs": {
                "batter": 1,
                "extras": 0,
                "total": 1
              }
            },
            {
              "batter": "W Madhevere",
              "bowler": "Shoriful Islam",
              "non_striker": "RW Chakabva",
              "runs": {
                "batter": 0,
                "extras": 0,
                "total": 0
              }
            },
            {
              "batter": "W Madhevere",
              "bowler": "Shoriful Islam",
              "non_striker": "RW Chakabva",
              "runs": {
                "batter": 0,
                "extras": 0,
                "total": 0
              }
            },
            {
              "batter": "W Madhevere",
              "bowler": "Shoriful Islam",
              "non_striker": "RW Chakabva",
              "runs": {
                "batter": 4,
                "extras": 0,
                "total": 4
              }
            },
            {
              "batter": "W Madhevere",
              "bowler": "Shoriful Islam",
              "non_striker": "RW Chakabva",
              "runs": {
                "batter": 0,
                "extras": 0,
                "total": 0
              }
            }
          ]
        },
        {
          "over": 4,
          "deliveries": [
            {
              "batter": "RW Chakabva",
              "bowler": "Mohammad Saifuddin",
              "non_striker": "W Madhevere",
              "runs": {
                "batter": 0,
                "extras": 0,
                "total": 0
              }
            },
            {
              "batter": "RW Chakabva",
              "bowler": "Mohammad Saifuddin",
              "non_striker": "W Madhevere",
              "runs": {
                "batter": 1,
                "extras": 0,
                "total": 1
              }
            },
            {
              "batter": "W Madhevere",
              "bowler": "Mohammad Saifuddin",
              "non_striker": "RW Chakabva",
              "runs": {
                "batter": 1,
                "extras": 0,
                "total": 1
              }
            },
            {
              "batter": "RW Chakabva",
              "bowler": "Mohammad Saifuddin",
              "non_striker": "W Madhevere",
              "runs": {
                "batter": 1,
                "extras": 0,
                "total": 1
              }
            },
            {
              "batter": "W Madhevere",
              "bowler": "Mohammad Saifuddin",
              "non_striker": "RW Chakabva",
              "runs": {
                "batter": 1,
                "extras": 0,
                "total": 1
              }
            },
            {
              "batter": "RW Chakabva",
              "bowler": "Mohammad Saifuddin",
              "non_striker": "W Madhevere",
              "runs": {
                "batter": 4,
                "extras": 0,
                "total": 4
              }
            }
          ]
        },
        {
          "over": 5,
          "deliveries": [
            {
              "batter": "W Madhevere",
              "bowler": "Shakib Al Hasan",
              "non_striker": "RW Chakabva",
              "runs": {
                "batter": 1,
                "extras": 0,
                "total": 1
              }
            },
            {
              "batter": "RW Chakabva",
              "bowler": "Shakib Al Hasan",
              "non_striker": "W Madhevere",
              "runs": {
                "batter": 0,
                "extras": 0,
                "total": 0
              },
              "wickets": [
                {
                  "player_out": "RW Chakabva",
                  "fielders": [
                    {
                      "name": "Shoriful Islam"
                    }
                  ],
                  "kind": "caught"
                }
              ]
            },
            {
              "batter": "D Myers",
              "bowler": "Shakib Al Hasan",
              "non_striker": "W Madhevere",
              "runs": {
                "batter": 1,
                "extras": 0,
                "total": 1
              }
            },
            {
              "batter": "W Madhevere",
              "bowler": "Shakib Al Hasan",
              "non_striker": "D Myers",
              "runs": {
                "batter": 0,
                "extras": 0,
                "total": 0
              }
            },
            {
              "batter": "W Madhevere",
              "bowler": "Shakib Al Hasan",
              "non_striker": "D Myers",
              "runs": {
                "batter": 1,
                "extras": 0,
                "total": 1
              }
            },
            {
              "batter": "D Myers",
              "bowler": "Shakib Al Hasan",
              "non_striker": "W Madhevere",
              "runs": {
                "batter": 4,
                "extras": 0,
                "total": 4
              }
            }
          ]
        },
        {
          "over": 6,
          "deliveries": [
            {
              "batter": "W Madhevere",
              "bowler": "Soumya Sarkar",
              "extras": {
                "wides": 1
              },
              "non_striker": "D Myers",
              "runs": {
                "batter": 0,
                "extras": 1,
                "total": 1
              }
            },
            {
              "batter": "W Madhevere",
              "bowler": "Soumya Sarkar",
              "non_striker": "D Myers",
              "runs": {
                "batter": 1,
                "extras": 0,
                "total": 1
              }
            },
            {
              "batter": "D Myers",
              "bowler": "Soumya Sarkar",
              "non_striker": "W Madhevere",
              "runs": {
                "batter": 1,
                "extras": 0,
                "total": 1
              }
            },
            {
              "batter": "W Madhevere",
              "bowler": "Soumya Sarkar",
              "non_striker": "D Myers",
              "runs": {
                "batter": 1,
                "extras": 0,
                "total": 1
              }
            },
            {
              "batter": "D Myers",
              "bowler": "Soumya Sarkar",
              "non_striker": "W Madhevere",
              "runs": {
                "batter": 1,
                "extras": 0,
                "total": 1
              }
            },
            {
              "batter": "W Madhevere",
              "bowler": "Soumya Sarkar",
              "non_striker": "D Myers",
              "runs": {
                "batter": 1,
                "extras": 0,
                "total": 1
              }
            },
            {
              "batter": "D Myers",
              "bowler": "Soumya Sarkar",
              "non_striker": "W Madhevere",
              "runs": {
                "batter": 0,
                "extras": 0,
                "total": 0
              }
            }
          ]
        },
        {
          "over": 7,
          "deliveries": [
            {
              "batter": "W Madhevere",
              "bowler": "Shamim Hossain",
              "non_striker": "D Myers",
              "runs": {
                "batter": 2,
                "extras": 0,
                "total": 2
              }
            },
            {
              "batter": "W Madhevere",
              "bowler": "Shamim Hossain",
              "non_striker": "D Myers",
              "runs": {
                "batter": 0,
                "extras": 0,
                "total": 0
              }
            },
            {
              "batter": "W Madhevere",
              "bowler": "Shamim Hossain",
              "non_striker": "D Myers",
              "runs": {
                "batter": 1,
                "extras": 0,
                "total": 1
              }
            },
            {
              "batter": "D Myers",
              "bowler": "Shamim Hossain",
              "non_striker": "W Madhevere",
              "runs": {
                "batter": 1,
                "extras": 0,
                "total": 1
              }
            },
            {
              "batter": "W Madhevere",
              "bowler": "Shamim Hossain",
              "non_striker": "D Myers",
              "runs": {
                "batter": 1,
                "extras": 0,
                "total": 1
              }
            },
            {
              "batter": "D Myers",
              "bowler": "Shamim Hossain",
              "non_striker": "W Madhevere",
              "runs": {
                "batter": 2,
                "extras": 0,
                "total": 2
              }
            }
          ]
        },
        {
          "over": 8,
          "deliveries": [
            {
              "batter": "W Madhevere",
              "bowler": "Soumya Sarkar",
              "non_striker": "D Myers",
              "runs": {
                "batter": 1,
                "extras": 0,
                "total": 1
              }
            },
            {
              "batter": "D Myers",
              "bowler": "Soumya Sarkar",
              "non_striker": "W Madhevere",
              "runs": {
                "batter": 1,
                "extras": 0,
                "total": 1
              }
            },
            {
              "batter": "W Madhevere",
              "bowler": "Soumya Sarkar",
              "extras": {
                "wides": 1
              },
              "non_striker": "D Myers",
              "runs": {
                "batter": 0,
                "extras": 1,
                "total": 1
              }
            },
            {
              "batter": "W Madhevere",
              "bowler": "Soumya Sarkar",
              "non_striker": "D Myers",
              "runs": {
                "batter": 4,
                "extras": 0,
                "total": 4
              }
            },
            {
              "batter": "W Madhevere",
              "bowler": "Soumya Sarkar",
              "non_striker": "D Myers",
              "runs": {
                "batter": 1,
                "extras": 0,
                "total": 1
              }
            },
            {
              "batter": "D Myers",
              "bowler": "Soumya Sarkar",
              "non_striker": "W Madhevere",
              "runs": {
                "batter": 1,
                "extras": 0,
                "total": 1
              }
            },
            {
              "batter": "W Madhevere",
              "bowler": "Soumya Sarkar",
              "non_striker": "D Myers",
              "runs": {
                "batter": 1,
                "extras": 0,
                "total": 1
              }
            }
          ]
        },
        {
          "over": 9,
          "deliveries": [
            {
              "batter": "W Madhevere",
              "bowler": "Shakib Al Hasan",
              "non_striker": "D Myers",
              "runs": {
                "batter": 1,
                "extras": 0,
                "total": 1
              }
            },
            {
              "batter": "D Myers",
              "bowler": "Shakib Al Hasan",
              "non_striker": "W Madhevere",
              "runs": {
                "batter": 1,
                "extras": 0,
                "total": 1
              }
            },
            {
              "batter": "W Madhevere",
              "bowler": "Shakib Al Hasan",
              "non_striker": "D Myers",
              "runs": {
                "batter": 2,
                "extras": 0,
                "total": 2
              }
            },
            {
              "batter": "W Madhevere",
              "bowler": "Shakib Al Hasan",
              "non_striker": "D Myers",
              "runs": {
                "batter": 1,
                "extras": 0,
                "total": 1
              }
            },
            {
              "batter": "D Myers",
              "bowler": "Shakib Al Hasan",
              "non_striker": "W Madhevere",
              "runs": {
                "batter": 1,
                "extras": 0,
                "total": 1
              }
            },
            {
              "batter": "W Madhevere",
              "bowler": "Shakib Al Hasan",
              "non_striker": "D Myers",
              "runs": {
                "batter": 0,
                "extras": 0,
                "total": 0
              }
            }
          ]
        },
        {
          "over": 10,
          "deliveries": [
            {
              "batter": "D Myers",
              "bowler": "Taskin Ahmed",
              "non_striker": "W Madhevere",
              "runs": {
                "batter": 0,
                "extras": 0,
                "total": 0
              }
            },
            {
              "batter": "D Myers",
              "bowler": "Taskin Ahmed",
              "non_striker": "W Madhevere",
              "runs": {
                "batter": 4,
                "extras": 0,
                "total": 4
              }
            },
            {
              "batter": "D Myers",
              "bowler": "Taskin Ahmed",
              "non_striker": "W Madhevere",
              "runs": {
                "batter": 1,
                "extras": 0,
                "total": 1
              }
            },
            {
              "batter": "W Madhevere",
              "bowler": "Taskin Ahmed",
              "non_striker": "D Myers",
              "runs": {
                "batter": 1,
                "extras": 0,
                "total": 1
              }
            },
            {
              "batter": "D Myers",
              "bowler": "Taskin Ahmed",
              "non_striker": "W Madhevere",
              "runs": {
                "batter": 0,
                "extras": 0,
                "total": 0
              }
            },
            {
              "batter": "D Myers",
              "bowler": "Taskin Ahmed",
              "non_striker": "W Madhevere",
              "runs": {
                "batter": 0,
                "extras": 0,
                "total": 0
              }
            }
          ]
        },
        {
          "over": 11,
          "deliveries": [
            {
              "batter": "W Madhevere",
              "bowler": "Shakib Al Hasan",
              "non_striker": "D Myers",
              "runs": {
                "batter": 0,
                "extras": 0,
                "total": 0
              }
            },
            {
              "batter": "W Madhevere",
              "bowler": "Shakib Al Hasan",
              "non_striker": "D Myers",
              "runs": {
                "batter": 0,
                "extras": 0,
                "total": 0
              }
            },
            {
              "batter": "W Madhevere",
              "bowler": "Shakib Al Hasan",
              "non_striker": "D Myers",
              "runs": {
                "batter": 0,
                "extras": 0,
                "total": 0
              }
            },
            {
              "batter": "W Madhevere",
              "bowler": "Shakib Al Hasan",
              "non_striker": "D Myers",
              "runs": {
                "batter": 1,
                "extras": 0,
                "total": 1
              }
            },
            {
              "batter": "D Myers",
              "bowler": "Shakib Al Hasan",
              "non_striker": "W Madhevere",
              "runs": {
                "batter": 6,
                "extras": 0,
                "total": 6
              }
            },
            {
              "batter": "D Myers",
              "bowler": "Shakib Al Hasan",
              "non_striker": "W Madhevere",
              "runs": {
                "batter": 0,
                "extras": 0,
                "total": 0
              }
            }
          ]
        },
        {
          "over": 12,
          "deliveries": [
            {
              "batter": "W Madhevere",
              "bowler": "Mohammad Saifuddin",
              "non_striker": "D Myers",
              "runs": {
                "batter": 0,
                "extras": 0,
                "total": 0
              }
            },
            {
              "batter": "W Madhevere",
              "bowler": "Mohammad Saifuddin",
              "extras": {
                "wides": 1
              },
              "non_striker": "D Myers",
              "runs": {
                "batter": 0,
                "extras": 1,
                "total": 1
              }
            },
            {
              "batter": "W Madhevere",
              "bowler": "Mohammad Saifuddin",
              "non_striker": "D Myers",
              "runs": {
                "batter": 1,
                "extras": 0,
                "total": 1
              }
            },
            {
              "batter": "D Myers",
              "bowler": "Mohammad Saifuddin",
              "non_striker": "W Madhevere",
              "runs": {
                "batter": 0,
                "extras": 0,
                "total": 0
              }
            },
            {
              "batter": "D Myers",
              "bowler": "Mohammad Saifuddin",
              "non_striker": "W Madhevere",
              "runs": {
                "batter": 1,
                "extras": 0,
                "total": 1
              }
            },
            {
              "batter": "W Madhevere",
              "bowler": "Mohammad Saifuddin",
              "non_striker": "D Myers",
              "runs": {
                "batter": 0,
                "extras": 0,
                "total": 0
              }
            },
            {
              "batter": "W Madhevere",
              "bowler": "Mohammad Saifuddin",
              "non_striker": "D Myers",
              "runs": {
                "batter": 1,
                "extras": 0,
                "total": 1
              }
            }
          ]
        },
        {
          "over": 13,
          "deliveries": [
            {
              "batter": "W Madhevere",
              "bowler": "Shoriful Islam",
              "non_striker": "D Myers",
              "runs": {
                "batter": 4,
                "extras": 0,
                "total": 4
              }
            },
            {
              "batter": "W Madhevere",
              "bowler": "Shoriful Islam",
              "non_striker": "D Myers",
              "runs": {
                "batter": 1,
                "extras": 0,
                "total": 1
              }
            },
            {
              "batter": "D Myers",
              "bowler": "Shoriful Islam",
              "non_striker": "W Madhevere",
              "runs": {
                "batter": 0,
                "extras": 0,
                "total": 0
              },
              "wickets": [
                {
                  "player_out": "D Myers",
                  "fielders": [
                    {
                      "name": "Mahedi Hasan"
                    }
                  ],
                  "kind": "caught"
                }
              ]
            },
            {
              "batter": "W Madhevere",
              "bowler": "Shoriful Islam",
              "non_striker": "Sikandar Raza",
              "runs": {
                "batter": 1,
                "extras": 0,
                "total": 1
              }
            },
            {
              "batter": "Sikandar Raza",
              "bowler": "Shoriful Islam",
              "non_striker": "W Madhevere",
              "runs": {
                "batter": 1,
                "extras": 0,
                "total": 1
              }
            },
            {
              "batter": "W Madhevere",
              "bowler": "Shoriful Islam",
              "non_striker": "Sikandar Raza",
              "runs": {
                "batter": 0,
                "extras": 0,
                "total": 0
              }
            }
          ]
        },
        {
          "over": 14,
          "deliveries": [
            {
              "batter": "Sikandar Raza",
              "bowler": "Taskin Ahmed",
              "non_striker": "W Madhevere",
              "runs": {
                "batter": 1,
                "extras": 0,
                "total": 1
              }
            },
            {
              "batter": "W Madhevere",
              "bowler": "Taskin Ahmed",
              "non_striker": "Sikandar Raza",
              "runs": {
                "batter": 1,
                "extras": 0,
                "total": 1
              }
            },
            {
              "batter": "Sikandar Raza",
              "bowler": "Taskin Ahmed",
              "non_striker": "W Madhevere",
              "runs": {
                "batter": 0,
                "extras": 0,
                "total": 0
              }
            },
            {
              "batter": "Sikandar Raza",
              "bowler": "Taskin Ahmed",
              "non_striker": "W Madhevere",
              "runs": {
                "batter": 1,
                "extras": 0,
                "total": 1
              }
            },
            {
              "batter": "W Madhevere",
              "bowler": "Taskin Ahmed",
              "non_striker": "Sikandar Raza",
              "runs": {
                "batter": 2,
                "extras": 0,
                "total": 2
              }
            },
            {
              "batter": "W Madhevere",
              "bowler": "Taskin Ahmed",
              "non_striker": "Sikandar Raza",
              "runs": {
                "batter": 6,
                "extras": 0,
                "total": 6
              }
            }
          ]
        },
        {
          "over": 15,
          "deliveries": [
            {
              "batter": "Sikandar Raza",
              "bowler": "Shakib Al Hasan",
              "non_striker": "W Madhevere",
              "runs": {
                "batter": 1,
                "extras": 0,
                "total": 1
              }
            },
            {
              "batter": "W Madhevere",
              "bowler": "Shakib Al Hasan",
              "non_striker": "Sikandar Raza",
              "runs": {
                "batter": 6,
                "extras": 0,
                "total": 6
              }
            },
            {
              "batter": "W Madhevere",
              "bowler": "Shakib Al Hasan",
              "non_striker": "Sikandar Raza",
              "runs": {
                "batter": 3,
                "extras": 0,
                "total": 3
              }
            },
            {
              "batter": "Sikandar Raza",
              "bowler": "Shakib Al Hasan",
              "non_striker": "W Madhevere",
              "runs": {
                "batter": 0,
                "extras": 0,
                "total": 0
              },
              "wickets": [
                {
                  "player_out": "Sikandar Raza",
                  "fielders": [
                    {
                      "name": "Soumya Sarkar"
                    }
                  ],
                  "kind": "run out"
                }
              ]
            },
            {
              "batter": "W Madhevere",
              "bowler": "Shakib Al Hasan",
              "non_striker": "RP Burl",
              "runs": {
                "batter": 1,
                "extras": 0,
                "total": 1
              }
            },
            {
              "batter": "RP Burl",
              "bowler": "Shakib Al Hasan",
              "non_striker": "W Madhevere",
              "runs": {
                "batter": 1,
                "extras": 0,
                "total": 1
              }
            }
          ]
        },
        {
          "over": 16,
          "deliveries": [
            {
              "batter": "RP Burl",
              "bowler": "Mohammad Saifuddin",
              "non_striker": "W Madhevere",
              "runs": {
                "batter": 4,
                "extras": 0,
                "total": 4
              }
            },
            {
              "batter": "RP Burl",
              "bowler": "Mohammad Saifuddin",
              "non_striker": "W Madhevere",
              "runs": {
                "batter": 3,
                "extras": 0,
                "total": 3
              }
            },
            {
              "batter": "W Madhevere",
              "bowler": "Mohammad Saifuddin",
              "extras": {
                "legbyes": 1
              },
              "non_striker": "RP Burl",
              "runs": {
                "batter": 0,
                "extras": 1,
                "total": 1
              }
            },
            {
              "batter": "RP Burl",
              "bowler": "Mohammad Saifuddin",
              "non_striker": "W Madhevere",
              "runs": {
                "batter": 1,
                "extras": 0,
                "total": 1
              }
            },
            {
              "batter": "W Madhevere",
              "bowler": "Mohammad Saifuddin",
              "non_striker": "RP Burl",
              "runs": {
                "batter": 1,
                "extras": 0,
                "total": 1
              }
            },
            {
              "batter": "RP Burl",
              "bowler": "Mohammad Saifuddin",
              "non_striker": "W Madhevere",
              "runs": {
                "batter": 1,
                "extras": 0,
                "total": 1
              }
            }
          ]
        },
        {
          "over": 17,
          "deliveries": [
            {
              "batter": "RP Burl",
              "bowler": "Shoriful Islam",
              "extras": {
                "wides": 1
              },
              "non_striker": "W Madhevere",
              "runs": {
                "batter": 0,
                "extras": 1,
                "total": 1
              }
            },
            {
              "batter": "RP Burl",
              "bowler": "Shoriful Islam",
              "non_striker": "W Madhevere",
              "runs": {
                "batter": 2,
                "extras": 0,
                "total": 2
              }
            },
            {
              "batter": "RP Burl",
              "bowler": "Shoriful Islam",
              "non_striker": "W Madhevere",
              "runs": {
                "batter": 0,
                "extras": 0,
                "total": 0
              }
            },
            {
              "batter": "RP Burl",
              "bowler": "Shoriful Islam",
              "non_striker": "W Madhevere",
              "runs": {
                "batter": 1,
                "extras": 0,
                "total": 1
              }
            },
            {
              "batter": "W Madhevere",
              "bowler": "Shoriful Islam",
              "non_striker": "RP Burl",
              "runs": {
                "batter": 0,
                "extras": 0,
                "total": 0
              },
              "wickets": [
                {
                  "player_out": "W Madhevere",
                  "fielders": [
                    {
                      "name": "Afif Hossain"
                    }
                  ],
                  "kind": "caught"
                }
              ]
            },
            {
              "batter": "RP Burl",
              "bowler": "Shoriful Islam",
              "non_striker": "LM Jongwe",
              "runs": {
                "batter": 0,
                "extras": 0,
                "total": 0
              }
            },
            {
              "batter": "RP Burl",
              "bowler": "Shoriful Islam",
              "non_striker": "LM Jongwe",
              "runs": {
                "batter": 1,
                "extras": 0,
                "total": 1
              }
            }
          ]
        },
        {
          "over": 18,
          "deliveries": [
            {
              "batter": "RP Burl",
              "bowler": "Mohammad Saifuddin",
              "non_striker": "LM Jongwe",
              "runs": {
                "batter": 4,
                "extras": 0,
                "total": 4
              }
            },
            {
              "batter": "RP Burl",
              "bowler": "Mohammad Saifuddin",
              "non_striker": "LM Jongwe",
              "runs": {
                "batter": 1,
                "extras": 0,
                "total": 1
              }
            },
            {
              "batter": "LM Jongwe",
              "bowler": "Mohammad Saifuddin",
              "non_striker": "RP Burl",
              "runs": {
                "batter": 1,
                "extras": 0,
                "total": 1
              }
            },
            {
              "batter": "RP Burl",
              "bowler": "Mohammad Saifuddin",
              "extras": {
                "legbyes": 2
              },
              "non_striker": "LM Jongwe",
              "runs": {
                "batter": 0,
                "extras": 2,
                "total": 2
              }
            },
            {
              "batter": "RP Burl",
              "bowler": "Mohammad Saifuddin",
              "extras": {
                "wides": 1
              },
              "non_striker": "LM Jongwe",
              "runs": {
                "batter": 0,
                "extras": 1,
                "total": 1
              }
            },
            {
              "batter": "RP Burl",
              "bowler": "Mohammad Saifuddin",
              "non_striker": "LM Jongwe",
              "runs": {
                "batter": 6,
                "extras": 0,
                "total": 6
              }
            },
            {
              "batter": "RP Burl",
              "bowler": "Mohammad Saifuddin",
              "non_striker": "LM Jongwe",
              "runs": {
                "batter": 1,
                "extras": 0,
                "total": 1
              }
            }
          ]
        },
        {
          "over": 19,
          "deliveries": [
            {
              "batter": "RP Burl",
              "bowler": "Shoriful Islam",
              "extras": {
                "wides": 1
              },
              "non_striker": "LM Jongwe",
              "runs": {
                "batter": 0,
                "extras": 1,
                "total": 1
              }
            },
            {
              "batter": "RP Burl",
              "bowler": "Shoriful Islam",
              "non_striker": "LM Jongwe",
              "runs": {
                "batter": 1,
                "extras": 0,
                "total": 1
              }
            },
            {
              "batter": "LM Jongwe",
              "bowler": "Shoriful Islam",
              "non_striker": "RP Burl",
              "runs": {
                "batter": 1,
                "extras": 0,
                "total": 1
              }
            },
            {
              "batter": "RP Burl",
              "bowler": "Shoriful Islam",
              "non_striker": "LM Jongwe",
              "runs": {
                "batter": 0,
                "extras": 0,
                "total": 0
              }
            },
            {
              "batter": "RP Burl",
              "bowler": "Shoriful Islam",
              "non_striker": "LM Jongwe",
              "runs": {
                "batter": 6,
                "extras": 0,
                "total": 6
              }
            },
            {
              "batter": "RP Burl",
              "bowler": "Shoriful Islam",
              "non_striker": "LM Jongwe",
              "runs": {
                "batter": 1,
                "extras": 0,
                "total": 1
              }
            },
            {
              "batter": "LM Jongwe",
              "bowler": "Shoriful Islam",
              "non_striker": "RP Burl",
              "runs": {
                "batter": 0,
                "extras": 0,
                "total": 0
              },
              "wickets": [
                {
                  "player_out": "LM Jongwe",
                  "fielders": [
                    {
                      "name": "Shakib Al Hasan"
                    }
                  ],
                  "kind": "caught"
                }
              ]
            }
          ]
        }
      ],
      "powerplays": [
        {
          "from": 0.1,
          "to": 5.6,
          "type": "mandatory"
        }
      ]
    },
    {
      "team": "Bangladesh",
      "overs": [
        {
          "over": 0,
          "deliveries": [
            {
              "batter": "Mohammad Naim",
              "bowler": "Sikandar Raza",
              "non_striker": "Soumya Sarkar",
              "runs": {
                "batter": 1,
                "extras": 0,
                "total": 1
              }
            },
            {
              "batter": "Soumya Sarkar",
              "bowler": "Sikandar Raza",
              "non_striker": "Mohammad Naim",
              "runs": {
                "batter": 0,
                "extras": 0,
                "total": 0
              }
            },
            {
              "batter": "Soumya Sarkar",
              "bowler": "Sikandar Raza",
              "non_striker": "Mohammad Naim",
              "runs": {
                "batter": 2,
                "extras": 0,
                "total": 2
              }
            },
            {
              "batter": "Soumya Sarkar",
              "bowler": "Sikandar Raza",
              "non_striker": "Mohammad Naim",
              "runs": {
                "batter": 0,
                "extras": 0,
                "total": 0
              }
            },
            {
              "batter": "Soumya Sarkar",
              "bowler": "Sikandar Raza",
              "non_striker": "Mohammad Naim",
              "runs": {
                "batter": 4,
                "extras": 0,
                "total": 4
              }
            },
            {
              "batter": "Soumya Sarkar",
              "bowler": "Sikandar Raza",
              "non_striker": "Mohammad Naim",
              "runs": {
                "batter": 0,
                "extras": 0,
                "total": 0
              }
            }
          ]
        },
        {
          "over": 1,
          "deliveries": [
            {
              "batter": "Mohammad Naim",
              "bowler": "TL Chatara",
              "non_striker": "Soumya Sarkar",
              "runs": {
                "batter": 0,
                "extras": 0,
                "total": 0
              }
            },
            {
              "batter": "Mohammad Naim",
              "bowler": "TL Chatara",
              "non_striker": "Soumya Sarkar",
              "runs": {
                "batter": 0,
                "extras": 0,
                "total": 0
              }
            },
            {
              "batter": "Mohammad Naim",
              "bowler": "TL Chatara",
              "non_striker": "Soumya Sarkar",
              "runs": {
                "batter": 4,
                "extras": 0,
                "total": 4
              }
            },
            {
              "batter": "Mohammad Naim",
              "bowler": "TL Chatara",
              "extras": {
                "legbyes": 2
              },
              "non_striker": "Soumya Sarkar",
              "runs": {
                "batter": 0,
                "extras": 2,
                "total": 2
              }
            },
            {
              "batter": "Mohammad Naim",
              "bowler": "TL Chatara",
              "non_striker": "Soumya Sarkar",
              "runs": {
                "batter": 0,
                "extras": 0,
                "total": 0
              }
            },
            {
              "batter": "Mohammad Naim",
              "bowler": "TL Chatara",
              "extras": {
                "byes": 1
              },
              "non_striker": "Soumya Sarkar",
              "runs": {
                "batter": 0,
                "extras": 1,
                "total": 1
              }
            }
          ]
        },
        {
          "over": 2,
          "deliveries": [
            {
              "batter": "Mohammad Naim",
              "bowler": "B Muzarabani",
              "non_striker": "Soumya Sarkar",
              "runs": {
                "batter": 0,
                "extras": 0,
                "total": 0
              },
              "wickets": [
                {
                  "player_out": "Mohammad Naim",
                  "kind": "bowled"
                }
              ]
            },
            {
              "batter": "Mahedi Hasan",
              "bowler": "B Muzarabani",
              "non_striker": "Soumya Sarkar",
              "runs": {
                "batter": 1,
                "extras": 0,
                "total": 1
              }
            },
            {
              "batter": "Soumya Sarkar",
              "bowler": "B Muzarabani",
              "non_striker": "Mahedi Hasan",
              "runs": {
                "batter": 2,
                "extras": 0,
                "total": 2
              }
            },
            {
              "batter": "Soumya Sarkar",
              "bowler": "B Muzarabani",
              "non_striker": "Mahedi Hasan",
              "runs": {
                "batter": 0,
                "extras": 0,
                "total": 0
              },
              "wickets": [
                {
                  "player_out": "Soumya Sarkar",
                  "fielders": [
                    {
                      "name": "Sikandar Raza"
                    }
                  ],
                  "kind": "caught"
                }
              ]
            },
            {
              "batter": "Shakib Al Hasan",
              "bowler": "B Muzarabani",
              "non_striker": "Mahedi Hasan",
              "runs": {
                "batter": 0,
                "extras": 0,
                "total": 0
              }
            },
            {
              "batter": "Shakib Al Hasan",
              "bowler": "B Muzarabani",
              "non_striker": "Mahedi Hasan",
              "runs": {
                "batter": 0,
                "extras": 0,
                "total": 0
              }
            }
          ]
        },
        {
          "over": 3,
          "deliveries": [
            {
              "batter": "Mahedi Hasan",
              "bowler": "TL Chatara",
              "non_striker": "Shakib Al Hasan",
              "runs": {
                "batter": 0,
                "extras": 0,
                "total": 0
              }
            },
            {
              "batter": "Mahedi Hasan",
              "bowler": "TL Chatara",
              "non_striker": "Shakib Al Hasan",
              "runs": {
                "batter": 0,
                "extras": 0,
                "total": 0
              }
            },
            {
              "batter": "Mahedi Hasan",
              "bowler": "TL Chatara",
              "non_striker": "Shakib Al Hasan",
              "runs": {
                "batter": 0,
                "extras": 0,
                "total": 0
              }
            },
            {
              "batter": "Mahedi Hasan",
              "bowler": "TL Chatara",
              "non_striker": "Shakib Al Hasan",
              "runs": {
                "batter": 4,
                "extras": 0,
                "total": 4
              }
            },
            {
              "batter": "Mahedi Hasan",
              "bowler": "TL Chatara",
              "extras": {
                "legbyes": 4
              },
              "non_striker": "Shakib Al Hasan",
              "runs": {
                "batter": 0,
                "extras": 4,
                "total": 4
              }
            },
            {
              "batter": "Mahedi Hasan",
              "bowler": "TL Chatara",
              "non_striker": "Shakib Al Hasan",
              "runs": {
                "batter": 1,
                "extras": 0,
                "total": 1
              }
            }
          ]
        },
        {
          "over": 4,
          "deliveries": [
            {
              "batter": "Mahedi Hasan",
              "bowler": "B Muzarabani",
              "non_striker": "Shakib Al Hasan",
              "runs": {
                "batter": 1,
                "extras": 0,
                "total": 1
              }
            },
            {
              "batter": "Shakib Al Hasan",
              "bowler": "B Muzarabani",
              "non_striker": "Mahedi Hasan",
              "runs": {
                "batter": 0,
                "extras": 0,
                "total": 0
              }
            },
            {
              "batter": "Shakib Al Hasan",
              "bowler": "B Muzarabani",
              "non_striker": "Mahedi Hasan",
              "runs": {
                "batter": 4,
                "extras": 0,
                "total": 4
              }
            },
            {
              "batter": "Shakib Al Hasan",
              "bowler": "B Muzarabani",
              "non_striker": "Mahedi Hasan",
              "runs": {
                "batter": 1,
                "extras": 0,
                "total": 1
              }
            },
            {
              "batter": "Mahedi Hasan",
              "bowler": "B Muzarabani",
              "non_striker": "Shakib Al Hasan",
              "runs": {
                "batter": 0,
                "extras": 0,
                "total": 0
              }
            },
            {
              "batter": "Mahedi Hasan",
              "bowler": "B Muzarabani",
              "non_striker": "Shakib Al Hasan",
              "runs": {
                "batter": 0,
                "extras": 0,
                "total": 0
              }
            }
          ]
        },
        {
          "over": 5,
          "deliveries": [
            {
              "batter": "Shakib Al Hasan",
              "bowler": "LM Jongwe",
              "non_striker": "Mahedi Hasan",
              "runs": {
                "batter": 4,
                "extras": 0,
                "total": 4
              }
            },
            {
              "batter": "Shakib Al Hasan",
              "bowler": "LM Jongwe",
              "non_striker": "Mahedi Hasan",
              "runs": {
                "batter": 1,
                "extras": 0,
                "total": 1
              }
            },
            {
              "batter": "Mahedi Hasan",
              "bowler": "LM Jongwe",
              "non_striker": "Shakib Al Hasan",
              "runs": {
                "batter": 0,
                "extras": 0,
                "total": 0
              }
            },
            {
              "batter": "Mahedi Hasan",
              "bowler": "LM Jongwe",
              "non_striker": "Shakib Al Hasan",
              "runs": {
                "batter": 0,
                "extras": 0,
                "total": 0
              }
            },
            {
              "batter": "Mahedi Hasan",
              "bowler": "LM Jongwe",
              "non_striker": "Shakib Al Hasan",
              "runs": {
                "batter": 4,
                "extras": 0,
                "total": 4
              }
            },
            {
              "batter": "Mahedi Hasan",
              "bowler": "LM Jongwe",
              "non_striker": "Shakib Al Hasan",
              "runs": {
                "batter": 1,
                "extras": 0,
                "total": 1
              }
            }
          ]
        },
        {
          "over": 6,
          "deliveries": [
            {
              "batter": "Mahedi Hasan",
              "bowler": "WP Masakadza",
              "non_striker": "Shakib Al Hasan",
              "runs": {
                "batter": 1,
                "extras": 0,
                "total": 1
              }
            },
            {
              "batter": "Shakib Al Hasan",
              "bowler": "WP Masakadza",
              "non_striker": "Mahedi Hasan",
              "runs": {
                "batter": 0,
                "extras": 0,
                "total": 0
              }
            },
            {
              "batter": "Shakib Al Hasan",
              "bowler": "WP Masakadza",
              "non_striker": "Mahedi Hasan",
              "runs": {
                "batter": 2,
                "extras": 0,
                "total": 2
              }
            },
            {
              "batter": "Shakib Al Hasan",
              "bowler": "WP Masakadza",
              "non_striker": "Mahedi Hasan",
              "runs": {
                "batter": 0,
                "extras": 0,
                "total": 0
              },
              "wickets": [
                {
                  "player_out": "Shakib Al Hasan",
                  "fielders": [
                    {
                      "name": "Sikandar Raza"
                    }
                  ],
                  "kind": "caught"
                }
              ]
            },
            {
              "batter": "Mahmudullah",
              "bowler": "WP Masakadza",
              "non_striker": "Mahedi Hasan",
              "runs": {
                "batter": 1,
                "extras": 0,
                "total": 1
              }
            },
            {
              "batter": "Mahedi Hasan",
              "bowler": "WP Masakadza",
              "non_striker": "Mahmudullah",
              "runs": {
                "batter": 0,
                "extras": 0,
                "total": 0
              }
            }
          ]
        },
        {
          "over": 7,
          "deliveries": [
            {
              "batter": "Mahmudullah",
              "bowler": "LM Jongwe",
              "non_striker": "Mahedi Hasan",
              "runs": {
                "batter": 0,
                "extras": 0,
                "total": 0
              }
            },
            {
              "batter": "Mahmudullah",
              "bowler": "LM Jongwe",
              "extras": {
                "wides": 1
              },
              "non_striker": "Mahedi Hasan",
              "runs": {
                "batter": 0,
                "extras": 1,
                "total": 1
              }
            },
            {
              "batter": "Mahmudullah",
              "bowler": "LM Jongwe",
              "non_striker": "Mahedi Hasan",
              "runs": {
                "batter": 1,
                "extras": 0,
                "total": 1
              }
            },
            {
              "batter": "Mahedi Hasan",
              "bowler": "LM Jongwe",
              "non_striker": "Mahmudullah",
              "runs": {
                "batter": 1,
                "extras": 0,
                "total": 1
              }
            },
            {
              "batter": "Mahmudullah",
              "bowler": "LM Jongwe",
              "non_striker": "Mahedi Hasan",
              "runs": {
                "batter": 1,
                "extras": 0,
                "total": 1
              }
            },
            {
              "batter": "Mahedi Hasan",
              "bowler": "LM Jongwe",
              "non_striker": "Mahmudullah",
              "runs": {
                "batter": 1,
                "extras": 0,
                "total": 1
              }
            },
            {
              "batter": "Mahmudullah",
              "bowler": "LM Jongwe",
              "non_striker": "Mahedi Hasan",
              "runs": {
                "batter": 1,
                "extras": 0,
                "total": 1
              }
            }
          ]
        },
        {
          "over": 8,
          "deliveries": [
            {
              "batter": "Mahmudullah",
              "bowler": "WP Masakadza",
              "non_striker": "Mahedi Hasan",
              "runs": {
                "batter": 0,
                "extras": 0,
                "total": 0
              },
              "wickets": [
                {
                  "player_out": "Mahmudullah",
                  "fielders": [
                    {
                      "name": "TK Musakanda",
                      "substitute": true
                    }
                  ],
                  "kind": "caught"
                }
              ]
            },
            {
              "batter": "Afif Hossain",
              "bowler": "WP Masakadza",
              "non_striker": "Mahedi Hasan",
              "runs": {
                "batter": 0,
                "extras": 0,
                "total": 0
              }
            },
            {
              "batter": "Afif Hossain",
              "bowler": "WP Masakadza",
              "non_striker": "Mahedi Hasan",
              "runs": {
                "batter": 1,
                "extras": 0,
                "total": 1
              }
            },
            {
              "batter": "Mahedi Hasan",
              "bowler": "WP Masakadza",
              "non_striker": "Afif Hossain",
              "runs": {
                "batter": 0,
                "extras": 0,
                "total": 0
              },
              "wickets": [
                {
                  "player_out": "Mahedi Hasan",
                  "fielders": [
                    {
                      "name": "RP Burl"
                    }
                  ],
                  "kind": "caught"
                }
              ]
            },
            {
              "batter": "Afif Hossain",
              "bowler": "WP Masakadza",
              "non_striker": "Nurul Hasan",
              "runs": {
                "batter": 0,
                "extras": 0,
                "total": 0
              }
            },
            {
              "batter": "Afif Hossain",
              "bowler": "WP Masakadza",
              "non_striker": "Nurul Hasan",
              "runs": {
                "batter": 1,
                "extras": 0,
                "total": 1
              }
            }
          ]
        },
        {
          "over": 9,
          "deliveries": [
            {
              "batter": "Afif Hossain",
              "bowler": "Sikandar Raza",
              "non_striker": "Nurul Hasan",
              "runs": {
                "batter": 1,
                "extras": 0,
                "total": 1
              }
            },
            {
              "batter": "Nurul Hasan",
              "bowler": "Sikandar Raza",
              "non_striker": "Afif Hossain",
              "runs": {
                "batter": 0,
                "extras": 0,
                "total": 0
              }
            },
            {
              "batter": "Nurul Hasan",
              "bowler": "Sikandar Raza",
              "non_striker": "Afif Hossain",
              "runs": {
                "batter": 0,
                "extras": 0,
                "total": 0
              }
            },
            {
              "batter": "Nurul Hasan",
              "bowler": "Sikandar Raza",
              "non_striker": "Afif Hossain",
              "runs": {
                "batter": 1,
                "extras": 0,
                "total": 1
              }
            },
            {
              "batter": "Afif Hossain",
              "bowler": "Sikandar Raza",
              "extras": {
                "wides": 1
              },
              "non_striker": "Nurul Hasan",
              "runs": {
                "batter": 0,
                "extras": 1,
                "total": 1
              }
            },
            {
              "batter": "Afif Hossain",
              "bowler": "Sikandar Raza",
              "non_striker": "Nurul Hasan",
              "runs": {
                "batter": 1,
                "extras": 0,
                "total": 1
              }
            },
            {
              "batter": "Nurul Hasan",
              "bowler": "Sikandar Raza",
              "non_striker": "Afif Hossain",
              "runs": {
                "batter": 2,
                "extras": 0,
                "total": 2
              }
            }
          ]
        },
        {
          "over": 10,
          "deliveries": [
            {
              "batter": "Afif Hossain",
              "bowler": "WP Masakadza",
              "non_striker": "Nurul Hasan",
              "runs": {
                "batter": 0,
                "extras": 0,
                "total": 0
              }
            },
            {
              "batter": "Afif Hossain",
              "bowler": "WP Masakadza",
              "non_striker": "Nurul Hasan",
              "runs": {
                "batter": 1,
                "extras": 0,
                "total": 1
              }
            },
            {
              "batter": "Nurul Hasan",
              "bowler": "WP Masakadza",
              "non_striker": "Afif Hossain",
              "runs": {
                "batter": 1,
                "extras": 0,
                "total": 1
              }
            },
            {
              "batter": "Afif Hossain",
              "bowler": "WP Masakadza",
              "non_striker": "Nurul Hasan",
              "runs": {
                "batter": 0,
                "extras": 0,
                "total": 0
              }
            },
            {
              "batter": "Afif Hossain",
              "bowler": "WP Masakadza",
              "non_striker": "Nurul Hasan",
              "runs": {
                "batter": 1,
                "extras": 0,
                "total": 1
              }
            },
            {
              "batter": "Nurul Hasan",
              "bowler": "WP Masakadza",
              "non_striker": "Afif Hossain",
              "runs": {
                "batter": 1,
                "extras": 0,
                "total": 1
              }
            }
          ]
        },
        {
          "over": 11,
          "deliveries": [
            {
              "batter": "Nurul Hasan",
              "bowler": "TL Chatara",
              "non_striker": "Afif Hossain",
              "runs": {
                "batter": 4,
                "extras": 0,
                "total": 4
              }
            },
            {
              "batter": "Nurul Hasan",
              "bowler": "TL Chatara",
              "non_striker": "Afif Hossain",
              "runs": {
                "batter": 0,
                "extras": 0,
                "total": 0
              },
              "wickets": [
                {
                  "player_out": "Nurul Hasan",
                  "fielders": [
                    {
                      "name": "WP Masakadza"
                    }
                  ],
                  "kind": "caught"
                }
              ]
            },
            {
              "batter": "Afif Hossain",
              "bowler": "TL Chatara",
              "non_striker": "Shamim Hossain",
              "runs": {
                "batter": 0,
                "extras": 0,
                "total": 0
              }
            },
            {
              "batter": "Afif Hossain",
              "bowler": "TL Chatara",
              "non_striker": "Shamim Hossain",
              "runs": {
                "batter": 0,
                "extras": 0,
                "total": 0
              }
            },
            {
              "batter": "Afif Hossain",
              "bowler": "TL Chatara",
              "non_striker": "Shamim Hossain",
              "runs": {
                "batter": 1,
                "extras": 0,
                "total": 1
              }
            },
            {
              "batter": "Shamim Hossain",
              "bowler": "TL Chatara",
              "non_striker": "Afif Hossain",
              "runs": {
                "batter": 4,
                "extras": 0,
                "total": 4
              }
            }
          ]
        },
        {
          "over": 12,
          "deliveries": [
            {
              "batter": "Afif Hossain",
              "bowler": "WP Masakadza",
              "non_striker": "Shamim Hossain",
              "runs": {
                "batter": 2,
                "extras": 0,
                "total": 2
              }
            },
            {
              "batter": "Afif Hossain",
              "bowler": "WP Masakadza",
              "non_striker": "Shamim Hossain",
              "runs": {
                "batter": 6,
                "extras": 0,
                "total": 6
              }
            },
            {
              "batter": "Afif Hossain",
              "bowler": "WP Masakadza",
              "non_striker": "Shamim Hossain",
              "runs": {
                "batter": 1,
                "extras": 0,
                "total": 1
              }
            },
            {
              "batter": "Shamim Hossain",
              "bowler": "WP Masakadza",
              "non_striker": "Afif Hossain",
              "runs": {
                "batter": 0,
                "extras": 0,
                "total": 0
              }
            },
            {
              "batter": "Shamim Hossain",
              "bowler": "WP Masakadza",
              "non_striker": "Afif Hossain",
              "runs": {
                "batter": 0,
                "extras": 0,
                "total": 0
              }
            },
            {
              "batter": "Shamim Hossain",
              "bowler": "WP Masakadza",
              "non_striker": "Afif Hossain",
              "runs": {
                "batter": 1,
                "extras": 0,
                "total": 1
              }
            }
          ]
        },
        {
          "over": 13,
          "deliveries": [
            {
              "batter": "Shamim Hossain",
              "bowler": "Sikandar Raza",
              "non_striker": "Afif Hossain",
              "runs": {
                "batter": 0,
                "extras": 0,
                "total": 0
              }
            },
            {
              "batter": "Shamim Hossain",
              "bowler": "Sikandar Raza",
              "non_striker": "Afif Hossain",
              "runs": {
                "batter": 6,
                "extras": 0,
                "total": 6
              }
            },
            {
              "batter": "Shamim Hossain",
              "bowler": "Sikandar Raza",
              "non_striker": "Afif Hossain",
              "runs": {
                "batter": 2,
                "extras": 0,
                "total": 2
              }
            },
            {
              "batter": "Shamim Hossain",
              "bowler": "Sikandar Raza",
              "non_striker": "Afif Hossain",
              "runs": {
                "batter": 1,
                "extras": 0,
                "total": 1
              }
            },
            {
              "batter": "Afif Hossain",
              "bowler": "Sikandar Raza",
              "non_striker": "Shamim Hossain",
              "runs": {
                "batter": 0,
                "extras": 0,
                "total": 0
              }
            },
            {
              "batter": "Afif Hossain",
              "bowler": "Sikandar Raza",
              "extras": {
                "legbyes": 1
              },
              "non_striker": "Shamim Hossain",
              "runs": {
                "batter": 0,
                "extras": 1,
                "total": 1
              }
            }
          ]
        },
        {
          "over": 14,
          "deliveries": [
            {
              "batter": "Afif Hossain",
              "bowler": "W Madhevere",
              "non_striker": "Shamim Hossain",
              "runs": {
                "batter": 0,
                "extras": 0,
                "total": 0
              }
            },
            {
              "batter": "Afif Hossain",
              "bowler": "W Madhevere",
              "non_striker": "Shamim Hossain",
              "runs": {
                "batter": 1,
                "extras": 0,
                "total": 1
              }
            },
            {
              "batter": "Shamim Hossain",
              "bowler": "W Madhevere",
              "non_striker": "Afif Hossain",
              "runs": {
                "batter": 6,
                "extras": 0,
                "total": 6
              }
            },
            {
              "batter": "Shamim Hossain",
              "bowler": "W Madhevere",
              "non_striker": "Afif Hossain",
              "runs": {
                "batter": 4,
                "extras": 0,
                "total": 4
              }
            },
            {
              "batter": "Shamim Hossain",
              "bowler": "W Madhevere",
              "non_striker": "Afif Hossain",
              "runs": {
                "batter": 4,
                "extras": 0,
                "total": 4
              }
            },
            {
              "batter": "Shamim Hossain",
              "bowler": "W Madhevere",
              "non_striker": "Afif Hossain",
              "runs": {
                "batter": 1,
                "extras": 0,
                "total": 1
              }
            }
          ]
        },
        {
          "over": 15,
          "deliveries": [
            {
              "batter": "Shamim Hossain",
              "bowler": "LM Jongwe",
              "non_striker": "Afif Hossain",
              "runs": {
                "batter": 0,
                "extras": 0,
                "total": 0
              },
              "wickets": [
                {
                  "player_out": "Shamim Hossain",
                  "fielders": [
                    {
                      "name": "WP Masakadza"
                    }
                  ],
                  "kind": "caught"
                }
              ]
            },
            {
              "batter": "Mohammad Saifuddin",
              "bowler": "LM Jongwe",
              "non_striker": "Afif Hossain",
              "runs": {
                "batter": 1,
                "extras": 0,
                "total": 1
              }
            },
            {
              "batter": "Afif Hossain",
              "bowler": "LM Jongwe",
              "non_striker": "Mohammad Saifuddin",
              "runs": {
                "batter": 1,
                "extras": 0,
                "total": 1
              }
            },
            {
              "batter": "Mohammad Saifuddin",
              "bowler": "LM Jongwe",
              "non_striker": "Afif Hossain",
              "runs": {
                "batter": 6,
                "extras": 0,
                "total": 6
              }
            },
            {
              "batter": "Mohammad Saifuddin",
              "bowler": "LM Jongwe",
              "non_striker": "Afif Hossain",
              "runs": {
                "batter": 0,
                "extras": 0,
                "total": 0
              }
            },
            {
              "batter": "Mohammad Saifuddin",
              "bowler": "LM Jongwe",
              "extras": {
                "byes": 1
              },
              "non_striker": "Afif Hossain",
              "runs": {
                "batter": 0,
                "extras": 1,
                "total": 1
              }
            }
          ]
        },
        {
          "over": 16,
          "deliveries": [
            {
              "batter": "Mohammad Saifuddin",
              "bowler": "B Muzarabani",
              "non_striker": "Afif Hossain",
              "runs": {
                "batter": 1,
                "extras": 0,
                "total": 1
              }
            },
            {
              "batter": "Afif Hossain",
              "bowler": "B Muzarabani",
              "non_striker": "Mohammad Saifuddin",
              "runs": {
                "batter": 1,
                "extras": 0,
                "total": 1
              }
            },
            {
              "batter": "Mohammad Saifuddin",
              "bowler": "B Muzarabani",
              "non_striker": "Afif Hossain",
              "runs": {
                "batter": 0,
                "extras": 0,
                "total": 0
              }
            },
            {
              "batter": "Mohammad Saifuddin",
              "bowler": "B Muzarabani",
              "non_striker": "Afif Hossain",
              "runs": {
                "batter": 1,
                "extras": 0,
                "total": 1
              }
            },
            {
              "batter": "Afif Hossain",
              "bowler": "B Muzarabani",
              "non_striker": "Mohammad Saifuddin",
              "runs": {
                "batter": 4,
                "extras": 0,
                "total": 4
              }
            },
            {
              "batter": "Afif Hossain",
              "bowler": "B Muzarabani",
              "non_striker": "Mohammad Saifuddin",
              "runs": {
                "batter": 1,
                "extras": 0,
                "total": 1
              }
            }
          ]
        },
        {
          "over": 17,
          "deliveries": [
            {
              "batter": "Afif Hossain",
              "bowler": "TL Chatara",
              "extras": {
                "wides": 1
              },
              "non_striker": "Mohammad Saifuddin",
              "runs": {
                "batter": 0,
                "extras": 1,
                "total": 1
              }
            },
            {
              "batter": "Afif Hossain",
              "bowler": "TL Chatara",
              "non_striker": "Mohammad Saifuddin",
              "runs": {
                "batter": 0,
                "extras": 0,
                "total": 0
              },
              "wickets": [
                {
                  "player_out": "Afif Hossain",
                  "fielders": [
                    {
                      "name": "M Shumba"
                    }
                  ],
                  "kind": "caught"
                }
              ]
            },
            {
              "batter": "Taskin Ahmed",
              "bowler": "TL Chatara",
              "non_striker": "Mohammad Saifuddin",
              "runs": {
                "batter": 1,
                "extras": 0,
                "total": 1
              }
            },
            {
              "batter": "Mohammad Saifuddin",
              "bowler": "TL Chatara",
              "non_striker": "Taskin Ahmed",
              "runs": {
                "batter": 2,
                "extras": 0,
                "total": 2
              }
            },
            {
              "batter": "Mohammad Saifuddin",
              "bowler": "TL Chatara",
              "non_striker": "Taskin Ahmed",
              "runs": {
                "batter": 0,
                "extras": 0,
                "total": 0
              }
            },
            {
              "batter": "Mohammad Saifuddin",
              "bowler": "TL Chatara",
              "non_striker": "Taskin Ahmed",
              "runs": {
                "batter": 1,
                "extras": 0,
                "total": 1
              }
            },
            {
              "batter": "Taskin Ahmed",
              "bowler": "TL Chatara",
              "non_striker": "Mohammad Saifuddin",
              "runs": {
                "batter": 1,
                "extras": 0,
                "total": 1
              }
            }
          ]
        },
        {
          "over": 18,
          "deliveries": [
            {
              "batter": "Taskin Ahmed",
              "bowler": "B Muzarabani",
              "non_striker": "Mohammad Saifuddin",
              "runs": {
                "batter": 0,
                "extras": 0,
                "total": 0
              }
            },
            {
              "batter": "Taskin Ahmed",
              "bowler": "B Muzarabani",
              "non_striker": "Mohammad Saifuddin",
              "runs": {
                "batter": 0,
                "extras": 0,
                "total": 0
              }
            },
            {
              "batter": "Taskin Ahmed",
              "bowler": "B Muzarabani",
              "non_striker": "Mohammad Saifuddin",
              "runs": {
                "batter": 1,
                "extras": 0,
                "total": 1
              }
            },
            {
              "batter": "Mohammad Saifuddin",
              "bowler": "B Muzarabani",
              "non_striker": "Taskin Ahmed",
              "runs": {
                "batter": 2,
                "extras": 0,
                "total": 2
              }
            },
            {
              "batter": "Mohammad Saifuddin",
              "bowler": "B Muzarabani",
              "non_striker": "Taskin Ahmed",
              "runs": {
                "batter": 0,
                "extras": 0,
                "total": 0
              }
            },
            {
              "batter": "Mohammad Saifuddin",
              "bowler": "B Muzarabani",
              "non_striker": "Taskin Ahmed",
              "runs": {
                "batter": 1,
                "extras": 0,
                "total": 1
              }
            }
          ]
        },
        {
          "over": 19,
          "deliveries": [
            {
              "batter": "Mohammad Saifuddin",
              "bowler": "LM Jongwe",
              "extras": {
                "wides": 1
              },
              "non_striker": "Taskin Ahmed",
              "runs": {
                "batter": 0,
                "extras": 1,
                "total": 1
              }
            },
            {
              "batter": "Mohammad Saifuddin",
              "bowler": "LM Jongwe",
              "non_striker": "Taskin Ahmed",
              "runs": {
                "batter": 4,
                "extras": 0,
                "total": 4
              }
            },
            {
              "batter": "Mohammad Saifuddin",
              "bowler": "LM Jongwe",
              "non_striker": "Taskin Ahmed",
              "runs": {
                "batter": 0,
                "extras": 0,
                "total": 0
              },
              "wickets": [
                {
                  "player_out": "Mohammad Saifuddin",
                  "fielders": [
                    {
                      "name": "Sikandar Raza"
                    }
                  ],
                  "kind": "caught"
                }
              ]
            },
            {
              "batter": "Taskin Ahmed",
              "bowler": "LM Jongwe",
              "non_striker": "Shoriful Islam",
              "runs": {
                "batter": 2,
                "extras": 0,
                "total": 2
              }
            },
            {
              "batter": "Taskin Ahmed",
              "bowler": "LM Jongwe",
              "non_striker": "Shoriful Islam",
              "runs": {
                "batter": 0,
                "extras": 0,
                "total": 0
              }
            },
            {
              "batter": "Taskin Ahmed",
              "bowler": "LM Jongwe",
              "non_striker": "Shoriful Islam",
              "runs": {
                "batter": 0,
                "extras": 0,
                "total": 0
              },
              "wickets": [
                {
                  "player_out": "Taskin Ahmed",
                  "fielders": [
                    {
                      "name": "WP Masakadza"
                    }
                  ],
                  "kind": "caught"
                }
              ]
            }
          ]
        }
      ],
      "powerplays": [
        {
          "from": 0.1,
          "to": 5.6,
          "type": "mandatory"
        }
      ],
      "target": {
        "overs": 20,
        "runs": 167
      }
    }
  ]
}