{
  "meta": {
    "data_version": "1.0.0",
    "created": "2021-06-24",
    "revision": 1
  },
  "info": {
    "balls_per_over": 6,
    "city": "Sofia",
    "dates": [
      "2021-06-24"
    ],
    "event": {
      "name": "Sofia Twenty20",
      "match_number": 2
    },
    "gender": "male",
    "match_type": "T20",
    "match_type_number": 1167,
    "missing": [
      "umpires"
    ],
    "outcome": {
      "winner": "Romania",
      "by": {
        "wickets": 3
      }
    },
    "overs": 20,
    "player_of_match": [
      "R Satheesan"
    ],
    "players": {
      "Greece": [
        "S Gasteratos",
        "Aslam Mohammad",
        "AS Mehmi",
        "A Manousis",
        "Arsalan Ahmed",
        "GC Galanis",
        "Asrar Ahmed",
        "Syed Amanullah",
        "S Siriotis",
        "T Zotos",
        "N Mourikis"
      ],
      "Romania": [
        "Taranjeet Singh",
        "G Manan",
        "R Satheesan",
        "S Periyalwar",
        "C Zavoiu",
        "V Saini",
        "S Nadigotla",
        "Ijaz Hussain",
        "Sami Ullah",
        "P Florin",
        "S Vashisht"
      ]
    },
    "registry": {
      "people": {
        "A Manousis": "b672e825",
        "AS Mehmi": "4612619b",
        "Arsalan Ahmed": "e0febd97",
        "Aslam Mohammad": "67ae5a56",
        "Asrar Ahmed": "88251c6c",
        "C Zavoiu": "6b96bebf",
        "G Manan": "d7265622",
        "GC Galanis": "db218528",
        "Ijaz Hussain": "dc1dd6c4",
        "N Mourikis": "17bd7d33",
        "P Florin": "c9c356e2",
        "R Satheesan": "1125ebe4",
        "S Gasteratos": "11174f6d",
        "S Nadigotla": "b78b3ffd",
        "S Periyalwar": "d207e4fb",
        "S Siriotis": "ff8b37cb",
        "S Vashisht": "20ac8219",
        "Sami Ullah": "ad05692c",
        "Syed Amanullah": "ae4006ad",
        "T Zotos": "4c4d245a",
        "Taranjeet Singh": "ec483176",
        "V Saini": "0fa81719"
      }
    },
    "season": "2021",
    "team_type": "international",
    "teams": [
      "Greece",
      "Romania"
    ],
    "toss": {
      "decision": "bat",
      "winner": "Greece"
    },
    "venue": "National Sports Academy, Sofia"
  },
  "innings": [
    {
      "team": "Greece",
      "overs": [
        {
          "over": 0,
          "deliveries": [
            {
              "batter": "S Gasteratos",
              "bowler": "S Vashisht",
              "non_striker": "Aslam Mohammad",
              "runs": {
                "batter": 0,
                "extras": 0,
                "total": 0
              }
            },
            {
              "batter": "S Gasteratos",
              "bowler": "S Vashisht",
              "non_striker": "Aslam Mohammad",
              "runs": {
                "batter": 0,
                "extras": 0,
                "total": 0
              }
            },
            {
              "batter": "S Gasteratos",
              "bowler": "S Vashisht",
              "non_striker": "Aslam Mohammad",
              "runs": {
                "batter": 0,
                "extras": 0,
                "total": 0
              }
            },
            {
              "batter": "S Gasteratos",
              "bowler": "S Vashisht",
              "non_striker": "Aslam Mohammad",
              "runs": {
                "batter": 4,
                "extras": 0,
                "total": 4
              }
            },
            {
              "batter": "S Gasteratos",
              "bowler": "S Vashisht",
              "non_striker": "Aslam Mohammad",
              "runs": {
                "batter": 0,
                "extras": 0,
                "total": 0
              }
            },
            {
              "batter": "S Gasteratos",
              "bowler": "S Vashisht",
              "extras": {
                "wides": 1
              },
              "non_striker": "Aslam Mohammad",
              "runs": {
                "batter": 0,
                "extras": 1,
                "total": 1
              }
            },
            {
              "batter": "S Gasteratos",
              "bowler": "S Vashisht",
              "non_striker": "Aslam Mohammad",
              "runs": {
                "batter": 0,
                "extras": 0,
                "total": 0
              },
              "wickets": [
                {
                  "player_out": "S Gasteratos",
                  "fielders": [
                    {
                      "name": "S Nadigotla"
                    }
                  ],
                  "kind": "caught"
                }
              ]
            }
          ]
        },
        {
          "over": 1,
          "deliveries": [
            {
              "batter": "Aslam Mohammad",
              "bowler": "V Saini",
              "non_striker": "AS Mehmi",
              "runs": {
                "batter": 0,
                "extras": 0,
                "total": 0
              }
            },
            {
              "batter": "Aslam Mohammad",
              "bowler": "V Saini",
              "non_striker": "AS Mehmi",
              "runs": {
                "batter": 0,
                "extras": 0,
                "total": 0
              }
            },
            {
              "batter": "Aslam Mohammad",
              "bowler": "V Saini",
              "non_striker": "AS Mehmi",
              "runs": {
                "batter": 0,
                "extras": 0,
                "total": 0
              }
            },
            {
              "batter": "Aslam Mohammad",
              "bowler": "V Saini",
              "non_striker": "AS Mehmi",
              "runs": {
                "batter": 0,
                "extras": 0,
                "total": 0
              }
            },
            {
              "batter": "Aslam Mohammad",
              "bowler": "V Saini",
              "non_striker": "AS Mehmi",
              "runs": {
                "batter": 0,
                "extras": 0,
                "total": 0
              }
            },
            {
              "batter": "Aslam Mohammad",
              "bowler": "V Saini",
              "non_striker": "AS Mehmi",
              "runs": {
                "batter": 6,
                "extras": 0,
                "total": 6
              }
            }
          ]
        },
        {
          "over": 2,
          "deliveries": [
            {
              "batter": "AS Mehmi",
              "bowler": "S Vashisht",
              "non_striker": "Aslam Mohammad",
              "runs": {
                "batter": 0,
                "extras": 0,
                "total": 0
              }
            },
            {
              "batter": "AS Mehmi",
              "bowler": "S Vashisht",
              "non_striker": "Aslam Mohammad",
              "runs": {
                "batter": 4,
                "extras": 0,
                "total": 4
              }
            },
            {
              "batter": "AS Mehmi",
              "bowler": "S Vashisht",
              "non_striker": "Aslam Mohammad",
              "runs": {
                "batter": 0,
                "extras": 0,
                "total": 0
              },
              "wickets": [
                {
                  "player_out": "AS Mehmi",
                  "kind": "caught and bowled"
                }
              ]
            },
            {
              "batter": "Aslam Mohammad",
              "bowler": "S Vashisht",
              "non_striker": "A Manousis",
              "runs": {
                "batter": 2,
                "extras": 0,
                "total": 2
              }
            },
            {
              "batter": "Aslam Mohammad",
              "bowler": "S Vashisht",
              "non_striker": "A Manousis",
              "runs": {
                "batter": 0,
                "extras": 0,
                "total": 0
              }
            },
            {
              "batter": "Aslam Mohammad",
              "bowler": "S Vashisht",
              "non_striker": "A Manousis",
              "runs": {
                "batter": 1,
                "extras": 0,
                "total": 1
              }
            }
          ]
        },
        {
          "over": 3,
          "deliveries": [
            {
              "batter": "Aslam Mohammad",
              "bowler": "V Saini",
              "non_striker": "A Manousis",
              "runs": {
                "batter": 0,
                "extras": 0,
                "total": 0
              }
            },
            {
              "batter": "Aslam Mohammad",
              "bowler": "V Saini",
              "non_striker": "A Manousis",
              "runs": {
                "batter": 1,
                "extras": 0,
                "total": 1
              }
            },
            {
              "batter": "A Manousis",
              "bowler": "V Saini",
              "non_striker": "Aslam Mohammad",
              "runs": {
                "batter": 0,
                "extras": 0,
                "total": 0
              }
            },
            {
              "batter": "A Manousis",
              "bowler": "V Saini",
              "extras": {
                "legbyes": 4
              },
              "non_striker": "Aslam Mohammad",
              "runs": {
                "batter": 0,
                "extras": 4,
                "total": 4
              }
            },
            {
              "batter": "A Manousis",
              "bowler": "V Saini",
              "non_striker": "Aslam Mohammad",
              "runs": {
                "batter": 0,
                "extras": 0,
                "total": 0
              },
              "wickets": [
                {
                  "player_out": "A Manousis",
                  "kind": "lbw"
                }
              ]
            },
            {
              "batter": "Arsalan Ahmed",
              "bowler": "V Saini",
              "non_striker": "Aslam Mohammad",
              "runs": {
                "batter": 4,
                "extras": 0,
                "total": 4
              }
            }
          ]
        },
        {
          "over": 4,
          "deliveries": [
            {
              "batter": "Aslam Mohammad",
              "bowler": "S Vashisht",
              "non_striker": "Arsalan Ahmed",
              "runs": {
                "batter": 1,
                "extras": 0,
                "total": 1
              }
            },
            {
              "batter": "Arsalan Ahmed",
              "bowler": "S Vashisht",
              "non_striker": "Aslam Mohammad",
              "runs": {
                "batter": 0,
                "extras": 0,
                "total": 0
              }
            },
            {
              "batter": "Arsalan Ahmed",
              "bowler": "S Vashisht",
              "non_striker": "Aslam Mohammad",
              "runs": {
                "batter": 0,
                "extras": 0,
                "total": 0
              }
            },
            {
              "batter": "Arsalan Ahmed",
              "bowler": "S Vashisht",
              "extras": {
                "wides": 1
              },
              "non_striker": "Aslam Mohammad",
              "runs": {
                "batter": 0,
                "extras": 1,
                "total": 1
              }
            },
            {
              "batter": "Arsalan Ahmed",
              "bowler": "S Vashisht",
              "non_striker": "Aslam Mohammad",
              "runs": {
                "batter": 0,
                "extras": 0,
                "total": 0
              }
            },
            {
              "batter": "Arsalan Ahmed",
              "bowler": "S Vashisht",
              "non_striker": "Aslam Mohammad",
              "runs": {
                "batter": 0,
                "extras": 0,
                "total": 0
              },
              "wickets": [
                {
                  "player_out": "Arsalan Ahmed",
                  "fielders": [
                    {
                      "name": "S Nadigotla"
                    }
                  ],
                  "kind": "caught"
                }
              ]
            },
            {
              "batter": "GC Galanis",
              "bowler": "S Vashisht",
              "non_striker": "Aslam Mohammad",
              "runs": {
                "batter": 1,
                "extras": 0,
                "total": 1
              }
            }
          ]
        },
        {
          "over": 5,
          "deliveries": [
            {
              "batter": "GC Galanis",
              "bowler": "Ijaz Hussain",
              "non_striker": "Aslam Mohammad",
              "runs": {
                "batter": 6,
                "extras": 0,
                "total": 6
              }
            },
            {
              "batter": "GC Galanis",
              "bowler": "Ijaz Hussain",
              "non_striker": "Aslam Mohammad",
              "runs": {
                "batter": 0,
                "extras": 0,
                "total": 0
              }
            },
            {
              "batter": "GC Galanis",
              "bowler": "Ijaz Hussain",
              "extras": {
                "wides": 1
              },
              "non_striker": "Aslam Mohammad",
              "runs": {
                "batter": 0,
                "extras": 1,
                "total": 1
              }
            },
            {
              "batter": "GC Galanis",
              "bowler": "Ijaz Hussain",
              "non_striker": "Aslam Mohammad",
              "runs": {
                "batter": 4,
                "extras": 0,
                "total": 4
              }
            },
            {
              "batter": "GC Galanis",
              "bowler": "Ijaz Hussain",
              "non_striker": "Aslam Mohammad",
              "runs": {
                "batter": 0,
                "extras": 0,
                "total": 0
              },
              "wickets": [
                {
                  "player_out": "GC Galanis",
                  "fielders": [
                    {
                      "name": "V Saini"
                    }
                  ],
                  "kind": "caught"
                }
              ]
            },
            {
              "batter": "Asrar Ahmed",
              "bowler": "Ijaz Hussain",
              "non_striker": "Aslam Mohammad",
              "runs": {
                "batter": 0,
                "extras": 0,
                "total": 0
              }
            },
            {
              "batter": "Asrar Ahmed",
              "bowler": "Ijaz Hussain",
              "extras": {
                "wides": 1
              },
              "non_striker": "Aslam Mohammad",
              "runs": {
                "batter": 0,
                "extras": 1,
                "total": 1
              }
            },
            {
              "batter": "Asrar Ahmed",
              "bowler": "Ijaz Hussain",
              "extras": {
                "wides": 1
              },
              "non_striker": "Aslam Mohammad",
              "runs": {
                "batter": 0,
                "extras": 1,
                "total": 1
              }
            },
            {
              "batter": "Asrar Ahmed",
              "bowler": "Ijaz Hussain",
              "non_striker": "Aslam Mohammad",
              "runs": {
                "batter": 1,
                "extras": 0,
                "total": 1
              }
            }
          ]
        },
        {
          "over": 6,
          "deliveries": [
            {
              "batter": "Asrar Ahmed",
              "bowler": "Sami Ullah",
              "non_striker": "Aslam Mohammad",
              "runs": {
                "batter": 0,
                "extras": 0,
                "total": 0
              }
            },
            {
              "batter": "Asrar Ahmed",
              "bowler": "Sami Ullah",
              "non_striker": "Aslam Mohammad",
              "runs": {
                "batter": 0,
                "extras": 0,
                "total": 0
              }
            },
            {
              "batter": "Asrar Ahmed",
              "bowler": "Sami Ullah",
              "non_striker": "Aslam Mohammad",
              "runs": {
                "batter": 0,
                "extras": 0,
                "total": 0
              }
            },
            {
              "batter": "Asrar Ahmed",
              "bowler": "Sami Ullah",
              "extras": {
                "noballs": 1
              },
              "non_striker": "Aslam Mohammad",
              "runs": {
                "batter": 0,
                "extras": 1,
                "total": 1
              }
            },
            {
              "batter": "Asrar Ahmed",
              "bowler": "Sami Ullah",
              "non_striker": "Aslam Mohammad",
              "runs": {
                "batter": 0,
                "extras": 0,
                "total": 0
              }
            },
            {
              "batter": "Asrar Ahmed",
              "bowler": "Sami Ullah",
              "non_striker": "Aslam Mohammad",
              "runs": {
                "batter": 1,
                "extras": 0,
                "total": 1
              }
            },
            {
              "batter": "Aslam Mohammad",
              "bowler": "Sami Ullah",
              "extras": {
                "wides": 1
              },
              "non_striker": "Asrar Ahmed",
              "runs": {
                "batter": 0,
                "extras": 1,
                "total": 1
              }
            },
            {
              "batter": "Aslam Mohammad",
              "bowler": "Sami Ullah",
              "non_striker": "Asrar Ahmed",
              "runs": {
                "batter": 0,
                "extras": 0,
                "total": 0
              }
            }
          ]
        },
        {
          "over": 7,
          "deliveries": [
            {
              "batter": "Asrar Ahmed",
              "bowler": "Ijaz Hussain",
              "non_striker": "Aslam Mohammad",
              "runs": {
                "batter": 1,
                "extras": 0,
                "total": 1
              }
            },
            {
              "batter": "Aslam Mohammad",
              "bowler": "Ijaz Hussain",
              "non_striker": "Asrar Ahmed",
              "runs": {
                "batter": 1,
                "extras": 0,
                "total": 1
              }
            },
            {
              "batter": "Asrar Ahmed",
              "bowler": "Ijaz Hussain",
              "non_striker": "Aslam Mohammad",
              "runs": {
                "batter": 0,
                "extras": 0,
                "total": 0
              }
            },
            {
              "batter": "Asrar Ahmed",
              "bowler": "Ijaz Hussain",
              "non_striker": "Aslam Mohammad",
              "runs": {
                "batter": 1,
                "extras": 0,
                "total": 1
              }
            },
            {
              "batter": "Aslam Mohammad",
              "bowler": "Ijaz Hussain",
              "non_striker": "Asrar Ahmed",
              "runs": {
                "batter": 1,
                "extras": 0,
                "total": 1
              }
            },
            {
              "batter": "Asrar Ahmed",
              "bowler": "Ijaz Hussain",
              "non_striker": "Aslam Mohammad",
              "runs": {
                "batter": 1,
                "extras": 0,
                "total": 1
              }
            }
          ]
        },
        {
          "over": 8,
          "deliveries": [
            {
              "batter": "Asrar Ahmed",
              "bowler": "Sami Ullah",
              "non_striker": "Aslam Mohammad",
              "runs": {
                "batter": 1,
                "extras": 0,
                "total": 1
              }
            },
            {
              "batter": "Aslam Mohammad",
              "bowler": "Sami Ullah",
              "non_striker": "Asrar Ahmed",
              "runs": {
                "batter": 1,
                "extras": 0,
                "total": 1
              }
            },
            {
              "batter": "Asrar Ahmed",
              "bowler": "Sami Ullah",
              "non_striker": "Aslam Mohammad",
              "runs": {
                "batter": 1,
                "extras": 0,
                "total": 1
              }
            },
            {
              "batter": "Aslam Mohammad",
              "bowler": "Sami Ullah",
              "non_striker": "Asrar Ahmed",
              "runs": {
                "batter": 0,
                "extras": 0,
                "total": 0
              }
            },
            {
              "batter": "Aslam Mohammad",
              "bowler": "Sami Ullah",
              "non_striker": "Asrar Ahmed",
              "runs": {
                "batter": 6,
                "extras": 0,
                "total": 6
              }
            },
            {
              "batter": "Aslam Mohammad",
              "bowler": "Sami Ullah",
              "non_striker": "Asrar Ahmed",
              "runs": {
                "batter": 0,
                "extras": 0,
                "total": 0
              }
            }
          ]
        },
        {
          "over": 9,
          "deliveries": [
            {
              "batter": "Asrar Ahmed",
              "bowler": "Taranjeet Singh",
              "non_striker": "Aslam Mohammad",
              "runs": {
                "batter": 0,
                "extras": 0,
                "total": 0
              }
            },
            {
              "batter": "Asrar Ahmed",
              "bowler": "Taranjeet Singh",
              "non_striker": "Aslam Mohammad",
              "runs": {
                "batter": 6,
                "extras": 0,
                "total": 6
              }
            },
            {
              "batter": "Asrar Ahmed",
              "bowler": "Taranjeet Singh",
              "extras": {
                "wides": 1
              },
              "non_striker": "Aslam Mohammad",
              "runs": {
                "batter": 0,
                "extras": 1,
                "total": 1
              }
            },
            {
              "batter": "Asrar Ahmed",
              "bowler": "Taranjeet Singh",
              "non_striker": "Aslam Mohammad",
              "runs": {
                "batter": 1,
                "extras": 0,
                "total": 1
              }
            },
            {
              "batter": "Aslam Mohammad",
              "bowler": "Taranjeet Singh",
              "non_striker": "Asrar Ahmed",
              "runs": {
                "batter": 0,
                "extras": 0,
                "total": 0
              }
            },
            {
              "batter": "Aslam Mohammad",
              "bowler": "Taranjeet Singh",
              "non_striker": "Asrar Ahmed",
              "runs": {
                "batter": 0,
                "extras": 0,
                "total": 0
              }
            },
            {
              "batter": "Aslam Mohammad",
              "bowler": "Taranjeet Singh",
              "non_striker": "Asrar Ahmed",
              "runs": {
                "batter": 0,
                "extras": 0,
                "total": 0
              }
            }
          ]
        },
        {
          "over": 10,
          "deliveries": [
            {
              "batter": "Asrar Ahmed",
              "bowler": "V Saini",
              "non_striker": "Aslam Mohammad",
              "runs": {
                "batter": 0,
                "extras": 0,
                "total": 0
              }
            },
            {
              "batter": "Asrar Ahmed",
              "bowler": "V Saini",
              "non_striker": "Aslam Mohammad",
              "runs": {
                "batter": 1,
                "extras": 0,
                "total": 1
              }
            },
            {
              "batter": "Aslam Mohammad",
              "bowler": "V Saini",
              "non_striker": "Asrar Ahmed",
              "runs": {
                "batter": 0,
                "extras": 0,
                "total": 0
              }
            },
            {
              "batter": "Aslam Mohammad",
              "bowler": "V Saini",
              "non_striker": "Asrar Ahmed",
              "runs": {
                "batter": 2,
                "extras": 0,
                "total": 2
              }
            },
            {
              "batter": "Aslam Mohammad",
              "bowler": "V Saini",
              "non_striker": "Asrar Ahmed",
              "runs": {
                "batter": 4,
                "extras": 0,
                "total": 4
              }
            },
            {
              "batter": "Aslam Mohammad",
              "bowler": "V Saini",
              "non_striker": "Asrar Ahmed",
              "runs": {
                "batter": 1,
                "extras": 0,
                "total": 1
              }
            }
          ]
        },
        {
          "over": 11,
          "deliveries": [
            {
              "batter": "Aslam Mohammad",
              "bowler": "Taranjeet Singh",
              "extras": {
                "wides": 1
              },
              "non_striker": "Asrar Ahmed",
              "runs": {
                "batter": 0,
                "extras": 1,
                "total": 1
              }
            },
            {
              "batter": "Aslam Mohammad",
              "bowler": "Taranjeet Singh",
              "non_striker": "Asrar Ahmed",
              "runs": {
                "batter": 1,
                "extras": 0,
                "total": 1
              }
            },
            {
              "batter": "Asrar Ahmed",
              "bowler": "Taranjeet Singh",
              "non_striker": "Aslam Mohammad",
              "runs": {
                "batter": 1,
                "extras": 0,
                "total": 1
              }
            },
            {
              "batter": "Aslam Mohammad",
              "bowler": "Taranjeet Singh",
              "non_striker": "Asrar Ahmed",
              "runs": {
                "batter": 1,
                "extras": 0,
                "total": 1
              }
            },
            {
              "batter": "Asrar Ahmed",
              "bowler": "Taranjeet Singh",
              "non_striker": "Aslam Mohammad",
              "runs": {
                "batter": 1,
                "extras": 0,
                "total": 1
              }
            },
            {
              "batter": "Aslam Mohammad",
              "bowler": "Taranjeet Singh",
              "extras": {
                "legbyes": 1
              },
              "non_striker": "Asrar Ahmed",
              "runs": {
                "batter": 0,
                "extras": 1,
                "total": 1
              }
            },
            {
              "batter": "Asrar Ahmed",
              "bowler": "Taranjeet Singh",
              "extras": {
                "legbyes": 2
              },
              "non_striker": "Aslam Mohammad",
              "runs": {
                "batter": 0,
                "extras": 2,
                "total": 2
              }
            }
          ]
        },
        {
          "over": 12,
          "deliveries": [
            {
              "batter": "Aslam Mohammad",
              "bowler": "R Satheesan",
              "non_striker": "Asrar Ahmed",
              "runs": {
                "batter": 6,
                "extras": 0,
                "total": 6
              }
            },
            {
              "batter": "Aslam Mohammad",
              "bowler": "R Satheesan",
              "non_striker": "Asrar Ahmed",
              "runs": {
                "batter": 1,
                "extras": 0,
                "total": 1
              }
            },
            {
              "batter": "Asrar Ahmed",
              "bowler": "R Satheesan",
              "non_striker": "Aslam Mohammad",
              "runs": {
                "batter": 0,
                "extras": 0,
                "total": 0
              }
            },
            {
              "batter": "Asrar Ahmed",
              "bowler": "R Satheesan",
              "non_striker": "Aslam Mohammad",
              "runs": {
                "batter": 1,
                "extras": 0,
                "total": 1
              }
            },
            {
              "batter": "Aslam Mohammad",
              "bowler": "R Satheesan",
              "non_striker": "Asrar Ahmed",
              "runs": {
                "batter": 1,
                "extras": 0,
                "total": 1
              }
            },
            {
              "batter": "Asrar Ahmed",
              "bowler": "R Satheesan",
              "non_striker": "Aslam Mohammad",
              "runs": {
                "batter": 0,
                "extras": 0,
                "total": 0
              }
            }
          ]
        },
        {
          "over": 13,
          "deliveries": [
            {
              "batter": "Aslam Mohammad",
              "bowler": "Taranjeet Singh",
              "non_striker": "Asrar Ahmed",
              "runs": {
                "batter": 0,
                "extras": 0,
                "total": 0
              }
            },
            {
              "batter": "Aslam Mohammad",
              "bowler": "Taranjeet Singh",
              "non_striker": "Asrar Ahmed",
              "runs": {
                "batter": 1,
                "extras": 0,
                "total": 1
              }
            },
            {
              "batter": "Asrar Ahmed",
              "bowler": "Taranjeet Singh",
              "non_striker": "Aslam Mohammad",
              "runs": {
                "batter": 4,
                "extras": 0,
                "total": 4
              }
            },
            {
              "batter": "Asrar Ahmed",
              "bowler": "Taranjeet Singh",
              "non_striker": "Aslam Mohammad",
              "runs": {
                "batter": 4,
                "extras": 0,
                "total": 4
              }
            },
            {
              "batter": "Asrar Ahmed",
              "bowler": "Taranjeet Singh",
              "non_striker": "Aslam Mohammad",
              "runs": {
                "batter": 0,
                "extras": 0,
                "total": 0
              }
            },
            {
              "batter": "Asrar Ahmed",
              "bowler": "Taranjeet Singh",
              "non_striker": "Aslam Mohammad",
              "runs": {
                "batter": 4,
                "extras": 0,
                "total": 4
              }
            }
          ]
        },
        {
          "over": 14,
          "deliveries": [
            {
              "batter": "Aslam Mohammad",
              "bowler": "V Saini",
              "non_striker": "Asrar Ahmed",
              "runs": {
                "batter": 6,
                "extras": 0,
                "total": 6
              }
            },
            {
              "batter": "Aslam Mohammad",
              "bowler": "V Saini",
              "non_striker": "Asrar Ahmed",
              "runs": {
                "batter": 6,
                "extras": 0,
                "total": 6
              }
            },
            {
              "batter": "Aslam Mohammad",
              "bowler": "V Saini",
              "non_striker": "Asrar Ahmed",
              "runs": {
                "batter": 0,
                "extras": 0,
                "total": 0
              }
            },
            {
              "batter": "Aslam Mohammad",
              "bowler": "V Saini",
              "non_striker": "Asrar Ahmed",
              "runs": {
                "batter": 6,
                "extras": 0,
                "total": 6
              }
            },
            {
              "batter": "Aslam Mohammad",
              "bowler": "V Saini",
              "extras": {
                "wides": 1
              },
              "non_striker": "Asrar Ahmed",
              "runs": {
                "batter": 0,
                "extras": 1,
                "total": 1
              }
            },
            {
              "batter": "Aslam Mohammad",
              "bowler": "V Saini",
              "non_striker": "Asrar Ahmed",
              "runs": {
                "batter": 4,
                "extras": 0,
                "total": 4
              }
            },
            {
              "batter": "Aslam Mohammad",
              "bowler": "V Saini",
              "non_striker": "Asrar Ahmed",
              "runs": {
                "batter": 0,
                "extras": 0,
                "total": 0
              }
            }
          ]
        },
        {
          "over": 15,
          "deliveries": [
            {
              "batter": "Asrar Ahmed",
              "bowler": "S Vashisht",
              "non_striker": "Aslam Mohammad",
              "runs": {
                "batter": 1,
                "extras": 0,
                "total": 1
              }
            },
            {
              "batter": "Aslam Mohammad",
              "bowler": "S Vashisht",
              "non_striker": "Asrar Ahmed",
              "runs": {
                "batter": 1,
                "extras": 0,
                "total": 1
              }
            },
            {
              "batter": "Asrar Ahmed",
              "bowler": "S Vashisht",
              "non_striker": "Aslam Mohammad",
              "runs": {
                "batter": 4,
                "extras": 0,
                "total": 4
              }
            },
            {
              "batter": "Asrar Ahmed",
              "bowler": "S Vashisht",
              "non_striker": "Aslam Mohammad",
              "runs": {
                "batter": 1,
                "extras": 0,
                "total": 1
              }
            },
            {
              "batter": "Aslam Mohammad",
              "bowler": "S Vashisht",
              "non_striker": "Asrar Ahmed",
              "runs": {
                "batter": 0,
                "extras": 0,
                "total": 0
              },
              "wickets": [
                {
                  "player_out": "Aslam Mohammad",
                  "fielders": [
                    {
                      "name": "Taranjeet Singh"
                    }
                  ],
                  "kind": "caught"
                }
              ]
            },
            {
              "batter": "Syed Amanullah",
              "bowler": "S Vashisht",
              "non_striker": "Asrar Ahmed",
              "runs": {
                "batter": 0,
                "extras": 0,
                "total": 0
              }
            }
          ]
        },
        {
          "over": 16,
          "deliveries": [
            {
              "batter": "Syed Amanullah",
              "bowler": "P Florin",
              "non_striker": "Asrar Ahmed",
              "runs": {
                "batter": 1,
                "extras": 0,
                "total": 1
              }
            },
            {
              "batter": "Asrar Ahmed",
              "bowler": "P Florin",
              "extras": {
                "wides": 1
              },
              "non_striker": "Syed Amanullah",
              "runs": {
                "batter": 0,
                "extras": 1,
                "total": 1
              }
            },
            {
              "batter": "Asrar Ahmed",
              "bowler": "P Florin",
              "non_striker": "Syed Amanullah",
              "runs": {
                "batter": 0,
                "extras": 0,
                "total": 0
              }
            },
            {
              "batter": "Asrar Ahmed",
              "bowler": "P Florin",
              "non_striker": "Syed Amanullah",
              "runs": {
                "batter": 1,
                "extras": 0,
                "total": 1
              }
            },
            {
              "batter": "Syed Amanullah",
              "bowler": "P Florin",
              "non_striker": "Asrar Ahmed",
              "runs": {
                "batter": 0,
                "extras": 0,
                "total": 0
              }
            },
            {
              "batter": "Syed Amanullah",
              "bowler": "P Florin",
              "non_striker": "Asrar Ahmed",
              "runs": {
                "batter": 0,
                "extras": 0,
                "total": 0
              }
            },
            {
              "batter": "Syed Amanullah",
              "bowler": "P Florin",
              "non_striker": "Asrar Ahmed",
              "runs": {
                "batter": 1,
                "extras": 0,
                "total": 1
              }
            }
          ]
        },
        {
          "over": 17,
          "deliveries": [
            {
              "batter": "Syed Amanullah",
              "bowler": "Ijaz Hussain",
              "non_striker": "Asrar Ahmed",
              "runs": {
                "batter": 1,
                "extras": 0,
                "total": 1
              }
            },
            {
              "batter": "Asrar Ahmed",
              "bowler": "Ijaz Hussain",
              "non_striker": "Syed Amanullah",
              "runs": {
                "batter": 0,
                "extras": 0,
                "total": 0
              }
            },
            {
              "batter": "Asrar Ahmed",
              "bowler": "Ijaz Hussain",
              "non_striker": "Syed Amanullah",
              "runs": {
                "batter": 0,
                "extras": 0,
                "total": 0
              }
            },
            {
              "batter": "Asrar Ahmed",
              "bowler": "Ijaz Hussain",
              "extras": {
                "wides": 1
              },
              "non_striker": "Syed Amanullah",
              "runs": {
                "batter": 0,
                "extras": 1,
                "total": 1
              }
            },
            {
              "batter": "Asrar Ahmed",
              "bowler": "Ijaz Hussain",
              "extras": {
                "byes": 1
              },
              "non_striker": "Syed Amanullah",
              "runs": {
                "batter": 0,
                "extras": 1,
                "total": 1
              }
            },
            {
              "batter": "Syed Amanullah",
              "bowler": "Ijaz Hussain",
              "extras": {
                "byes": 1
              },
              "non_striker": "Asrar Ahmed",
              "runs": {
                "batter": 0,
                "extras": 1,
                "total": 1
              }
            },
            {
              "batter": "Asrar Ahmed",
              "bowler": "Ijaz Hussain",
              "non_striker": "Syed Amanullah",
              "runs": {
                "batter": 1,
                "extras": 0,
                "total": 1
              }
            }
          ]
        },
        {
          "over": 18,
          "deliveries": [
            {
              "batter": "Asrar Ahmed",
              "bowler": "P Florin",
              "non_striker": "Syed Amanullah",
              "runs": {
                "batter": 0,
                "extras": 0,
                "total": 0
              }
            },
            {
              "batter": "Asrar Ahmed",
              "bowler": "P Florin",
              "non_striker": "Syed Amanullah",
              "runs": {
                "batter": 1,
                "extras": 0,
                "total": 1
              }
            },
            {
              "batter": "Syed Amanullah",
              "bowler": "P Florin",
              "non_striker": "Asrar Ahmed",
              "runs": {
                "batter": 0,
                "extras": 0,
                "total": 0
              }
            },
            {
              "batter": "Syed Amanullah",
              "bowler": "P Florin",
              "non_striker": "Asrar Ahmed",
              "runs": {
                "batter": 1,
                "extras": 0,
                "total": 1
              }
            },
            {
              "batter": "Asrar Ahmed",
              "bowler": "P Florin",
              "non_striker": "Syed Amanullah",
              "runs": {
                "batter": 0,
                "extras": 0,
                "total": 0
              },
              "wickets": [
                {
                  "player_out": "Asrar Ahmed",
                  "fielders": [
                    {
                      "name": "V Saini"
                    }
                  ],
                  "kind": "caught"
                }
              ]
            },
            {
              "batter": "S Siriotis",
              "bowler": "P Florin",
              "non_striker": "Syed Amanullah",
              "runs": {
                "batter": 0,
                "extras": 0,
                "total": 0
              },
              "wickets": [
                {
                  "player_out": "S Siriotis",
                  "fielders": [
                    {
                      "name": "S Nadigotla"
                    }
                  ],
                  "kind": "stumped"
                }
              ]
            }
          ]
        },
        {
          "over": 19,
          "deliveries": [
            {
              "batter": "Syed Amanullah",
              "bowler": "Sami Ullah",
              "non_striker": "T Zotos",
              "runs": {
                "batter": 0,
                "extras": 0,
                "total": 0
              }
            },
            {
              "batter": "Syed Amanullah",
              "bowler": "Sami Ullah",
              "non_striker": "T Zotos",
              "runs": {
                "batter": 0,
                "extras": 0,
                "total": 0
              }
            },
            {
              "batter": "Syed Amanullah",
              "bowler": "Sami Ullah",
              "non_striker": "T Zotos",
              "runs": {
                "batter": 1,
                "extras": 0,
                "total": 1
              }
            },
            {
              "batter": "T Zotos",
              "bowler": "Sami Ullah",
              "non_striker": "Syed Amanullah",
              "runs": {
                "batter": 0,
                "extras": 0,
                "total": 0
              }
            },
            {
              "batter": "T Zotos",
              "bowler": "Sami Ullah",
              "non_striker": "Syed Amanullah",
              "runs": {
                "batter": 1,
                "extras": 0,
                "total": 1
              }
            },
            {
              "batter": "Syed Amanullah",
              "bowler": "Sami Ullah",
              "extras": {
                "wides": 1
              },
              "non_striker": "T Zotos",
              "runs": {
                "batter": 0,
                "extras": 1,
                "total": 1
              }
            },
            {
              "batter": "Syed Amanullah",
              "bowler": "Sami Ullah",
              "non_striker": "T Zotos",
              "runs": {
                "batter": 6,
                "extras": 0,
                "total": 6
              }
            }
          ]
        }
      ],
      "powerplays": [
        {
          "from": 0.1,
          "to": 5.9,
          "type": "mandatory"
        }
      ]
    },
    {
      "team": "Romania",
      "overs": [
        {
          "over": 0,
          "deliveries": [
            {
              "batter": "Taranjeet Singh",
              "bowler": "Arsalan Ahmed",
              "non_striker": "G Manan",
              "runs": {
                "batter": 0,
                "extras": 0,
                "total": 0
              }
            },
            {
              "batter": "Taranjeet Singh",
              "bowler": "Arsalan Ahmed",
              "non_striker": "G Manan",
              "runs": {
                "batter": 0,
                "extras": 0,
                "total": 0
              },
              "wickets": [
                {
                  "player_out": "Taranjeet Singh",
                  "fielders": [
                    {
                      "name": "S Gasteratos"
                    }
                  ],
                  "kind": "caught"
                }
              ]
            },
            {
              "batter": "G Manan",
              "bowler": "Arsalan Ahmed",
              "non_striker": "R Satheesan",
              "runs": {
                "batter": 1,
                "extras": 0,
                "total": 1
              }
            },
            {
              "batter": "R Satheesan",
              "bowler": "Arsalan Ahmed",
              "non_striker": "G Manan",
              "runs": {
                "batter": 6,
                "extras": 0,
                "total": 6
              }
            },
            {
              "batter": "R Satheesan",
              "bowler": "Arsalan Ahmed",
              "non_striker": "G Manan",
              "runs": {
                "batter": 0,
                "extras": 0,
                "total": 0
              }
            },
            {
              "batter": "R Satheesan",
              "bowler": "Arsalan Ahmed",
              "non_striker": "G Manan",
              "runs": {
                "batter": 4,
                "extras": 0,
                "total": 4
              }
            }
          ]
        },
        {
          "over": 1,
          "deliveries": [
            {
              "batter": "G Manan",
              "bowler": "Asrar Ahmed",
              "non_striker": "R Satheesan",
              "runs": {
                "batter": 4,
                "extras": 0,
                "total": 4
              }
            },
            {
              "batter": "G Manan",
              "bowler": "Asrar Ahmed",
              "non_striker": "R Satheesan",
              "runs": {
                "batter": 0,
                "extras": 0,
                "total": 0
              }
            },
            {
              "batter": "G Manan",
              "bowler": "Asrar Ahmed",
              "non_striker": "R Satheesan",
              "runs": {
                "batter": 0,
                "extras": 0,
                "total": 0
              }
            },
            {
              "batter": "G Manan",
              "bowler": "Asrar Ahmed",
              "non_striker": "R Satheesan",
              "runs": {
                "batter": 6,
                "extras": 0,
                "total": 6
              }
            },
            {
              "batter": "G Manan",
              "bowler": "Asrar Ahmed",
              "non_striker": "R Satheesan",
              "runs": {
                "batter": 1,
                "extras": 0,
                "total": 1
              }
            },
            {
              "batter": "R Satheesan",
              "bowler": "Asrar Ahmed",
              "non_striker": "G Manan",
              "runs": {
                "batter": 0,
                "extras": 0,
                "total": 0
              }
            }
          ]
        },
        {
          "over": 2,
          "deliveries": [
            {
              "batter": "G Manan",
              "bowler": "Arsalan Ahmed",
              "non_striker": "R Satheesan",
              "runs": {
                "batter": 1,
                "extras": 0,
                "total": 1
              }
            },
            {
              "batter": "R Satheesan",
              "bowler": "Arsalan Ahmed",
              "non_striker": "G Manan",
              "runs": {
                "batter": 0,
                "extras": 0,
                "total": 0
              }
            },
            {
              "batter": "R Satheesan",
              "bowler": "Arsalan Ahmed",
              "non_striker": "G Manan",
              "runs": {
                "batter": 1,
                "extras": 0,
                "total": 1
              }
            },
            {
              "batter": "G Manan",
              "bowler": "Arsalan Ahmed",
              "non_striker": "R Satheesan",
              "runs": {
                "batter": 6,
                "extras": 0,
                "total": 6
              }
            },
            {
              "batter": "G Manan",
              "bowler": "Arsalan Ahmed",
              "non_striker": "R Satheesan",
              "runs": {
                "batter": 4,
                "extras": 0,
                "total": 4
              }
            },
            {
              "batter": "G Manan",
              "bowler": "Arsalan Ahmed",
              "non_striker": "R Satheesan",
              "runs": {
                "batter": 6,
                "extras": 0,
                "total": 6
              }
            }
          ]
        },
        {
          "over": 3,
          "deliveries": [
            {
              "batter": "R Satheesan",
              "bowler": "Asrar Ahmed",
              "non_striker": "G Manan",
              "runs": {
                "batter": 0,
                "extras": 0,
                "total": 0
              }
            },
            {
              "batter": "R Satheesan",
              "bowler": "Asrar Ahmed",
              "non_striker": "G Manan",
              "runs": {
                "batter": 4,
                "extras": 0,
                "total": 4
              }
            },
            {
              "batter": "R Satheesan",
              "bowler": "Asrar Ahmed",
              "non_striker": "G Manan",
              "runs": {
                "batter": 6,
                "extras": 0,
                "total": 6
              }
            },
            {
              "batter": "R Satheesan",
              "bowler": "Asrar Ahmed",
              "non_striker": "G Manan",
              "runs": {
                "batter": 0,
                "extras": 0,
                "total": 0
              }
            },
            {
              "batter": "R Satheesan",
              "bowler": "Asrar Ahmed",
              "non_striker": "G Manan",
              "runs": {
                "batter": 0,
                "extras": 0,
                "total": 0
              }
            },
            {
              "batter": "R Satheesan",
              "bowler": "Asrar Ahmed",
              "non_striker": "G Manan",
              "runs": {
                "batter": 0,
                "extras": 0,
                "total": 0
              }
            }
          ]
        },
        {
          "over": 4,
          "deliveries": [
            {
              "batter": "G Manan",
              "bowler": "Aslam Mohammad",
              "non_striker": "R Satheesan",
              "runs": {
                "batter": 1,
                "extras": 0,
                "total": 1
              }
            },
            {
              "batter": "R Satheesan",
              "bowler": "Aslam Mohammad",
              "non_striker": "G Manan",
              "runs": {
                "batter": 4,
                "extras": 0,
                "total": 4
              }
            },
            {
              "batter": "R Satheesan",
              "bowler": "Aslam Mohammad",
              "non_striker": "G Manan",
              "runs": {
                "batter": 0,
                "extras": 0,
                "total": 0
              }
            },
            {
              "batter": "R Satheesan",
              "bowler": "Aslam Mohammad",
              "non_striker": "G Manan",
              "runs": {
                "batter": 4,
                "extras": 0,
                "total": 4
              }
            },
            {
              "batter": "R Satheesan",
              "bowler": "Aslam Mohammad",
              "non_striker": "G Manan",
              "runs": {
                "batter": 1,
                "extras": 0,
                "total": 1
              }
            },
            {
              "batter": "G Manan",
              "bowler": "Aslam Mohammad",
              "non_striker": "R Satheesan",
              "runs": {
                "batter": 0,
                "extras": 0,
                "total": 0
              }
            }
          ]
        },
        {
          "over": 5,
          "deliveries": [
            {
              "batter": "R Satheesan",
              "bowler": "Asrar Ahmed",
              "non_striker": "G Manan",
              "runs": {
                "batter": 1,
                "extras": 0,
                "total": 1
              }
            },
            {
              "batter": "G Manan",
              "bowler": "Asrar Ahmed",
              "non_striker": "R Satheesan",
              "runs": {
                "batter": 4,
                "extras": 0,
                "total": 4
              }
            },
            {
              "batter": "G Manan",
              "bowler": "Asrar Ahmed",
              "non_striker": "R Satheesan",
              "runs": {
                "batter": 6,
                "extras": 0,
                "total": 6
              }
            },
            {
              "batter": "G Manan",
              "bowler": "Asrar Ahmed",
              "non_striker": "R Satheesan",
              "runs": {
                "batter": 0,
                "extras": 0,
                "total": 0
              },
              "wickets": [
                {
                  "player_out": "G Manan",
                  "fielders": [
                    {
                      "name": "Arsalan Ahmed"
                    }
                  ],
                  "kind": "caught"
                }
              ]
            },
            {
              "batter": "R Satheesan",
              "bowler": "Asrar Ahmed",
              "non_striker": "S Periyalwar",
              "runs": {
                "batter": 6,
                "extras": 0,
                "total": 6
              }
            },
            {
              "batter": "R Satheesan",
              "bowler": "Asrar Ahmed",
              "non_striker": "S Periyalwar",
              "runs": {
                "batter": 6,
                "extras": 0,
                "total": 6
              }
            }
          ]
        },
        {
          "over": 6,
          "deliveries": [
            {
              "batter": "S Periyalwar",
              "bowler": "GC Galanis",
              "non_striker": "R Satheesan",
              "runs": {
                "batter": 4,
                "extras": 0,
                "total": 4
              }
            },
            {
              "batter": "S Periyalwar",
              "bowler": "GC Galanis",
              "extras": {
                "wides": 2
              },
              "non_striker": "R Satheesan",
              "runs": {
                "batter": 0,
                "extras": 2,
                "total": 2
              }
            },
            {
              "batter": "R Satheesan",
              "bowler": "GC Galanis",
              "non_striker": "S Periyalwar",
              "runs": {
                "batter": 0,
                "extras": 0,
                "total": 0
              }
            },
            {
              "batter": "R Satheesan",
              "bowler": "GC Galanis",
              "extras": {
                "wides": 1
              },
              "non_striker": "S Periyalwar",
              "runs": {
                "batter": 0,
                "extras": 1,
                "total": 1
              }
            },
            {
              "batter": "R Satheesan",
              "bowler": "GC Galanis",
              "non_striker": "S Periyalwar",
              "runs": {
                "batter": 0,
                "extras": 0,
                "total": 0
              }
            },
            {
              "batter": "R Satheesan",
              "bowler": "GC Galanis",
              "non_striker": "S Periyalwar",
              "runs": {
                "batter": 4,
                "extras": 0,
                "total": 4
              }
            },
            {
              "batter": "R Satheesan",
              "bowler": "GC Galanis",
              "non_striker": "S Periyalwar",
              "runs": {
                "batter": 4,
                "extras": 0,
                "total": 4
              }
            },
            {
              "batter": "R Satheesan",
              "bowler": "GC Galanis",
              "non_striker": "S Periyalwar",
              "runs": {
                "batter": 1,
                "extras": 0,
                "total": 1
              }
            }
          ]
        },
        {
          "over": 7,
          "deliveries": [
            {
              "batter": "R Satheesan",
              "bowler": "Asrar Ahmed",
              "non_striker": "S Periyalwar",
              "runs": {
                "batter": 4,
                "extras": 0,
                "total": 4
              }
            },
            {
              "batter": "R Satheesan",
              "bowler": "Asrar Ahmed",
              "non_striker": "S Periyalwar",
              "runs": {
                "batter": 4,
                "extras": 0,
                "total": 4
              }
            },
            {
              "batter": "R Satheesan",
              "bowler": "Asrar Ahmed",
              "non_striker": "S Periyalwar",
              "runs": {
                "batter": 6,
                "extras": 0,
                "total": 6
              }
            },
            {
              "batter": "R Satheesan",
              "bowler": "Asrar Ahmed",
              "non_striker": "S Periyalwar",
              "runs": {
                "batter": 1,
                "extras": 0,
                "total": 1
              }
            },
            {
              "batter": "S Periyalwar",
              "bowler": "Asrar Ahmed",
              "non_striker": "R Satheesan",
              "runs": {
                "batter": 1,
                "extras": 0,
                "total": 1
              }
            },
            {
              "batter": "R Satheesan",
              "bowler": "Asrar Ahmed",
              "non_striker": "S Periyalwar",
              "runs": {
                "batter": 0,
                "extras": 0,
                "total": 0
              }
            }
          ]
        },
        {
          "over": 8,
          "deliveries": [
            {
              "batter": "S Periyalwar",
              "bowler": "AS Mehmi",
              "non_striker": "R Satheesan",
              "runs": {
                "batter": 4,
                "extras": 0,
                "total": 4
              }
            },
            {
              "batter": "S Periyalwar",
              "bowler": "AS Mehmi",
              "non_striker": "R Satheesan",
              "runs": {
                "batter": 1,
                "extras": 0,
                "total": 1
              }
            },
            {
              "batter": "R Satheesan",
              "bowler": "AS Mehmi",
              "non_striker": "S Periyalwar",
              "runs": {
                "batter": 1,
                "extras": 0,
                "total": 1
              }
            },
            {
              "batter": "S Periyalwar",
              "bowler": "AS Mehmi",
              "non_striker": "R Satheesan",
              "runs": {
                "batter": 1,
                "extras": 0,
                "total": 1
              }
            },
            {
              "batter": "R Satheesan",
              "bowler": "AS Mehmi",
              "non_striker": "S Periyalwar",
              "runs": {
                "batter": 4,
                "extras": 0,
                "total": 4
              }
            },
            {
              "batter": "R Satheesan",
              "bowler": "AS Mehmi",
              "non_striker": "S Periyalwar",
              "runs": {
                "batter": 4,
                "extras": 0,
                "total": 4
              }
            }
          ]
        },
        {
          "over": 9,
          "deliveries": [
            {
              "batter": "S Periyalwar",
              "bowler": "S Gasteratos",
              "non_striker": "R Satheesan",
              "runs": {
                "batter": 2,
                "extras": 0,
                "total": 2
              }
            },
            {
              "batter": "S Periyalwar",
              "bowler": "S Gasteratos",
              "non_striker": "R Satheesan",
              "runs": {
                "batter": 0,
                "extras": 0,
                "total": 0
              },
              "wickets": [
                {
                  "player_out": "S Periyalwar",
                  "fielders": [
                    {
                      "name": "Arsalan Ahmed"
                    }
                  ],
                  "kind": "caught"
                }
              ]
            },
            {
              "batter": "R Satheesan",
              "bowler": "S Gasteratos",
              "non_striker": "C Zavoiu",
              "runs": {
                "batter": 0,
                "extras": 0,
                "total": 0
              },
              "wickets": [
                {
                  "player_out": "R Satheesan",
                  "fielders": [
                    {
                      "name": "GC Galanis"
                    }
                  ],
                  "kind": "caught"
                }
              ]
            },
            {
              "batter": "V Saini",
              "bowler": "S Gasteratos",
              "non_striker": "C Zavoiu",
              "runs": {
                "batter": 1,
                "extras": 0,
                "total": 1
              }
            },
            {
              "batter": "C Zavoiu",
              "bowler": "S Gasteratos",
              "non_striker": "V Saini",
              "runs": {
                "batter": 0,
                "extras": 0,
                "total": 0
              }
            },
            {
              "batter": "C Zavoiu",
              "bowler": "S Gasteratos",
              "non_striker": "V Saini",
              "runs": {
                "batter": 1,
                "extras": 0,
                "total": 1
              }
            }
          ]
        },
        {
          "over": 10,
          "deliveries": [
            {
              "batter": "C Zavoiu",
              "bowler": "GC Galanis",
              "non_striker": "V Saini",
              "runs": {
                "batter": 0,
                "extras": 0,
                "total": 0
              }
            },
            {
              "batter": "C Zavoiu",
              "bowler": "GC Galanis",
              "non_striker": "V Saini",
              "runs": {
                "batter": 0,
                "extras": 0,
                "total": 0
              },
              "wickets": [
                {
                  "player_out": "C Zavoiu",
                  "fielders": [
                    {
                      "name": "A Manousis"
                    }
                  ],
                  "kind": "stumped"
                }
              ]
            },
            {
              "batter": "S Nadigotla",
              "bowler": "GC Galanis",
              "non_striker": "V Saini",
              "runs": {
                "batter": 4,
                "extras": 0,
                "total": 4
              }
            },
            {
              "batter": "S Nadigotla",
              "bowler": "GC Galanis",
              "extras": {
                "legbyes": 4
              },
              "non_striker": "V Saini",
              "runs": {
                "batter": 0,
                "extras": 4,
                "total": 4
              }
            },
            {
              "batter": "S Nadigotla",
              "bowler": "GC Galanis",
              "non_striker": "V Saini",
              "runs": {
                "batter": 0,
                "extras": 0,
                "total": 0
              }
            },
            {
              "batter": "S Nadigotla",
              "bowler": "GC Galanis",
              "non_striker": "V Saini",
              "runs": {
                "batter": 1,
                "extras": 0,
                "total": 1
              }
            }
          ]
        },
        {
          "over": 11,
          "deliveries": [
            {
              "batter": "S Nadigotla",
              "bowler": "Asrar Ahmed",
              "non_striker": "V Saini",
              "runs": {
                "batter": 1,
                "extras": 0,
                "total": 1
              }
            },
            {
              "batter": "V Saini",
              "bowler": "Asrar Ahmed",
              "non_striker": "S Nadigotla",
              "runs": {
                "batter": 0,
                "extras": 0,
                "total": 0
              }
            },
            {
              "batter": "V Saini",
              "bowler": "Asrar Ahmed",
              "non_striker": "S Nadigotla",
              "runs": {
                "batter": 4,
                "extras": 0,
                "total": 4
              }
            },
            {
              "batter": "V Saini",
              "bowler": "Asrar Ahmed",
              "non_striker": "S Nadigotla",
              "runs": {
                "batter": 0,
                "extras": 0,
                "total": 0
              },
              "wickets": [
                {
                  "player_out": "V Saini",
                  "fielders": [
                    {
                      "name": "GC Galanis"
                    }
                  ],
                  "kind": "caught"
                }
              ]
            },
            {
              "batter": "S Nadigotla",
              "bowler": "Asrar Ahmed",
              "non_striker": "Ijaz Hussain",
              "runs": {
                "batter": 1,
                "extras": 0,
                "total": 1
              }
            },
            {
              "batter": "Ijaz Hussain",
              "bowler": "Asrar Ahmed",
              "non_striker": "S Nadigotla",
              "runs": {
                "batter": 2,
                "extras": 0,
                "total": 2
              }
            }
          ]
        },
        {
          "over": 12,
          "deliveries": [
            {
              "batter": "S Nadigotla",
              "bowler": "GC Galanis",
              "non_striker": "Ijaz Hussain",
              "runs": {
                "batter": 1,
                "extras": 0,
                "total": 1
              }
            },
            {
              "batter": "Ijaz Hussain",
              "bowler": "GC Galanis",
              "non_striker": "S Nadigotla",
              "runs": {
                "batter": 0,
                "extras": 0,
                "total": 0
              }
            },
            {
              "batter": "Ijaz Hussain",
              "bowler": "GC Galanis",
              "non_striker": "S Nadigotla",
              "runs": {
                "batter": 0,
                "extras": 0,
                "total": 0
              },
              "wickets": [
                {
                  "player_out": "Ijaz Hussain",
                  "fielders": [
                    {
                      "name": "S Siriotis"
                    }
                  ],
                  "kind": "caught"
                }
              ]
            },
            {
              "batter": "S Nadigotla",
              "bowler": "GC Galanis",
              "non_striker": "Sami Ullah",
              "runs": {
                "batter": 1,
                "extras": 0,
                "total": 1
              }
            },
            {
              "batter": "Sami Ullah",
              "bowler": "GC Galanis",
              "non_striker": "S Nadigotla",
              "runs": {
                "batter": 6,
                "extras": 0,
                "total": 6
              }
            }
          ]
        }
      ],
      "powerplays": [
        {
          "from": 0.1,
          "to": 5.6,
          "type": "mandatory"
        }
      ],
      "target": {
        "overs": 20,
        "runs": 158
      }
    }
  ]
}