{
  "meta": {
    "data_version": "1.1.0",
    "created": "2021-07-09",
    "revision": 2
  },
  "info": {
    "balls_per_over": 6,
    "city": "Marsa",
    "dates": [
      "2021-07-09"
    ],
    "event": {
      "name": "Belgium tour of Malta",
      "match_number": 3
    },
    "gender": "male",
    "match_type": "T20",
    "match_type_number": 1184,
    "missing": [
      "umpires"
    ],
    "outcome": {
      "winner": "Belgium",
      "by": {
        "wickets": 4
      }
    },
    "overs": 20,
    "player_of_match": [
      "Sheraz Sheikh"
    ],
    "players": {
      "Malta": [
        "Zeeshan Khan",
        "HS Gericke",
        "SSM Stanislaus",
        "B Arora",
        "Amar Sharma",
        "VP Thamotharam",
        "N Khanna",
        "Haroon Mughal",
        "Bilal Muhammad",
        "Washeem Abbas",
        "A Bishnoi"
      ],
      "Belgium": [
        "Hadisullah Tarakhel",
        "Sazzad Hosen",
        "S Jamil",
        "B Niaz",
        "Shaheryar Butt",
        "Mamoon Latif",
        "Saber Zakhil",
        "Sheraz Sheikh",
        "Khalid Ahmadi",
        "NSK Mehta",
        "Ashiqullah Said"
      ]
    },
    "registry": {
      "people": {
        "A Bishnoi": "376557f7",
        "Amar Sharma": "14e1fdab",
        "Ashiqullah Said": "407d13cc",
        "B Arora": "39e9f0c9",
        "B Niaz": "b7824537",
        "Bilal Muhammad": "eb5aa5b9",
        "HS Gericke": "c28a293e",
        "Hadisullah Tarakhel": "77bedcce",
        "Haroon Mughal": "8ac3d7ee",
        "Khalid Ahmadi": "cf0b9a0d",
        "Mamoon Latif": "8d78d0d0",
        "N Khanna": "0ec6a7c3",
        "NSK Mehta": "d516a95f",
        "S Jamil": "3d6617c6",
        "SSM Stanislaus": "34dd3fd9",
        "Saber Zakhil": "036dcf9b",
        "Sazzad Hosen": "4dd6a707",
        "Shaheryar Butt": "b6bad765",
        "Sheraz Sheikh": "4aad6842",
        "VP Thamotharam": "eb40ed89",
        "Washeem Abbas": "6de4e430",
        "Zeeshan Khan": "3f9b1a96"
      }
    },
    "season": "2021",
    "team_type": "international",
    "teams": [
      "Malta",
      "Belgium"
    ],
    "toss": {
      "decision": "field",
      "winner": "Belgium"
    },
    "venue": "Marsa Sports Club"
  },
  "innings": [
    {
      "team": "Malta",
      "overs": [
        {
          "over": 0,
          "deliveries": [
            {
              "batter": "Zeeshan Khan",
              "bowler": "NSK Mehta",
              "extras": {
                "wides": 3
              },
              "non_striker": "HS Gericke",
              "runs": {
                "batter": 0,
                "extras": 3,
                "total": 3
              }
            },
            {
              "batter": "Zeeshan Khan",
              "bowler": "NSK Mehta",
              "non_striker": "HS Gericke",
              "runs": {
                "batter": 0,
                "extras": 0,
                "total": 0
              }
            },
            {
              "batter": "Zeeshan Khan",
              "bowler": "NSK Mehta",
              "non_striker": "HS Gericke",
              "runs": {
                "batter": 4,
                "extras": 0,
                "total": 4
              }
            },
            {
              "batter": "Zeeshan Khan",
              "bowler": "NSK Mehta",
              "non_striker": "HS Gericke",
              "runs": {
                "batter": 0,
                "extras": 0,
                "total": 0
              },
              "wickets": [
                {
                  "player_out": "Zeeshan Khan",
                  "kind": "lbw"
                }
              ]
            },
            {
              "batter": "SSM Stanislaus",
              "bowler": "NSK Mehta",
              "non_striker": "HS Gericke",
              "runs": {
                "batter": 1,
                "extras": 0,
                "total": 1
              }
            },
            {
              "batter": "HS Gericke",
              "bowler": "NSK Mehta",
              "non_striker": "SSM Stanislaus",
              "runs": {
                "batter": 0,
                "extras": 0,
                "total": 0
              }
            },
            {
              "batter": "HS Gericke",
              "bowler": "NSK Mehta",
              "non_striker": "SSM Stanislaus",
              "runs": {
                "batter": 4,
                "extras": 0,
                "total": 4
              }
            }
          ]
        },
        {
          "over": 1,
          "deliveries": [
            {
              "batter": "SSM Stanislaus",
              "bowler": "Ashiqullah Said",
              "non_striker": "HS Gericke",
              "runs": {
                "batter": 0,
                "extras": 0,
                "total": 0
              }
            },
            {
              "batter": "SSM Stanislaus",
              "bowler": "Ashiqullah Said",
              "non_striker": "HS Gericke",
              "runs": {
                "batter": 0,
                "extras": 0,
                "total": 0
              },
              "wickets": [
                {
                  "player_out": "HS Gericke",
                  "fielders": [
                    {
                      "name": "Saber Zakhil"
                    },
                    {
                      "name": "Ashiqullah Said"
                    }
                  ],
                  "kind": "run out"
                }
              ]
            },
            {
              "batter": "SSM Stanislaus",
              "bowler": "Ashiqullah Said",
              "non_striker": "B Arora",
              "runs": {
                "batter": 0,
                "extras": 0,
                "total": 0
              }
            },
            {
              "batter": "SSM Stanislaus",
              "bowler": "Ashiqullah Said",
              "non_striker": "B Arora",
              "runs": {
                "batter": 0,
                "extras": 0,
                "total": 0
              }
            },
            {
              "batter": "SSM Stanislaus",
              "bowler": "Ashiqullah Said",
              "non_striker": "B Arora",
              "runs": {
                "batter": 0,
                "extras": 0,
                "total": 0
              }
            },
            {
              "batter": "SSM Stanislaus",
              "bowler": "Ashiqullah Said",
              "non_striker": "B Arora",
              "runs": {
                "batter": 4,
                "extras": 0,
                "total": 4
              }
            }
          ]
        },
        {
          "over": 2,
          "deliveries": [
            {
              "batter": "B Arora",
              "bowler": "Khalid Ahmadi",
              "extras": {
                "wides": 1
              },
              "non_striker": "SSM Stanislaus",
              "runs": {
                "batter": 0,
                "extras": 1,
                "total": 1
              }
            },
            {
              "batter": "B Arora",
              "bowler": "Khalid Ahmadi",
              "extras": {
                "wides": 1
              },
              "non_striker": "SSM Stanislaus",
              "runs": {
                "batter": 0,
                "extras": 1,
                "total": 1
              }
            },
            {
              "batter": "B Arora",
              "bowler": "Khalid Ahmadi",
              "non_striker": "SSM Stanislaus",
              "runs": {
                "batter": 0,
                "extras": 0,
                "total": 0
              },
              "wickets": [
                {
                  "player_out": "B Arora",
                  "fielders": [
                    {
                      "name": "S Jamil"
                    }
                  ],
                  "kind": "caught"
                }
              ]
            },
            {
              "batter": "Amar Sharma",
              "bowler": "Khalid Ahmadi",
              "non_striker": "SSM Stanislaus",
              "runs": {
                "batter": 0,
                "extras": 0,
                "total": 0
              }
            },
            {
              "batter": "Amar Sharma",
              "bowler": "Khalid Ahmadi",
              "non_striker": "SSM Stanislaus",
              "runs": {
                "batter": 0,
                "extras": 0,
                "total": 0
              }
            },
            {
              "batter": "Amar Sharma",
              "bowler": "Khalid Ahmadi",
              "non_striker": "SSM Stanislaus",
              "runs": {
                "batter": 0,
                "extras": 0,
                "total": 0
              }
            },
            {
              "batter": "Amar Sharma",
              "bowler": "Khalid Ahmadi",
              "non_striker": "SSM Stanislaus",
              "runs": {
                "batter": 0,
                "extras": 0,
                "total": 0
              }
            },
            {
              "batter": "Amar Sharma",
              "bowler": "Khalid Ahmadi",
              "extras": {
                "wides": 1
              },
              "non_striker": "SSM Stanislaus",
              "runs": {
                "batter": 0,
                "extras": 1,
                "total": 1
              }
            },
            {
              "batter": "Amar Sharma",
              "bowler": "Khalid Ahmadi",
              "non_striker": "SSM Stanislaus",
              "runs": {
                "batter": 0,
                "extras": 0,
                "total": 0
              }
            }
          ]
        },
        {
          "over": 3,
          "deliveries": [
            {
              "batter": "SSM Stanislaus",
              "bowler": "Ashiqullah Said",
              "non_striker": "Amar Sharma",
              "runs": {
                "batter": 1,
                "extras": 0,
                "total": 1
              }
            },
            {
              "batter": "Amar Sharma",
              "bowler": "Ashiqullah Said",
              "non_striker": "SSM Stanislaus",
              "runs": {
                "batter": 1,
                "extras": 0,
                "total": 1
              }
            },
            {
              "batter": "SSM Stanislaus",
              "bowler": "Ashiqullah Said",
              "non_striker": "Amar Sharma",
              "runs": {
                "batter": 0,
                "extras": 0,
                "total": 0
              }
            },
            {
              "batter": "SSM Stanislaus",
              "bowler": "Ashiqullah Said",
              "non_striker": "Amar Sharma",
              "runs": {
                "batter": 1,
                "extras": 0,
                "total": 1
              }
            },
            {
              "batter": "Amar Sharma",
              "bowler": "Ashiqullah Said",
              "non_striker": "SSM Stanislaus",
              "runs": {
                "batter": 0,
                "extras": 0,
                "total": 0
              }
            },
            {
              "batter": "Amar Sharma",
              "bowler": "Ashiqullah Said",
              "extras": {
                "wides": 1
              },
              "non_striker": "SSM Stanislaus",
              "runs": {
                "batter": 0,
                "extras": 1,
                "total": 1
              }
            },
            {
              "batter": "Amar Sharma",
              "bowler": "Ashiqullah Said",
              "non_striker": "SSM Stanislaus",
              "runs": {
                "batter": 0,
                "extras": 0,
                "total": 0
              }
            }
          ]
        },
        {
          "over": 4,
          "deliveries": [
            {
              "batter": "SSM Stanislaus",
              "bowler": "Khalid Ahmadi",
              "non_striker": "Amar Sharma",
              "runs": {
                "batter": 2,
                "extras": 0,
                "total": 2
              }
            },
            {
              "batter": "SSM Stanislaus",
              "bowler": "Khalid Ahmadi",
              "non_striker": "Amar Sharma",
              "runs": {
                "batter": 0,
                "extras": 0,
                "total": 0
              }
            },
            {
              "batter": "SSM Stanislaus",
              "bowler": "Khalid Ahmadi",
              "non_striker": "Amar Sharma",
              "runs": {
                "batter": 0,
                "extras": 0,
                "total": 0
              }
            },
            {
              "batter": "SSM Stanislaus",
              "bowler": "Khalid Ahmadi",
              "non_striker": "Amar Sharma",
              "runs": {
                "batter": 0,
                "extras": 0,
                "total": 0
              }
            },
            {
              "batter": "SSM Stanislaus",
              "bowler": "Khalid Ahmadi",
              "non_striker": "Amar Sharma",
              "runs": {
                "batter": 0,
                "extras": 0,
                "total": 0
              }
            },
            {
              "batter": "SSM Stanislaus",
              "bowler": "Khalid Ahmadi",
              "non_striker": "Amar Sharma",
              "runs": {
                "batter": 0,
                "extras": 0,
                "total": 0
              }
            }
          ]
        },
        {
          "over": 5,
          "deliveries": [
            {
              "batter": "Amar Sharma",
              "bowler": "Ashiqullah Said",
              "non_striker": "SSM Stanislaus",
              "runs": {
                "batter": 0,
                "extras": 0,
                "total": 0
              }
            },
            {
              "batter": "Amar Sharma",
              "bowler": "Ashiqullah Said",
              "non_striker": "SSM Stanislaus",
              "runs": {
                "batter": 1,
                "extras": 0,
                "total": 1
              }
            },
            {
              "batter": "SSM Stanislaus",
              "bowler": "Ashiqullah Said",
              "non_striker": "Amar Sharma",
              "runs": {
                "batter": 0,
                "extras": 0,
                "total": 0
              }
            },
            {
              "batter": "SSM Stanislaus",
              "bowler": "Ashiqullah Said",
              "non_striker": "Amar Sharma",
              "runs": {
                "batter": 0,
                "extras": 0,
                "total": 0
              }
            },
            {
              "batter": "SSM Stanislaus",
              "bowler": "Ashiqullah Said",
              "non_striker": "Amar Sharma",
              "runs": {
                "batter": 1,
                "extras": 0,
                "total": 1
              }
            },
            {
              "batter": "Amar Sharma",
              "bowler": "Ashiqullah Said",
              "non_striker": "SSM Stanislaus",
              "runs": {
                "batter": 0,
                "extras": 0,
                "total": 0
              }
            }
          ]
        },
        {
          "over": 6,
          "deliveries": [
            {
              "batter": "SSM Stanislaus",
              "bowler": "B Niaz",
              "non_striker": "Amar Sharma",
              "runs": {
                "batter": 4,
                "extras": 0,
                "total": 4
              }
            },
            {
              "batter": "SSM Stanislaus",
              "bowler": "B Niaz",
              "non_striker": "Amar Sharma",
              "runs": {
                "batter": 0,
                "extras": 0,
                "total": 0
              }
            },
            {
              "batter": "SSM Stanislaus",
              "bowler": "B Niaz",
              "non_striker": "Amar Sharma",
              "runs": {
                "batter": 2,
                "extras": 0,
                "total": 2
              }
            },
            {
              "batter": "SSM Stanislaus",
              "bowler": "B Niaz",
              "non_striker": "Amar Sharma",
              "runs": {
                "batter": 0,
                "extras": 0,
                "total": 0
              }
            },
            {
              "batter": "SSM Stanislaus",
              "bowler": "B Niaz",
              "non_striker": "Amar Sharma",
              "runs": {
                "batter": 1,
                "extras": 0,
                "total": 1
              }
            },
            {
              "batter": "Amar Sharma",
              "bowler": "B Niaz",
              "non_striker": "SSM Stanislaus",
              "runs": {
                "batter": 0,
                "extras": 0,
                "total": 0
              }
            }
          ]
        },
        {
          "over": 7,
          "deliveries": [
            {
              "batter": "SSM Stanislaus",
              "bowler": "NSK Mehta",
              "non_striker": "Amar Sharma",
              "runs": {
                "batter": 0,
                "extras": 0,
                "total": 0
              }
            },
            {
              "batter": "SSM Stanislaus",
              "bowler": "NSK Mehta",
              "non_striker": "Amar Sharma",
              "runs": {
                "batter": 0,
                "extras": 0,
                "total": 0
              }
            },
            {
              "batter": "SSM Stanislaus",
              "bowler": "NSK Mehta",
              "non_striker": "Amar Sharma",
              "runs": {
                "batter": 0,
                "extras": 0,
                "total": 0
              }
            },
            {
              "batter": "SSM Stanislaus",
              "bowler": "NSK Mehta",
              "non_striker": "Amar Sharma",
              "runs": {
                "batter": 0,
                "extras": 0,
                "total": 0
              }
            },
            {
              "batter": "SSM Stanislaus",
              "bowler": "NSK Mehta",
              "non_striker": "Amar Sharma",
              "runs": {
                "batter": 1,
                "extras": 0,
                "total": 1
              }
            },
            {
              "batter": "Amar Sharma",
              "bowler": "NSK Mehta",
              "non_striker": "SSM Stanislaus",
              "runs": {
                "batter": 0,
                "extras": 0,
                "total": 0
              }
            }
          ]
        },
        {
          "over": 8,
          "deliveries": [
            {
              "batter": "SSM Stanislaus",
              "bowler": "B Niaz",
              "non_striker": "Amar Sharma",
              "runs": {
                "batter": 4,
                "extras": 0,
                "total": 4
              }
            },
            {
              "batter": "SSM Stanislaus",
              "bowler": "B Niaz",
              "non_striker": "Amar Sharma",
              "runs": {
                "batter": 0,
                "extras": 0,
                "total": 0
              }
            },
            {
              "batter": "SSM Stanislaus",
              "bowler": "B Niaz",
              "non_striker": "Amar Sharma",
              "runs": {
                "batter": 0,
                "extras": 0,
                "total": 0
              }
            },
            {
              "batter": "SSM Stanislaus",
              "bowler": "B Niaz",
              "non_striker": "Amar Sharma",
              "runs": {
                "batter": 1,
                "extras": 0,
                "total": 1
              }
            },
            {
              "batter": "Amar Sharma",
              "bowler": "B Niaz",
              "non_striker": "SSM Stanislaus",
              "runs": {
                "batter": 0,
                "extras": 0,
                "total": 0
              }
            },
            {
              "batter": "Amar Sharma",
              "bowler": "B Niaz",
              "non_striker": "SSM Stanislaus",
              "runs": {
                "batter": 1,
                "extras": 0,
                "total": 1
              }
            }
          ]
        },
        {
          "over": 9,
          "deliveries": [
            {
              "batter": "Amar Sharma",
              "bowler": "NSK Mehta",
              "non_striker": "SSM Stanislaus",
              "runs": {
                "batter": 1,
                "extras": 0,
                "total": 1
              }
            },
            {
              "batter": "SSM Stanislaus",
              "bowler": "NSK Mehta",
              "non_striker": "Amar Sharma",
              "runs": {
                "batter": 0,
                "extras": 0,
                "total": 0
              }
            },
            {
              "batter": "SSM Stanislaus",
              "bowler": "NSK Mehta",
              "non_striker": "Amar Sharma",
              "runs": {
                "batter": 1,
                "extras": 0,
                "total": 1
              }
            },
            {
              "batter": "Amar Sharma",
              "bowler": "NSK Mehta",
              "non_striker": "SSM Stanislaus",
              "runs": {
                "batter": 0,
                "extras": 0,
                "total": 0
              }
            },
            {
              "batter": "Amar Sharma",
              "bowler": "NSK Mehta",
              "non_striker": "SSM Stanislaus",
              "runs": {
                "batter": 1,
                "extras": 0,
                "total": 1
              }
            },
            {
              "batter": "SSM Stanislaus",
              "bowler": "NSK Mehta",
              "non_striker": "Amar Sharma",
              "runs": {
                "batter": 0,
                "extras": 0,
                "total": 0
              }
            }
          ]
        },
        {
          "over": 10,
          "deliveries": [
            {
              "batter": "Amar Sharma",
              "bowler": "B Niaz",
              "non_striker": "SSM Stanislaus",
              "runs": {
                "batter": 0,
                "extras": 0,
                "total": 0
              }
            },
            {
              "batter": "Amar Sharma",
              "bowler": "B Niaz",
              "non_striker": "SSM Stanislaus",
              "runs": {
                "batter": 1,
                "extras": 0,
                "total": 1
              }
            },
            {
              "batter": "SSM Stanislaus",
              "bowler": "B Niaz",
              "non_striker": "Amar Sharma",
              "runs": {
                "batter": 1,
                "extras": 0,
                "total": 1
              }
            },
            {
              "batter": "Amar Sharma",
              "bowler": "B Niaz",
              "non_striker": "SSM Stanislaus",
              "runs": {
                "batter": 1,
                "extras": 0,
                "total": 1
              }
            },
            {
              "batter": "SSM Stanislaus",
              "bowler": "B Niaz",
              "non_striker": "Amar Sharma",
              "runs": {
                "batter": 1,
                "extras": 0,
                "total": 1
              }
            },
            {
              "batter": "Amar Sharma",
              "bowler": "B Niaz",
              "non_striker": "SSM Stanislaus",
              "runs": {
                "batter": 0,
                "extras": 0,
                "total": 0
              }
            }
          ]
        },
        {
          "over": 11,
          "deliveries": [
            {
              "batter": "SSM Stanislaus",
              "bowler": "NSK Mehta",
              "non_striker": "Amar Sharma",
              "runs": {
                "batter": 6,
                "extras": 0,
                "total": 6
              }
            },
            {
              "batter": "SSM Stanislaus",
              "bowler": "NSK Mehta",
              "non_striker": "Amar Sharma",
              "runs": {
                "batter": 2,
                "extras": 0,
                "total": 2
              }
            },
            {
              "batter": "SSM Stanislaus",
              "bowler": "NSK Mehta",
              "non_striker": "Amar Sharma",
              "runs": {
                "batter": 1,
                "extras": 0,
                "total": 1
              }
            },
            {
              "batter": "Amar Sharma",
              "bowler": "NSK Mehta",
              "non_striker": "SSM Stanislaus",
              "runs": {
                "batter": 0,
                "extras": 0,
                "total": 0
              }
            },
            {
              "batter": "Amar Sharma",
              "bowler": "NSK Mehta",
              "non_striker": "SSM Stanislaus",
              "runs": {
                "batter": 0,
                "extras": 0,
                "total": 0
              }
            },
            {
              "batter": "Amar Sharma",
              "bowler": "NSK Mehta",
              "non_striker": "SSM Stanislaus",
              "runs": {
                "batter": 1,
                "extras": 0,
                "total": 1
              }
            }
          ]
        },
        {
          "over": 12,
          "deliveries": [
            {
              "batter": "Amar Sharma",
              "bowler": "B Niaz",
              "non_striker": "SSM Stanislaus",
              "runs": {
                "batter": 1,
                "extras": 0,
                "total": 1
              }
            },
            {
              "batter": "SSM Stanislaus",
              "bowler": "B Niaz",
              "non_striker": "Amar Sharma",
              "runs": {
                "batter": 0,
                "extras": 0,
                "total": 0
              },
              "wickets": [
                {
                  "player_out": "SSM Stanislaus",
                  "fielders": [
                    {
                      "name": "NSK Mehta"
                    }
                  ],
                  "kind": "caught"
                }
              ]
            },
            {
              "batter": "Amar Sharma",
              "bowler": "B Niaz",
              "non_striker": "VP Thamotharam",
              "runs": {
                "batter": 0,
                "extras": 0,
                "total": 0
              }
            },
            {
              "batter": "Amar Sharma",
              "bowler": "B Niaz",
              "non_striker": "VP Thamotharam",
              "runs": {
                "batter": 1,
                "extras": 0,
                "total": 1
              }
            },
            {
              "batter": "VP Thamotharam",
              "bowler": "B Niaz",
              "non_striker": "Amar Sharma",
              "runs": {
                "batter": 0,
                "extras": 0,
                "total": 0
              }
            },
            {
              "batter": "VP Thamotharam",
              "bowler": "B Niaz",
              "non_striker": "Amar Sharma",
              "runs": {
                "batter": 1,
                "extras": 0,
                "total": 1
              }
            }
          ]
        },
        {
          "over": 13,
          "deliveries": [
            {
              "batter": "VP Thamotharam",
              "bowler": "Sheraz Sheikh",
              "non_striker": "Amar Sharma",
              "runs": {
                "batter": 0,
                "extras": 0,
                "total": 0
              }
            },
            {
              "batter": "VP Thamotharam",
              "bowler": "Sheraz Sheikh",
              "non_striker": "Amar Sharma",
              "runs": {
                "batter": 0,
                "extras": 0,
                "total": 0
              }
            },
            {
              "batter": "VP Thamotharam",
              "bowler": "Sheraz Sheikh",
              "non_striker": "Amar Sharma",
              "runs": {
                "batter": 1,
                "extras": 0,
                "total": 1
              }
            },
            {
              "batter": "Amar Sharma",
              "bowler": "Sheraz Sheikh",
              "non_striker": "VP Thamotharam",
              "runs": {
                "batter": 1,
                "extras": 0,
                "total": 1
              }
            },
            {
              "batter": "VP Thamotharam",
              "bowler": "Sheraz Sheikh",
              "non_striker": "Amar Sharma",
              "runs": {
                "batter": 1,
                "extras": 0,
                "total": 1
              }
            },
            {
              "batter": "Amar Sharma",
              "bowler": "Sheraz Sheikh",
              "non_striker": "VP Thamotharam",
              "runs": {
                "batter": 0,
                "extras": 0,
                "total": 0
              },
              "wickets": [
                {
                  "player_out": "Amar Sharma",
                  "fielders": [
                    {
                      "name": "Saber Zakhil"
                    }
                  ],
                  "kind": "caught"
                }
              ]
            }
          ]
        },
        {
          "over": 14,
          "deliveries": [
            {
              "batter": "N Khanna",
              "bowler": "Saber Zakhil",
              "non_striker": "VP Thamotharam",
              "runs": {
                "batter": 0,
                "extras": 0,
                "total": 0
              }
            },
            {
              "batter": "N Khanna",
              "bowler": "Saber Zakhil",
              "non_striker": "VP Thamotharam",
              "runs": {
                "batter": 1,
                "extras": 0,
                "total": 1
              }
            },
            {
              "batter": "VP Thamotharam",
              "bowler": "Saber Zakhil",
              "non_striker": "N Khanna",
              "runs": {
                "batter": 0,
                "extras": 0,
                "total": 0
              }
            },
            {
              "batter": "VP Thamotharam",
              "bowler": "Saber Zakhil",
              "non_striker": "N Khanna",
              "runs": {
                "batter": 0,
                "extras": 0,
                "total": 0
              }
            },
            {
              "batter": "VP Thamotharam",
              "bowler": "Saber Zakhil",
              "non_striker": "N Khanna",
              "runs": {
                "batter": 1,
                "extras": 0,
                "total": 1
              }
            },
            {
              "batter": "N Khanna",
              "bowler": "Saber Zakhil",
              "non_striker": "VP Thamotharam",
              "runs": {
                "batter": 1,
                "extras": 0,
                "total": 1
              }
            }
          ]
        },
        {
          "over": 15,
          "deliveries": [
            {
              "batter": "N Khanna",
              "bowler": "Sheraz Sheikh",
              "non_striker": "VP Thamotharam",
              "runs": {
                "batter": 0,
                "extras": 0,
                "total": 0
              },
              "wickets": [
                {
                  "player_out": "N Khanna",
                  "fielders": [
                    {
                      "name": "NSK Mehta"
                    }
                  ],
                  "kind": "caught"
                }
              ]
            },
            {
              "batter": "VP Thamotharam",
              "bowler": "Sheraz Sheikh",
              "non_striker": "Haroon Mughal",
              "runs": {
                "batter": 0,
                "extras": 0,
                "total": 0
              },
              "wickets": [
                {
                  "player_out": "VP Thamotharam",
                  "fielders": [
                    {
                      "name": "Shaheryar Butt"
                    }
                  ],
                  "kind": "caught"
                }
              ]
            },
            {
              "batter": "Bilal Muhammad",
              "bowler": "Sheraz Sheikh",
              "non_striker": "Haroon Mughal",
              "runs": {
                "batter": 0,
                "extras": 0,
                "total": 0
              }
            },
            {
              "batter": "Bilal Muhammad",
              "bowler": "Sheraz Sheikh",
              "non_striker": "Haroon Mughal",
              "runs": {
                "batter": 1,
                "extras": 0,
                "total": 1
              }
            },
            {
              "batter": "Haroon Mughal",
              "bowler": "Sheraz Sheikh",
              "non_striker": "Bilal Muhammad",
              "runs": {
                "batter": 1,
                "extras": 0,
                "total": 1
              }
            },
            {
              "batter": "Bilal Muhammad",
              "bowler": "Sheraz Sheikh",
              "non_striker": "Haroon Mughal",
              "runs": {
                "batter": 1,
                "extras": 0,
                "total": 1
              }
            }
          ]
        },
        {
          "over": 16,
          "deliveries": [
            {
              "batter": "Bilal Muhammad",
              "bowler": "Saber Zakhil",
              "non_striker": "Haroon Mughal",
              "runs": {
                "batter": 1,
                "extras": 0,
                "total": 1
              }
            },
            {
              "batter": "Haroon Mughal",
              "bowler": "Saber Zakhil",
              "non_striker": "Bilal Muhammad",
              "runs": {
                "batter": 0,
                "extras": 0,
                "total": 0
              }
            },
            {
              "batter": "Haroon Mughal",
              "bowler": "Saber Zakhil",
              "non_striker": "Bilal Muhammad",
              "runs": {
                "batter": 0,
                "extras": 0,
                "total": 0
              }
            },
            {
              "batter": "Haroon Mughal",
              "bowler": "Saber Zakhil",
              "non_striker": "Bilal Muhammad",
              "runs": {
                "batter": 0,
                "extras": 0,
                "total": 0
              },
              "wickets": [
                {
                  "player_out": "Haroon Mughal",
                  "kind": "bowled"
                }
              ]
            },
            {
              "batter": "Washeem Abbas",
              "bowler": "Saber Zakhil",
              "extras": {
                "wides": 1
              },
              "non_striker": "Bilal Muhammad",
              "runs": {
                "batter": 0,
                "extras": 1,
                "total": 1
              }
            },
            {
              "batter": "Washeem Abbas",
              "bowler": "Saber Zakhil",
              "non_striker": "Bilal Muhammad",
              "runs": {
                "batter": 0,
                "extras": 0,
                "total": 0
              }
            },
            {
              "batter": "Washeem Abbas",
              "bowler": "Saber Zakhil",
              "non_striker": "Bilal Muhammad",
              "runs": {
                "batter": 0,
                "extras": 0,
                "total": 0
              }
            }
          ]
        },
        {
          "over": 17,
          "deliveries": [
            {
              "batter": "Bilal Muhammad",
              "bowler": "Sheraz Sheikh",
              "non_striker": "Washeem Abbas",
              "runs": {
                "batter": 1,
                "extras": 0,
                "total": 1
              }
            },
            {
              "batter": "Washeem Abbas",
              "bowler": "Sheraz Sheikh",
              "non_striker": "Bilal Muhammad",
              "runs": {
                "batter": 6,
                "extras": 0,
                "total": 6
              }
            },
            {
              "batter": "Washeem Abbas",
              "bowler": "Sheraz Sheikh",
              "non_striker": "Bilal Muhammad",
              "runs": {
                "batter": 1,
                "extras": 0,
                "total": 1
              }
            },
            {
              "batter": "Bilal Muhammad",
              "bowler": "Sheraz Sheikh",
              "non_striker": "Washeem Abbas",
              "runs": {
                "batter": 6,
                "extras": 0,
                "total": 6
              }
            },
            {
              "batter": "Bilal Muhammad",
              "bowler": "Sheraz Sheikh",
              "non_striker": "Washeem Abbas",
              "runs": {
                "batter": 1,
                "extras": 0,
                "total": 1
              }
            },
            {
              "batter": "Washeem Abbas",
              "bowler": "Sheraz Sheikh",
              "non_striker": "Bilal Muhammad",
              "runs": {
                "batter": 1,
                "extras": 0,
                "total": 1
              }
            }
          ]
        },
        {
          "over": 18,
          "deliveries": [
            {
              "batter": "Washeem Abbas",
              "bowler": "Khalid Ahmadi",
              "non_striker": "Bilal Muhammad",
              "runs": {
                "batter": 0,
                "extras": 0,
                "total": 0
              },
              "wickets": [
                {
                  "player_out": "Washeem Abbas",
                  "kind": "bowled"
                }
              ]
            },
            {
              "batter": "A Bishnoi",
              "bowler": "Khalid Ahmadi",
              "extras": {
                "wides": 1
              },
              "non_striker": "Bilal Muhammad",
              "runs": {
                "batter": 0,
                "extras": 1,
                "total": 1
              }
            },
            {
              "batter": "A Bishnoi",
              "bowler": "Khalid Ahmadi",
              "non_striker": "Bilal Muhammad",
              "runs": {
                "batter": 1,
                "extras": 0,
                "total": 1
              }
            },
            {
              "batter": "Bilal Muhammad",
              "bowler": "Khalid Ahmadi",
              "non_striker": "A Bishnoi",
              "runs": {
                "batter": 4,
                "extras": 0,
                "total": 4
              }
            },
            {
              "batter": "Bilal Muhammad",
              "bowler": "Khalid Ahmadi",
              "extras": {
                "byes": 2
              },
              "non_striker": "A Bishnoi",
              "runs": {
                "batter": 0,
                "extras": 2,
                "total": 2
              }
            },
            {
              "batter": "Bilal Muhammad",
              "bowler": "Khalid Ahmadi",
              "non_striker": "A Bishnoi",
              "runs": {
                "batter": 4,
                "extras": 0,
                "total": 4
              }
            },
            {
              "batter": "Bilal Muhammad",
              "bowler": "Khalid Ahmadi",
              "non_striker": "A Bishnoi",
              "runs": {
                "batter": 2,
                "extras": 0,
                "total": 2
              }
            }
          ]
        },
        {
          "over": 19,
          "deliveries": [
            {
              "batter": "A Bishnoi",
              "bowler": "Ashiqullah Said",
              "non_striker": "Bilal Muhammad",
              "runs": {
                "batter": 0,
                "extras": 0,
                "total": 0
              }
            },
            {
              "batter": "A Bishnoi",
              "bowler": "Ashiqullah Said",
              "non_striker": "Bilal Muhammad",
              "runs": {
                "batter": 1,
                "extras": 0,
                "total": 1
              }
            },
            {
              "batter": "Bilal Muhammad",
              "bowler": "Ashiqullah Said",
              "extras": {
                "wides": 1
              },
              "non_striker": "A Bishnoi",
              "runs": {
                "batter": 0,
                "extras": 1,
                "total": 1
              }
            },
            {
              "batter": "Bilal Muhammad",
              "bowler": "Ashiqullah Said",
              "non_striker": "A Bishnoi",
              "runs": {
                "batter": 1,
                "extras": 0,
                "total": 1
              }
            },
            {
              "batter": "A Bishnoi",
              "bowler": "Ashiqullah Said",
              "non_striker": "Bilal Muhammad",
              "runs": {
                "batter": 1,
                "extras": 0,
                "total": 1
              }
            },
            {
              "batter": "Bilal Muhammad",
              "bowler": "Ashiqullah Said",
              "non_striker": "A Bishnoi",
              "runs": {
                "batter": 6,
                "extras": 0,
                "total": 6
              }
            },
            {
              "batter": "Bilal Muhammad",
              "bowler": "Ashiqullah Said",
              "non_striker": "A Bishnoi",
              "runs": {
                "batter": 2,
                "extras": 0,
                "total": 2
              }
            }
          ]
        }
      ],
      "powerplays": [
        {
          "from": 0.1,
          "to": 5.6,
          "type": "mandatory"
        }
      ]
    },
    {
      "team": "Belgium",
      "overs": [
        {
          "over": 0,
          "deliveries": [
            {
              "batter": "Hadisullah Tarakhel",
              "bowler": "Bilal Muhammad",
              "non_striker": "Sazzad Hosen",
              "runs": {
                "batter": 4,
                "extras": 0,
                "total": 4
              }
            },
            {
              "batter": "Hadisullah Tarakhel",
              "bowler": "Bilal Muhammad",
              "extras": {
                "wides": 1
              },
              "non_striker": "Sazzad Hosen",
              "runs": {
                "batter": 0,
                "extras": 1,
                "total": 1
              }
            },
            {
              "batter": "Hadisullah Tarakhel",
              "bowler": "Bilal Muhammad",
              "non_striker": "Sazzad Hosen",
              "runs": {
                "batter": 0,
                "extras": 0,
                "total": 0
              }
            },
            {
              "batter": "Hadisullah Tarakhel",
              "bowler": "Bilal Muhammad",
              "non_striker": "Sazzad Hosen",
              "runs": {
                "batter": 1,
                "extras": 0,
                "total": 1
              }
            },
            {
              "batter": "Sazzad Hosen",
              "bowler": "Bilal Muhammad",
              "non_striker": "Hadisullah Tarakhel",
              "runs": {
                "batter": 0,
                "extras": 0,
                "total": 0
              }
            },
            {
              "batter": "Sazzad Hosen",
              "bowler": "Bilal Muhammad",
              "non_striker": "Hadisullah Tarakhel",
              "runs": {
                "batter": 0,
                "extras": 0,
                "total": 0
              }
            },
            {
              "batter": "Sazzad Hosen",
              "bowler": "Bilal Muhammad",
              "non_striker": "Hadisullah Tarakhel",
              "runs": {
                "batter": 0,
                "extras": 0,
                "total": 0
              }
            }
          ]
        },
        {
          "over": 1,
          "deliveries": [
            {
              "batter": "Hadisullah Tarakhel",
              "bowler": "A Bishnoi",
              "non_striker": "Sazzad Hosen",
              "runs": {
                "batter": 6,
                "extras": 0,
                "total": 6
              }
            },
            {
              "batter": "Hadisullah Tarakhel",
              "bowler": "A Bishnoi",
              "non_striker": "Sazzad Hosen",
              "runs": {
                "batter": 0,
                "extras": 0,
                "total": 0
              }
            },
            {
              "batter": "Hadisullah Tarakhel",
              "bowler": "A Bishnoi",
              "non_striker": "Sazzad Hosen",
              "runs": {
                "batter": 0,
                "extras": 0,
                "total": 0
              },
              "wickets": [
                {
                  "player_out": "Hadisullah Tarakhel",
                  "fielders": [
                    {
                      "name": "N Khanna"
                    }
                  ],
                  "kind": "caught"
                }
              ]
            },
            {
              "batter": "Sazzad Hosen",
              "bowler": "A Bishnoi",
              "non_striker": "S Jamil",
              "runs": {
                "batter": 2,
                "extras": 0,
                "total": 2
              }
            },
            {
              "batter": "Sazzad Hosen",
              "bowler": "A Bishnoi",
              "non_striker": "S Jamil",
              "runs": {
                "batter": 2,
                "extras": 0,
                "total": 2
              }
            },
            {
              "batter": "Sazzad Hosen",
              "bowler": "A Bishnoi",
              "non_striker": "S Jamil",
              "runs": {
                "batter": 4,
                "extras": 0,
                "total": 4
              }
            }
          ]
        },
        {
          "over": 2,
          "deliveries": [
            {
              "batter": "S Jamil",
              "bowler": "Bilal Muhammad",
              "non_striker": "Sazzad Hosen",
              "runs": {
                "batter": 0,
                "extras": 0,
                "total": 0
              }
            },
            {
              "batter": "S Jamil",
              "bowler": "Bilal Muhammad",
              "non_striker": "Sazzad Hosen",
              "runs": {
                "batter": 0,
                "extras": 0,
                "total": 0
              }
            },
            {
              "batter": "S Jamil",
              "bowler": "Bilal Muhammad",
              "non_striker": "Sazzad Hosen",
              "runs": {
                "batter": 0,
                "extras": 0,
                "total": 0
              },
              "wickets": [
                {
                  "player_out": "S Jamil",
                  "fielders": [
                    {
                      "name": "VP Thamotharam"
                    }
                  ],
                  "kind": "caught"
                }
              ]
            },
            {
              "batter": "B Niaz",
              "bowler": "Bilal Muhammad",
              "non_striker": "Sazzad Hosen",
              "runs": {
                "batter": 0,
                "extras": 0,
                "total": 0
              }
            },
            {
              "batter": "B Niaz",
              "bowler": "Bilal Muhammad",
              "non_striker": "Sazzad Hosen",
              "runs": {
                "batter": 0,
                "extras": 0,
                "total": 0
              }
            },
            {
              "batter": "B Niaz",
              "bowler": "Bilal Muhammad",
              "non_striker": "Sazzad Hosen",
              "runs": {
                "batter": 1,
                "extras": 0,
                "total": 1
              }
            }
          ]
        },
        {
          "over": 3,
          "deliveries": [
            {
              "batter": "B Niaz",
              "bowler": "Washeem Abbas",
              "non_striker": "Sazzad Hosen",
              "runs": {
                "batter": 0,
                "extras": 0,
                "total": 0
              }
            },
            {
              "batter": "B Niaz",
              "bowler": "Washeem Abbas",
              "non_striker": "Sazzad Hosen",
              "runs": {
                "batter": 0,
                "extras": 0,
                "total": 0
              }
            },
            {
              "batter": "B Niaz",
              "bowler": "Washeem Abbas",
              "extras": {
                "wides": 1
              },
              "non_striker": "Sazzad Hosen",
              "runs": {
                "batter": 0,
                "extras": 1,
                "total": 1
              }
            },
            {
              "batter": "B Niaz",
              "bowler": "Washeem Abbas",
              "non_striker": "Sazzad Hosen",
              "runs": {
                "batter": 1,
                "extras": 0,
                "total": 1
              }
            },
            {
              "batter": "Sazzad Hosen",
              "bowler": "Washeem Abbas",
              "non_striker": "B Niaz",
              "runs": {
                "batter": 4,
                "extras": 0,
                "total": 4
              }
            },
            {
              "batter": "Sazzad Hosen",
              "bowler": "Washeem Abbas",
              "non_striker": "B Niaz",
              "runs": {
                "batter": 0,
                "extras": 0,
                "total": 0
              },
              "wickets": [
                {
                  "player_out": "Sazzad Hosen",
                  "fielders": [
                    {
                      "name": "HS Gericke"
                    }
                  ],
                  "kind": "caught"
                }
              ]
            },
            {
              "batter": "Shaheryar Butt",
              "bowler": "Washeem Abbas",
              "non_striker": "B Niaz",
              "runs": {
                "batter": 0,
                "extras": 0,
                "total": 0
              }
            }
          ]
        },
        {
          "over": 4,
          "deliveries": [
            {
              "batter": "B Niaz",
              "bowler": "Bilal Muhammad",
              "non_striker": "Shaheryar Butt",
              "runs": {
                "batter": 0,
                "extras": 0,
                "total": 0
              }
            },
            {
              "batter": "B Niaz",
              "bowler": "Bilal Muhammad",
              "non_striker": "Shaheryar Butt",
              "runs": {
                "batter": 0,
                "extras": 0,
                "total": 0
              }
            },
            {
              "batter": "B Niaz",
              "bowler": "Bilal Muhammad",
              "non_striker": "Shaheryar Butt",
              "runs": {
                "batter": 0,
                "extras": 0,
                "total": 0
              }
            },
            {
              "batter": "B Niaz",
              "bowler": "Bilal Muhammad",
              "extras": {
                "wides": 1
              },
              "non_striker": "Shaheryar Butt",
              "runs": {
                "batter": 0,
                "extras": 1,
                "total": 1
              }
            },
            {
              "batter": "B Niaz",
              "bowler": "Bilal Muhammad",
              "non_striker": "Shaheryar Butt",
              "runs": {
                "batter": 1,
                "extras": 0,
                "total": 1
              }
            },
            {
              "batter": "Shaheryar Butt",
              "bowler": "Bilal Muhammad",
              "non_striker": "B Niaz",
              "runs": {
                "batter": 0,
                "extras": 0,
                "total": 0
              },
              "wickets": [
                {
                  "player_out": "Shaheryar Butt",
                  "fielders": [
                    {
                      "name": "HS Gericke"
                    }
                  ],
                  "kind": "caught"
                }
              ]
            },
            {
              "batter": "Mamoon Latif",
              "bowler": "Bilal Muhammad",
              "non_striker": "B Niaz",
              "runs": {
                "batter": 4,
                "extras": 0,
                "total": 4
              }
            }
          ]
        },
        {
          "over": 5,
          "deliveries": [
            {
              "batter": "B Niaz",
              "bowler": "A Bishnoi",
              "non_striker": "Mamoon Latif",
              "runs": {
                "batter": 1,
                "extras": 0,
                "total": 1
              }
            },
            {
              "batter": "Mamoon Latif",
              "bowler": "A Bishnoi",
              "non_striker": "B Niaz",
              "runs": {
                "batter": 1,
                "extras": 0,
                "total": 1
              }
            },
            {
              "batter": "B Niaz",
              "bowler": "A Bishnoi",
              "non_striker": "Mamoon Latif",
              "runs": {
                "batter": 0,
                "extras": 0,
                "total": 0
              }
            },
            {
              "batter": "B Niaz",
              "bowler": "A Bishnoi",
              "non_striker": "Mamoon Latif",
              "runs": {
                "batter": 0,
                "extras": 0,
                "total": 0
              }
            },
            {
              "batter": "B Niaz",
              "bowler": "A Bishnoi",
              "non_striker": "Mamoon Latif",
              "runs": {
                "batter": 0,
                "extras": 0,
                "total": 0
              }
            },
            {
              "batter": "B Niaz",
              "bowler": "A Bishnoi",
              "extras": {
                "wides": 1
              },
              "non_striker": "Mamoon Latif",
              "runs": {
                "batter": 0,
                "extras": 1,
                "total": 1
              }
            },
            {
              "batter": "B Niaz",
              "bowler": "A Bishnoi",
              "non_striker": "Mamoon Latif",
              "runs": {
                "batter": 1,
                "extras": 0,
                "total": 1
              }
            }
          ]
        },
        {
          "over": 6,
          "deliveries": [
            {
              "batter": "B Niaz",
              "bowler": "VP Thamotharam",
              "extras": {
                "wides": 1
              },
              "non_striker": "Mamoon Latif",
              "runs": {
                "batter": 0,
                "extras": 1,
                "total": 1
              }
            },
            {
              "batter": "B Niaz",
              "bowler": "VP Thamotharam",
              "extras": {
                "wides": 1
              },
              "non_striker": "Mamoon Latif",
              "runs": {
                "batter": 0,
                "extras": 1,
                "total": 1
              }
            },
            {
              "batter": "B Niaz",
              "bowler": "VP Thamotharam",
              "non_striker": "Mamoon Latif",
              "runs": {
                "batter": 1,
                "extras": 0,
                "total": 1
              }
            },
            {
              "batter": "Mamoon Latif",
              "bowler": "VP Thamotharam",
              "non_striker": "B Niaz",
              "runs": {
                "batter": 0,
                "extras": 0,
                "total": 0
              }
            },
            {
              "batter": "Mamoon Latif",
              "bowler": "VP Thamotharam",
              "extras": {
                "wides": 1
              },
              "non_striker": "B Niaz",
              "runs": {
                "batter": 0,
                "extras": 1,
                "total": 1
              }
            },
            {
              "batter": "Mamoon Latif",
              "bowler": "VP Thamotharam",
              "non_striker": "B Niaz",
              "runs": {
                "batter": 0,
                "extras": 0,
                "total": 0
              }
            },
            {
              "batter": "Mamoon Latif",
              "bowler": "VP Thamotharam",
              "non_striker": "B Niaz",
              "runs": {
                "batter": 1,
                "extras": 0,
                "total": 1
              }
            },
            {
              "batter": "B Niaz",
              "bowler": "VP Thamotharam",
              "non_striker": "Mamoon Latif",
              "runs": {
                "batter": 0,
                "extras": 0,
                "total": 0
              }
            },
            {
              "batter": "B Niaz",
              "bowler": "VP Thamotharam",
              "non_striker": "Mamoon Latif",
              "runs": {
                "batter": 1,
                "extras": 0,
                "total": 1
              }
            }
          ]
        },
        {
          "over": 7,
          "deliveries": [
            {
              "batter": "B Niaz",
              "bowler": "A Bishnoi",
              "non_striker": "Mamoon Latif",
              "runs": {
                "batter": 0,
                "extras": 0,
                "total": 0
              }
            },
            {
              "batter": "B Niaz",
              "bowler": "A Bishnoi",
              "non_striker": "Mamoon Latif",
              "runs": {
                "batter": 0,
                "extras": 0,
                "total": 0
              }
            },
            {
              "batter": "B Niaz",
              "bowler": "A Bishnoi",
              "non_striker": "Mamoon Latif",
              "runs": {
                "batter": 0,
                "extras": 0,
                "total": 0
              }
            },
            {
              "batter": "B Niaz",
              "bowler": "A Bishnoi",
              "non_striker": "Mamoon Latif",
              "runs": {
                "batter": 1,
                "extras": 0,
                "total": 1
              }
            },
            {
              "batter": "Mamoon Latif",
              "bowler": "A Bishnoi",
              "non_striker": "B Niaz",
              "runs": {
                "batter": 0,
                "extras": 0,
                "total": 0
              }
            },
            {
              "batter": "Mamoon Latif",
              "bowler": "A Bishnoi",
              "non_striker": "B Niaz",
              "runs": {
                "batter": 0,
                "extras": 0,
                "total": 0
              },
              "wickets": [
                {
                  "player_out": "Mamoon Latif",
                  "kind": "lbw"
                }
              ]
            }
          ]
        },
        {
          "over": 8,
          "deliveries": [
            {
              "batter": "B Niaz",
              "bowler": "Amar Sharma",
              "non_striker": "Saber Zakhil",
              "runs": {
                "batter": 0,
                "extras": 0,
                "total": 0
              }
            },
            {
              "batter": "B Niaz",
              "bowler": "Amar Sharma",
              "non_striker": "Saber Zakhil",
              "runs": {
                "batter": 0,
                "extras": 0,
                "total": 0
              }
            },
            {
              "batter": "B Niaz",
              "bowler": "Amar Sharma",
              "non_striker": "Saber Zakhil",
              "runs": {
                "batter": 2,
                "extras": 0,
                "total": 2
              }
            },
            {
              "batter": "B Niaz",
              "bowler": "Amar Sharma",
              "extras": {
                "wides": 1
              },
              "non_striker": "Saber Zakhil",
              "runs": {
                "batter": 0,
                "extras": 1,
                "total": 1
              }
            },
            {
              "batter": "B Niaz",
              "bowler": "Amar Sharma",
              "non_striker": "Saber Zakhil",
              "runs": {
                "batter": 0,
                "extras": 0,
                "total": 0
              }
            },
            {
              "batter": "B Niaz",
              "bowler": "Amar Sharma",
              "non_striker": "Saber Zakhil",
              "runs": {
                "batter": 0,
                "extras": 0,
                "total": 0
              }
            },
            {
              "batter": "B Niaz",
              "bowler": "Amar Sharma",
              "non_striker": "Saber Zakhil",
              "runs": {
                "batter": 1,
                "extras": 0,
                "total": 1
              }
            }
          ]
        },
        {
          "over": 9,
          "deliveries": [
            {
              "batter": "B Niaz",
              "bowler": "A Bishnoi",
              "extras": {
                "wides": 1
              },
              "non_striker": "Saber Zakhil",
              "runs": {
                "batter": 0,
                "extras": 1,
                "total": 1
              }
            },
            {
              "batter": "B Niaz",
              "bowler": "A Bishnoi",
              "extras": {
                "legbyes": 1
              },
              "non_striker": "Saber Zakhil",
              "runs": {
                "batter": 0,
                "extras": 1,
                "total": 1
              }
            },
            {
              "batter": "Saber Zakhil",
              "bowler": "A Bishnoi",
              "non_striker": "B Niaz",
              "runs": {
                "batter": 4,
                "extras": 0,
                "total": 4
              }
            },
            {
              "batter": "Saber Zakhil",
              "bowler": "A Bishnoi",
              "non_striker": "B Niaz",
              "runs": {
                "batter": 0,
                "extras": 0,
                "total": 0
              }
            },
            {
              "batter": "Saber Zakhil",
              "bowler": "A Bishnoi",
              "non_striker": "B Niaz",
              "runs": {
                "batter": 1,
                "extras": 0,
                "total": 1
              }
            },
            {
              "batter": "B Niaz",
              "bowler": "A Bishnoi",
              "non_striker": "Saber Zakhil",
              "runs": {
                "batter": 0,
                "extras": 0,
                "total": 0
              }
            },
            {
              "batter": "B Niaz",
              "bowler": "A Bishnoi",
              "non_striker": "Saber Zakhil",
              "runs": {
                "batter": 0,
                "extras": 0,
                "total": 0
              }
            }
          ]
        },
        {
          "over": 10,
          "deliveries": [
            {
              "batter": "Saber Zakhil",
              "bowler": "Amar Sharma",
              "non_striker": "B Niaz",
              "runs": {
                "batter": 6,
                "extras": 0,
                "total": 6
              }
            },
            {
              "batter": "Saber Zakhil",
              "bowler": "Amar Sharma",
              "non_striker": "B Niaz",
              "runs": {
                "batter": 1,
                "extras": 0,
                "total": 1
              }
            },
            {
              "batter": "B Niaz",
              "bowler": "Amar Sharma",
              "extras": {
                "wides": 2
              },
              "non_striker": "Saber Zakhil",
              "runs": {
                "batter": 0,
                "extras": 2,
                "total": 2
              }
            },
            {
              "batter": "Saber Zakhil",
              "bowler": "Amar Sharma",
              "non_striker": "B Niaz",
              "runs": {
                "batter": 1,
                "extras": 0,
                "total": 1
              }
            },
            {
              "batter": "B Niaz",
              "bowler": "Amar Sharma",
              "non_striker": "Saber Zakhil",
              "runs": {
                "batter": 0,
                "extras": 0,
                "total": 0
              }
            },
            {
              "batter": "B Niaz",
              "bowler": "Amar Sharma",
              "non_striker": "Saber Zakhil",
              "runs": {
                "batter": 1,
                "extras": 0,
                "total": 1
              }
            },
            {
              "batter": "Saber Zakhil",
              "bowler": "Amar Sharma",
              "non_striker": "B Niaz",
              "runs": {
                "batter": 1,
                "extras": 0,
                "total": 1
              }
            }
          ]
        },
        {
          "over": 11,
          "deliveries": [
            {
              "batter": "Saber Zakhil",
              "bowler": "VP Thamotharam",
              "non_striker": "B Niaz",
              "runs": {
                "batter": 1,
                "extras": 0,
                "total": 1
              }
            },
            {
              "batter": "B Niaz",
              "bowler": "VP Thamotharam",
              "extras": {
                "wides": 1
              },
              "non_striker": "Saber Zakhil",
              "runs": {
                "batter": 0,
                "extras": 1,
                "total": 1
              }
            },
            {
              "batter": "B Niaz",
              "bowler": "VP Thamotharam",
              "non_striker": "Saber Zakhil",
              "runs": {
                "batter": 0,
                "extras": 0,
                "total": 0
              }
            },
            {
              "batter": "B Niaz",
              "bowler": "VP Thamotharam",
              "non_striker": "Saber Zakhil",
              "runs": {
                "batter": 0,
                "extras": 0,
                "total": 0
              }
            },
            {
              "batter": "B Niaz",
              "bowler": "VP Thamotharam",
              "non_striker": "Saber Zakhil",
              "runs": {
                "batter": 0,
                "extras": 0,
                "total": 0
              }
            },
            {
              "batter": "B Niaz",
              "bowler": "VP Thamotharam",
              "non_striker": "Saber Zakhil",
              "runs": {
                "batter": 0,
                "extras": 0,
                "total": 0
              }
            },
            {
              "batter": "B Niaz",
              "bowler": "VP Thamotharam",
              "non_striker": "Saber Zakhil",
              "runs": {
                "batter": 0,
                "extras": 0,
                "total": 0
              }
            }
          ]
        },
        {
          "over": 12,
          "deliveries": [
            {
              "batter": "Saber Zakhil",
              "bowler": "Bilal Muhammad",
              "non_striker": "B Niaz",
              "runs": {
                "batter": 4,
                "extras": 0,
                "total": 4
              }
            },
            {
              "batter": "Saber Zakhil",
              "bowler": "Bilal Muhammad",
              "non_striker": "B Niaz",
              "runs": {
                "batter": 0,
                "extras": 0,
                "total": 0
              }
            },
            {
              "batter": "Saber Zakhil",
              "bowler": "Bilal Muhammad",
              "non_striker": "B Niaz",
              "runs": {
                "batter": 1,
                "extras": 0,
                "total": 1
              }
            },
            {
              "batter": "B Niaz",
              "bowler": "Bilal Muhammad",
              "non_striker": "Saber Zakhil",
              "runs": {
                "batter": 0,
                "extras": 0,
                "total": 0
              }
            },
            {
              "batter": "B Niaz",
              "bowler": "Bilal Muhammad",
              "non_striker": "Saber Zakhil",
              "runs": {
                "batter": 1,
                "extras": 0,
                "total": 1
              }
            },
            {
              "batter": "Saber Zakhil",
              "bowler": "Bilal Muhammad",
              "non_striker": "B Niaz",
              "runs": {
                "batter": 2,
                "extras": 0,
                "total": 2
              }
            }
          ]
        },
        {
          "over": 13,
          "deliveries": [
            {
              "batter": "B Niaz",
              "bowler": "VP Thamotharam",
              "non_striker": "Saber Zakhil",
              "runs": {
                "batter": 0,
                "extras": 0,
                "total": 0
              }
            },
            {
              "batter": "B Niaz",
              "bowler": "VP Thamotharam",
              "non_striker": "Saber Zakhil",
              "runs": {
                "batter": 1,
                "extras": 0,
                "total": 1
              }
            },
            {
              "batter": "Saber Zakhil",
              "bowler": "VP Thamotharam",
              "non_striker": "B Niaz",
              "runs": {
                "batter": 2,
                "extras": 0,
                "total": 2
              }
            },
            {
              "batter": "Saber Zakhil",
              "bowler": "VP Thamotharam",
              "non_striker": "B Niaz",
              "runs": {
                "batter": 0,
                "extras": 0,
                "total": 0
              }
            },
            {
              "batter": "Saber Zakhil",
              "bowler": "VP Thamotharam",
              "non_striker": "B Niaz",
              "runs": {
                "batter": 0,
                "extras": 0,
                "total": 0
              }
            },
            {
              "batter": "Saber Zakhil",
              "bowler": "VP Thamotharam",
              "non_striker": "B Niaz",
              "runs": {
                "batter": 1,
                "extras": 0,
                "total": 1
              }
            }
          ]
        },
        {
          "over": 14,
          "deliveries": [
            {
              "batter": "Saber Zakhil",
              "bowler": "Washeem Abbas",
              "non_striker": "B Niaz",
              "runs": {
                "batter": 6,
                "extras": 0,
                "total": 6
              }
            },
            {
              "batter": "Saber Zakhil",
              "bowler": "Washeem Abbas",
              "non_striker": "B Niaz",
              "runs": {
                "batter": 1,
                "extras": 0,
                "total": 1
              }
            },
            {
              "batter": "B Niaz",
              "bowler": "Washeem Abbas",
              "non_striker": "Saber Zakhil",
              "runs": {
                "batter": 0,
                "extras": 0,
                "total": 0
              }
            },
            {
              "batter": "B Niaz",
              "bowler": "Washeem Abbas",
              "non_striker": "Saber Zakhil",
              "runs": {
                "batter": 0,
                "extras": 0,
                "total": 0
              }
            },
            {
              "batter": "B Niaz",
              "bowler": "Washeem Abbas",
              "non_striker": "Saber Zakhil",
              "runs": {
                "batter": 1,
                "extras": 0,
                "total": 1
              }
            },
            {
              "batter": "Saber Zakhil",
              "bowler": "Washeem Abbas",
              "non_striker": "B Niaz",
              "runs": {
                "batter": 0,
                "extras": 0,
                "total": 0
              },
              "wickets": [
                {
                  "player_out": "Saber Zakhil",
                  "fielders": [
                    {
                      "name": "Zeeshan Khan"
                    }
                  ],
                  "kind": "caught"
                }
              ]
            }
          ]
        },
        {
          "over": 15,
          "deliveries": [
            {
              "batter": "B Niaz",
              "bowler": "Amar Sharma",
              "non_striker": "Sheraz Sheikh",
              "runs": {
                "batter": 1,
                "extras": 0,
                "total": 1
              }
            },
            {
              "batter": "Sheraz Sheikh",
              "bowler": "Amar Sharma",
              "non_striker": "B Niaz",
              "runs": {
                "batter": 1,
                "extras": 0,
                "total": 1
              }
            },
            {
              "batter": "B Niaz",
              "bowler": "Amar Sharma",
              "non_striker": "Sheraz Sheikh",
              "runs": {
                "batter": 0,
                "extras": 0,
                "total": 0
              }
            },
            {
              "batter": "B Niaz",
              "bowler": "Amar Sharma",
              "non_striker": "Sheraz Sheikh",
              "runs": {
                "batter": 1,
                "extras": 0,
                "total": 1
              }
            },
            {
              "batter": "Sheraz Sheikh",
              "bowler": "Amar Sharma",
              "non_striker": "B Niaz",
              "runs": {
                "batter": 0,
                "extras": 0,
                "total": 0
              }
            },
            {
              "batter": "Sheraz Sheikh",
              "bowler": "Amar Sharma",
              "extras": {
                "legbyes": 1
              },
              "non_striker": "B Niaz",
              "runs": {
                "batter": 0,
                "extras": 1,
                "total": 1
              }
            }
          ]
        },
        {
          "over": 16,
          "deliveries": [
            {
              "batter": "Sheraz Sheikh",
              "bowler": "Washeem Abbas",
              "non_striker": "B Niaz",
              "runs": {
                "batter": 4,
                "extras": 0,
                "total": 4
              }
            },
            {
              "batter": "Sheraz Sheikh",
              "bowler": "Washeem Abbas",
              "non_striker": "B Niaz",
              "runs": {
                "batter": 1,
                "extras": 0,
                "total": 1
              }
            },
            {
              "batter": "B Niaz",
              "bowler": "Washeem Abbas",
              "non_striker": "Sheraz Sheikh",
              "runs": {
                "batter": 1,
                "extras": 0,
                "total": 1
              }
            },
            {
              "batter": "Sheraz Sheikh",
              "bowler": "Washeem Abbas",
              "non_striker": "B Niaz",
              "runs": {
                "batter": 1,
                "extras": 0,
                "total": 1
              }
            },
            {
              "batter": "B Niaz",
              "bowler": "Washeem Abbas",
              "non_striker": "Sheraz Sheikh",
              "runs": {
                "batter": 1,
                "extras": 0,
                "total": 1
              }
            },
            {
              "batter": "Sheraz Sheikh",
              "bowler": "Washeem Abbas",
              "non_striker": "B Niaz",
              "runs": {
                "batter": 2,
                "extras": 0,
                "total": 2
              }
            }
          ]
        },
        {
          "over": 17,
          "deliveries": [
            {
              "batter": "B Niaz",
              "bowler": "VP Thamotharam",
              "non_striker": "Sheraz Sheikh",
              "runs": {
                "batter": 0,
                "extras": 0,
                "total": 0
              }
            },
            {
              "batter": "B Niaz",
              "bowler": "VP Thamotharam",
              "non_striker": "Sheraz Sheikh",
              "runs": {
                "batter": 0,
                "extras": 0,
                "total": 0
              }
            },
            {
              "batter": "B Niaz",
              "bowler": "VP Thamotharam",
              "non_striker": "Sheraz Sheikh",
              "runs": {
                "batter": 1,
                "extras": 0,
                "total": 1
              }
            },
            {
              "batter": "Sheraz Sheikh",
              "bowler": "VP Thamotharam",
              "non_striker": "B Niaz",
              "runs": {
                "batter": 0,
                "extras": 0,
                "total": 0
              }
            },
            {
              "batter": "Sheraz Sheikh",
              "bowler": "VP Thamotharam",
              "non_striker": "B Niaz",
              "runs": {
                "batter": 4,
                "extras": 0,
                "total": 4
              }
            },
            {
              "batter": "Sheraz Sheikh",
              "bowler": "VP Thamotharam",
              "non_striker": "B Niaz",
              "runs": {
                "batter": 1,
                "extras": 0,
                "total": 1
              }
            }
          ]
        },
        {
          "over": 18,
          "deliveries": [
            {
              "batter": "Sheraz Sheikh",
              "bowler": "Amar Sharma",
              "non_striker": "B Niaz",
              "runs": {
                "batter": 0,
                "extras": 0,
                "total": 0
              }
            },
            {
              "batter": "Sheraz Sheikh",
              "bowler": "Amar Sharma",
              "non_striker": "B Niaz",
              "runs": {
                "batter": 0,
                "extras": 0,
                "total": 0
              }
            },
            {
              "batter": "Sheraz Sheikh",
              "bowler": "Amar Sharma",
              "non_striker": "B Niaz",
              "runs": {
                "batter": 4,
                "extras": 0,
                "total": 4
              }
            },
            {
              "batter": "Sheraz Sheikh",
              "bowler": "Amar Sharma",
              "extras": {
                "noballs": 1
              },
              "non_striker": "B Niaz",
              "runs": {
                "batter": 1,
                "extras": 1,
                "total": 2
              }
            }
          ]
        }
      ],
      "powerplays": [
        {
          "from": 0.1,
          "to": 5.7,
          "type": "mandatory"
        }
      ],
      "target": {
        "overs": 20,
        "runs": 115
      }
    }
  ]
}